Season,Team,Conference,Number,Player,Yr,Pos,Ht,GP,GS,S,MS,Kills,Errors,Total Attacks,Hit Pct,Assists,Aces,SErr,Digs,RErr,Block Solos,Block Assists,BErr,TB,PTS,BHE,Trpl Dbl,SrvAtt,RetAtt,Dbl Dbl,Hometown,High School
2020-2021,Boston College,ACC,2,Silvia Ianeselli,So,OH,6-1,15,5,42,NA,67,35,233,0.137,NA,7,1,46,3,5,8,3,12,83,NA,NA,NA,NA,NA,NA,NA
2020-2021,Boston College,ACC,3,Gabby McCaa,So,MB,6-3,18,18,60,NA,69,28,153,0.268,2,4,6,16,1,12,48,6,42,109,NA,NA,NA,NA,NA,NA,NA
2020-2021,Boston College,ACC,6,Torey Baum,So,L,5-8,5,NA,5,NA,0,0,4,0,NA,NA,2,5,NA,NA,NA,NA,NA,NA,1,NA,NA,NA,NA,NA,NA
2020-2021,Boston College,ACC,12,Izzy Clavenna,So,RS,6-2,18,5,52,NA,73,35,221,0.172,1,NA,NA,18,NA,2,20,2,14,85,NA,NA,NA,NA,NA,NA,NA
2020-2021,Boston College,ACC,15,Payton Hielscher,So,S,6-1,6,NA,6,NA,0,0,1,0,3,1,1,NA,NA,NA,NA,NA,NA,1,1,NA,NA,NA,NA,NA,NA
2020-2021,Clemson,ACC,18,Mckenna Slavik,So,S,6-1,22,22,86,NA,72,12,216,0.278,841,15,10,207,NA,3,29,NA,17.5,104.5,3,NA,NA,NA,NA,NA,NA
2020-2021,Clemson,ACC,19,Caitlyn Meeks,So,L/DS,5-9,63,NA,63,NA,1,2,16,-0.063,37,6,13,207,27,NA,NA,NA,NA,7,NA,NA,NA,NA,NA,NA,NA
2020-2021,Clemson,ACC,34,Ani Clark,So,MB,6-3,15,13,52,NA,73,33,162,0.247,3,7,12,17,NA,11,25,5,28.5,103.5,NA,NA,NA,NA,NA,NA,NA
2020-2021,Duke,ACC,1,Camille Nazor,So,S,6-1,20,1,64,NA,23,6,51,0.333,207,3,8,70,1,1,10,NA,6,32,10,NA,NA,NA,NA,NA,NA
2020-2021,Duke,ACC,2,Moorea Wood,So,OH,6-2,23,NA,23,NA,25,12,58,0.224,NA,NA,1,1,1,NA,2,NA,1,26,NA,NA,NA,NA,NA,NA,NA
2020-2021,Duke,ACC,7,Gracie Johnson,So,OH,6-0,22,21,85,NA,223,113,688,0.16,5,11,25,143,19,1,43,4,26.5,256.5,1,NA,NA,NA,NA,NA,NA
2020-2021,Duke,ACC,16,Lizzie Fleming,So,MB,6-3,22,16,86,NA,140,35,420,0.25,5,11,13,37,1,4,74,4,45,192,NA,NA,NA,NA,NA,NA,NA
2020-2021,Florida St.,ACC,3,Morgan Chacon,So,OH,5-11,18,18,65,NA,183,60,535,0.23,10,17,12,161,16,1,21,2,13.5,211.5,2,NA,NA,NA,NA,NA,NA
2020-2021,Florida St.,ACC,7,Lily Tessier,So,S,6-3,13,5,34,NA,12,0,24,0.5,129,7,2,36,1,NA,5,NA,2.5,21.5,3,NA,NA,NA,NA,NA,NA
2020-2021,Florida St.,ACC,10,Jessica Nunge,So,OH,6-2,18,16,63,NA,79,31,273,0.176,16,12,10,100,18,1,31,1,17.5,107.5,1,NA,NA,NA,NA,NA,NA
2020-2021,Florida St.,ACC,16,Emma Clothier,So,MB,6-2,18,18,61,NA,165,27,286,0.483,13,22,9,33,2,8,54,5,40,222,NA,NA,NA,NA,NA,NA,NA
2020-2021,Florida St.,ACC,23,Lauryn Burrows,So,OH,5-8,63,NA,63,NA,4,9,27,-0.185,18,7,13,148,10,NA,NA,NA,NA,11,NA,NA,NA,NA,NA,NA,NA
2020-2021,Georgia Tech,ACC,4,Paola Laborda,So,L/DS,5-7,2,NA,2,NA,0,0,0,NA,1,NA,1,2,NA,NA,NA,NA,NA,NA,NA,NA,NA,NA,NA,NA,NA
2020-2021,Georgia Tech,ACC,17,Julia Bergmann,So,OH,6-5,19,19,64,NA,269,94,682,0.257,9,30,27,186,6,11,16,4,23,318,NA,NA,NA,NA,NA,NA,NA
2020-2021,Georgia Tech,ACC,23,Erin Moss,So,MB,6-2,19,19,64,NA,100,26,180,0.411,6,NA,NA,19,NA,12,41,7,39.5,132.5,1,NA,NA,NA,NA,NA,NA
2020-2021,Louisville,ACC,3,Nena Mbonu,So,OH,6-0,14,6,36,1,78,32,180,0.256,NA,NA,1,10,NA,2,8,2,8.5,84,NA,NA,NA,NA,NA,NA,NA
2020-2021,Louisville,ACC,4,Alexa Hendricks,So,L/DS,5-7,13,0,35,NA,1,0,1,1,5,NA,1,31,4,NA,NA,NA,NA,1,NA,NA,NA,NA,NA,NA,NA
2020-2021,Louisville,ACC,15,Aiko Jones,So,OPP,6-2,18,18,61,1,168,71,410,0.237,3,18,24,65,4,7,57,2,37.5,221.5,3,NA,NA,NA,NA,NA,NA
2020-2021,Louisville,ACC,20,Rachael DeMarcus,So,S,5-7,5,2,10,NA,7,3,21,0.19,87,1,NA,10,NA,NA,2,NA,1,9,2,NA,NA,NA,NA,NA,NA
2020-2021,Louisville,ACC,25,Amaya Tillman,So,MB,6-3,17,17,58,1,79,27,186,0.28,NA,NA,1,5,NA,23,77,3,65,140.5,NA,NA,NA,NA,NA,NA,NA
2020-2021,Miami (FL),ACC,1,Savannah Vach,So,S,5-11,18,18,70,NA,35,9,97,0.268,709,13,15,156,NA,4,21,2,16.5,62.5,16,NA,NA,NA,NA,NA,NA
2020-2021,Miami (FL),ACC,2,Amanda Falck,So,DS,5-7,37,NA,37,NA,2,0,2,1,55,7,8,71,4,NA,NA,NA,NA,9,2,NA,NA,NA,NA,NA,NA
2020-2021,Miami (FL),ACC,5,Kennedy Prince,So,OH,6-0,7,7,25,NA,11,9,43,0.047,3,NA,NA,1,NA,1,21,NA,11.5,22.5,NA,NA,NA,NA,NA,NA,NA
2020-2021,Miami (FL),ACC,12,Taylor Burrell,So,OH,6-0,9,6,26,NA,26,10,66,0.242,3,7,13,19,NA,1,15,1,9.5,41.5,2,NA,NA,NA,NA,NA,NA
2020-2021,Miami (FL),ACC,14,Angela Grieve,So,OH,6-0,18,18,70,NA,222,94,620,0.206,12,24,34,139,29,13,16,5,26,267,3,NA,NA,NA,NA,NA,NA
2020-2021,Miami (FL),ACC,17,Janice Leao,So,MB,6-3,8,8,33,NA,81,11,148,0.473,3,10,9,9,NA,1,35,NA,18.5,109.5,NA,NA,NA,NA,NA,NA,NA
2020-2021,NC State,ACC,4,Hannah Reid,So,S,5-9,12,0,25,NA,0,0,0,NA,NA,3,12,2,NA,NA,NA,NA,NA,3,NA,NA,NA,NA,NA,NA,NA
2020-2021,NC State,ACC,5,Kristen McDaniel,So,S,5-9,17,17,61,NA,33,11,78,0.282,602,9,19,178,1,1,28,5,20,57,15,NA,NA,NA,NA,NA,NA
2020-2021,NC State,ACC,6,Hannah Wander,So,DS,5-5,17,3,55,NA,0,0,0,NA,17,7,8,76,13,NA,NA,NA,NA,7,NA,NA,NA,NA,NA,NA,NA
2020-2021,NC State,ACC,8,Daniela McDonald,So,OH,6-1,2,NA,2,NA,2,1,6,0.167,NA,NA,NA,NA,NA,NA,1,NA,0.5,2.5,NA,NA,NA,NA,NA,NA,NA
2020-2021,NC State,ACC,12,Taylor Rowland,So,OH,6-3,26,NA,26,NA,60,32,200,0.14,3,5,6,17,6,2,6,NA,5,70,NA,NA,NA,NA,NA,NA,NA
2020-2021,NC State,ACC,30,Lydia Adam,So,MH,6-0,14,3,41,NA,72,41,242,0.128,1,NA,2,19,3,NA,8,2,6,76,1,NA,NA,NA,NA,NA,NA
2020-2021,North Carolina,ACC,6,Niki Khoshatefeh,So,MB,6-2,9,1,17,NA,11,3,20,0.4,2,NA,1,4,NA,2,13,2,11.5,19.5,NA,NA,NA,NA,NA,NA,NA
2020-2021,North Carolina,ACC,8,Skyy Howard,So,MB,6-3,11,8,39,1,75,40,218,0.161,1,NA,1,24,NA,3,44,6,32.5,100,NA,NA,NA,NA,NA,NA,NA
2020-2021,North Carolina,ACC,13,Carly Peck,So,OH,5-11,8,2,26,NA,34,25,133,0.068,2,NA,NA,7,1,NA,11,NA,5.5,39.5,NA,NA,NA,NA,NA,NA,NA
2020-2021,North Carolina,ACC,15,Ryan Shannon,So,L/DS,5-6,18,2,58,NA,0,2,10,-0.2,10,10,9,86,11,NA,NA,NA,NA,10,1,NA,NA,NA,NA,NA,NA
2020-2021,North Carolina,ACC,21,Karenna Wurl,So,L/DS,5-10,16,1,61,NA,2,0,6,0.333,65,20,18,252,6,NA,NA,NA,NA,22,NA,NA,NA,NA,NA,NA,NA
2020-2021,North Carolina,ACC,23,Parker Austin,So,OH,6-2,14,12,48,1,132,61,419,0.169,10,8,11,100,14,2,25,5,19.5,154.5,NA,NA,NA,NA,NA,NA,NA
2020-2021,Notre Dame,ACC,1,Sammi Lockwood,So,MB,6-3,6,NA,6,NA,1,1,7,0,NA,NA,NA,1,NA,NA,4,NA,2,3,NA,NA,NA,NA,NA,NA,NA
2020-2021,Notre Dame,ACC,4,Nancy Kane,So,S,5-11,14,4,51,NA,4,1,10,0.3,7,9,15,102,3,NA,NA,NA,NA,13,NA,NA,NA,NA,NA,NA,NA
2020-2021,Notre Dame,ACC,9,Kiara Schmidt,So,L,5-6,16,3,58,NA,1,0,6,0.167,13,5,24,107,10,NA,NA,NA,NA,6,NA,NA,NA,NA,NA,NA,NA
2020-2021,Notre Dame,ACC,16,Caroline Meuth,So,OH,5-11,19,18,70,NA,202,81,563,0.215,9,9,18,119,NA,4,64,6,42,247,2,NA,NA,NA,NA,NA,NA
2020-2021,Pittsburgh,ACC,1,Lexis Akeo,So,S,5-8,24,10,88,NA,7,3,20,0.2,515,16,15,155,2,NA,4,1,3,25,7,NA,NA,NA,NA,NA,NA
2020-2021,Pittsburgh,ACC,4,Ashley Browske,So,L/DS,5-10,73,NA,73,NA,0,3,7,-0.429,61,5,13,199,18,NA,NA,NA,NA,5,NA,NA,NA,NA,NA,NA,NA
2020-2021,Pittsburgh,ACC,20,Chiamaka Nwokolo,So,MB,6-1,24,22,88,NA,152,30,297,0.411,7,3,6,36,NA,5,72,5,48,196,1,NA,NA,NA,NA,NA,NA
2020-2021,Syracuse,ACC,3,Marina Markova,So,OH,6-5,8,8,27,NA,67,17,143,0.35,2,8,15,12,1,3,26,3,19,91,1,NA,NA,NA,NA,NA,NA
2020-2021,Syracuse,ACC,8,Berkley Hayes,So,DS,5-6,34,NA,34,NA,1,0,5,0.2,3,1,5,27,1,NA,NA,NA,NA,2,NA,NA,NA,NA,NA,NA,NA
2020-2021,Syracuse,ACC,9,Lauren Woodford,So,S,5-8,14,3,36,NA,4,1,21,0.143,91,1,12,17,NA,NA,2,1,2,6,3,NA,NA,NA,NA,NA,NA
2020-2021,Syracuse,ACC,16,Abby Casiano,So,MB,6-2,16,16,59,NA,111,17,260,0.362,3,5,5,31,NA,11,53,11,48.5,153.5,3,NA,NA,NA,NA,NA,NA
2020-2021,Syracuse,ACC,19,Izzy Plummer,So,MB,6-3,8,8,32,NA,25,11,71,0.197,1,NA,NA,10,NA,1,18,6,16,35,2,NA,NA,NA,NA,NA,NA
2020-2021,Syracuse,ACC,23,Viktoriia Lokhmanchuk,So,OH,6-5,14,7,43,NA,95,68,303,0.089,1,7,4,40,2,1,12,3,10,109,NA,NA,NA,NA,NA,NA,NA
2020-2021,Virginia,ACC,1,Josi Williams,So,L/DS,5-4,10,0,21,NA,1,0,2,0.5,3,NA,1,11,3,NA,NA,NA,NA,1,NA,NA,NA,NA,NA,NA,NA
2020-2021,Virginia,ACC,9,Jayna Francis,So,OH,6-0,13,9,40,NA,82,45,237,0.156,2,2,19,50,15,1,15,1,9.5,92.5,1,NA,NA,NA,NA,NA,NA
2020-2021,Virginia,ACC,10,Maddie Boylston,So,S,5-10,16,NA,16,NA,0,1,2,-0.5,58,4,3,16,NA,NA,NA,NA,NA,4,1,NA,NA,NA,NA,NA,NA
2020-2021,Virginia,ACC,13,Mattison Matthews,So,MB,5-11,14,14,48,NA,74,29,175,0.257,1,2,8,5,1,7,43,2,30.5,104.5,2,NA,NA,NA,NA,NA,NA
2020-2021,Virginia,ACC,19,Grace Turner,So,OH,6-3,12,9,38,NA,93,58,293,0.119,4,8,14,62,8,NA,13,3,9.5,107.5,NA,NA,NA,NA,NA,NA,NA
2020-2021,Virginia,ACC,23,Simone Dominique,So,OH,6-0,5,1,11,NA,8,6,40,0.05,NA,1,1,9,2,NA,3,NA,1.5,10.5,NA,NA,NA,NA,NA,NA,NA
2020-2021,Virginia Tech,ACC,2,Anabel Zier,So,MB,6-2,6,4,14,NA,14,6,40,0.2,2,NA,NA,2,1,1,4,1,4,17,NA,NA,NA,NA,NA,NA,NA
2020-2021,Virginia Tech,ACC,3,Cera Powell,So,OH,6-0,16,3,50,NA,46,22,157,0.153,1,NA,NA,11,NA,1,12,1,8,53,NA,NA,NA,NA,NA,NA,NA
2020-2021,Virginia Tech,ACC,4,Logan Mosley,So,L/DS,5-6,57,NA,57,NA,1,1,9,0,53,9,15,192,11,NA,NA,NA,NA,10,NA,NA,NA,NA,NA,NA,NA
2020-2021,Wake Forest,ACC,1,Peyton Suess,So,OH,6-1,16,13,55,1,108,57,336,0.152,1,3,7,52,7,1,17,2,12,120.5,2,NA,NA,NA,NA,NA,NA
2020-2021,Wake Forest,ACC,7,Delaney McSweeney,So,MB,6-7,5,1,12,NA,12,4,30,0.267,1,NA,1,5,NA,3,8,NA,7.5,19,NA,NA,NA,NA,NA,NA,NA
2020-2021,Wake Forest,ACC,8,Zoe Gonzales,So,MB,6-3,13,12,42,1,30,12,66,0.273,2,6,12,15,NA,1,35,2,21.5,54.5,1,NA,NA,NA,NA,NA,NA
2020-2021,Bellarmine,ASUN,4,Ashley Price,So,OPP,5-10,11,8,36,NA,67,51,227,0.07,4,NA,NA,11,NA,1,12,NA,7,74,NA,NA,NA,NA,NA,NA,NA
2020-2021,Bellarmine,ASUN,9,Jayme Scott,So,OH,5-11,1,NA,1,NA,5,1,10,0.4,NA,NA,NA,NA,NA,NA,NA,NA,NA,5,NA,NA,NA,NA,NA,NA,NA
2020-2021,Bellarmine,ASUN,14,Hannah Brown,So,MH,5-11,14,13,47,NA,113,51,260,0.238,2,NA,3,15,NA,3,28,1,18,130,NA,NA,NA,NA,NA,NA,NA
2020-2021,Bellarmine,ASUN,25,Emily Ernst,So,DS,5-6,17,6,60,NA,1,1,7,0,11,6,11,116,16,NA,NA,1,1,7,NA,NA,NA,NA,NA,NA,NA
2020-2021,FGCU,ASUN,1,Aja Jones,So,MB,6-1,15,15,50,NA,107,36,234,0.303,NA,NA,2,22,NA,7,62,4,42,145,1,NA,NA,NA,NA,NA,NA
2020-2021,FGCU,ASUN,4,Shelby Beisner,So,DS,5-9,15,2,44,NA,0,1,3,-0.333,3,9,13,34,4,NA,NA,NA,NA,9,NA,NA,NA,NA,NA,NA,NA
2020-2021,FGCU,ASUN,6,Erin Shomaker,So,OH,6-2,15,15,51,NA,242,70,570,0.302,7,27,18,152,11,3,25,1,16.5,284.5,NA,NA,NA,NA,NA,NA,NA
2020-2021,FGCU,ASUN,9,Emma Szypszak,So,OH,6-1,15,13,51,NA,66,30,185,0.195,NA,NA,NA,17,NA,1,35,1,19.5,84.5,NA,NA,NA,NA,NA,NA,NA
2020-2021,Jacksonville,ASUN,5,Addyson Lewis,So,L/DS,5-4,15,5,53,NA,0,1,1,-1,7,16,24,121,19,NA,NA,NA,NA,16,NA,NA,NA,NA,NA,NA,NA
2020-2021,Jacksonville,ASUN,6,Abby Jackson,So,L/DS,5-7,3,1,6,NA,0,0,0,NA,1,NA,NA,5,NA,NA,NA,NA,NA,NA,NA,NA,NA,NA,NA,NA,NA
2020-2021,Jacksonville,ASUN,10,Sydney Bolding,So,MB,6-5,16,15,53,1,121,37,289,0.291,1,1,9,11,NA,13,32,3,32.5,151,NA,NA,NA,NA,NA,NA,NA
2020-2021,Jacksonville,ASUN,13,Madison Dagenhart,So,S,6-2,7,3,18,NA,3,1,9,0.222,25,1,1,42,NA,NA,NA,NA,NA,4,NA,NA,NA,NA,NA,NA,NA
2020-2021,Kennesaw St.,ASUN,8,Shelby Dennis,So,OH,5-8,14,10,49,NA,0,0,6,0,13,7,3,86,7,NA,NA,NA,NA,7,NA,NA,NA,NA,NA,NA,NA
2020-2021,Kennesaw St.,ASUN,9,Lanie Vantrease,So,OH,5-11,17,NA,17,NA,35,15,88,0.227,NA,2,NA,7,NA,NA,4,NA,2,39,NA,NA,NA,NA,NA,NA,NA
2020-2021,Kennesaw St.,ASUN,16,Emma Schurfranz,So,RS,6-1,14,14,49,NA,168,59,331,0.329,3,12,30,21,NA,4,36,3,25,202,1,NA,NA,NA,NA,NA,NA
2020-2021,Kennesaw St.,ASUN,19,Chelsey Abel,So,MB,6-1,7,6,21,NA,28,12,74,0.216,4,NA,NA,3,1,1,22,1,13,40,NA,NA,NA,NA,NA,NA,NA
2020-2021,Liberty,ASUN,9,Abby Phillips,So,OH,5-7,8,1,20,NA,22,11,76,0.145,1,NA,3,12,2,NA,7,NA,3.5,25.5,NA,NA,NA,NA,NA,NA,NA
2020-2021,Liberty,ASUN,11,Sarah Shanton,So,RS,6-1,2,NA,2,NA,1,0,1,1,NA,NA,NA,NA,NA,NA,NA,NA,NA,1,NA,NA,NA,NA,NA,NA,NA
2020-2021,Liberty,ASUN,13,Rajini Fitzmaurice,So,OH,5-8,14,14,47,NA,130,57,379,0.193,15,15,20,110,7,NA,23,1,12.5,156.5,4,NA,NA,NA,NA,NA,NA
2020-2021,Liberty,ASUN,15,Caitie Mueller,So,S,5-11,16,NA,16,NA,3,1,5,0.4,33,2,3,19,NA,NA,NA,1,1,5,2,NA,NA,NA,NA,NA,NA
2020-2021,Liberty,ASUN,19,Saige Weaver,So,OPP,6-0,28,NA,28,NA,0,0,0,NA,NA,8,14,3,NA,NA,NA,NA,NA,8,NA,NA,NA,NA,NA,NA,NA
2020-2021,Lipscomb,ASUN,2,Bree Thompson,So,OH,6-0,5,2,11,NA,15,5,45,0.222,NA,NA,NA,5,NA,NA,4,NA,2,17,NA,NA,NA,NA,NA,NA,NA
2020-2021,Lipscomb,ASUN,8,Brooke Phillips,So,S,5-9,13,5,24,NA,11,4,26,0.269,179,7,14,36,NA,1,4,2,5,21,4,NA,NA,NA,NA,NA,NA
2020-2021,North Ala.,ASUN,1,Elizabeth Ford,So,L/DS,5-8,10,2,20,NA,0,2,3,-0.667,1,3,6,27,12,NA,NA,NA,NA,3,NA,NA,NA,NA,NA,NA,NA
2020-2021,North Ala.,ASUN,5,Claire Bullington,So,DS,5-10,12,9,42,NA,11,11,47,0,4,6,10,71,13,NA,NA,1,1,17,NA,NA,NA,NA,NA,NA,NA
2020-2021,North Ala.,ASUN,6,Anna Katherine Griggs,So,MB,6-2,14,14,48,NA,66,30,183,0.197,1,NA,NA,10,NA,5,48,6,35,95,NA,NA,NA,NA,NA,NA,NA
2020-2021,North Ala.,ASUN,15,Breylee Linder,So,S,5-7,14,11,48,NA,15,3,49,0.245,162,6,7,70,NA,NA,NA,2,2,21,3,NA,NA,NA,NA,NA,NA
2020-2021,North Ala.,ASUN,20,Sarah-Elizabeth Williams,So,OPP,6-1,14,3,48,NA,31,30,150,0.007,NA,NA,NA,16,1,4,28,NA,18,49,NA,NA,NA,NA,NA,NA,NA
2020-2021,North Ala.,ASUN,25,Maggie Sullivan,So,MB,6-1,14,14,48,NA,83,31,210,0.248,2,6,15,27,3,6,51,6,37.5,120.5,NA,NA,NA,NA,NA,NA,NA
2020-2021,North Florida,ASUN,4,Rocio Moro,So,L/DS,5-5,76,NA,76,NA,6,1,14,0.357,59,14,16,398,11,NA,NA,NA,NA,20,6,NA,NA,NA,NA,NA,NA
2020-2021,North Florida,ASUN,5,Julianna Askew,So,S,6-0,20,20,76,NA,80,27,221,0.24,758,29,42,161,NA,2,39,5,26.5,130.5,10,NA,NA,NA,NA,NA,NA
2020-2021,North Florida,ASUN,20,Maddie Boyd,So,MB,6-2,20,20,76,NA,90,35,233,0.236,NA,NA,NA,12,NA,12,50,5,42,127,NA,NA,NA,NA,NA,NA,NA
2020-2021,Stetson,ASUN,3,Yamelis Mojica,So,OH,6-0,14,11,50,NA,77,36,285,0.144,3,NA,1,40,NA,7,29,1,22.5,98.5,NA,NA,NA,NA,NA,NA,NA
2020-2021,Stetson,ASUN,10,Elena Djokovic,So,OH,6-1,12,11,42,NA,164,64,491,0.204,16,3,6,138,14,6,7,4,13.5,176.5,1,NA,NA,NA,NA,NA,NA
2020-2021,Stetson,ASUN,13,Kennedy Muldrow,So,MB,6-0,6,5,19,NA,18,9,63,0.143,1,NA,NA,1,1,1,10,10,16,24,NA,NA,NA,NA,NA,NA,NA
2020-2021,Stetson,ASUN,16,Madison Baynard,So,MB,6-3,1,1,2,NA,0,1,9,-0.111,NA,NA,NA,NA,NA,NA,1,NA,0.5,0.5,NA,NA,NA,NA,NA,NA,NA
2020-2021,Stetson,ASUN,22,Kaylee Oscarson,So,MB,6-5,13,12,45,NA,100,35,248,0.262,4,2,4,24,2,6,23,5,22.5,119.5,2,NA,NA,NA,NA,NA,NA
2020-2021,Binghamton,America East,12,Audrey Haworth,So,OH,5-10,12,0,37,NA,3,4,9,-0.111,16,8,8,96,12,NA,NA,NA,NA,11,NA,NA,NA,NA,NA,NA,NA
2020-2021,Binghamton,America East,15,Emma Rainville,So,S,5-5,7,7,27,NA,5,2,33,0.091,227,NA,5,51,NA,NA,NA,4,4,5,9,NA,NA,NA,NA,NA,NA
2020-2021,Binghamton,America East,21,Regon Kennedy,So,DS,5-5,1,0,1,NA,0,0,0,NA,NA,NA,NA,1,1,NA,NA,NA,NA,NA,NA,NA,NA,NA,NA,NA,NA
2020-2021,Binghamton,America East,22,Anna Sprys,So,MH,6-0,12,12,42,NA,74,27,191,0.246,1,NA,1,5,1,4,29,3,21.5,92.5,1,NA,NA,NA,NA,NA,NA
2020-2021,Hartford,America East,3,Lika Nkenchor,So,RS,5-10,18,NA,18,NA,0,0,1,0,2,NA,3,18,NA,NA,NA,NA,NA,NA,NA,NA,NA,NA,NA,NA,NA
2020-2021,Hartford,America East,9,Robin Helms,So,MB,6-2,8,6,25,NA,28,23,88,0.057,2,NA,1,7,1,1,8,2,7,33,1,NA,NA,NA,NA,NA,NA
2020-2021,Hartford,America East,12,Maddie Lindsay,So,OH,6-2,8,5,27,NA,103,46,307,0.186,5,3,4,45,11,2,7,NA,5.5,111.5,NA,NA,NA,NA,NA,NA,NA
2020-2021,Hartford,America East,13,Sara Gasparotto,So,DS,6-1,9,NA,9,NA,2,2,10,0,NA,NA,NA,1,NA,1,NA,NA,1,3,2,NA,NA,NA,NA,NA,NA
2020-2021,Hartford,America East,21,Greta De Gasper,So,L/DS,5-10,10,5,33,NA,7,9,27,-0.074,5,7,9,53,7,NA,NA,NA,NA,14,NA,NA,NA,NA,NA,NA,NA
2020-2021,NJIT,America East,4,Adriana Goetz-Morales,So,OH,5-10,12,7,38,NA,77,59,238,0.076,1,9,12,29,3,NA,20,2,12,96,NA,NA,NA,NA,NA,NA,NA
2020-2021,NJIT,America East,5,CJ Trevino,So,L,5-9,12,1,40,NA,0,0,1,0,2,4,12,13,3,NA,NA,NA,NA,4,NA,NA,NA,NA,NA,NA,NA
2020-2021,NJIT,America East,6,Courtney Branch,So,MH,6-0,12,12,44,NA,58,22,148,0.243,2,3,9,13,NA,6,28,NA,20,81,NA,NA,NA,NA,NA,NA,NA
2020-2021,NJIT,America East,12,Juliana Impaglia,So,S,5-7,22,NA,22,NA,1,0,4,0.25,41,3,6,20,NA,NA,NA,NA,NA,4,3,NA,NA,NA,NA,NA,NA
2020-2021,NJIT,America East,13,Emma Godwin,So,RS,6-0,11,9,35,NA,60,39,229,0.092,3,4,3,64,9,NA,8,NA,4,68,NA,NA,NA,NA,NA,NA,NA
2020-2021,NJIT,America East,16,Katelyn Bliesner,So,MB,6-2,11,8,26,NA,24,19,61,0.082,NA,NA,1,7,1,1,13,2,9.5,31.5,3,NA,NA,NA,NA,NA,NA
2020-2021,New Hampshire,America East,6,Hannah Crist,So,RS,6-0,8,1,19,NA,24,14,90,0.111,NA,NA,NA,2,NA,NA,13,1,7.5,30.5,NA,NA,NA,NA,NA,NA,NA
2020-2021,New Hampshire,America East,10,Wren Macaulay,So,S,5-9,8,1,30,NA,9,1,22,0.364,101,6,17,54,NA,NA,NA,NA,NA,15,1,NA,NA,NA,NA,NA,NA
2020-2021,New Hampshire,America East,17,Erin Hedrick,So,RS,5-11,9,1,22,NA,21,9,89,0.135,NA,NA,NA,7,NA,NA,6,NA,3,24,NA,NA,NA,NA,NA,NA,NA
2020-2021,Stony Brook,America East,1,Julia Kim,So,S,5-11,4,4,15,1,6,4,23,0.087,129,1,5,26,NA,3,6,NA,8.5,13,6,NA,NA,NA,NA,NA,NA
2020-2021,Stony Brook,America East,14,Amiyah De'Long,So,OH,6-0,11,7,40,1,101,45,315,0.178,3,1,NA,32,5,5,6,1,9.5,110,NA,NA,NA,NA,NA,NA,NA
2020-2021,UAlbany,America East,6,Malea Stanton,So,S,5-9,11,11,43,NA,12,3,41,0.22,244,8,5,104,NA,NA,NA,NA,NA,20,5,NA,NA,NA,NA,NA,NA
2020-2021,UAlbany,America East,11,Noa Brach,So,MB,6-0,13,13,51,NA,90,45,228,0.197,2,NA,NA,14,1,3,55,8,38.5,120.5,NA,NA,NA,NA,NA,NA,NA
2020-2021,UAlbany,America East,14,Kamara Kelly,So,OH,6-0,13,13,51,NA,174,78,496,0.194,13,13,13,179,12,1,25,1,14.5,200.5,NA,NA,NA,NA,NA,NA,NA
2020-2021,UMBC,America East,6,Kayla Tomas,So,DS,5-7,14,7,49,NA,2,0,4,0.5,3,1,5,103,16,NA,NA,NA,NA,3,NA,NA,NA,NA,NA,NA,NA
2020-2021,UMBC,America East,14,Kamani Conteh,So,OH,5-10,4,2,13,NA,29,9,60,0.333,NA,NA,NA,1,1,NA,8,1,5,33,NA,NA,NA,NA,NA,NA,NA
2020-2021,UMBC,America East,17,Emily Ferketic,So,RS,6-2,15,13,54,NA,105,56,326,0.15,3,11,14,66,1,1,40,1,22,137,NA,NA,NA,NA,NA,NA,NA
2020-2021,Davidson,Atlantic 10,3,Julia Black,So,S,6-0,12,1,35,1,43,10,127,0.26,NA,NA,NA,11,1,1,14,NA,13,51,NA,NA,NA,NA,NA,NA,NA
2020-2021,Davidson,Atlantic 10,13,Paige Johnson,So,OH,6-0,2,NA,2,NA,0,0,2,0,NA,NA,NA,1,NA,NA,NA,NA,NA,NA,NA,NA,NA,NA,NA,NA,NA
2020-2021,Davidson,Atlantic 10,14,Anela Davis,So,MB,6-0,4,4,16,2,18,6,57,0.211,NA,2,6,4,NA,3,10,1,12,28,NA,NA,NA,NA,NA,NA,NA
2020-2021,Davidson,Atlantic 10,19,Madeline Wynn,So,MB,6-2,13,13,39,8,47,28,157,0.121,NA,NA,NA,5,NA,4,32,3,31.5,67,1,NA,NA,NA,NA,NA,NA
2020-2021,Dayton,Atlantic 10,6,Amelia Moore,So,MB,6-5,16,16,53,4,122,33,262,0.34,NA,15,13,19,NA,5,49,6,39.5,166.5,NA,NA,NA,NA,NA,NA,NA
2020-2021,Dayton,Atlantic 10,18,Grace Dynda,So,OH,5-11,16,NA,16,NA,4,3,11,0.091,1,3,4,5,NA,NA,1,NA,0.5,7.5,NA,NA,NA,NA,NA,NA,NA
2020-2021,Dayton,Atlantic 10,22,Livie Sandt,So,S,5-10,6,0,9,NA,2,1,7,0.143,48,3,1,4,NA,NA,1,1,2,5.5,NA,NA,NA,NA,NA,NA,NA
2020-2021,Duquesne,Atlantic 10,4,Morgan Kelly,So,OH,6-3,7,7,23,1,68,39,249,0.116,1,3,3,15,3,1,8,NA,6,76,NA,NA,NA,NA,NA,NA,NA
2020-2021,Duquesne,Atlantic 10,11,Hailey Poling,So,S,5-8,9,9,28,1,16,6,47,0.213,209,7,4,54,NA,1,15,3,11.5,31.5,5,NA,NA,NA,NA,NA,NA
2020-2021,Duquesne,Atlantic 10,12,Ashley Larson,So,OH,5-10,29,NA,29,NA,0,1,4,-0.25,16,6,7,96,21,NA,NA,NA,NA,6,NA,NA,NA,NA,NA,NA,NA
2020-2021,Duquesne,Atlantic 10,14,Anita Parrott,So,MH,6-1,9,8,28,1,34,14,79,0.253,1,NA,NA,9,NA,5,26,4,22.5,52,NA,NA,NA,NA,NA,NA,NA
2020-2021,Fordham,Atlantic 10,2,Megan Brzozowski,So,S,5-10,10,10,36,3,21,14,63,0.111,338,9,15,105,NA,1,24,1,14,43,6,NA,NA,NA,NA,NA,NA
2020-2021,Fordham,Atlantic 10,6,Mallory Lipski,So,L,5-8,9,0,32,NA,0,2,2,-1,25,9,2,170,12,NA,NA,NA,NA,9,NA,NA,NA,NA,NA,NA,NA
2020-2021,Fordham,Atlantic 10,7,Aria De La Rosa,So,MB,6-2,10,9,33,2,48,21,131,0.206,1,NA,1,4,NA,3,23,2,18.5,62.5,NA,NA,NA,NA,NA,NA,NA
2020-2021,Fordham,Atlantic 10,10,Chloe Pejouan,So,MB,6-3,6,2,11,1,4,8,27,-0.148,NA,NA,NA,NA,NA,3,9,NA,7.5,11.5,NA,NA,NA,NA,NA,NA,NA
2020-2021,Fordham,Atlantic 10,12,Aneliesa Cartledge,So,S,5-9,10,0,34,NA,0,0,0,NA,2,6,8,8,NA,NA,NA,NA,NA,6,NA,NA,NA,NA,NA,NA,NA
2020-2021,George Mason,Atlantic 10,4,Christina Walker,So,OH,6-2,13,9,46,1,67,24,222,0.194,NA,NA,1,23,4,1,21,4,16.5,78.5,NA,NA,NA,NA,NA,NA,NA
2020-2021,George Mason,Atlantic 10,6,Marley Willard,So,L,5-4,15,4,48,2,0,1,1,-1,2,10,11,67,16,NA,NA,NA,NA,10,NA,NA,NA,NA,NA,NA,NA
2020-2021,George Mason,Atlantic 10,13,Jewel Clark,So,MB,6-0,8,8,29,3,55,29,153,0.17,3,5,1,10,1,3,12,2,12,69,NA,NA,NA,NA,NA,NA,NA
2020-2021,George Mason,Atlantic 10,18,Stephanie Der,So,L,5-3,15,1,57,1,0,0,1,0,20,14,4,177,16,NA,NA,NA,NA,14,NA,NA,NA,NA,NA,NA,NA
2020-2021,George Mason,Atlantic 10,23,Yanira Lopez-Barahona,So,OH,5-9,7,5,23,2,65,30,195,0.179,4,2,2,57,7,1,5,NA,4.5,70.5,NA,NA,NA,NA,NA,NA,NA
2020-2021,George Washington,Atlantic 10,8,Sarah Pintel,So,OH,6-5,5,1,18,NA,50,22,163,0.172,NA,NA,NA,11,4,NA,3,NA,1.5,51.5,1,NA,NA,NA,NA,NA,NA
2020-2021,La Salle,Atlantic 10,8,Sydney Stone,So,OH,6-0,8,8,31,5,74,49,270,0.093,2,10,11,70,1,NA,5,2,5.5,86.5,NA,NA,NA,NA,NA,NA,NA
2020-2021,Rhode Island,Atlantic 10,2,Claire Wagner,So,OH,5-10,11,6,34,2,70,36,218,0.156,8,8,9,73,9,NA,10,1,9,83,NA,NA,NA,NA,NA,NA,NA
2020-2021,Rhode Island,Atlantic 10,8,Adel Gage,So,S,5-8,13,0,41,NA,1,0,2,0.5,98,12,8,69,1,NA,1,NA,1,13.5,3,NA,NA,NA,NA,NA,NA
2020-2021,Saint Louis,Atlantic 10,5,Lily Welti,So,OH,5-9,10,1,18,1,30,20,86,0.116,1,NA,1,16,2,2,1,1,3.5,32.5,NA,NA,NA,NA,NA,NA,NA
2020-2021,Saint Louis,Atlantic 10,7,Margaret Mahlke,So,OH,6-1,1,NA,1,NA,0,0,0,NA,NA,NA,NA,NA,NA,NA,NA,NA,NA,NA,NA,NA,NA,NA,NA,NA,NA
2020-2021,Saint Louis,Atlantic 10,10,Eva Athanasiadou,So,S,5-8,13,NA,13,NA,0,0,0,NA,15,1,2,6,NA,NA,NA,NA,NA,1,NA,NA,NA,NA,NA,NA,NA
2020-2021,VCU,Atlantic 10,11,Qairo Bentley,So,OH,6-0,18,18,61,5,175,78,513,0.189,11,13,8,170,33,NA,31,2,21,203.5,3,NA,NA,NA,NA,NA,NA
2020-2021,VCU,Atlantic 10,17,Sabria Cooper,So,MB,6-2,18,8,55,4,95,39,268,0.209,2,NA,1,24,NA,1,29,2,21,110.5,NA,NA,NA,NA,NA,NA,NA
2020-2021,Baylor,Big 12,3,Emily Van Slate,So,L/DS,5-7,27,2,104,1,3,1,14,0.143,35,15,37,230,16,NA,1,NA,0.5,18.5,NA,NA,NA,NA,NA,NA,NA
2020-2021,Baylor,Big 12,4,KJ Johnson,So,OH,5-9,15,3,31,NA,33,26,106,0.066,1,NA,NA,7,1,1,14,3,11,41,NA,NA,NA,NA,NA,NA,NA
2020-2021,Baylor,Big 12,16,AJ Koele,So,OPP,6-1,30,NA,30,NA,5,7,22,-0.091,7,NA,1,4,NA,1,5,NA,3.5,8.5,1,NA,NA,NA,NA,NA,NA
2020-2021,Baylor,Big 12,17,Kara McGhee,So,MB,6-5,27,27,102,1,172,53,395,0.301,10,5,29,41,NA,10,117,12,82.5,245.5,5,NA,NA,NA,NA,NA,NA
2020-2021,Baylor,Big 12,31,Lauren Harrison,So,OH,6-0,25,4,96,1,305,113,739,0.26,4,3,9,51,13,2,47,4,30.5,333.5,NA,NA,NA,NA,NA,NA,NA
2020-2021,Iowa St.,Big 12,1,Kenzie Mantz,So,RS,6-2,15,6,33,NA,79,39,200,0.2,1,NA,NA,3,NA,NA,11,3,8.5,84.5,1,NA,NA,NA,NA,NA,NA
2020-2021,Iowa St.,Big 12,8,Michal Schuler,So,OH,6-0,6,1,26,NA,12,7,43,0.116,4,NA,1,32,5,NA,NA,NA,NA,12,1,NA,NA,NA,NA,NA,NA
2020-2021,Iowa St.,Big 12,9,Annie Hatch,So,OH,6-1,20,14,78,NA,173,87,582,0.148,5,19,31,128,7,4,18,2,15,205,NA,0,NA,NA,NA,NA,NA
2020-2021,Iowa St.,Big 12,10,Kate Shannon,So,DS,5-7,22,NA,22,NA,0,0,0,NA,1,7,10,7,NA,NA,NA,NA,NA,7,NA,NA,NA,NA,NA,NA,NA
2020-2021,Iowa St.,Big 12,14,Jaiden Centeno,So,DS,5-7,14,3,38,NA,0,0,2,0,2,NA,2,42,10,NA,NA,NA,NA,NA,NA,NA,NA,NA,NA,NA,NA
2020-2021,Kansas,Big 12,1,Kennedy Farris,So,L/DS,5-7,22,4,84,1,0,1,8,-0.125,53,15,19,285,12,NA,NA,NA,NA,15,2,NA,NA,NA,NA,NA,NA
2020-2021,Kansas,Big 12,5,Gracie Van Driel,So,MB,6-1,10,2,17,NA,13,5,43,0.186,1,1,NA,2,NA,1,5,NA,4,17.5,1,NA,NA,NA,NA,NA,NA
2020-2021,Kansas St.,Big 12,1,Teana Adams-Kaonohi,So,S,6-1,13,6,40,NA,12,4,41,0.195,346,5,14,65,1,NA,13,2,8.5,23.5,6,NA,NA,NA,NA,NA,NA
2020-2021,Kansas St.,Big 12,5,Kayley Hollywood,So,MB,6-5,3,1,6,NA,7,3,19,0.211,NA,1,1,2,NA,NA,2,NA,1,9,NA,NA,NA,NA,NA,NA,NA
2020-2021,Kansas St.,Big 12,9,Abigail Archibong,So,MB,6-1,15,13,57,NA,85,30,168,0.327,3,NA,NA,17,NA,4,58,7,40,118,NA,NA,NA,NA,NA,NA,NA
2020-2021,Kansas St.,Big 12,12,Loren Hinkle,So,L/DS,5-9,21,10,84,NA,0,0,4,0,25,20,31,154,13,NA,NA,NA,NA,20,NA,NA,NA,NA,NA,NA,NA
2020-2021,Kansas St.,Big 12,15,Holly Bonde,So,OH,6-2,21,19,85,NA,143,65,440,0.177,4,5,11,55,NA,3,46,3,29,174,NA,NA,NA,NA,NA,NA,NA
2020-2021,Kansas St.,Big 12,16,Dru Kuck,So,L/DS,5-5,15,7,59,NA,2,1,3,0.333,17,9,15,120,13,NA,NA,NA,NA,11,2,NA,NA,NA,NA,NA,NA
2020-2021,Oklahoma,Big 12,6,Sanaa Dotson,So,OH,6-0,18,12,64,NA,215,96,560,0.213,2,6,35,81,22,1,26,1,15,235,NA,NA,NA,NA,NA,NA,NA
2020-2021,Oklahoma,Big 12,8,Olivia Curtis,So,OH,5-11,18,5,61,NA,18,5,46,0.283,246,14,11,78,7,1,10,1,7,38,12,NA,NA,NA,NA,NA,NA
2020-2021,Oklahoma,Big 12,12,Abby Butler,So,MB,6-5,10,7,29,NA,4,1,20,0.15,1,NA,NA,2,NA,2,26,NA,15,19,NA,NA,NA,NA,NA,NA,NA
2020-2021,Oklahoma,Big 12,20,Grace Talpash,So,S,5-7,17,12,52,NA,15,5,43,0.233,285,8,14,73,NA,NA,7,2,5.5,26.5,28,NA,NA,NA,NA,NA,NA
2020-2021,TCU,Big 12,3,Mykayla Myers,So,MB,6-0,21,20,78,NA,154,46,337,0.32,1,6,15,22,1,7,53,3,36.5,193.5,2,NA,NA,NA,NA,NA,NA
2020-2021,TCU,Big 12,12,Julia Adams,So,OH,6-3,19,17,71,NA,238,117,739,0.164,2,8,21,64,11,4,18,NA,13,259,NA,NA,NA,NA,NA,NA,NA
2020-2021,TCU,Big 12,13,Bella Swafford,So,L/DS,5-8,14,2,42,NA,1,0,2,0.5,2,NA,NA,45,4,NA,NA,NA,NA,1,NA,NA,NA,NA,NA,NA,NA
2020-2021,TCU,Big 12,14,McKenzie Nichols,So,S,5-10,20,20,77,NA,25,12,100,0.13,778,12,32,142,1,1,21,1,12.5,48.5,5,NA,NA,NA,NA,NA,NA
2020-2021,TCU,Big 12,15,Audrey Nalls,So,OH,6-1,14,6,53,NA,84,67,314,0.054,2,1,2,25,3,2,25,2,16.5,99.5,NA,NA,NA,NA,NA,NA,NA
2020-2021,TCU,Big 12,19,Afedo Manyang,So,MB,6-3,19,10,72,NA,182,90,450,0.204,2,1,1,26,1,2,35,7,26.5,202.5,NA,NA,NA,NA,NA,NA,NA
2020-2021,Texas,Big 12,5,Skylar Fields,So,OPP,6-2,29,10,101,NA,327,71,774,0.331,2,1,4,46,3,3,60,3,36,361,1,NA,NA,NA,NA,NA,NA
2020-2021,Texas,Big 12,7,Asjia O'Neal,So,MB,6-3,29,28,100,NA,222,46,428,0.411,3,18,38,45,2,14,99,9,72.5,303.5,NA,NA,NA,NA,NA,NA,NA
2020-2021,Texas,Big 12,15,Molly Phillips,So,MB,6-5,29,19,87,NA,152,38,329,0.347,2,NA,3,33,1,2,86,2,47,197,NA,NA,NA,NA,NA,NA,NA
2020-2021,Texas Tech,Big 12,3,Caitlin Dugan,So,OH,6-1,18,12,73,NA,197,66,513,0.255,8,5,32,62,6,3,49,2,29.5,229.5,3,NA,NA,NA,NA,NA,NA
2020-2021,Texas Tech,Big 12,4,Lindsey Dodson,So,DS,5-6,18,7,70,NA,2,2,10,0,40,18,27,191,14,NA,NA,NA,NA,20,1,NA,NA,NA,NA,NA,NA
2020-2021,Texas Tech,Big 12,6,Audrey Tuttle,So,DS,5-10,22,NA,22,NA,2,0,4,0.5,2,2,1,12,NA,NA,NA,NA,NA,4,NA,NA,NA,NA,NA,NA,NA
2020-2021,Texas Tech,Big 12,7,Lauren Dodson,So,DS,5-6,3,NA,3,NA,1,0,3,0.333,1,NA,3,6,NA,NA,NA,NA,NA,1,NA,NA,NA,NA,NA,NA,NA
2020-2021,Texas Tech,Big 12,12,Cadi Boyer,So,MB,6-3,13,11,45,NA,61,23,139,0.273,3,NA,NA,11,NA,6,34,2,25,84,NA,NA,NA,NA,NA,NA,NA
2020-2021,Texas Tech,Big 12,17,Reagan Cooper,So,OH,6-1,17,8,56,NA,132,43,378,0.235,4,1,3,15,NA,4,22,1,16,148,NA,NA,NA,NA,NA,NA,NA
2020-2021,West Virginia,Big 12,1,Natalie Winter,So,DS,5-9,18,4,49,NA,15,8,58,0.121,3,7,16,71,6,NA,NA,NA,NA,22,NA,NA,NA,NA,NA,NA,NA
2020-2021,West Virginia,Big 12,13,Emmy Ogogor,So,MB,6-1,18,8,67,3,120,68,280,0.186,1,NA,NA,10,NA,4,35,1,24,141.5,NA,NA,NA,NA,NA,NA,NA
2020-2021,Butler,Big East,5,Jaymeson Kinley,So,L,5-4,48,NA,48,NA,4,5,13,-0.077,38,12,15,226,12,NA,NA,NA,NA,16,NA,NA,NA,NA,NA,NA,NA
2020-2021,Butler,Big East,7,Brittany Robinson,So,OH,6-1,14,13,53,5,175,86,541,0.165,9,6,4,91,10,3,24,2,22,196,NA,NA,NA,NA,NA,NA,NA
2020-2021,Butler,Big East,9,Elana Brueggemann,So,OH,6-0,12,1,32,1,72,47,220,0.114,NA,NA,NA,22,2,NA,13,NA,10,78.5,NA,NA,NA,NA,NA,NA,NA
2020-2021,Butler,Big East,10,Funmi Oladapo,So,MB,6-2,10,5,22,1,20,12,70,0.114,NA,4,5,2,NA,NA,19,2,11,33.5,NA,NA,NA,NA,NA,NA,NA
2020-2021,Butler,Big East,11,Marisa Guisti,So,MB,6-1,14,10,46,3,60,31,233,0.124,1,6,4,67,3,3,16,2,14,77,1,NA,NA,NA,NA,NA,NA
2020-2021,Butler,Big East,13,Megan Sheridan,So,OH,6-1,13,4,37,2,48,35,221,0.059,2,NA,1,29,1,1,10,1,10,54,NA,NA,NA,NA,NA,NA,NA
2020-2021,Creighton,Big East,3,Ally Van Eekeren,So,S,6-0,16,10,62,5,15,10,51,0.098,358,15,23,90,NA,NA,9,2,10.5,34.5,1,NA,NA,NA,NA,NA,NA
2020-2021,Creighton,Big East,6,Keeley Davis,So,OH,6-0,15,15,58,11,175,81,495,0.19,12,15,26,156,25,2,28,1,27,206,NA,NA,NA,NA,NA,NA,NA
2020-2021,Creighton,Big East,9,Kiana Schmitt,So,MB,6-2,14,4,50,4,73,27,154,0.299,1,NA,1,16,NA,1,29,3,26,88.5,NA,NA,NA,NA,NA,NA,NA
2020-2021,Creighton,Big East,16,Emily Bressman,So,DS,5-10,9,1,19,NA,17,8,47,0.191,2,4,1,12,3,NA,NA,NA,NA,21,NA,NA,NA,NA,NA,NA,NA
2020-2021,Creighton,Big East,17,Makenna Krause,So,DS,5-6,10,NA,10,NA,0,0,0,NA,NA,1,2,1,NA,NA,NA,NA,NA,1,NA,NA,NA,NA,NA,NA,NA
2020-2021,DePaul,Big East,11,Bailey Nelson,So,RS,6-1,10,3,39,1,79,37,219,0.192,2,NA,NA,11,NA,2,21,3,16,91.5,1,NA,NA,NA,NA,NA,NA
2020-2021,Marquette,Big East,2,Hannah Vanden Berg,So,OH,6-2,14,12,51,4,124,47,360,0.214,2,9,11,65,8,4,17,5,18.5,145.5,1,NA,NA,NA,NA,NA,NA
2020-2021,Marquette,Big East,5,Caroline Dragani,So,S,5-11,4,0,4,NA,0,0,0,NA,2,NA,1,1,NA,NA,NA,NA,NA,NA,NA,NA,NA,NA,NA,NA,NA
2020-2021,Marquette,Big East,6,Megan Lund,So,DS,5-11,5,0,6,NA,0,1,1,-1,NA,NA,NA,4,NA,NA,NA,NA,NA,NA,NA,NA,NA,NA,NA,NA,NA
2020-2021,Marquette,Big East,13,Claire Nuessmeier,So,MB,6-2,14,14,51,4,67,19,163,0.294,3,NA,NA,8,NA,6,33,5,27,89.5,NA,NA,NA,NA,NA,NA,NA
2020-2021,Marquette,Big East,14,Carly Skrabak,So,DS,5-6,14,0,49,NA,0,1,4,-0.25,14,3,NA,74,12,NA,NA,NA,NA,3,NA,NA,NA,NA,NA,NA,NA
2020-2021,Providence,Big East,1,Sasha Rudich,So,MB,6-1,10,8,35,1,58,21,150,0.247,NA,NA,1,5,NA,2,25,1,16,72.5,NA,NA,NA,NA,NA,NA,NA
2020-2021,Providence,Big East,4,Jennifer Leitman,So,OH,6-1,10,10,40,2,124,65,380,0.155,10,8,15,80,17,3,10,1,9,140,NA,NA,NA,NA,NA,NA,NA
2020-2021,Providence,Big East,7,Brielle Mullally,So,S,6-0,1,NA,1,NA,0,0,0,NA,3,NA,NA,1,NA,NA,NA,NA,NA,NA,1,NA,NA,NA,NA,NA,NA
2020-2021,Providence,Big East,9,Addison Witte,So,OH,6-0,5,2,16,NA,16,12,59,0.068,2,NA,NA,4,NA,1,10,3,10.5,22,NA,NA,NA,NA,NA,NA,NA
2020-2021,Providence,Big East,10,Emma Nelson,So,OH,6-1,10,7,41,1,128,59,305,0.226,NA,NA,2,10,5,1,17,1,10.5,137.5,NA,NA,NA,NA,NA,NA,NA
2020-2021,Providence,Big East,13,Caroline LaMacchia,So,DS,5-4,10,3,41,1,0,0,3,0,7,6,9,86,2,NA,NA,NA,NA,6,NA,NA,NA,NA,NA,NA,NA
2020-2021,Providence,Big East,18,Elena Leontaridou,So,MB,6-2,8,8,31,2,41,19,106,0.208,6,4,12,8,1,4,30,2,24,64,NA,NA,NA,NA,NA,NA,NA
2020-2021,Seton Hall,Big East,5,Jennifer Giron,So,RS,5-10,8,NA,8,NA,0,1,3,-0.333,1,NA,NA,9,NA,NA,NA,NA,NA,NA,NA,NA,NA,NA,NA,NA,NA
2020-2021,Seton Hall,Big East,8,Reagan Hopp,So,OH,5-11,8,2,19,1,30,6,75,0.32,4,NA,1,11,6,NA,1,1,1.5,30.5,NA,NA,NA,NA,NA,NA,NA
2020-2021,Seton Hall,Big East,13,Raygan Murray,So,L/DS,5-5,44,NA,44,NA,1,0,5,0.2,28,8,6,196,12,NA,NA,NA,NA,9,NA,NA,NA,NA,NA,NA,NA
2020-2021,Seton Hall,Big East,17,Julia Wilkins,So,OH,6-0,10,8,37,2,46,17,117,0.248,1,9,10,14,NA,NA,30,NA,17.5,70,NA,NA,NA,NA,NA,NA,NA
2020-2021,St. John's (NY),Big East,2,Iliana Rodriguez,So,L/DS,5-5,14,1,50,1,1,0,3,0.333,27,19,21,190,26,NA,NA,NA,NA,20,NA,NA,NA,NA,NA,NA,NA
2020-2021,St. John's (NY),Big East,25,Mimi Larry,So,DS,5-6,6,NA,6,NA,0,0,0,NA,NA,NA,1,1,NA,NA,NA,NA,NA,NA,NA,NA,NA,NA,NA,NA,NA
2020-2021,UConn,Big East,1,Madi Whitmire,So,S,5-10,10,3,35,NA,10,2,29,0.276,192,14,15,50,NA,NA,4,NA,2,26,NA,NA,NA,NA,NA,NA,NA
2020-2021,UConn,Big East,2,Mia Ruffolo,So,L/DS,5-6,9,2,32,2,0,0,2,0,10,6,8,77,7,NA,NA,NA,NA,6,NA,NA,NA,NA,NA,NA,NA
2020-2021,UConn,Big East,17,Allie Garland,So,MB,6-1,11,6,41,3,76,24,198,0.263,3,3,8,25,NA,1,32,9,30,96,NA,NA,NA,NA,NA,NA,NA
2020-2021,UConn,Big East,23,Jasmine Davis,So,OH,6-1,9,7,33,4,65,30,204,0.172,3,7,7,67,17,NA,9,2,8.5,76.5,NA,NA,NA,NA,NA,NA,NA
2020-2021,UConn,Big East,27,Aset Baker-Falealili,So,L/DS,5-7,34,NA,34,NA,0,0,2,0,25,3,12,132,13,NA,NA,NA,NA,3,NA,NA,NA,NA,NA,NA,NA
2020-2021,Villanova,Big East,7,Maddie Schieder,So,DS,5-4,33,NA,33,NA,0,0,1,0,6,4,12,24,4,NA,NA,NA,NA,4,NA,NA,NA,NA,NA,NA,NA
2020-2021,Villanova,Big East,13,Belle Morgan,So,S,6-1,10,10,40,8,22,5,47,0.362,328,10,15,40,NA,NA,19,1,17.5,41.5,6,NA,NA,NA,NA,NA,NA
2020-2021,Villanova,Big East,17,Kathleen Johnson,So,MH,5-11,4,3,15,3,31,16,82,0.183,NA,NA,2,8,NA,NA,3,NA,3,32.5,1,NA,NA,NA,NA,NA,NA
2020-2021,Xavier,Big East,3,MaryAnn O'Toole,So,OH,6-0,14,12,59,8,110,46,372,0.172,18,7,6,188,14,3,6,NA,7,123,1,NA,NA,NA,NA,NA,NA
2020-2021,Xavier,Big East,6,Carrigan O'Reilly,So,S,5-11,14,14,59,9,69,21,228,0.211,631,7,12,146,NA,4,25,NA,24,92.5,6,1,NA,NA,NA,NA,NA
2020-2021,Xavier,Big East,7,Alyssa Overbeck,So,L,5-5,59,NA,59,NA,0,0,4,0,33,12,10,267,16,NA,NA,NA,NA,12,NA,NA,NA,NA,NA,NA,NA
2020-2021,Xavier,Big East,16,Hayley Heitmeyer,So,MB,6-3,1,NA,1,NA,0,1,1,-1,NA,NA,NA,NA,NA,NA,1,NA,1,0.5,NA,NA,NA,NA,NA,NA,NA
2020-2021,Eastern Wash.,Big Sky,5,Renata Lopez Morales,So,OH,6-1,18,17,68,NA,83,32,249,0.205,3,7,6,41,3,10,33,10,36.5,116.5,NA,NA,NA,NA,NA,NA,NA
2020-2021,Eastern Wash.,Big Sky,10,Maya McClellan,So,OH,5-10,18,8,69,NA,170,90,514,0.156,2,1,5,43,5,2,17,5,15.5,181.5,NA,NA,NA,NA,NA,NA,NA
2020-2021,Eastern Wash.,Big Sky,13,Leah McAdams,So,RS,6-1,5,NA,5,NA,2,3,9,-0.111,NA,NA,NA,1,NA,1,1,1,2.5,3.5,NA,NA,NA,NA,NA,NA,NA
2020-2021,Eastern Wash.,Big Sky,14,Sophia Spoja,So,OH,6-0,1,1,4,NA,2,5,10,-0.3,3,1,3,1,2,NA,2,NA,1,4,NA,NA,NA,NA,NA,NA,NA
2020-2021,Eastern Wash.,Big Sky,22,Ehu Keala,So,RS,6-3,17,14,60,NA,90,49,355,0.115,2,2,9,87,15,6,20,8,24,108,NA,NA,NA,NA,NA,NA,NA
2020-2021,Idaho,Big Sky,5,Hailey Pelton,So,S,6-0,5,2,13,NA,3,1,9,0.222,47,NA,NA,13,NA,NA,4,NA,2,5,3,NA,NA,NA,NA,NA,NA
2020-2021,Idaho,Big Sky,10,Allison Munday,So,OH,6-0,17,16,72,NA,151,65,461,0.187,2,3,7,83,4,6,57,2,36.5,188.5,NA,NA,NA,NA,NA,NA,NA
2020-2021,Idaho,Big Sky,12,Alaina Lacey,So,L,5-7,17,1,71,NA,1,1,18,0,33,18,16,253,20,NA,NA,NA,NA,19,2,NA,NA,NA,NA,NA,NA
2020-2021,Idaho St.,Big Sky,2,Andri Dewey,So,S,5-4,18,17,71,NA,30,9,128,0.164,531,31,48,145,NA,4,24,NA,16,77,9,NA,NA,NA,NA,NA,NA
2020-2021,Idaho St.,Big Sky,4,Danielle Devlin,So,OPP,6-0,18,4,65,NA,54,20,144,0.236,4,11,10,50,1,1,9,NA,5.5,70.5,NA,NA,NA,NA,NA,NA,NA
2020-2021,Montana,Big Sky,7,Isabelle Garrido,So,L/DS,5-3,8,3,31,NA,1,0,4,0.25,2,1,2,51,7,NA,NA,NA,NA,2,NA,NA,NA,NA,NA,NA,NA
2020-2021,Montana,Big Sky,8,Elsa Godwin,So,OH,5-10,16,13,66,NA,50,49,208,0.005,10,18,13,157,15,NA,17,2,10.5,76.5,2,NA,NA,NA,NA,NA,NA
2020-2021,Montana,Big Sky,9,Amethyst Harper,So,OH,5-10,16,16,66,NA,172,93,561,0.141,13,8,25,189,26,8,24,3,23,200,1,NA,NA,NA,NA,NA,NA
2020-2021,Montana,Big Sky,15,Kelly Horning,So,MB,6-1,1,NA,1,NA,0,2,2,-1,NA,NA,NA,NA,NA,NA,NA,NA,NA,NA,NA,NA,NA,NA,NA,NA,NA
2020-2021,Montana,Big Sky,16,Catie Semadeni,So,OH,6-1,10,2,26,NA,22,21,94,0.011,1,NA,NA,11,1,NA,9,1,5.5,26.5,NA,NA,NA,NA,NA,NA,NA
2020-2021,Montana,Big Sky,21,Kelsey Nestegard,So,DS,5-9,22,NA,22,NA,0,0,0,NA,NA,3,4,2,NA,NA,NA,NA,NA,3,NA,NA,NA,NA,NA,NA,NA
2020-2021,Montana St.,Big Sky,6,Kira Thomsen,So,OH,5-10,15,15,61,NA,215,95,564,0.213,8,21,16,180,20,NA,19,2,11.5,245.5,NA,NA,NA,NA,NA,NA,NA
2020-2021,Montana St.,Big Sky,12,Emma Pence,So,MB,6-2,15,10,61,NA,109,28,257,0.315,7,NA,NA,10,NA,7,76,4,49,154,1,NA,NA,NA,NA,NA,NA
2020-2021,Montana St.,Big Sky,15,Kaycee O'Dell,So,MB,6-2,2,2,6,NA,13,3,24,0.417,1,NA,NA,1,NA,1,10,NA,6,19,NA,NA,NA,NA,NA,NA,NA
2020-2021,Northern Ariz.,Big Sky,4,Taylor Jacobsen,So,OH,6-1,16,16,61,NA,240,78,628,0.258,14,13,31,179,22,5,22,6,22,269,1,NA,NA,NA,NA,NA,NA
2020-2021,Northern Ariz.,Big Sky,5,Jasmine West,So,DS,5-7,3,NA,3,NA,0,1,1,-1,NA,NA,NA,1,NA,NA,NA,NA,NA,NA,NA,NA,NA,NA,NA,NA,NA
2020-2021,Northern Ariz.,Big Sky,10,Neche Newton,So,MB,5-11,14,14,54,NA,43,12,105,0.295,1,2,9,10,NA,6,35,10,33.5,68.5,NA,NA,NA,NA,NA,NA,NA
2020-2021,Northern Colo.,Big Sky,8,Michaela Boon,So,DS,5-6,13,1,48,NA,0,0,3,0,5,18,13,84,6,NA,NA,NA,NA,18,NA,NA,NA,NA,NA,NA,NA
2020-2021,Northern Colo.,Big Sky,13,Makenzie Harris,So,OH,6-0,22,NA,22,NA,33,13,75,0.267,NA,NA,1,8,NA,2,2,NA,3,36,NA,NA,NA,NA,NA,NA,NA
2020-2021,Northern Colo.,Big Sky,14,Cece Huhn,So,MB,6-2,18,18,60,NA,79,38,186,0.22,2,NA,NA,8,1,4,54,5,36,110,1,NA,NA,NA,NA,NA,NA
2020-2021,Portland St.,Big Sky,2,Kylie Komo,So,DS,5-5,7,NA,7,NA,0,0,0,NA,1,NA,2,3,1,NA,NA,NA,NA,NA,NA,NA,NA,NA,NA,NA,NA
2020-2021,Portland St.,Big Sky,6,Jasmine Powell,So,OH,5-10,12,8,42,NA,104,52,314,0.166,7,6,11,97,10,2,10,1,8,117,1,NA,NA,NA,NA,NA,NA
2020-2021,Portland St.,Big Sky,11,Ellie Snook,So,L,5-7,75,NA,75,NA,1,3,13,-0.154,89,18,15,380,31,NA,NA,NA,NA,19,4,NA,NA,NA,NA,NA,NA
2020-2021,Portland St.,Big Sky,12,Julia Haynie,So,MB,6-2,18,18,71,NA,95,36,226,0.261,5,8,7,24,1,5,42,2,28,129,1,NA,NA,NA,NA,NA,NA
2020-2021,Portland St.,Big Sky,24,Sophia Tuliau,So,OH,6-0,10,1,17,NA,4,1,6,0.5,NA,7,6,4,NA,NA,3,NA,1.5,12.5,NA,NA,NA,NA,NA,NA,NA
2020-2021,Sacramento St.,Big Sky,1,McKenna Smith,So,S,5-9,15,3,53,NA,5,2,27,0.111,218,13,15,73,NA,NA,NA,NA,NA,18,2,NA,NA,NA,NA,NA,NA
2020-2021,Sacramento St.,Big Sky,7,Caty Cordano,So,DS,5-3,63,NA,63,NA,0,2,10,-0.2,53,13,22,325,23,NA,1,NA,0.5,13.5,2,NA,NA,NA,NA,NA,NA
2020-2021,Sacramento St.,Big Sky,17,Tiyanane Kamba-Griffin,So,MB,5-11,17,NA,17,NA,11,8,37,0.081,1,NA,NA,6,NA,NA,9,1,5.5,15.5,NA,NA,NA,NA,NA,NA,NA
2020-2021,Southern Utah,Big Sky,4,Raegen Beeson,So,MH,6-3,16,13,51,NA,81,30,199,0.256,NA,NA,2,8,2,4,30,5,24,100,NA,NA,NA,NA,NA,NA,NA
2020-2021,Southern Utah,Big Sky,15,Ronnie Robinson,So,OH,5-11,17,1,60,NA,0,2,5,-0.4,5,1,2,70,16,NA,NA,1,1,1,NA,NA,NA,NA,NA,NA,NA
2020-2021,Southern Utah,Big Sky,17,Sarah Gasper,So,L/DS,5-9,17,1,62,NA,0,1,10,-0.1,43,15,14,195,14,NA,NA,NA,NA,15,1,NA,NA,NA,NA,NA,NA
2020-2021,Weber St.,Big Sky,9,Emma Mangum,So,MB,6-4,17,14,58,NA,98,42,287,0.195,1,1,3,18,NA,2,43,9,32.5,122.5,NA,NA,NA,NA,NA,NA,NA
2020-2021,Weber St.,Big Sky,12,Dani Richins,So,OH,5-10,21,21,78,NA,289,115,817,0.213,19,38,27,260,17,4,19,5,18.5,340.5,1,NA,NA,NA,NA,NA,NA
2020-2021,Campbell,Big South,2,Emily Mitter,So,S,5-9,16,4,52,4,1,2,22,-0.045,246,8,13,110,2,NA,NA,NA,NA,9,3,NA,NA,NA,NA,NA,NA
2020-2021,Campbell,Big South,4,Kate Menz,So,OH,5-11,14,9,43,3,35,16,144,0.132,1,NA,NA,19,2,1,20,1,19,46,NA,NA,NA,NA,NA,NA,NA
2020-2021,Campbell,Big South,8,Elyse Gross,So,DS,5-6,50,NA,50,NA,0,1,4,-0.25,31,2,NA,98,13,NA,NA,NA,NA,2,1,NA,NA,NA,NA,NA,NA
2020-2021,Campbell,Big South,10,Melody Paige,So,MB,6-0,16,15,51,9,101,25,210,0.362,7,NA,NA,9,NA,6,40,1,40.5,127,NA,NA,NA,NA,NA,NA,NA
2020-2021,Campbell,Big South,13,Ananda Patterson,So,MB,5-11,11,3,23,3,30,10,70,0.286,3,1,1,9,NA,2,21,2,20.5,43.5,NA,NA,NA,NA,NA,NA,NA
2020-2021,Campbell,Big South,17,Lailah Green,So,OH,5-10,16,16,52,10,188,99,496,0.179,8,15,22,141,19,NA,20,NA,17,213,NA,NA,NA,NA,NA,NA,NA
2020-2021,Charleston So.,Big South,10,Elle McFatrich,So,L/DS,5-6,12,4,47,2,0,1,2,-0.5,19,7,8,112,23,NA,NA,NA,NA,7,2,NA,NA,NA,NA,NA,NA
2020-2021,Charleston So.,Big South,12,Rachel Feggeler,So,OH,6-0,2,2,8,NA,17,18,52,-0.019,NA,NA,1,4,NA,NA,2,NA,1,18,NA,NA,NA,NA,NA,NA,NA
2020-2021,Charleston So.,Big South,15,Emma Minnick,So,S,5-9,12,12,45,7,20,3,51,0.333,462,8,11,106,NA,NA,16,NA,14.5,36,5,NA,NA,NA,NA,NA,NA
2020-2021,Charleston So.,Big South,18,Peyton Thompson,So,OH,6-2,14,13,53,6,176,80,544,0.176,4,16,27,111,1,5,25,2,26.5,209.5,NA,NA,NA,NA,NA,NA,NA
2020-2021,Charleston So.,Big South,19,Gabrielle Naniseni,So,OH,5-10,14,4,53,1,74,54,225,0.089,3,NA,3,34,16,3,12,NA,11.5,83,NA,NA,NA,NA,NA,NA,NA
2020-2021,Charleston So.,Big South,21,Paige Reagor,So,MB,6-5,11,11,39,7,133,43,269,0.335,2,1,6,7,NA,7,35,2,40,158.5,NA,NA,NA,NA,NA,NA,NA
2020-2021,Gardner-Webb,Big South,3,Sophia Bolden,So,S,5-8,47,NA,47,NA,1,4,21,-0.143,27,10,8,184,13,NA,NA,NA,NA,11,1,NA,NA,NA,NA,NA,NA
2020-2021,Gardner-Webb,Big South,18,Delaney McCullough,So,MB,6-0,16,13,57,2,50,33,192,0.089,NA,NA,3,16,NA,13,41,3,38,83.5,NA,NA,NA,NA,NA,NA,NA
2020-2021,High Point,Big South,2,Sopheea Mink,So,OH,6-1,13,6,31,NA,37,14,96,0.24,1,NA,NA,20,NA,NA,14,NA,7,44,NA,NA,NA,NA,NA,NA,NA
2020-2021,High Point,Big South,6,Maggie Salley,So,OH,6-1,14,5,50,1,85,37,211,0.227,2,NA,2,32,NA,1,26,1,17.5,99,1,NA,NA,NA,NA,NA,NA
2020-2021,High Point,Big South,7,Maria Miggins,So,S,6-0,18,17,63,2,65,15,178,0.281,375,13,33,125,NA,NA,26,NA,15,91,5,NA,NA,NA,NA,NA,NA
2020-2021,High Point,Big South,13,Kaley Rammelsberg,So,MB,6-1,18,13,63,2,147,23,279,0.444,1,1,5,11,1,8,47,4,39,179.5,NA,NA,NA,NA,NA,NA,NA
2020-2021,High Point,Big South,16,Megan Kratzer,So,OH,6-2,13,1,25,1,29,17,86,0.14,1,1,4,20,3,NA,2,NA,1.5,31,NA,NA,NA,NA,NA,NA,NA
2020-2021,High Point,Big South,17,Annie Sullivan,So,OH,6-1,18,10,62,2,195,42,508,0.301,1,NA,NA,31,6,2,24,NA,14.5,209,NA,NA,NA,NA,NA,NA,NA
2020-2021,High Point,Big South,18,Sarah Malone,So,DS,5-7,36,NA,36,NA,1,0,3,0.333,NA,8,13,27,2,NA,NA,NA,NA,9,NA,NA,NA,NA,NA,NA,NA
2020-2021,High Point,Big South,20,Macy Miller,So,DS,5-7,18,12,62,NA,0,0,0,NA,5,17,15,166,9,NA,NA,NA,NA,17,NA,NA,NA,NA,NA,NA,NA
2020-2021,Presbyterian,Big South,5,Samantha Stanko,So,L/DS,5-8,16,6,60,2,0,6,15,-0.4,5,12,15,142,20,NA,NA,NA,NA,12,NA,NA,NA,NA,NA,NA,NA
2020-2021,Presbyterian,Big South,6,Paige Cairns,So,RS,5-10,16,8,58,1,100,63,361,0.102,NA,NA,NA,23,19,2,17,3,15,110.5,NA,NA,NA,NA,NA,NA,NA
2020-2021,Presbyterian,Big South,19,Cydni Miller,So,OH,5-10,29,NA,29,NA,36,35,138,0.007,NA,NA,NA,21,8,NA,7,1,5,39.5,NA,NA,NA,NA,NA,NA,NA
2020-2021,Radford,Big South,3,Morgan Lawson,So,OH,5-8,14,5,28,1,54,28,179,0.145,1,2,3,26,6,NA,12,1,7,62,NA,NA,NA,NA,NA,NA,NA
2020-2021,Radford,Big South,8,Hailey Flowers,So,OH,6-0,15,12,46,1,106,59,335,0.14,2,6,14,86,10,NA,11,2,7,117.5,NA,NA,NA,NA,NA,NA,NA
2020-2021,Radford,Big South,25,Daria Burrows,So,OH,5-10,9,3,20,2,26,23,95,0.032,NA,NA,NA,9,NA,NA,6,1,5.5,29,NA,NA,NA,NA,NA,NA,NA
2020-2021,UNC Asheville,Big South,3,Harley Middleton,So,OH,-,6,1,13,NA,9,3,36,0.167,NA,NA,NA,6,1,NA,5,NA,2.5,11.5,NA,NA,NA,NA,NA,NA,NA
2020-2021,UNC Asheville,Big South,9,Lexy Cole,So,MB,6-0,16,16,59,1,107,43,268,0.239,2,NA,NA,9,1,6,45,15,42.5,135.5,NA,NA,NA,NA,NA,NA,NA
2020-2021,UNC Asheville,Big South,19,Grace Squires,So,DS,5-6,1,NA,1,NA,0,0,0,NA,NA,NA,NA,NA,1,NA,NA,NA,NA,NA,NA,NA,NA,NA,NA,NA,NA
2020-2021,USC Upstate,Big South,3,Scout Hoffmeier,So,L/DS,5-7,42,NA,42,NA,2,1,13,0.077,15,14,11,106,14,NA,NA,NA,NA,16,NA,NA,NA,NA,NA,NA,NA
2020-2021,USC Upstate,Big South,6,Courtney Coffy,So,RS,6-1,12,NA,12,NA,8,14,36,-0.167,NA,NA,NA,3,NA,NA,5,NA,3.5,10.5,NA,NA,NA,NA,NA,NA,NA
2020-2021,USC Upstate,Big South,20,Briana Strobert,So,RS,5-11,14,14,46,4,91,39,265,0.196,1,NA,NA,24,NA,2,36,7,29,111,NA,NA,NA,NA,NA,NA,NA
2020-2021,Winthrop,Big South,11,Atley Livingston,So,DS,5-3,6,NA,6,NA,1,0,2,0.5,NA,NA,3,7,1,NA,NA,NA,NA,1,NA,NA,NA,NA,NA,NA,NA
2020-2021,Winthrop,Big South,13,Leah Metzger,So,DS,5-7,54,NA,54,NA,1,1,4,0,28,13,23,251,12,NA,NA,NA,NA,14,1,NA,NA,NA,NA,NA,NA
2020-2021,Illinois,Big Ten,1,Kennedy Collins,So,MB,6-3,18,18,71,NA,128,49,298,0.265,3,NA,3,18,1,5,52,7,38,159,1,NA,NA,NA,NA,NA,NA
2020-2021,Illinois,Big Ten,2,Rylee Hinton,So,MB,6-2,16,16,61,NA,80,29,194,0.263,NA,4,13,7,NA,7,68,8,49,125,NA,NA,NA,NA,NA,NA,NA
2020-2021,Illinois,Big Ten,5,Diana Brown,So,S,6-0,18,18,71,NA,17,12,56,0.089,542,11,15,190,NA,3,26,2,18,44,1,NA,NA,NA,NA,NA,NA
2020-2021,Illinois,Big Ten,6,Kyla Swanson,So,MB,6-4,7,4,21,NA,20,9,64,0.172,1,NA,NA,6,NA,NA,16,1,9,28,1,NA,NA,NA,NA,NA,NA
2020-2021,Illinois,Big Ten,9,Bruna Vrankovic,So,OH,6-2,14,8,55,NA,127,73,384,0.141,2,6,3,42,3,3,16,6,17,144,3,NA,NA,NA,NA,NA,NA
2020-2021,Illinois,Big Ten,18,Alyssa Eske,So,DS,5-5,16,5,47,NA,0,1,6,-0.167,2,2,15,69,11,NA,NA,NA,NA,2,NA,NA,NA,NA,NA,NA,NA
2020-2021,Indiana,Big Ten,13,Sophie Oliphant,So,DS,5-10,39,NA,39,NA,0,0,1,0,NA,9,11,8,1,NA,NA,NA,NA,9,NA,NA,NA,NA,NA,NA,NA
2020-2021,Indiana,Big Ten,14,Haley Armstrong,So,L/DS,5-7,65,NA,65,NA,0,0,3,0,53,14,16,209,19,NA,NA,NA,NA,14,NA,NA,NA,NA,NA,NA,NA
2020-2021,Indiana,Big Ten,19,Ashley Zulauf,So,OH,6-0,15,5,52,NA,3,6,25,-0.12,3,6,5,71,4,NA,1,NA,0.5,9.5,NA,NA,NA,NA,NA,NA,NA
2020-2021,Indiana,Big Ten,21,Emily Fitzner,So,S,6-0,18,8,65,NA,3,8,23,-0.217,190,9,12,59,1,NA,6,1,4,15,2,NA,NA,NA,NA,NA,NA
2020-2021,Iowa,Big Ten,1,Joslyn Boyer,So,DS,5-6,74,NA,74,NA,1,0,8,0.125,47,11,14,279,22,NA,NA,NA,NA,12,2,NA,NA,NA,NA,NA,NA
2020-2021,Iowa,Big Ten,8,Kyndra Hansen,So,OH,6-2,4,2,17,NA,17,12,85,0.059,1,1,1,20,6,NA,10,NA,5,23,1,NA,NA,NA,NA,NA,NA
2020-2021,Iowa,Big Ten,11,Blythe Rients,So,MB,6-2,20,12,74,NA,107,57,259,0.193,7,8,19,34,NA,2,46,6,31,140,1,NA,NA,NA,NA,NA,NA
2020-2021,Iowa,Big Ten,14,Emma Grunkemeyer,So,MB,6-3,7,NA,7,NA,1,3,13,-0.154,NA,NA,NA,3,NA,NA,1,NA,0.5,1.5,NA,NA,NA,NA,NA,NA,NA
2020-2021,Iowa,Big Ten,16,Grace Tubbs,So,MB,6-4,2,NA,2,NA,1,2,3,-0.333,NA,NA,NA,NA,NA,NA,1,NA,0.5,1.5,NA,NA,NA,NA,NA,NA,NA
2020-2021,Iowa,Big Ten,20,Edina Schmidt,So,OH,6-0,20,12,74,NA,183,105,587,0.133,4,10,19,79,22,1,34,2,20,211,NA,NA,NA,NA,NA,NA,NA
2020-2021,Maryland,Big Ten,5,Lexy Finnerty,So,DS,5-7,19,1,70,NA,1,0,1,1,8,8,6,38,3,NA,NA,NA,NA,9,NA,NA,NA,NA,NA,NA,NA
2020-2021,Maryland,Big Ten,11,Rebekah Rath,So,OH,6-0,11,6,41,NA,78,42,283,0.127,3,11,21,30,24,1,13,NA,7.5,96.5,NA,NA,NA,NA,NA,NA,NA
2020-2021,Maryland,Big Ten,14,Cara Lewis,So,MB,6-1,20,20,82,NA,45,22,142,0.162,1,NA,NA,5,2,9,117,4,71.5,112.5,NA,NA,NA,NA,NA,NA,NA
2020-2021,Michigan,Big Ten,6,Maddie Dowd,So,S,5-9,7,3,25,NA,4,1,16,0.188,151,1,8,32,NA,NA,2,2,3,6,3,NA,NA,NA,NA,NA,NA
2020-2021,Michigan,Big Ten,10,Amber Beals,So,L/DS,5-2,27,NA,27,NA,0,0,0,NA,1,NA,1,33,10,NA,NA,NA,NA,NA,NA,NA,NA,NA,NA,NA,NA
2020-2021,Michigan,Big Ten,14,Jess Robinson,So,MB,6-2,13,13,51,NA,94,28,211,0.313,1,NA,1,5,2,3,27,9,25.5,110.5,NA,NA,NA,NA,NA,NA,NA
2020-2021,Michigan,Big Ten,18,May Pertofsky,So,MB,6-1,12,9,45,NA,112,30,257,0.319,3,14,29,29,1,NA,21,1,11.5,136.5,1,NA,NA,NA,NA,NA,NA
2020-2021,Michigan St.,Big Ten,1,Talia Edmonds,So,L/DS,5-7,12,3,37,NA,0,0,3,0,6,5,9,43,11,NA,NA,NA,NA,5,NA,NA,NA,NA,NA,NA,NA
2020-2021,Michigan St.,Big Ten,6,Biamba Kabengele,So,OH,6-0,29,NA,29,NA,62,33,185,0.157,NA,5,16,17,2,NA,9,2,6.5,71.5,NA,NA,NA,NA,NA,NA,NA
2020-2021,Michigan St.,Big Ten,9,Emma Monks,So,MB,6-4,7,3,16,NA,24,12,69,0.174,3,3,6,2,NA,3,9,4,11.5,34.5,NA,NA,NA,NA,NA,NA,NA
2020-2021,Minnesota,Big Ten,6,Rachel Kilkelly,So,DS,5-9,19,11,71,NA,0,0,11,0,41,20,10,175,16,NA,NA,NA,NA,20,2,NA,NA,NA,NA,NA,NA
2020-2021,Minnesota,Big Ten,9,Shea Rubright,So,MB,6-3,13,12,47,NA,36,13,84,0.274,2,NA,NA,5,1,3,48,2,29,63,NA,NA,NA,NA,NA,NA,NA
2020-2021,Minnesota,Big Ten,16,Ellie Husemann,So,MB,6-3,5,NA,5,NA,1,1,2,0,NA,NA,NA,NA,NA,NA,2,1,2,2,NA,NA,NA,NA,NA,NA,NA
2020-2021,Minnesota,Big Ten,23,Katie Myers,So,MB,6-2,8,5,17,NA,13,6,37,0.189,2,NA,NA,7,NA,2,22,NA,13,26,NA,NA,NA,NA,NA,NA,NA
2020-2021,Nebraska,Big Ten,2,Kenzie Knuckles,So,L/DS,5-8,66,NA,66,NA,0,0,16,0,62,17,9,232,22,NA,NA,NA,NA,17,2,NA,NA,NA,NA,NA,NA
2020-2021,Nebraska,Big Ten,10,Madi Kubik,So,OH,6-3,19,19,66,NA,188,74,518,0.22,9,13,20,157,10,1,24,4,17,214,NA,NA,NA,NA,NA,NA,NA
2020-2021,Nebraska,Big Ten,16,Riley Zuhn,So,MB,6-5,13,4,44,NA,60,37,187,0.123,1,NA,NA,9,NA,1,26,3,17,74,NA,NA,NA,NA,NA,NA,NA
2020-2021,Northwestern,Big Ten,12,Temi Thomas-Ailara,So,OH,6-2,10,10,40,NA,154,66,365,0.241,8,9,23,76,9,4,19,NA,13.5,176.5,1,NA,NA,NA,NA,NA,NA
2020-2021,Northwestern,Big Ten,14,Charlotte Cronister,So,L,5-7,7,3,27,NA,0,1,2,-0.5,7,4,4,37,3,NA,NA,NA,NA,4,NA,NA,NA,NA,NA,NA,NA
2020-2021,Northwestern,Big Ten,21,Desiree Becker,So,MB,6-2,6,6,23,NA,34,11,76,0.303,2,1,12,14,1,3,15,NA,10.5,45.5,NA,NA,NA,NA,NA,NA,NA
2020-2021,Northwestern,Big Ten,23,Megan Miller,So,L/DS,5-6,40,NA,40,NA,1,1,6,0,29,11,9,118,7,NA,NA,NA,NA,12,NA,NA,NA,NA,NA,NA,NA
2020-2021,Ohio St.,Big Ten,6,Kylie Murr,So,L/DS,5-6,81,NA,81,NA,3,0,10,0.3,84,8,12,342,20,NA,NA,NA,NA,11,NA,NA,NA,NA,NA,NA,NA
2020-2021,Ohio St.,Big Ten,8,Gabby Gonzales,So,OH,6-3,18,15,71,NA,150,85,511,0.127,23,19,23,174,20,4,14,1,12,180,NA,NA,NA,NA,NA,NA,NA
2020-2021,Ohio St.,Big Ten,10,Mac Podraza,So,S,6-2,20,20,81,NA,72,17,172,0.32,883,23,42,163,NA,1,43,NA,22.5,117.5,13,NA,NA,NA,NA,NA,NA
2020-2021,Ohio St.,Big Ten,18,Jenaisya Moore,So,OH,6-0,9,6,32,NA,89,46,260,0.165,11,11,15,62,11,NA,9,5,9.5,104.5,1,NA,NA,NA,NA,NA,NA
2020-2021,Penn St.,Big Ten,1,Lauren Clark,So,OH,6-0,9,NA,9,NA,5,3,18,0.111,NA,3,NA,2,NA,NA,NA,NA,NA,8,NA,NA,NA,NA,NA,NA,NA
2020-2021,Penn St.,Big Ten,17,Molly Russell,So,DS,5-10,3,NA,3,NA,0,0,0,NA,NA,1,NA,2,NA,NA,NA,NA,NA,1,NA,NA,NA,NA,NA,NA,NA
2020-2021,Penn St.,Big Ten,19,Emily Oerther,So,S,5-10,12,2,22,NA,6,0,15,0.4,98,4,3,22,1,NA,3,NA,1.5,11.5,1,NA,NA,NA,NA,NA,NA
2020-2021,Penn St.,Big Ten,21,Macall Peed,So,DS,5-7,32,NA,32,NA,0,0,1,0,4,1,4,36,3,NA,NA,NA,NA,1,NA,NA,NA,NA,NA,NA,NA
2020-2021,Purdue,Big Ten,1,Ava Torrance,So,DS,5-2,7,NA,7,NA,0,0,0,NA,NA,NA,3,3,NA,NA,NA,NA,NA,NA,NA,NA,NA,NA,NA,NA,NA
2020-2021,Purdue,Big Ten,3,Megan Renner,So,S,6-2,6,NA,6,NA,1,0,1,1,2,NA,NA,1,NA,NA,NA,NA,NA,1,2,NA,NA,NA,NA,NA,NA
2020-2021,Purdue,Big Ten,5,Maddy Chinn,So,OH,6-3,19,2,51,NA,90,35,258,0.213,2,NA,NA,22,1,3,25,1,16.5,105.5,NA,NA,NA,NA,NA,NA,NA
2020-2021,Purdue,Big Ten,8,Maddie Schermerhorn,So,DS,5-10,84,NA,84,NA,2,1,6,0.167,17,1,6,119,12,NA,NA,NA,NA,3,1,NA,NA,NA,NA,NA,NA
2020-2021,Purdue,Big Ten,12,Emma Ellis,So,OH,6-2,35,NA,35,NA,65,28,161,0.23,NA,NA,NA,13,NA,2,15,2,11.5,74.5,NA,NA,NA,NA,NA,NA,NA
2020-2021,Purdue,Big Ten,16,Madeline Koch,So,OH,6-2,14,2,28,NA,30,18,101,0.119,1,NA,NA,7,NA,3,9,2,9.5,37.5,1,NA,NA,NA,NA,NA,NA
2020-2021,Wisconsin,Big Ten,3,Anna MacDonald,So,DS,5-8,9,NA,9,NA,0,0,0,NA,1,NA,1,7,NA,NA,NA,NA,NA,NA,NA,NA,NA,NA,NA,NA,NA
2020-2021,Wisconsin,Big Ten,11,Izzy Ashburn,So,S,5-11,17,1,54,NA,0,1,2,-0.5,10,22,32,27,NA,NA,NA,NA,NA,22,NA,NA,NA,NA,NA,NA,NA
2020-2021,Wisconsin,Big Ten,13,Julia Wohlert,So,MB,6-7,1,NA,1,NA,0,1,3,-0.333,NA,NA,NA,NA,NA,NA,1,NA,0.5,0.5,NA,NA,NA,NA,NA,NA,NA
2020-2021,Col. of Charleston,CAA,7,Gabi Bailey,So,OH,6-1,9,5,30,3,43,33,188,0.053,2,6,16,45,10,2,11,NA,11,56.5,NA,NA,NA,NA,NA,NA,NA
2020-2021,Col. of Charleston,CAA,10,Lexi Wierzbicki,So,OH,6-0,10,6,36,1,107,60,326,0.144,1,3,3,20,3,2,20,1,15.5,122,1,NA,NA,NA,NA,NA,NA
2020-2021,Col. of Charleston,CAA,11,Tori Carpenter,So,S,5-11,11,6,43,3,2,0,10,0.2,185,8,3,90,NA,NA,1,1,2,10.5,3,NA,NA,NA,NA,NA,NA
2020-2021,Col. of Charleston,CAA,13,Logan Pope,So,RS,6-3,10,6,37,2,82,34,237,0.203,NA,NA,NA,21,NA,NA,26,NA,19.5,95,NA,NA,NA,NA,NA,NA,NA
2020-2021,Col. of Charleston,CAA,14,Emma Falk,So,MB,6-4,11,11,43,5,51,24,140,0.193,1,4,12,17,NA,8,63,3,57,94.5,NA,NA,NA,NA,NA,NA,NA
2020-2021,Col. of Charleston,CAA,21,Caroline Pender,So,DS,5-8,9,1,28,1,0,0,1,0,3,2,9,33,4,NA,NA,NA,NA,2,NA,NA,NA,NA,NA,NA,NA
2020-2021,Col. of Charleston,CAA,26,Cat Schmid,So,DS,5-7,1,NA,1,NA,0,0,0,NA,NA,NA,1,NA,NA,NA,NA,NA,NA,NA,NA,NA,NA,NA,NA,NA,NA
2020-2021,Delaware,CAA,4,Eileen Gex,So,L/DS,5-3,5,NA,5,NA,0,0,0,NA,1,NA,1,4,2,NA,NA,NA,NA,NA,NA,NA,NA,NA,NA,NA,NA
2020-2021,Delaware,CAA,13,Ezgi Basaranlar,So,S,5-11,9,9,32,5,17,5,48,0.25,194,6,12,43,NA,NA,12,NA,8.5,29,1,NA,NA,NA,NA,NA,NA
2020-2021,Delaware,CAA,15,Lauryn Richardson,So,OH,5-10,10,2,37,1,83,36,205,0.229,2,NA,NA,14,NA,NA,26,2,22,96,2,NA,NA,NA,NA,NA,NA
2020-2021,Delaware,CAA,24,Adelina Rivera,So,MB,6-0,6,5,20,3,55,22,131,0.252,1,NA,NA,2,NA,1,21,1,17.5,66.5,NA,NA,NA,NA,NA,NA,NA
2020-2021,Elon,CAA,6,Alex VanWestrienen,So,L/DS,5-8,39,NA,39,NA,0,0,3,0,10,17,14,96,10,NA,NA,NA,NA,17,NA,NA,NA,NA,NA,NA,NA
2020-2021,Elon,CAA,13,Jenn Krzeminski,So,MB,6-3,10,10,40,3,46,20,126,0.206,1,2,1,13,NA,5,27,2,21,66.5,NA,NA,NA,NA,NA,NA,NA
2020-2021,Elon,CAA,18,Jordan Gower,So,L/DS,5-4,40,NA,40,NA,0,0,3,0,41,9,9,203,11,NA,NA,NA,NA,9,NA,NA,NA,NA,NA,NA,NA
2020-2021,Elon,CAA,19,Claire Richey,So,MB,6-1,4,1,11,1,5,2,19,0.158,NA,NA,NA,NA,NA,NA,12,1,11,11,NA,NA,NA,NA,NA,NA,NA
2020-2021,Hofstra,CAA,5,Madeline Matheny,So,OH,6-0,5,4,15,NA,37,13,81,0.296,3,5,8,34,8,NA,2,NA,1,43,NA,NA,NA,NA,NA,NA,NA
2020-2021,Hofstra,CAA,11,Sarianna Anglero,So,L/DS,5-5,15,NA,15,NA,0,0,0,NA,NA,2,3,22,1,NA,NA,NA,NA,2,NA,NA,NA,NA,NA,NA,NA
2020-2021,Hofstra,CAA,13,Athina Dimitriadis,So,MB,6-5,7,5,22,1,46,18,107,0.262,1,1,6,17,NA,NA,9,2,6,51.5,1,NA,NA,NA,NA,NA,NA
2020-2021,Hofstra,CAA,17,Kat Verastegui,So,L/DS,5-6,3,NA,3,NA,0,0,0,NA,NA,NA,NA,7,1,NA,NA,NA,NA,NA,NA,NA,NA,NA,NA,NA,NA
2020-2021,Hofstra,CAA,18,Sarah Pierre,So,MB,6-2,3,3,9,NA,12,5,31,0.226,1,NA,NA,3,1,1,9,1,6.5,17.5,NA,NA,NA,NA,NA,NA,NA
2020-2021,Hofstra,CAA,19,Zyare Abdul-Rahim,So,OH,6-2,5,5,18,NA,38,17,115,0.183,6,NA,NA,10,NA,NA,10,NA,5,43,NA,NA,NA,NA,NA,NA,NA
2020-2021,James Madison,CAA,2,Chloe Wilmoth,So,OH,6-1,8,6,28,1,64,32,189,0.169,NA,NA,NA,11,3,2,10,2,8,71,1,NA,NA,NA,NA,NA,NA
2020-2021,James Madison,CAA,4,Caroline Dozier,So,S,6-0,10,10,39,1,14,4,58,0.172,357,9,5,85,NA,4,14,3,15,34,8,NA,NA,NA,NA,NA,NA
2020-2021,James Madison,CAA,6,Danielle Nathan,So,OH,6-0,1,1,4,NA,10,2,19,0.421,NA,NA,NA,1,1,1,NA,NA,1,11,NA,NA,NA,NA,NA,NA,NA
2020-2021,James Madison,CAA,11,Cameryn Jones,So,RS,5-11,19,NA,19,NA,10,6,37,0.108,NA,NA,NA,NA,NA,NA,8,NA,6,14,NA,NA,NA,NA,NA,NA,NA
2020-2021,James Madison,CAA,15,Sophie Davis,So,MH,6-1,10,10,39,1,97,27,238,0.294,3,1,9,7,NA,15,41,3,39.5,133.5,NA,NA,NA,NA,NA,NA,NA
2020-2021,Northeastern,CAA,1,Anya Korbut,So,MB,6-3,1,NA,1,NA,0,0,0,NA,NA,NA,NA,NA,NA,NA,NA,NA,NA,NA,NA,NA,NA,NA,NA,NA,NA
2020-2021,Northeastern,CAA,3,Kayla Martin,So,DS,5-9,11,0,40,NA,0,0,8,0,43,11,16,179,9,NA,NA,NA,NA,11,2,NA,NA,NA,NA,NA,NA
2020-2021,Northeastern,CAA,4,Liz Carroll,So,S,6-2,8,1,19,NA,11,1,35,0.286,120,2,2,22,NA,1,6,NA,4,17,2,NA,NA,NA,NA,NA,NA
2020-2021,Northeastern,CAA,6,Nailah Jenkins,So,MB,6-0,11,9,39,1,93,22,184,0.386,4,21,16,32,1,12,42,4,38.5,147,1,NA,NA,NA,NA,NA,NA
2020-2021,Northeastern,CAA,9,Erica Staunton,So,OH,6-1,11,11,40,1,165,60,472,0.222,9,12,38,88,12,1,12,8,14.5,184,NA,NA,NA,NA,NA,NA,NA
2020-2021,Towson,CAA,3,Katie McCracken,So,S,5-8,1,NA,1,NA,0,0,1,0,2,NA,NA,NA,NA,NA,NA,NA,NA,NA,NA,NA,NA,NA,NA,NA,NA
2020-2021,Towson,CAA,6,Lydia Wiers,So,MB,6-2,7,7,22,1,59,16,106,0.406,NA,2,3,10,NA,3,21,NA,14,74.5,NA,NA,NA,NA,NA,NA,NA
2020-2021,Towson,CAA,7,Rachel Hess,So,L/DS,5-8,3,0,7,NA,0,0,1,0,3,3,NA,31,6,NA,NA,NA,NA,3,NA,NA,NA,NA,NA,NA,NA
2020-2021,Towson,CAA,10,Asia Goins,So,L/DS,5-0,16,NA,16,NA,0,0,2,0,12,3,3,52,11,NA,NA,NA,NA,3,NA,NA,NA,NA,NA,NA,NA
2020-2021,Towson,CAA,17,Morgan Wilson,So,OH,5-11,1,NA,1,NA,0,0,0,NA,NA,NA,NA,NA,NA,NA,NA,NA,NA,NA,NA,NA,NA,NA,NA,NA,NA
2020-2021,UNCW,CAA,3,Kirsten Badowski,So,OH,6-1,5,5,22,NA,71,26,165,0.273,NA,6,7,26,8,NA,5,1,3.5,79.5,NA,NA,NA,NA,NA,NA,NA
2020-2021,UNCW,CAA,6,Ashley Thompson,So,OH,5-9,6,1,24,NA,8,5,27,0.111,NA,1,10,30,5,NA,NA,NA,NA,9,NA,NA,NA,NA,NA,NA,NA
2020-2021,UNCW,CAA,9,Brooke Hanshumaker,So,MB,6-0,12,12,54,1,93,39,258,0.209,5,NA,4,27,NA,4,28,1,20,111,NA,NA,NA,NA,NA,NA,NA
2020-2021,UNCW,CAA,13,Katie Lanz,So,S,5-8,12,11,54,NA,140,77,414,0.152,20,3,14,72,5,NA,21,NA,11.5,153.5,NA,NA,NA,NA,NA,NA,NA
2020-2021,UNCW,CAA,16,Alyssa Stone,So,OH,6-1,1,NA,1,NA,0,0,0,NA,NA,NA,NA,NA,NA,NA,NA,NA,NA,NA,NA,NA,NA,NA,NA,NA,NA
2020-2021,William & Mary,CAA,2,Kate Van Houten,So,S,5-9,8,8,34,2,23,4,55,0.345,352,10,23,80,NA,NA,7,5,7,36.5,7,NA,NA,NA,NA,NA,NA
2020-2021,William & Mary,CAA,10,Anna Porter,So,L,5-8,34,NA,34,NA,3,0,8,0.375,38,9,16,157,8,NA,NA,NA,NA,12,NA,NA,NA,NA,NA,NA,NA
2020-2021,William & Mary,CAA,16,Gabi Ganley,So,L,5-4,8,1,33,NA,0,0,2,0,3,1,NA,57,5,NA,NA,NA,NA,1,NA,NA,NA,NA,NA,NA,NA
2020-2021,William & Mary,CAA,19,Sydney Taylor,So,OH,6-0,4,2,9,NA,12,10,32,0.063,1,1,5,4,1,NA,1,NA,0.5,13.5,NA,NA,NA,NA,NA,NA,NA
2020-2021,Charlotte,CUSA,11,Nalani Lyde,So,OH,6-1,17,12,63,6,120,43,302,0.255,4,NA,NA,34,7,8,28,8,30,142,2,NA,NA,NA,NA,NA,NA
2020-2021,Charlotte,CUSA,12,Amani McArthur,So,OH,6-3,18,18,65,11,127,23,253,0.411,2,NA,NA,10,NA,21,52,12,66,174,NA,NA,NA,NA,NA,NA,NA
2020-2021,Charlotte,CUSA,14,Annika Wetterstrom,So,S,5-10,18,14,68,8,1,2,11,-0.091,391,14,11,108,NA,NA,2,1,1,16,8,NA,NA,NA,NA,NA,NA
2020-2021,FIU,CUSA,14,Shannon Gormally,So,OH,5-9,10,3,22,NA,19,19,77,0,1,NA,1,8,1,1,4,NA,3.5,22,NA,NA,NA,NA,NA,NA,NA
2020-2021,Fla. Atlantic,CUSA,1,Stephanie Young,So,S,6-1,13,13,51,4,69,43,235,0.111,253,11,7,101,NA,1,19,1,13.5,90.5,8,1,NA,NA,NA,NA,NA
2020-2021,Fla. Atlantic,CUSA,14,Camryn Vogler,So,OH,5-10,14,13,55,4,144,75,438,0.158,11,13,15,124,6,1,2,3,4,159,1,NA,NA,NA,NA,NA,NA
2020-2021,Fla. Atlantic,CUSA,15,Heather Pedrick,So,RS,5-11,3,1,6,1,5,5,21,0,NA,1,2,13,NA,NA,3,NA,1.5,7.5,NA,NA,NA,NA,NA,NA,NA
2020-2021,Louisiana Tech,CUSA,1,Laura Ehieze,So,MB,5-11,18,16,55,2,68,46,197,0.112,2,NA,NA,6,2,10,28,6,28.5,92,1,NA,NA,NA,NA,NA,NA
2020-2021,Louisiana Tech,CUSA,17,Elizabeth Sandoval,So,RS,5-11,19,12,49,2,93,45,284,0.169,3,2,7,45,7,NA,9,1,6,99.5,NA,NA,NA,NA,NA,NA,NA
2020-2021,Marshall,CUSA,5,Hayley Delor,So,S,5-7,6,1,17,1,0,0,0,NA,1,1,8,33,NA,NA,NA,NA,NA,1,NA,NA,NA,NA,NA,NA,NA
2020-2021,Marshall,CUSA,11,Megan Taylor,So,OH,6-0,9,5,33,2,42,27,129,0.116,1,NA,NA,15,NA,2,12,8,15.5,50,NA,NA,NA,NA,NA,NA,NA
2020-2021,Middle Tenn.,CUSA,1,Marley Banton,So,L,5-9,63,NA,63,NA,4,1,11,0.273,71,31,16,242,22,NA,NA,NA,NA,35,NA,NA,NA,NA,NA,NA,NA
2020-2021,Middle Tenn.,CUSA,5,Kayla Henley,So,RS,6-2,16,16,64,2,150,89,397,0.154,11,15,36,117,30,2,39,1,26,186.5,NA,NA,NA,NA,NA,NA,NA
2020-2021,Middle Tenn.,CUSA,8,Dasia Smith,So,MB,5-11,16,16,64,2,108,47,254,0.24,1,NA,4,10,NA,6,45,7,37,136.5,1,NA,NA,NA,NA,NA,NA
2020-2021,North Texas,CUSA,1,Aleeyah Galdeira,So,L/DS,5-6,22,0,70,NA,0,0,3,0,44,7,9,221,19,NA,NA,NA,NA,7,NA,NA,NA,NA,NA,NA,NA
2020-2021,North Texas,CUSA,15,Avery McCrillis,So,OH,6-0,9,1,19,NA,14,6,43,0.186,1,2,5,7,1,NA,3,1,2.5,17.5,NA,NA,NA,NA,NA,NA,NA
2020-2021,North Texas,CUSA,25,Alysha Johnson,So,MB,6-2,11,3,26,NA,32,6,64,0.406,NA,NA,NA,1,NA,2,16,11,21,42,NA,NA,NA,NA,NA,NA,NA
2020-2021,Old Dominion,CUSA,6,Hailey Duncan,So,MB,6-1,18,18,69,2,140,55,299,0.284,4,NA,3,15,1,13,45,4,38.5,175.5,NA,NA,NA,NA,NA,NA,NA
2020-2021,Rice,CUSA,1,Ellie Bichelmeyer,So,OH,6-2,21,16,73,7,179,74,459,0.229,5,2,13,83,1,6,37,3,31.5,205.5,NA,NA,NA,NA,NA,NA,NA
2020-2021,Rice,CUSA,4,Jaime Samojedny,So,L/DS,5-8,9,NA,9,NA,0,0,0,NA,NA,NA,2,3,NA,NA,NA,NA,NA,NA,NA,NA,NA,NA,NA,NA,NA
2020-2021,Rice,CUSA,12,Satasha Kostelecky,So,MB,6-4,21,21,77,8,98,23,242,0.31,4,1,7,30,1,12,58,2,52.5,140,NA,NA,NA,NA,NA,NA,NA
2020-2021,Rice,CUSA,33,Maddie Fowler,So,OPP,6-3,13,4,28,1,27,12,67,0.224,NA,NA,NA,3,NA,NA,13,1,11.5,33.5,NA,NA,NA,NA,NA,NA,NA
2020-2021,Southern Miss.,CUSA,4,Kenzie Smith,So,S,5-9,16,10,47,NA,21,7,69,0.203,363,7,5,115,NA,2,15,2,11.5,37.5,19,NA,NA,NA,NA,NA,NA
2020-2021,Southern Miss.,CUSA,10,Liana Guillemaud,So,OH,5-10,5,1,15,NA,27,15,83,0.145,1,NA,NA,4,1,NA,6,2,5,30,NA,NA,NA,NA,NA,NA,NA
2020-2021,Southern Miss.,CUSA,13,Lindsey Legg,So,L/DS,5-7,23,NA,23,NA,2,2,9,0,1,NA,NA,29,2,NA,NA,NA,NA,2,NA,NA,NA,NA,NA,NA,NA
2020-2021,Southern Miss.,CUSA,15,Gillian Hidalgo,So,RS,6-1,10,NA,10,NA,21,9,62,0.194,1,NA,NA,2,NA,1,2,1,3,23,NA,NA,NA,NA,NA,NA,NA
2020-2021,Southern Miss.,CUSA,20,Lauren Bloodworth,So,DS,5-7,1,NA,1,NA,0,0,0,NA,NA,NA,NA,2,NA,NA,NA,NA,NA,NA,NA,NA,NA,NA,NA,NA,NA
2020-2021,UAB,CUSA,1,Kiana Mack,So,MB,6-1,16,14,56,2,20,8,56,0.214,4,9,21,20,NA,3,33,1,22.5,48.5,NA,NA,NA,NA,NA,NA,NA
2020-2021,UAB,CUSA,6,Lidya Canturk,So,S,5-9,13,10,46,NA,6,5,24,0.042,241,14,17,79,NA,NA,NA,NA,NA,20,12,NA,NA,NA,NA,NA,NA
2020-2021,UAB,CUSA,9,Grace Koper,So,S,5-7,16,6,56,3,1,3,6,-0.333,238,16,16,97,NA,NA,NA,NA,NA,17,13,NA,NA,NA,NA,NA,NA
2020-2021,UAB,CUSA,14,Aubrey Huffman,So,DS,5-5,3,NA,3,NA,0,0,0,NA,NA,NA,NA,NA,NA,NA,NA,NA,NA,NA,1,NA,NA,NA,NA,NA,NA
2020-2021,UAB,CUSA,16,Tatijana Fucka,So,MB,6-3,16,16,58,3,42,17,91,0.275,4,3,4,10,NA,15,54,NA,45.5,87,NA,NA,NA,NA,NA,NA,NA
2020-2021,UAB,CUSA,17,Fernanda Maida,So,OH,6-0,15,15,55,3,271,72,749,0.266,4,13,23,124,21,4,16,NA,14.5,296,NA,NA,NA,NA,NA,NA,NA
2020-2021,UTEP,CUSA,2,Alianza Darley,So,OH,5-11,17,17,62,NA,117,48,286,0.241,4,NA,1,24,NA,6,40,5,31,143,1,NA,NA,NA,NA,NA,NA
2020-2021,UTEP,CUSA,7,Sophia Chacon,So,S,5-7,5,0,15,NA,0,0,0,NA,54,6,5,14,NA,NA,NA,NA,NA,6,4,NA,NA,NA,NA,NA,NA
2020-2021,UTEP,CUSA,18,Jessica Landeros,So,OH,5-11,7,2,12,NA,5,5,15,0,NA,NA,NA,1,NA,NA,5,NA,2.5,7.5,NA,NA,NA,NA,NA,NA,NA
2020-2021,UTEP,CUSA,20,Kenidy Howard,So,MB,5-11,17,16,61,NA,87,39,196,0.245,6,9,25,31,1,8,43,5,34.5,125.5,1,NA,NA,NA,NA,NA,NA
2020-2021,UTSA,CUSA,2,Bianca Ejesieme,So,OH,5-9,17,8,70,NA,160,76,454,0.185,9,NA,1,36,NA,7,43,4,32.5,188.5,NA,NA,NA,NA,NA,NA,NA
2020-2021,UTSA,CUSA,8,Courtney Walters,So,S,5-10,18,18,73,NA,46,20,140,0.186,704,23,31,159,NA,1,13,4,11.5,76.5,13,NA,NA,NA,NA,NA,NA
2020-2021,UTSA,CUSA,11,Hunter Coppola,So,OH,6-1,16,13,65,NA,173,71,609,0.167,4,5,10,62,7,4,18,2,15,191,NA,NA,NA,NA,NA,NA,NA
2020-2021,UTSA,CUSA,12,Jessica Langridge,So,MB,6-2,16,16,60,NA,100,35,211,0.308,NA,1,2,14,1,8,42,2,31,130,NA,NA,NA,NA,NA,NA,NA
2020-2021,Western Ky.,CUSA,1,Paige Briggs,So,OH,5-10,24,24,78,12,287,65,678,0.327,22,21,39,267,7,13,21,3,29,331.5,NA,NA,NA,NA,NA,NA,NA
2020-2021,Western Ky.,CUSA,4,Avri Davis,So,OH,5-10,24,23,76,12,123,46,348,0.221,NA,NA,NA,26,NA,6,25,3,26.5,141.5,NA,NA,NA,NA,NA,NA,NA
2020-2021,Western Ky.,CUSA,10,Jennifer Rush,So,OH,5-11,5,0,8,NA,3,4,12,-0.083,NA,NA,NA,NA,NA,NA,NA,NA,NA,3,NA,NA,NA,NA,NA,NA,NA
2020-2021,Cleveland St.,Horizon,1,Audrey McConihe,So,DS,5-1,16,1,56,NA,1,0,1,1,24,15,6,161,8,NA,NA,NA,NA,16,NA,NA,NA,NA,NA,NA,NA
2020-2021,Cleveland St.,Horizon,2,Lydia Latimer,So,OH,5-10,20,NA,20,NA,12,15,57,-0.053,NA,NA,NA,8,NA,1,4,NA,3.5,15,NA,NA,NA,NA,NA,NA,NA
2020-2021,Cleveland St.,Horizon,9,Chelsea Penfield,So,OH,5-10,16,16,57,8,91,37,227,0.238,1,NA,NA,4,NA,13,47,13,57,127.5,NA,NA,NA,NA,NA,NA,NA
2020-2021,Cleveland St.,Horizon,14,Marissa Durand,So,OH,5-11,1,1,1,NA,0,0,0,NA,NA,NA,NA,NA,NA,NA,NA,NA,NA,NA,NA,NA,NA,NA,NA,NA,NA
2020-2021,Cleveland St.,Horizon,15,Peyton Bloomer,So,OH,6-1,14,6,47,5,104,44,345,0.174,1,NA,NA,33,NA,NA,18,NA,13.5,113,1,NA,NA,NA,NA,NA,NA
2020-2021,Cleveland St.,Horizon,16,Keanna Avery,So,OH,5-11,11,NA,11,NA,6,3,23,0.13,1,3,4,7,1,NA,NA,1,NA,9,NA,NA,NA,NA,NA,NA,NA
2020-2021,Cleveland St.,Horizon,20,Sarah Green,So,OH,5-10,2,NA,2,NA,2,1,12,0.083,NA,NA,NA,NA,NA,NA,NA,NA,NA,2,NA,NA,NA,NA,NA,NA,NA
2020-2021,Green Bay,Horizon,4,Rylee Boyd,So,MB,6-2,9,6,24,NA,34,11,75,0.307,1,1,1,7,NA,5,20,2,17,50,NA,NA,NA,NA,NA,NA,NA
2020-2021,Green Bay,Horizon,5,Annelise Sparks,So,L,5-6,16,1,61,NA,1,0,7,0.143,38,15,26,195,19,NA,NA,NA,NA,16,NA,NA,NA,NA,NA,NA,NA
2020-2021,Green Bay,Horizon,6,Kayla Lass,So,L,5-9,11,4,33,NA,0,0,0,NA,6,3,8,92,7,NA,NA,NA,NA,3,NA,NA,NA,NA,NA,NA,NA
2020-2021,Green Bay,Horizon,11,Zoi Sherolli,So,OH,5-11,13,6,35,NA,24,17,109,0.064,5,7,10,74,8,NA,1,NA,0.5,31.5,NA,NA,NA,NA,NA,NA,NA
2020-2021,Green Bay,Horizon,14,Calli Gentry,So,S,5-9,13,10,47,NA,11,7,45,0.089,408,3,16,90,NA,1,10,NA,6,20,1,NA,NA,NA,NA,NA,NA
2020-2021,Green Bay,Horizon,20,Tiffany Paalman,So,MB,6-0,13,3,43,NA,31,18,85,0.153,1,8,10,19,NA,2,7,1,6.5,44.5,NA,NA,NA,NA,NA,NA,NA
2020-2021,IU Indy,Horizon,1,Alli Cook,So,L/DS,5-3,33,NA,33,NA,1,0,1,1,5,9,7,66,4,NA,NA,NA,NA,10,NA,NA,NA,NA,NA,NA,NA
2020-2021,IU Indy,Horizon,11,Darragh Dixon,So,S,5-10,12,12,40,NA,18,10,70,0.114,342,6,10,91,NA,NA,4,NA,2,26,4,NA,NA,NA,NA,NA,NA
2020-2021,IU Indy,Horizon,14,Allie Pogue,So,OH,5-11,12,12,40,NA,114,88,407,0.064,2,6,11,87,28,NA,5,2,4.5,122.5,NA,NA,NA,NA,NA,NA,NA
2020-2021,IU Indy,Horizon,18,Corrissa Remter,So,MB,6-2,8,8,27,NA,34,21,95,0.137,NA,1,9,7,1,2,12,2,10,43,NA,NA,NA,NA,NA,NA,NA
2020-2021,Milwaukee,Horizon,6,Ari Miller,So,MB,6-1,14,14,49,2,161,41,370,0.324,3,10,21,32,1,14,28,5,34.5,199,NA,NA,NA,NA,NA,NA,NA
2020-2021,Milwaukee,Horizon,17,Mati Jakscht,So,DS,5-6,12,1,41,NA,2,0,8,0.25,30,4,9,107,16,NA,NA,NA,NA,6,3,NA,NA,NA,NA,NA,NA
2020-2021,Northern Ky.,Horizon,4,Reilly Briggs,So,OH,5-11,14,13,48,NA,120,54,374,0.176,NA,1,12,38,11,NA,26,2,15,134,NA,NA,NA,NA,NA,NA,NA
2020-2021,Northern Ky.,Horizon,7,Abby Kanakry,So,RS,6-1,12,8,43,NA,128,37,311,0.293,3,11,22,39,2,1,25,NA,13.5,152.5,NA,NA,NA,NA,NA,NA,NA
2020-2021,Northern Ky.,Horizon,13,Anna Burke,So,DS,5-8,12,6,44,NA,0,0,4,0,7,14,18,75,11,NA,1,NA,0.5,14.5,NA,NA,NA,NA,NA,NA,NA
2020-2021,Oakland,Horizon,5,Madison Ross,So,S,6-1,16,4,58,NA,8,5,34,0.088,239,6,10,92,NA,NA,8,1,6,18,15,NA,NA,NA,NA,NA,NA
2020-2021,Oakland,Horizon,8,Haley Brown,So,OH,5-7,14,2,46,NA,1,0,1,1,4,9,17,105,12,NA,NA,NA,NA,10,NA,NA,NA,NA,NA,NA,NA
2020-2021,Oakland,Horizon,13,Brittany Welch,So,OH,5-11,16,13,58,2,145,74,474,0.15,5,9,4,99,22,3,17,1,13,165.5,NA,NA,NA,NA,NA,NA,NA
2020-2021,Oakland,Horizon,23,AnnaBelle Tomei,So,S,5-6,16,12,58,2,10,3,41,0.171,315,12,20,135,NA,NA,2,NA,1,23,3,NA,NA,NA,NA,NA,NA
2020-2021,Purdue Fort Wayne,Horizon,1,Rachael Crucis,So,L,5-2,59,NA,59,NA,1,2,9,-0.111,68,16,13,276,10,NA,NA,NA,NA,17,NA,NA,NA,NA,NA,NA,NA
2020-2021,Purdue Fort Wayne,Horizon,3,Alexandra Traciak,So,L,5-1,46,NA,46,NA,0,1,5,-0.2,6,11,3,32,NA,NA,NA,NA,NA,11,NA,NA,NA,NA,NA,NA,NA
2020-2021,Purdue Fort Wayne,Horizon,4,Maddi Nell,So,S,5-9,22,NA,22,NA,0,0,5,0,74,2,3,22,NA,NA,NA,NA,NA,2,3,NA,NA,NA,NA,NA,NA
2020-2021,Purdue Fort Wayne,Horizon,11,Sidney Schiller,So,OH,6-0,17,16,59,1,123,58,378,0.172,9,12,11,148,14,5,16,2,15,148,NA,NA,NA,NA,NA,NA,NA
2020-2021,Purdue Fort Wayne,Horizon,12,Macy Niswander,So,MB,6-1,2,1,3,1,0,0,2,0,NA,NA,NA,NA,NA,NA,NA,NA,NA,NA,NA,NA,NA,NA,NA,NA,NA
2020-2021,Robert Morris,Horizon,16,Allena Carmody,So,L/DS,5-7,15,1,53,1,1,0,3,0.333,9,4,7,121,13,NA,NA,NA,NA,5,NA,NA,NA,NA,NA,NA,NA
2020-2021,Wright St.,Horizon,9,Katie Meyer,So,S,5-7,13,NA,13,NA,2,0,4,0.5,35,1,3,14,NA,NA,NA,NA,NA,3,NA,NA,NA,NA,NA,NA,NA
2020-2021,Wright St.,Horizon,12,Sam Wolf,So,OH,5-10,11,7,31,NA,51,18,182,0.181,2,2,NA,21,NA,2,13,NA,8.5,61.5,NA,NA,NA,NA,NA,NA,NA
2020-2021,Wright St.,Horizon,13,Callie Martin,So,RS,6-1,18,8,58,NA,43,23,175,0.114,9,16,4,108,7,NA,15,NA,7.5,66.5,1,NA,NA,NA,NA,NA,NA
2020-2021,Wright St.,Horizon,15,Megan Alders,So,OH,5-10,19,5,54,NA,128,44,404,0.208,2,NA,NA,38,5,1,24,3,16,141,1,NA,NA,NA,NA,NA,NA
2020-2021,Youngstown St.,Horizon,2,Josi Borum,So,S,6-1,14,14,46,2,122,76,376,0.122,107,5,7,93,3,2,12,1,9,135,4,1,NA,NA,NA,NA,NA
2020-2021,Youngstown St.,Horizon,4,Ellie Cox,So,OH,5-11,6,2,10,1,15,18,62,-0.048,NA,NA,NA,10,2,NA,NA,2,2,15,NA,NA,NA,NA,NA,NA,NA
2020-2021,Youngstown St.,Horizon,11,Reilly Seagroves,So,DS,5-3,14,1,44,NA,0,0,1,0,5,7,11,79,18,NA,NA,NA,NA,7,NA,NA,NA,NA,NA,NA,NA
2020-2021,Youngstown St.,Horizon,13,Bailey Ramlow,So,DS,5-6,3,NA,3,NA,0,0,0,NA,NA,NA,1,1,2,NA,NA,NA,NA,NA,NA,NA,NA,NA,NA,NA,NA
2020-2021,Youngstown St.,Horizon,14,Aimee Beaupre,So,MB,6-0,13,13,44,2,45,27,160,0.113,4,6,2,17,NA,3,21,6,19.5,64.5,NA,NA,NA,NA,NA,NA,NA
2020-2021,Youngstown St.,Horizon,17,Lauren Lask,So,DS,5-11,3,NA,3,NA,0,0,0,NA,NA,NA,1,1,NA,NA,NA,NA,NA,NA,NA,NA,NA,NA,NA,NA,NA
2020-2021,Youngstown St.,Horizon,21,Isidora Sisic,So,OH,6-0,12,6,29,2,38,28,144,0.069,4,7,9,40,18,2,4,1,5,49,NA,NA,NA,NA,NA,NA,NA
2020-2021,Youngstown St.,Horizon,22,Nadia Pace,So,MB,6-0,13,12,40,2,38,23,146,0.103,1,NA,NA,6,NA,2,10,7,14.5,45,NA,NA,NA,NA,NA,NA,NA
2020-2021,Canisius,MAAC,2,Ella Loussia,So,OH,6-1,13,12,49,NA,154,36,453,0.26,5,15,14,78,3,3,24,3,18,184,NA,NA,NA,NA,NA,NA,NA
2020-2021,Canisius,MAAC,3,Elle Shult,So,MH,6-3,13,13,49,NA,85,15,185,0.378,7,3,7,23,NA,24,36,6,48,130,NA,NA,NA,NA,NA,NA,NA
2020-2021,Canisius,MAAC,4,Breeanna Long,So,L,5-5,49,NA,49,NA,5,5,54,0,47,14,8,273,19,NA,NA,NA,NA,19,NA,NA,NA,NA,NA,NA,NA
2020-2021,Fairfield,MAAC,6,Maddy Jerdonek,So,S,5-5,22,NA,22,NA,1,0,1,1,2,7,4,25,4,NA,NA,NA,NA,8,NA,NA,NA,NA,NA,NA,NA
2020-2021,Fairfield,MAAC,8,Joelle Battles,So,RS,6-0,6,3,21,NA,68,29,153,0.255,NA,NA,NA,17,NA,1,16,3,13.5,77,NA,NA,NA,NA,NA,NA,NA
2020-2021,Fairfield,MAAC,10,Morgan Doll,So,L,5-8,10,3,38,NA,24,10,63,0.222,12,13,10,101,9,1,NA,NA,1,38,NA,NA,NA,NA,NA,NA,NA
2020-2021,Iona,MAAC,4,Samantha Juran,So,S,5-8,8,7,30,NA,7,3,46,0.087,185,10,10,77,NA,1,9,2,7.5,22.5,2,NA,NA,NA,NA,NA,NA
2020-2021,Iona,MAAC,18,Julia Thomas,So,MB,6-1,8,3,22,NA,28,13,80,0.188,NA,NA,NA,2,1,7,22,3,21,46,NA,NA,NA,NA,NA,NA,NA
2020-2021,Iona,MAAC,24,Fleur Wiersma,So,MB,6-2,7,7,24,NA,31,9,98,0.224,NA,8,2,27,NA,7,27,3,23.5,59.5,NA,NA,NA,NA,NA,NA,NA
2020-2021,Manhattan,MAAC,4,Julieanne McKee,So,S,5-8,5,NA,5,NA,3,2,11,0.091,20,NA,1,5,NA,NA,NA,NA,NA,3,NA,NA,NA,NA,NA,NA,NA
2020-2021,Manhattan,MAAC,11,Kelly Markowski,So,OPP,6-0,11,9,44,4,82,44,320,0.119,1,NA,2,36,5,1,10,1,9.5,88,NA,NA,NA,NA,NA,NA,NA
2020-2021,Manhattan,MAAC,17,Lizzi Brown,So,OH,6-1,3,3,13,NA,16,8,52,0.154,1,NA,NA,4,NA,NA,3,NA,1.5,17.5,NA,NA,NA,NA,NA,NA,NA
2020-2021,Marist,MAAC,9,Gabby Murray,So,MB,6-2,4,3,14,NA,17,9,41,0.195,NA,4,5,11,NA,NA,10,NA,5,26,NA,NA,NA,NA,NA,NA,NA
2020-2021,Marist,MAAC,14,Jordan Rush,So,OH,6-0,3,1,7,NA,20,10,66,0.152,NA,NA,1,5,NA,NA,NA,NA,NA,20,NA,NA,NA,NA,NA,NA,NA
2020-2021,Niagara,MAAC,2,Alexandra Leitner,So,DS,5-9,14,NA,14,NA,0,0,1,0,3,3,NA,20,NA,NA,NA,NA,NA,3,NA,NA,NA,NA,NA,NA,NA
2020-2021,Niagara,MAAC,7,Taylor Allen,So,MB,6-0,5,5,18,1,18,12,70,0.086,NA,NA,1,4,NA,6,13,1,14,30.5,NA,NA,NA,NA,NA,NA,NA
2020-2021,Niagara,MAAC,14,Allie Simpson,So,RS,5-11,6,1,11,NA,9,4,43,0.116,1,NA,NA,5,NA,1,4,2,5,12,NA,NA,NA,NA,NA,NA,NA
2020-2021,Quinnipiac,MAAC,4,Alisa Mejia,So,RS,5-10,4,1,7,NA,10,7,33,0.091,NA,3,2,8,NA,NA,2,1,2,14,NA,NA,NA,NA,NA,NA,NA
2020-2021,Quinnipiac,MAAC,25,Aryanah Diaz,So,OH,5-4,8,5,29,NA,68,30,259,0.147,11,11,4,104,5,NA,2,NA,1,80,NA,NA,NA,NA,NA,NA,NA
2020-2021,Rider,MAAC,5,Morgan Romano,So,RS,5-10,12,12,47,4,185,81,480,0.217,13,19,20,104,12,1,12,NA,8.5,211,NA,NA,NA,NA,NA,NA,NA
2020-2021,Rider,MAAC,10,Alicia Iafrate,So,L/DS,5-7,40,NA,40,NA,0,0,2,0,4,7,10,29,3,NA,NA,NA,NA,7,NA,NA,NA,NA,NA,NA,NA
2020-2021,Rider,MAAC,13,Pamela Loh,So,L/DS,5-3,46,NA,46,NA,0,0,4,0,7,12,13,76,7,NA,NA,NA,NA,12,NA,NA,NA,NA,NA,NA,NA
2020-2021,Rider,MAAC,16,Morgan Koch,So,MB,6-4,11,11,44,4,77,28,175,0.28,NA,NA,1,14,NA,3,25,1,21.5,92.5,NA,NA,NA,NA,NA,NA,NA
2020-2021,Siena,MAAC,1,Madoka Weldon,So,L/DS,5-4,18,NA,18,NA,0,0,7,0,17,3,1,48,6,NA,NA,NA,NA,3,NA,NA,NA,NA,NA,NA,NA
2020-2021,Siena,MAAC,8,Gracie Halley,So,L/DS,5-7,22,NA,22,NA,0,0,11,0,15,3,6,73,8,NA,NA,NA,NA,3,NA,NA,NA,NA,NA,NA,NA
2020-2021,Akron,MAC,1,Rachel Abramson,So,OH,6-0,3,NA,3,NA,0,0,1,0,NA,NA,NA,NA,NA,NA,NA,NA,NA,NA,NA,NA,NA,NA,NA,NA,NA
2020-2021,Akron,MAC,6,Ari Barksdale,So,MB,6-0,13,1,26,NA,10,8,46,0.043,NA,NA,NA,3,NA,1,13,1,8.5,17.5,NA,NA,NA,NA,NA,NA,NA
2020-2021,Akron,MAC,8,Lauren Latka,So,DS,5-7,20,2,78,NA,0,1,14,-0.071,7,NA,1,102,21,NA,NA,NA,NA,NA,NA,NA,NA,NA,NA,NA,NA
2020-2021,Ball St.,MAC,3,Chloe Rickenbach,So,DS,5-8,19,6,57,NA,0,0,4,0,8,14,11,134,20,NA,NA,1,1,14,NA,NA,NA,NA,NA,NA,NA
2020-2021,Ball St.,MAC,4,Esther Grussing,So,S,5-8,21,15,74,NA,32,7,81,0.309,564,8,22,158,NA,1,22,NA,12,52,20,NA,NA,NA,NA,NA,NA
2020-2021,Ball St.,MAC,5,Marie Plitt,So,MB,6-0,21,21,80,NA,156,32,393,0.316,4,5,7,73,NA,9,75,7,53.5,207.5,1,NA,NA,NA,NA,NA,NA
2020-2021,Ball St.,MAC,6,Maggie Huber,So,DS,5-6,19,2,73,NA,1,1,6,0,62,15,7,302,16,NA,NA,NA,NA,16,NA,NA,NA,NA,NA,NA,NA
2020-2021,Ball St.,MAC,7,Natalie Risi,So,OH,6-0,20,12,74,NA,89,38,310,0.165,10,7,18,222,12,1,6,2,6,100,NA,NA,NA,NA,NA,NA,NA
2020-2021,Ball St.,MAC,8,Allison Hamaker,So,OPP,6-0,12,1,33,NA,65,31,188,0.181,NA,NA,NA,15,NA,NA,8,2,6,69,NA,NA,NA,NA,NA,NA,NA
2020-2021,Ball St.,MAC,10,Cailyn Bolser,So,MB,6-1,11,2,19,NA,19,8,59,0.186,NA,NA,1,5,1,NA,13,2,8.5,25.5,NA,NA,NA,NA,NA,NA,NA
2020-2021,Ball St.,MAC,13,Natalie Mitchem,So,OH,6-2,20,12,72,NA,153,60,460,0.202,2,NA,NA,29,NA,2,53,1,29.5,181.5,NA,NA,NA,NA,NA,NA,NA
2020-2021,Ball St.,MAC,18,Aleja Culbreath,So,OH,5-7,3,NA,3,NA,2,2,9,0,NA,NA,NA,NA,NA,NA,NA,NA,NA,2,NA,NA,NA,NA,NA,NA,NA
2020-2021,Bowling Green,MAC,1,Yelianiz Torres,So,OH,5-7,14,6,45,NA,3,0,4,0.75,9,5,3,153,8,NA,NA,NA,NA,8,NA,NA,NA,NA,NA,NA,NA
2020-2021,Bowling Green,MAC,6,Petra Indrova,So,OH,6-0,24,24,90,NA,313,85,831,0.274,22,27,27,236,13,5,52,6,37,371,NA,NA,NA,NA,NA,NA,NA
2020-2021,Bowling Green,MAC,20,Madelynn Luebcke,So,MB,6-2,15,13,52,NA,23,11,71,0.169,1,NA,NA,13,NA,7,47,4,34.5,53.5,NA,NA,NA,NA,NA,NA,NA
2020-2021,Buffalo,MAC,2,Emma Puzausky,So,S,6-0,7,5,20,NA,1,0,5,0.2,81,NA,NA,20,1,NA,NA,NA,NA,1,2,NA,NA,NA,NA,NA,NA
2020-2021,Buffalo,MAC,5,Abby Leigh,So,MB,6-2,19,16,58,NA,74,49,236,0.106,10,15,31,105,15,NA,13,1,7.5,95.5,NA,NA,NA,NA,NA,NA,NA
2020-2021,Buffalo,MAC,12,Courtney Okwara,So,MB,6-1,22,22,78,NA,122,41,294,0.276,3,3,5,19,NA,8,44,5,35,155,2,NA,NA,NA,NA,NA,NA
2020-2021,Buffalo,MAC,16,Jenna Sonnenberg,So,DS,5-7,78,NA,78,NA,4,0,24,0.167,70,8,23,299,15,NA,NA,NA,NA,12,NA,NA,NA,NA,NA,NA,NA
2020-2021,Central Mich.,MAC,2,Lacey Juengel,So,OH,5-7,20,6,67,NA,3,4,19,-0.053,5,9,14,106,16,NA,NA,NA,NA,12,1,NA,NA,NA,NA,NA,NA
2020-2021,Central Mich.,MAC,9,Anna Erickson,So,OPP,6-2,17,11,71,NA,187,64,662,0.186,3,4,10,115,24,10,13,2,18.5,207.5,NA,NA,NA,NA,NA,NA,NA
2020-2021,Central Mich.,MAC,18,Korie Otto,So,MB,-,2,NA,2,NA,0,1,1,-1,NA,NA,NA,NA,NA,NA,NA,NA,NA,NA,NA,NA,NA,NA,NA,NA,NA
2020-2021,Central Mich.,MAC,19,Ashley Alford,So,OH,-,3,NA,3,NA,0,0,1,0,NA,1,2,3,NA,NA,NA,NA,NA,1,NA,NA,NA,NA,NA,NA,NA
2020-2021,Eastern Mich.,MAC,3,Samantha Basham,So,OH,6-1,20,11,77,NA,163,70,543,0.171,3,22,29,65,4,NA,31,NA,15.5,200.5,NA,NA,NA,NA,NA,NA,NA
2020-2021,Eastern Mich.,MAC,7,Alayna Jansky,So,OH,6-0,18,15,68,NA,84,47,354,0.105,9,10,5,215,15,1,12,1,8,101,NA,NA,NA,NA,NA,NA,NA
2020-2021,Eastern Mich.,MAC,12,Kamryn Stilwell,So,DS,5-2,16,5,45,NA,1,1,4,0,2,3,3,70,3,NA,NA,NA,NA,4,NA,NA,NA,NA,NA,NA,NA
2020-2021,Eastern Mich.,MAC,14,Jayden Otto,So,S,5-11,20,20,78,NA,42,8,132,0.258,800,9,14,193,NA,2,31,NA,17.5,68.5,3,NA,NA,NA,NA,NA,NA
2020-2021,Eastern Mich.,MAC,17,Krista Blakely,So,OH,6-0,12,1,31,NA,37,30,139,0.05,3,NA,NA,14,NA,2,25,NA,14.5,51.5,1,NA,NA,NA,NA,NA,NA
2020-2021,Kent St.,MAC,1,Gracey Jarecke,So,DS,5-9,11,NA,11,NA,0,0,0,NA,NA,1,NA,9,NA,NA,NA,NA,NA,1,NA,NA,NA,NA,NA,NA,NA
2020-2021,Kent St.,MAC,8,Jacqlyn Caspers,So,MB,6-5,27,NA,27,NA,10,5,37,0.135,NA,NA,NA,1,NA,NA,3,NA,2.5,11.5,NA,NA,NA,NA,NA,NA,NA
2020-2021,Kent St.,MAC,9,Taylor Heberle,So,OH,5-11,11,7,41,NA,124,57,365,0.184,1,13,15,50,2,3,8,3,10,144,NA,NA,NA,NA,NA,NA,NA
2020-2021,Kent St.,MAC,10,Morgan Copley,So,OPP,6-1,17,16,68,NA,168,58,498,0.221,1,NA,NA,18,NA,4,25,1,17.5,184.5,1,NA,NA,NA,NA,NA,NA
2020-2021,Kent St.,MAC,15,Savannah Matthews,So,OH,5-10,21,21,77,NA,274,125,814,0.183,9,12,32,219,22,5,29,2,21.5,305.5,NA,NA,NA,NA,NA,NA,NA
2020-2021,Miami (OH),MAC,1,Jacquelyn Krumnauer,So,L/DS,5-6,9,NA,9,NA,0,0,1,0,4,1,2,20,4,NA,NA,NA,NA,1,NA,NA,NA,NA,NA,NA,NA
2020-2021,Miami (OH),MAC,7,Lindsay Taylor,So,OH,6-2,12,2,30,NA,48,26,164,0.134,4,3,10,56,7,2,4,3,7,55,1,NA,NA,NA,NA,NA,NA
2020-2021,Miami (OH),MAC,15,Allyson Severance,So,OH,6-1,22,16,84,NA,126,68,420,0.138,8,28,37,170,35,2,7,3,8.5,159.5,NA,NA,NA,NA,NA,NA,NA
2020-2021,NIU,MAC,2,Katie Jablonski,So,OH,5-10,22,22,80,NA,233,100,712,0.187,9,18,34,204,24,2,25,1,15.5,265.5,NA,NA,NA,NA,NA,NA,NA
2020-2021,NIU,MAC,10,Brianna Scuric,So,OH,5-11,17,1,41,NA,36,24,131,0.092,2,4,7,47,11,NA,3,1,2.5,41.5,NA,NA,NA,NA,NA,NA,NA
2020-2021,NIU,MAC,14,Kaitlyn Bell,So,OH,6-2,22,15,72,NA,146,74,471,0.153,4,NA,1,32,3,3,31,1,19.5,164.5,1,NA,NA,NA,NA,NA,NA
2020-2021,NIU,MAC,18,Samantha Juarez,So,L/DS,5-6,72,NA,72,NA,0,1,19,-0.053,46,11,31,301,19,NA,NA,1,1,11,1,NA,NA,NA,NA,NA,NA
2020-2021,Ohio,MAC,12,Caitlin O'Farrell,So,OH,6-3,20,19,76,NA,195,60,404,0.334,2,NA,1,20,2,8,57,NA,36.5,231.5,NA,NA,NA,NA,NA,NA,NA
2020-2021,Ohio,MAC,16,Emily Margolies,So,OPP,6-1,6,1,12,NA,32,11,89,0.236,2,NA,NA,5,NA,NA,6,1,4,35,NA,NA,NA,NA,NA,NA,NA
2020-2021,Ohio,MAC,21,Ciara Livingway,So,L/DS,5-7,20,0,65,NA,0,0,1,0,NA,8,6,22,NA,NA,NA,NA,NA,8,NA,NA,NA,NA,NA,NA,NA
2020-2021,Ohio,MAC,22,Olivia Margolies,So,OH,6-1,12,8,38,NA,67,35,280,0.114,3,9,21,63,11,3,7,4,10.5,82.5,NA,NA,NA,NA,NA,NA,NA
2020-2021,Toledo,MAC,6,Ryann Jaqua,So,OH,5-7,20,4,82,NA,1,2,8,-0.125,30,13,15,391,15,NA,NA,NA,NA,14,NA,NA,NA,NA,NA,NA,NA
2020-2021,Toledo,MAC,7,Abby Ray,So,DS,5-6,18,5,66,NA,0,3,5,-0.6,4,13,3,106,16,NA,NA,NA,NA,13,NA,NA,NA,NA,NA,NA,NA
2020-2021,Toledo,MAC,9,Olivia Vance,So,MB,6-0,18,18,76,NA,179,50,420,0.307,2,16,21,30,1,17,57,2,48.5,240.5,NA,NA,NA,NA,NA,NA,NA
2020-2021,Toledo,MAC,12,Rhyenne Filisi,So,MH,6-2,19,18,66,NA,87,43,235,0.187,1,6,12,16,1,11,47,9,44.5,127.5,NA,NA,NA,NA,NA,NA,NA
2020-2021,Toledo,MAC,13,Rachel Pierce,So,OH,6-2,14,4,41,NA,40,29,145,0.076,3,4,9,54,7,3,8,2,9,51,NA,NA,NA,NA,NA,NA,NA
2020-2021,Toledo,MAC,15,Jada Bouyer,So,MB,5-9,6,2,11,NA,14,6,50,0.16,NA,NA,NA,2,NA,NA,5,NA,2.5,16.5,NA,NA,NA,NA,NA,NA,NA
2020-2021,Toledo,MAC,18,Abby Erickson,So,MB,6-1,10,2,27,NA,36,13,81,0.284,1,NA,NA,3,NA,4,18,NA,13,49,NA,NA,NA,NA,NA,NA,NA
2020-2021,Western Mich.,MAC,4,Rose Duffy,So,S,5-10,7,NA,7,NA,0,0,0,NA,20,NA,NA,9,NA,NA,NA,NA,NA,NA,NA,NA,NA,NA,NA,NA,NA
2020-2021,Western Mich.,MAC,18,Sammi LaBolle,So,MB,6-3,7,4,19,NA,31,15,75,0.213,2,1,7,12,NA,NA,15,1,8.5,39.5,1,NA,NA,NA,NA,NA,NA
2020-2021,Western Mich.,MAC,19,Maggie King,So,OH,5-10,23,23,78,NA,285,109,721,0.244,1,NA,2,56,6,3,23,2,16.5,299.5,NA,NA,NA,NA,NA,NA,NA
2020-2021,Coppin St.,MEAC,1,Ashley Roman,So,L/DS,5-5,61,NA,61,NA,4,1,7,0.429,56,15,12,338,17,NA,NA,NA,NA,19,NA,NA,NA,NA,NA,NA,NA
2020-2021,Coppin St.,MEAC,8,Paola Caten,So,OH,5-11,15,13,50,11,123,43,366,0.219,10,16,16,125,6,1,11,4,13,145.5,1,NA,NA,NA,NA,NA,NA
2020-2021,Coppin St.,MEAC,17,Sydney Sheppard,So,S,5-10,21,NA,21,NA,0,1,2,-0.5,31,NA,3,4,NA,NA,2,1,2,1,NA,NA,NA,NA,NA,NA,NA
2020-2021,Coppin St.,MEAC,20,Kyndall Johnson,So,MH,5-10,16,NA,16,NA,13,5,38,0.211,NA,NA,NA,1,NA,NA,3,2,3,14.5,NA,NA,NA,NA,NA,NA,NA
2020-2021,Howard,MEAC,14,Tamar Wells,So,MB,6-0,8,8,33,7,56,25,117,0.265,1,NA,1,3,NA,NA,14,1,13.5,63,NA,NA,NA,NA,NA,NA,NA
2020-2021,Howard,MEAC,16,Kayla Diaz,So,S,5-7,7,4,29,4,3,3,13,0,155,16,21,44,3,NA,2,NA,2,20,5,NA,NA,NA,NA,NA,NA
2020-2021,Morgan St.,MEAC,5,Melanie Battle,So,MH,6-1,4,4,12,3,1,2,9,-0.111,NA,NA,1,NA,NA,2,5,1,6.5,5.5,NA,NA,NA,NA,NA,NA,NA
2020-2021,Morgan St.,MEAC,17,Mason Creery,So,DS,5-5,22,NA,22,NA,1,0,1,1,3,1,5,9,NA,NA,NA,NA,NA,2,NA,NA,NA,NA,NA,NA,NA
2020-2021,Morgan St.,MEAC,37,Anaya Martin,So,S,5-8,6,NA,6,NA,1,0,2,0.5,4,1,NA,4,1,NA,NA,NA,NA,2,1,NA,NA,NA,NA,NA,NA
2020-2021,N.C. A&T,MEAC,4,Addy Warfield,So,S,5-9,12,6,40,5,7,3,17,0.235,168,8,1,69,NA,NA,NA,NA,NA,15,NA,NA,NA,NA,NA,NA,NA
2020-2021,N.C. A&T,MEAC,19,Arianna Mackey,So,MB,6-0,10,NA,10,NA,7,0,12,0.583,1,1,1,1,NA,2,2,NA,4,11,NA,NA,NA,NA,NA,NA,NA
2020-2021,N.C. A&T,MEAC,23,Mallory Porcher,So,MB,6-0,13,12,43,9,42,14,112,0.25,3,7,22,21,NA,3,14,3,16.5,59,1,NA,NA,NA,NA,NA,NA
2020-2021,N.C. Central,MEAC,8,Alyssa Pieh,So,L/DS,5-7,7,1,16,1,0,2,2,-1,NA,5,6,27,NA,NA,NA,NA,NA,5,NA,NA,NA,NA,NA,NA,NA
2020-2021,N.C. Central,MEAC,18,Abby Vacha,So,NA,5-11,7,1,15,1,12,7,47,0.106,NA,NA,NA,10,1,NA,2,NA,2,13,NA,NA,NA,NA,NA,NA,NA
2020-2021,Norfolk St.,MEAC,12,Myleah Carter,So,L/DS,5-5,5,2,17,1,0,3,10,-0.3,1,1,10,18,8,NA,NA,NA,NA,1,NA,NA,NA,NA,NA,NA,NA
2020-2021,Norfolk St.,MEAC,17,Siera Jones,So,L/DS,5-6,13,NA,13,NA,0,0,0,NA,NA,1,3,4,NA,NA,NA,NA,NA,1,NA,NA,NA,NA,NA,NA,NA
2020-2021,South Carolina St.,MEAC,1,Kaylee ROSE,So,NA,-,8,7,24,7,7,25,87,-0.207,4,NA,8,40,18,NA,2,1,2,8,NA,NA,NA,NA,NA,NA,NA
2020-2021,South Carolina St.,MEAC,3,Destanie AYDT,So,NA,-,6,4,18,4,12,12,72,0,56,6,5,32,2,NA,3,NA,3,19.5,2,NA,NA,NA,NA,NA,NA
2020-2021,South Carolina St.,MEAC,11,Chelsea COLE,So,NA,-,8,2,24,2,0,2,4,-0.5,5,NA,6,32,16,NA,NA,NA,NA,NA,NA,NA,NA,NA,NA,NA,NA
2020-2021,Bradley,MVC,1,Serena Sparks,So,L/DS,5-2,18,1,62,NA,2,0,9,0.222,57,7,10,281,22,NA,NA,NA,NA,9,NA,NA,NA,NA,NA,NA,NA
2020-2021,Bradley,MVC,3,Karagan Coggin,So,RS,6-2,19,19,69,11,163,55,436,0.248,5,12,9,63,NA,17,45,3,55.5,214.5,NA,NA,NA,NA,NA,NA,NA
2020-2021,Bradley,MVC,8,Carlee Camlin,So,S,6-0,5,1,16,NA,0,0,4,0,27,5,4,29,1,NA,NA,NA,NA,5,2,NA,NA,NA,NA,NA,NA
2020-2021,Bradley,MVC,20,Raeann Bergman,So,MB,6-4,19,19,69,11,114,44,325,0.215,1,NA,NA,18,NA,6,64,3,58,152,1,NA,NA,NA,NA,NA,NA
2020-2021,Drake,MVC,9,Haley Bush,So,OH,6-2,17,16,65,2,277,75,807,0.25,6,12,22,166,25,4,21,3,19.5,303.5,NA,NA,NA,NA,NA,NA,NA
2020-2021,Drake,MVC,12,Michele Rabbitt,So,OH,6-1,2,NA,2,NA,1,0,3,0.333,NA,NA,NA,NA,NA,NA,NA,NA,NA,1,NA,NA,NA,NA,NA,NA,NA
2020-2021,Drake,MVC,17,Haylee Kent,So,OH,6-2,6,NA,6,NA,1,4,7,-0.429,NA,NA,NA,NA,NA,NA,NA,NA,NA,1,NA,NA,NA,NA,NA,NA,NA
2020-2021,Drake,MVC,18,Alex Lemke,So,RS,6-0,6,2,10,NA,1,0,3,0.333,49,1,3,11,NA,NA,2,NA,1,3,1,NA,NA,NA,NA,NA,NA
2020-2021,Evansville,MVC,1,Melanie Feliciano,So,OH,5-11,20,20,75,13,292,117,877,0.2,10,7,18,239,27,6,16,NA,20.5,313,NA,NA,NA,NA,NA,NA,NA
2020-2021,Evansville,MVC,6,Hannah Watkins,So,MB,6-1,17,17,62,10,49,22,155,0.174,NA,1,5,21,1,12,46,2,50,85,NA,NA,NA,NA,NA,NA,NA
2020-2021,Evansville,MVC,8,Laura Ruiz,So,L,5-7,75,NA,75,NA,1,1,3,0,21,17,20,82,6,NA,NA,NA,NA,18,NA,NA,NA,NA,NA,NA,NA
2020-2021,Evansville,MVC,10,Chloe Bontrager,So,RS,6-2,20,13,74,9,99,49,361,0.139,NA,NA,NA,28,NA,1,35,2,29.5,117.5,NA,NA,NA,NA,NA,NA,NA
2020-2021,Evansville,MVC,13,Kyndal Grace Patterson,So,RS,6-3,12,NA,12,NA,1,3,10,-0.2,NA,NA,NA,2,NA,NA,4,NA,3,3,NA,NA,NA,NA,NA,NA,NA
2020-2021,Evansville,MVC,16,Kate Tsironis,So,MB,6-2,13,8,36,7,13,12,45,0.022,NA,NA,NA,4,NA,2,11,4,12.5,20.5,NA,NA,NA,NA,NA,NA,NA
2020-2021,Illinois St.,MVC,3,Kaity Weimerskirch,So,L,5-6,22,1,80,NA,0,0,4,0,20,23,28,195,7,NA,NA,NA,NA,23,2,NA,NA,NA,NA,NA,NA
2020-2021,Illinois St.,MVC,10,Kendee Hilliard,So,OH,5-11,10,5,25,NA,26,25,106,0.009,NA,NA,NA,12,1,NA,10,NA,5,31,NA,NA,NA,NA,NA,NA,NA
2020-2021,Illinois St.,MVC,14,Sarah Kushner,So,OH,5-10,22,22,80,1,249,125,750,0.165,20,33,24,235,31,10,30,3,28,307,3,NA,NA,NA,NA,NA,NA
2020-2021,Indiana St.,MVC,4,Taylor Shelton,So,OH,5-10,19,11,58,NA,102,50,332,0.157,9,11,2,155,20,1,6,2,6,117,1,NA,NA,NA,NA,NA,NA
2020-2021,Indiana St.,MVC,5,Chloe Mason,So,S,5-7,20,15,77,2,25,0,71,0.352,421,16,27,226,NA,NA,NA,NA,NA,41,7,NA,NA,NA,NA,NA,NA
2020-2021,Indiana St.,MVC,9,Mya Shively,So,L/DS,5-3,6,NA,6,NA,0,0,0,NA,2,NA,NA,5,NA,NA,NA,NA,NA,NA,NA,NA,NA,NA,NA,NA,NA
2020-2021,Indiana St.,MVC,12,Gretchen Kuckkan,So,OH,6-0,15,10,46,3,116,50,395,0.167,9,3,13,98,17,1,9,NA,6,124.5,NA,NA,NA,NA,NA,NA,NA
2020-2021,Indiana St.,MVC,18,Kylie Newby,So,MB,5-11,16,14,57,3,90,33,253,0.225,1,NA,NA,13,NA,3,37,4,28,111.5,1,NA,NA,NA,NA,NA,NA
2020-2021,Loyola Chicago,MVC,1,Kayla Kraus,So,L/DS,5-6,19,4,66,2,1,1,2,0,21,11,6,161,23,NA,NA,NA,NA,12,NA,NA,NA,NA,NA,NA,NA
2020-2021,Loyola Chicago,MVC,2,Paige Kaufman,So,L/DS,5-5,8,NA,8,NA,0,0,0,NA,1,NA,3,14,1,NA,NA,NA,NA,NA,NA,NA,NA,NA,NA,NA,NA
2020-2021,Loyola Chicago,MVC,6,Katie Mather,So,S,5-9,14,NA,14,NA,7,2,17,0.294,59,NA,3,19,NA,NA,NA,NA,NA,7,1,NA,NA,NA,NA,NA,NA
2020-2021,Loyola Chicago,MVC,9,Taylor Venuto,So,MH,6-1,14,14,57,8,145,49,377,0.255,5,2,3,20,2,8,60,NA,52,185,1,NA,NA,NA,NA,NA,NA
2020-2021,Loyola Chicago,MVC,11,Kasey Bell,So,MB,5-11,4,1,6,NA,0,0,5,0,NA,NA,NA,2,NA,NA,1,NA,1,0.5,NA,NA,NA,NA,NA,NA,NA
2020-2021,Loyola Chicago,MVC,13,Sarah Murczek,So,OH,5-9,20,20,80,10,221,136,751,0.113,21,24,37,227,21,2,19,2,16,256.5,1,NA,NA,NA,NA,NA,NA
2020-2021,Missouri St.,MVC,3,Holly Luginbill,So,DS,5-9,17,0,66,NA,2,1,4,0.25,15,13,8,150,9,NA,NA,NA,NA,15,NA,NA,NA,NA,NA,NA,NA
2020-2021,Missouri St.,MVC,6,Kennedee Anderson,So,S,5-8,22,22,92,2,19,5,86,0.163,825,29,16,218,NA,NA,15,4,13.5,55.5,8,NA,NA,NA,NA,NA,NA
2020-2021,Missouri St.,MVC,14,Brooklyn Cink,So,OH,5-11,22,22,92,2,334,147,1085,0.172,12,37,31,245,37,10,39,3,35.5,400.5,2,NA,NA,NA,NA,NA,NA
2020-2021,Missouri St.,MVC,19,Azyah Green,So,MB,6-0,22,22,89,2,124,52,361,0.199,1,NA,NA,14,NA,16,84,14,77,182,2,NA,NA,NA,NA,NA,NA
2020-2021,Missouri St.,MVC,21,La'Treva Kennedy,So,MB,5-11,5,1,11,NA,5,2,14,0.214,NA,NA,NA,1,NA,1,9,2,7.5,10.5,NA,NA,NA,NA,NA,NA,NA
2020-2021,Southern Ill.,MVC,3,Alex Washington,So,OH,5-10,20,12,67,4,87,61,301,0.086,6,11,23,125,34,1,6,1,5,102,1,NA,NA,NA,NA,NA,NA
2020-2021,Southern Ill.,MVC,23,Katy Kluge,So,OH,5-9,76,NA,76,NA,3,0,17,0.176,63,16,32,356,21,NA,NA,NA,NA,19,2,NA,NA,NA,NA,NA,NA
2020-2021,Southern Ill.,MVC,32,Bailey Neuberger,So,OH,5-11,8,6,28,2,18,13,90,0.056,NA,6,7,63,13,NA,3,NA,1.5,25.5,1,NA,NA,NA,NA,NA,NA
2020-2021,UNI,MVC,1,Kaylee Donner,So,L/DS,5-4,22,1,88,NA,2,0,5,0.4,39,26,31,197,24,NA,NA,NA,NA,28,NA,NA,NA,NA,NA,NA,NA
2020-2021,UNI,MVC,3,Maizy Jackson,So,OH,6-1,1,NA,1,NA,0,1,1,-1,NA,NA,NA,NA,NA,NA,NA,NA,NA,NA,NA,NA,NA,NA,NA,NA,NA
2020-2021,UNI,MVC,5,Ava Vitale,So,S,5-7,1,NA,1,NA,0,0,0,NA,NA,NA,NA,NA,NA,NA,NA,NA,NA,NA,NA,NA,NA,NA,NA,NA,NA
2020-2021,UNI,MVC,10,Emily Holterhaus,So,MB,6-2,22,22,90,5,288,143,925,0.157,32,20,20,256,32,10,43,4,39.5,339.5,2,NA,NA,NA,NA,NA,NA
2020-2021,UNI,MVC,17,Kaylissa Arndorfer,So,OPP,6-1,22,22,86,5,192,102,522,0.172,9,29,52,58,2,3,72,7,53,260,NA,NA,NA,NA,NA,NA,NA
2020-2021,UNI,MVC,19,Payton Ahrenstorff,So,L/DS,5-6,32,NA,32,NA,1,0,2,0.5,6,2,4,20,12,NA,NA,NA,NA,3,NA,NA,NA,NA,NA,NA,NA
2020-2021,Valparaiso,MVC,5,Rachel Speck,So,MH,6-1,4,1,4,1,1,1,6,0,NA,NA,NA,NA,NA,NA,1,NA,0.5,1.5,NA,NA,NA,NA,NA,NA,NA
2020-2021,Valparaiso,MVC,6,Kara Cooper,So,MH,6-3,8,4,27,2,34,15,106,0.179,1,1,1,1,NA,1,14,4,11.5,43,NA,NA,NA,NA,NA,NA,NA
2020-2021,Valparaiso,MVC,10,Bella Ravotto,So,OH,5-8,20,11,82,4,44,39,228,0.022,28,17,15,276,10,NA,2,NA,2,62,NA,NA,NA,NA,NA,NA,NA
2020-2021,Valparaiso,MVC,13,MaKayla Geise,So,OH,6-1,1,NA,1,NA,0,0,0,NA,NA,NA,NA,NA,NA,NA,NA,NA,NA,NA,NA,NA,NA,NA,NA,NA,NA
2020-2021,Valparaiso,MVC,32,Maddy Boyer,So,OH,6-0,15,7,49,1,67,43,210,0.114,3,NA,1,36,3,2,28,1,21.5,83,NA,NA,NA,NA,NA,NA,NA
2020-2021,Air Force,Mountain West,9,Sarah Markwardt,So,OH,5-10,9,4,24,NA,33,19,82,0.171,2,7,8,17,2,NA,3,1,2.5,41.5,NA,NA,NA,NA,NA,NA,NA
2020-2021,Air Force,Mountain West,12,Brookelyn Messenger,So,OH,5-10,13,12,52,NA,122,79,350,0.123,6,21,23,103,25,NA,13,1,7.5,149.5,2,NA,NA,NA,NA,NA,NA
2020-2021,Air Force,Mountain West,15,Taleah Cooper,So,MB,5-10,5,NA,5,NA,6,4,13,0.154,NA,NA,NA,NA,NA,NA,NA,1,1,6,NA,NA,NA,NA,NA,NA,NA
2020-2021,Boise St.,Mountain West,1,Lauren Ohlinger,So,OH,6-3,15,15,55,NA,218,94,608,0.204,18,15,10,123,28,1,25,7,20.5,246.5,1,NA,NA,NA,NA,NA,NA
2020-2021,Boise St.,Mountain West,4,Alyssa Wissinger,So,MB,6-2,12,10,31,NA,42,15,97,0.278,2,1,1,2,NA,1,36,4,23,62,1,NA,NA,NA,NA,NA,NA
2020-2021,Boise St.,Mountain West,5,Allison Casillas,So,L,5-8,55,NA,55,NA,1,0,5,0.2,29,21,14,209,13,NA,NA,NA,NA,22,NA,NA,NA,NA,NA,NA,NA
2020-2021,Boise St.,Mountain West,12,Jordi Holdaway,So,L/DS,5-7,15,14,55,NA,0,2,9,-0.222,28,17,15,100,11,NA,NA,NA,NA,17,2,NA,NA,NA,NA,NA,NA
2020-2021,Colorado St.,Mountain West,0,Alyssa Bert,So,DS,5-10,12,7,43,2,2,0,2,1,2,12,6,66,12,NA,1,NA,1,14.5,NA,NA,NA,NA,NA,NA,NA
2020-2021,Colorado St.,Mountain West,4,Brooke Hudson,So,DS,5-3,15,11,51,2,0,0,0,NA,17,5,7,105,14,NA,NA,NA,NA,5,NA,NA,NA,NA,NA,NA,NA
2020-2021,Colorado St.,Mountain West,10,Jacqi Van Liefde,So,OH,6-0,15,7,52,1,126,63,368,0.171,2,NA,2,23,5,6,13,2,16.5,138.5,NA,NA,NA,NA,NA,NA,NA
2020-2021,Colorado St.,Mountain West,11,Ciera Pritchard,So,S,6-0,14,14,50,3,46,10,125,0.288,485,17,11,98,NA,4,18,1,15,76,7,NA,NA,NA,NA,NA,NA
2020-2021,Fresno St.,Mountain West,3,Rebecca Rendahl,So,MB,6-1,14,14,55,10,37,20,103,0.165,2,NA,NA,8,1,4,47,7,50,64.5,1,NA,NA,NA,NA,NA,NA
2020-2021,Fresno St.,Mountain West,4,Lauren Sabbatini,So,OH,5-9,11,6,41,3,11,14,77,-0.039,5,9,14,83,2,NA,NA,NA,NA,20,NA,NA,NA,NA,NA,NA,NA
2020-2021,Fresno St.,Mountain West,5,Molly Eppright,So,L/DS,5-3,13,3,48,3,0,0,1,0,4,14,14,73,3,NA,NA,NA,NA,14,NA,NA,NA,NA,NA,NA,NA
2020-2021,Fresno St.,Mountain West,7,Amaria Kelley,So,OH,6-4,14,8,55,6,171,73,439,0.223,1,1,7,26,1,NA,34,2,29,189,NA,NA,NA,NA,NA,NA,NA
2020-2021,Fresno St.,Mountain West,9,Mikayla Weiss,So,S,5-10,6,2,17,NA,5,2,13,0.231,116,2,3,19,NA,NA,6,NA,5.5,10,NA,NA,NA,NA,NA,NA,NA
2020-2021,Fresno St.,Mountain West,10,Grace Doyle,So,MB,6-1,14,14,55,10,115,32,292,0.284,3,9,32,19,NA,8,56,11,57,160,NA,NA,NA,NA,NA,NA,NA
2020-2021,Fresno St.,Mountain West,24,Julia Handy,So,S,5-9,7,2,23,2,3,4,31,-0.032,109,3,6,46,NA,1,5,NA,6,9.5,4,NA,NA,NA,NA,NA,NA
2020-2021,Nevada,Mountain West,1,Andrea Alcaraz,So,S,5-8,14,13,48,2,21,8,91,0.143,373,17,13,109,1,3,26,2,19.5,54,5,NA,NA,NA,NA,NA,NA
2020-2021,Nevada,Mountain West,6,Sydney Petersen,So,MB,6-1,15,15,53,2,81,44,222,0.167,1,NA,NA,3,NA,7,60,1,43,118,NA,NA,NA,NA,NA,NA,NA
2020-2021,New Mexico,Mountain West,2,Kaitlynn Biassou,So,OH,5-9,14,14,53,5,183,88,495,0.192,7,17,32,124,11,5,19,3,18.5,214.5,NA,NA,NA,NA,NA,NA,NA
2020-2021,New Mexico,Mountain West,3,Alena Moldan,So,L,5-7,14,2,53,NA,5,3,21,0.095,30,11,19,163,20,NA,4,2,4,18,1,NA,NA,NA,NA,NA,NA
2020-2021,New Mexico,Mountain West,6,Chloe Clark,So,L,5-6,8,3,27,1,1,1,2,0,23,3,2,42,NA,NA,NA,NA,NA,4,2,NA,NA,NA,NA,NA,NA
2020-2021,San Diego St.,Mountain West,1,Nya Blair,So,OH,5-11,13,3,43,1,92,39,273,0.194,3,5,15,21,2,2,4,5,6,101,NA,NA,NA,NA,NA,NA,NA
2020-2021,San Diego St.,Mountain West,5,Serena Hodson,So,MB,6-2,9,4,20,4,17,8,45,0.2,NA,1,3,4,NA,1,15,2,16,26.5,NA,NA,NA,NA,NA,NA,NA
2020-2021,San Diego St.,Mountain West,7,Ashley Vanderpan,So,S,6-0,14,9,49,7,15,12,52,0.058,325,11,11,77,NA,1,9,NA,9,31.5,8,NA,NA,NA,NA,NA,NA
2020-2021,San Diego St.,Mountain West,16,Alexis Durand,So,DS,5-7,9,1,22,1,1,0,4,0.25,9,3,8,20,5,NA,NA,NA,NA,4,1,NA,NA,NA,NA,NA,NA
2020-2021,San Jose St.,Mountain West,3,Makayla Lewis,So,OH,6-0,16,15,60,2,93,46,251,0.187,6,6,12,87,10,1,19,2,13,109.5,NA,NA,NA,NA,NA,NA,NA
2020-2021,San Jose St.,Mountain West,27,Alyssa Sugai,So,OH,6-3,1,NA,1,NA,0,2,4,-0.5,NA,NA,NA,NA,NA,NA,1,NA,0.5,0.5,NA,NA,NA,NA,NA,NA,NA
2020-2021,San Jose St.,Mountain West,33,Yazmin Pitpit,So,MB,6-2,31,NA,31,NA,0,0,0,NA,NA,7,14,5,NA,NA,NA,NA,NA,7,NA,NA,NA,NA,NA,NA,NA
2020-2021,UNLV,Mountain West,1,Paola Garcia,So,L/DS,5-7,6,NA,6,NA,0,0,0,NA,NA,NA,1,1,NA,NA,NA,NA,NA,NA,NA,NA,NA,NA,NA,NA,NA
2020-2021,UNLV,Mountain West,11,Jordyn Freeman,So,MB,6-2,9,NA,9,NA,8,1,14,0.5,NA,NA,1,NA,NA,NA,NA,NA,NA,8,NA,NA,NA,NA,NA,NA,NA
2020-2021,UNLV,Mountain West,14,Shelby Capllonch,So,OH,5-8,14,14,49,1,110,46,300,0.213,12,12,15,177,6,1,20,6,18,133,NA,NA,NA,NA,NA,NA,NA
2020-2021,UNLV,Mountain West,16,Paris Oliveira,So,L/DS,5-6,49,NA,49,NA,0,0,10,0,42,4,14,170,12,NA,NA,NA,NA,4,NA,NA,NA,NA,NA,NA,NA
2020-2021,Utah St.,Mountain West,4,Grace DuBay,So,DS,5-8,49,NA,49,NA,0,0,3,0,11,7,15,111,20,NA,NA,NA,NA,7,NA,NA,NA,NA,NA,NA,NA
2020-2021,Utah St.,Mountain West,10,Kalena Vaivai,So,S,5-9,14,10,50,2,10,7,36,0.083,366,11,25,100,1,NA,20,NA,12.5,31,7,NA,NA,NA,NA,NA,NA
2020-2021,Utah St.,Mountain West,12,Ashlee McUne,So,S,5-8,14,5,33,2,1,2,5,-0.2,106,5,4,29,NA,NA,NA,NA,NA,6,3,NA,NA,NA,NA,NA,NA
2020-2021,Wyoming,Mountain West,6,Emersen Cyza,So,OH,6-1,10,5,28,4,62,24,160,0.238,3,3,6,29,7,2,8,2,9.5,71,1,NA,NA,NA,NA,NA,NA
2020-2021,Wyoming,Mountain West,8,Erika Jones,So,DS,5-7,14,4,51,2,0,1,1,-1,23,6,9,146,12,NA,NA,NA,NA,6,NA,NA,NA,NA,NA,NA,NA
2020-2021,Wyoming,Mountain West,13,Hailey Zuroske,So,OH,6-0,14,14,50,9,98,44,345,0.157,15,16,19,95,23,5,12,7,17.5,125,NA,NA,NA,NA,NA,NA,NA
2020-2021,Wyoming,Mountain West,18,Kyra Slavik,So,S,5-11,4,4,14,2,7,0,18,0.389,119,2,5,28,NA,NA,7,NA,4.5,12.5,1,NA,NA,NA,NA,NA,NA
2020-2021,Bryant,NEC,1,Maggie Ryan,So,MB,6-1,5,NA,5,NA,5,4,18,0.056,NA,NA,NA,2,NA,NA,2,NA,1,6,NA,NA,NA,NA,NA,NA,NA
2020-2021,Bryant,NEC,3,Emma McGovern,So,OH,5-10,10,9,39,1,123,52,341,0.208,4,3,6,39,7,4,19,1,17,139.5,NA,NA,NA,NA,NA,NA,NA
2020-2021,Bryant,NEC,4,Abby Rae,So,L,5-6,43,NA,43,NA,2,0,15,0.133,2,5,5,89,3,NA,NA,NA,NA,7,1,NA,NA,NA,NA,NA,NA
2020-2021,Bryant,NEC,14,Mia Cergol,So,S,5-10,10,9,39,1,41,11,133,0.226,388,14,18,113,NA,2,14,2,11,64,14,NA,NA,NA,NA,NA,NA
2020-2021,Bryant,NEC,17,Alysa Wright,So,MB,6-2,11,11,42,2,91,29,215,0.288,3,9,9,16,NA,4,48,4,37.5,128,NA,NA,NA,NA,NA,NA,NA
2020-2021,Bryant,NEC,20,Riley James,So,OH,5-10,8,7,26,1,61,34,217,0.124,9,2,3,53,4,NA,12,1,7,69,2,NA,NA,NA,NA,NA,NA
2020-2021,Central Conn. St.,NEC,9,Isabelle Roufs,So,OPP,6-2,8,8,29,NA,52,15,110,0.336,1,5,10,19,NA,12,20,NA,22,79,NA,NA,NA,NA,NA,NA,NA
2020-2021,Central Conn. St.,NEC,12,Molly Pincince,So,DS,5-3,6,NA,6,NA,0,0,1,0,1,3,1,5,NA,NA,NA,NA,NA,3,NA,NA,NA,NA,NA,NA,NA
2020-2021,FDU,NEC,6,Zahraa Muhammad,So,RS,5-10,1,NA,1,NA,0,0,0,NA,NA,NA,NA,NA,NA,NA,NA,NA,NA,NA,NA,NA,NA,NA,NA,NA,NA
2020-2021,FDU,NEC,7,Cloe Abadie Calderon,So,MH,6-1,4,2,14,2,8,8,36,0,1,NA,NA,5,NA,1,22,NA,22.5,20,NA,NA,NA,NA,NA,NA,NA
2020-2021,FDU,NEC,12,Tessa Fisk,So,OH,6-4,7,7,24,5,48,13,120,0.292,2,NA,NA,5,2,1,13,3,15,55.5,NA,NA,NA,NA,NA,NA,NA
2020-2021,FDU,NEC,18,Mujay Mambu,So,OH,6-0,9,7,32,6,76,34,213,0.197,NA,1,2,18,NA,1,27,5,27.5,91.5,NA,NA,NA,NA,NA,NA,NA
2020-2021,LIU,NEC,3,Miranda Strongman,So,MB,6-1,13,10,51,NA,100,32,236,0.288,3,6,13,34,NA,5,26,2,20,124,1,NA,NA,NA,NA,NA,NA
2020-2021,LIU,NEC,12,Karolina Nova,So,OH,6-0,13,13,51,NA,211,80,555,0.236,13,15,14,165,13,5,20,3,18,241,2,NA,NA,NA,NA,NA,NA
2020-2021,LIU,NEC,16,Barbora Hoskova,So,OH,5-11,13,8,49,NA,84,45,292,0.134,5,5,9,53,NA,2,22,8,21,102,2,NA,NA,NA,NA,NA,NA
2020-2021,Merrimack,NEC,4,Taylor Sawyer,So,OH,5-9,11,6,30,3,43,33,182,0.055,2,1,2,19,6,1,5,1,6.5,47.5,NA,NA,NA,NA,NA,NA,NA
2020-2021,Merrimack,NEC,9,Taelyr Czech,So,DS,5-4,37,NA,37,NA,0,3,13,-0.231,14,3,10,113,25,NA,NA,NA,NA,3,1,NA,NA,NA,NA,NA,NA
2020-2021,Merrimack,NEC,12,Maegan Hladick,So,OH,5-10,10,9,27,2,41,27,211,0.066,3,5,12,35,15,1,4,NA,4,49,NA,NA,NA,NA,NA,NA,NA
2020-2021,Merrimack,NEC,17,Taylor Vartanian,So,MH,6-1,9,8,26,2,18,16,65,0.031,2,NA,7,6,NA,7,14,NA,16.5,32,2,NA,NA,NA,NA,NA,NA
2020-2021,Merrimack,NEC,21,Quinn Kellogg,So,S,5-10,13,11,38,3,0,3,12,-0.25,102,6,5,60,NA,NA,1,2,2.5,6.5,4,NA,NA,NA,NA,NA,NA
2020-2021,Sacred Heart,NEC,6,Lilian Vargo,So,S,5-7,20,NA,20,NA,0,0,0,NA,9,NA,NA,24,NA,NA,NA,NA,NA,NA,3,NA,NA,NA,NA,NA,NA
2020-2021,Sacred Heart,NEC,14,Jasmine Rogers,So,OH,5-10,14,14,50,5,127,46,443,0.183,19,10,13,169,15,NA,14,3,12,144,NA,NA,NA,NA,NA,NA,NA
2020-2021,Sacred Heart,NEC,15,Michaela Devlin,So,MB,6-3,1,NA,1,NA,0,0,1,0,NA,NA,NA,NA,NA,NA,NA,NA,NA,NA,NA,NA,NA,NA,NA,NA,NA
2020-2021,Sacred Heart,NEC,24,Alana Felix,So,OH,5-10,47,NA,47,NA,1,0,3,0.333,2,5,8,25,2,NA,NA,NA,NA,6,NA,NA,NA,NA,NA,NA,NA
2020-2021,St. Francis Brooklyn,NEC,11,Ashley Gonzalez,So,MB,6-1,2,1,5,NA,8,3,21,0.238,NA,NA,NA,NA,NA,NA,4,1,3,10,NA,NA,NA,NA,NA,NA,NA
2020-2021,Austin Peay,OVC,6,Tegan Seyring,So,RS,6-0,7,3,21,NA,66,15,133,0.383,NA,NA,NA,10,NA,NA,4,3,5,68,1,NA,NA,NA,NA,NA,NA
2020-2021,Austin Peay,OVC,20,Kelsey Mead,So,S,5-9,14,10,46,1,3,0,13,0.231,291,15,9,78,NA,NA,1,NA,1,18.5,4,NA,NA,NA,NA,NA,NA
2020-2021,Austin Peay,OVC,35,Erin Eisenhart,So,DS,5-3,21,NA,21,NA,0,0,2,0,4,2,2,43,3,NA,NA,NA,NA,2,NA,NA,NA,NA,NA,NA,NA
2020-2021,Belmont,OVC,11,Kailee Bass,So,MH,6-2,8,6,27,NA,16,11,53,0.094,NA,NA,2,4,NA,3,23,2,16.5,30.5,NA,NA,NA,NA,NA,NA,NA
2020-2021,Belmont,OVC,15,Lauren Walsh,So,OH,5-9,4,2,7,NA,7,10,32,-0.094,NA,NA,1,3,1,NA,2,NA,1,8,NA,NA,NA,NA,NA,NA,NA
2020-2021,Belmont,OVC,20,Laura Shoopman,So,OH,6-2,13,10,40,1,113,59,343,0.157,3,2,7,42,10,4,17,4,17,127.5,NA,NA,NA,NA,NA,NA,NA
2020-2021,Eastern Ill.,OVC,1,Ireland Hieb,So,OH,6-2,12,5,30,NA,44,36,155,0.052,NA,7,18,21,4,NA,3,NA,1.5,52.5,1,NA,NA,NA,NA,NA,NA
2020-2021,Eastern Ill.,OVC,7,Mackenzie Duvall,So,MB,6-2,2,NA,2,NA,0,0,0,NA,NA,NA,NA,NA,NA,NA,NA,NA,NA,NA,NA,NA,NA,NA,NA,NA,NA
2020-2021,Eastern Ky.,OVC,6,Raegan Alexander,So,S,5-11,9,2,13,NA,0,0,3,0,15,NA,2,7,NA,NA,NA,1,1,NA,1,NA,NA,NA,NA,NA,NA
2020-2021,Jacksonville St.,OVC,1,Anna Nelson,So,DS,5-4,11,NA,11,NA,0,0,0,NA,NA,1,1,16,NA,NA,NA,NA,NA,1,NA,NA,NA,NA,NA,NA,NA
2020-2021,Jacksonville St.,OVC,6,Kylee Quigley,So,OH,5-11,18,9,51,1,5,7,22,-0.091,6,12,10,82,6,NA,NA,NA,NA,17,1,NA,NA,NA,NA,NA,NA
2020-2021,Jacksonville St.,OVC,10,Erin Carmichael,So,DS,5-7,60,NA,60,NA,0,2,7,-0.286,59,16,19,282,8,NA,NA,NA,NA,16,NA,NA,NA,NA,NA,NA,NA
2020-2021,Morehead St.,OVC,12,Abby Hulsman,So,OH,5-10,18,11,51,5,128,44,305,0.275,3,2,NA,34,NA,NA,22,1,17,141,NA,NA,NA,NA,NA,NA,NA
2020-2021,Morehead St.,OVC,14,Bridget Bessler,So,S,5-10,19,19,66,9,49,11,134,0.284,748,17,15,149,NA,NA,18,2,15.5,75,15,NA,NA,NA,NA,NA,NA
2020-2021,Morehead St.,OVC,17,Andrea Grimes,So,DS,5-4,19,0,63,NA,0,0,2,0,8,11,8,106,3,NA,NA,NA,NA,11,NA,NA,NA,NA,NA,NA,NA
2020-2021,Murray St.,OVC,8,Emma Kailiponi,So,L/DS,4-11,13,2,45,NA,0,0,1,0,2,4,4,57,2,NA,NA,NA,NA,4,NA,NA,NA,NA,NA,NA,NA
2020-2021,Murray St.,OVC,18,Alysha Smith,So,OH,5-9,23,NA,23,NA,7,7,28,0,21,2,2,38,NA,NA,1,NA,0.5,9.5,2,NA,NA,NA,NA,NA,NA
2020-2021,SIUE,OVC,12,Nicole Kijowski,So,DS,5-6,2,NA,2,NA,0,0,0,NA,NA,NA,1,3,NA,NA,NA,NA,NA,NA,NA,NA,NA,NA,NA,NA,NA
2020-2021,SIUE,OVC,14,Savannah Christian,So,MB,6-5,13,13,44,1,110,31,230,0.343,1,NA,NA,9,NA,6,33,4,26.5,132.5,NA,NA,NA,NA,NA,NA,NA
2020-2021,Southeast Mo. St.,OVC,8,Talia Gouard,So,MB,5-11,17,17,59,9,99,32,231,0.29,2,1,4,16,NA,3,49,1,45.5,127.5,NA,NA,NA,NA,NA,NA,NA
2020-2021,Southeast Mo. St.,OVC,10,Tara Beilsmith,So,L,5-7,36,NA,36,NA,2,0,3,0.667,31,10,10,163,5,NA,NA,NA,NA,12,NA,NA,NA,NA,NA,NA,NA
2020-2021,Southeast Mo. St.,OVC,14,Zoey Beasley,So,OH,6-2,17,14,55,8,153,65,401,0.219,4,1,2,49,4,5,27,5,30.5,172.5,NA,NA,NA,NA,NA,NA,NA
2020-2021,Tennessee St.,OVC,6,Kennedi Moore,So,DS,5-7,14,1,32,1,14,8,52,0.115,NA,1,4,15,4,1,8,1,6,20,NA,NA,NA,NA,NA,NA,NA
2020-2021,Tennessee St.,OVC,7,Sofia Garcia-Guerrios,So,S,5-9,14,7,52,1,14,1,40,0.325,190,7,13,119,NA,NA,2,1,1.5,22,6,NA,NA,NA,NA,NA,NA
2020-2021,Tennessee St.,OVC,11,Alondrah Santana-Rodriguez,So,MB,6-1,16,8,53,2,38,27,143,0.077,NA,NA,1,7,2,1,25,3,19,51.5,1,NA,NA,NA,NA,NA,NA
2020-2021,Tennessee St.,OVC,14,Kendall Bullock,So,RS,5-11,16,13,57,NA,118,69,410,0.12,5,7,2,67,4,NA,28,2,17.5,139,2,NA,NA,NA,NA,NA,NA
2020-2021,Tennessee Tech,OVC,1,Dallas Oatis,So,MB,5-11,13,NA,13,NA,17,9,45,0.178,NA,NA,NA,2,NA,1,2,NA,2,19,NA,NA,NA,NA,NA,NA,NA
2020-2021,Tennessee Tech,OVC,2,Raya George,So,L,5-6,12,1,39,NA,0,0,0,NA,1,2,11,22,3,NA,NA,NA,NA,2,NA,NA,NA,NA,NA,NA,NA
2020-2021,Tennessee Tech,OVC,5,Julia Wheeler,So,OH,5-9,2,NA,2,NA,0,0,0,NA,NA,1,NA,NA,NA,NA,NA,NA,NA,1,NA,NA,NA,NA,NA,NA,NA
2020-2021,Tennessee Tech,OVC,8,Madeline Furtado,So,OH,6-0,16,14,57,NA,133,62,369,0.192,2,14,38,106,26,2,13,NA,8.5,155.5,NA,NA,NA,NA,NA,NA,NA
2020-2021,Tennessee Tech,OVC,23,Emma Osterbur,So,S,5-8,15,9,57,NA,0,0,5,0,15,20,20,99,1,NA,NA,NA,NA,20,NA,NA,NA,NA,NA,NA,NA
2020-2021,Tennessee Tech,OVC,24,Morgan Gish,So,RS,6-0,15,4,53,NA,69,47,208,0.106,3,NA,NA,13,3,2,37,2,22.5,89.5,NA,NA,NA,NA,NA,NA,NA
2020-2021,Tennessee Tech,OVC,33,Skylar Boom,So,MB,6-2,16,16,61,NA,144,67,336,0.229,3,NA,NA,11,1,17,43,5,43.5,182.5,NA,NA,NA,NA,NA,NA,NA
2020-2021,UT Martin,OVC,10,Haeleigh Paulino,So,S,5-7,8,2,21,NA,1,1,11,0,52,1,5,26,NA,NA,NA,NA,NA,2,2,NA,NA,NA,NA,NA,NA
2020-2021,UT Martin,OVC,24,Lucy Kaufman,So,L/DS,5-9,9,NA,9,NA,7,2,19,0.263,NA,NA,3,4,NA,NA,NA,2,2,7,NA,NA,NA,NA,NA,NA,NA
2020-2021,Arizona,Pac-12,8,Kamaile Hiapo,So,L/DS,5-7,21,0,75,NA,1,0,6,0.167,73,13,23,278,17,NA,NA,NA,NA,14,NA,NA,NA,NA,NA,NA,NA
2020-2021,Arizona,Pac-12,18,Dilara Gedikoglu,So,OH,5-10,21,10,73,NA,53,40,188,0.069,16,14,25,125,24,2,3,NA,4,70.5,NA,NA,NA,NA,NA,NA,NA
2020-2021,Arizona St.,Pac-12,5,Iman Isanovic,So,OH,6-1,20,20,78,2,265,117,852,0.174,9,26,35,153,38,8,23,1,20,310.5,1,NA,NA,NA,NA,NA,NA
2020-2021,Arizona St.,Pac-12,8,Madi Berkholz,So,L/DS,5-3,19,NA,19,NA,0,0,0,NA,1,1,3,14,1,NA,NA,NA,NA,1,NA,NA,NA,NA,NA,NA,NA
2020-2021,Arizona St.,Pac-12,9,Shannon Shields,So,S,5-10,13,6,33,2,12,3,24,0.375,196,NA,7,62,NA,NA,7,1,5.5,15.5,3,NA,NA,NA,NA,NA,NA
2020-2021,Arizona St.,Pac-12,10,Kennedi Boyd,So,MB,6-2,16,16,62,2,61,20,156,0.263,4,1,7,18,NA,6,65,7,47.5,100.5,NA,NA,NA,NA,NA,NA,NA
2020-2021,Arizona St.,Pac-12,15,Annika Larson-Nummer,So,L/DS,5-4,20,2,79,NA,3,2,7,0.143,78,21,33,302,26,NA,NA,NA,NA,24,NA,NA,NA,NA,NA,NA,NA
2020-2021,Arizona St.,Pac-12,33,Emily Holbrook,So,L/DS,5-6,28,NA,28,NA,0,0,0,NA,1,NA,5,30,2,NA,NA,NA,NA,NA,NA,NA,NA,NA,NA,NA,NA
2020-2021,California,Pac-12,8,Deniz Milli,So,OH,6-0,4,1,5,NA,2,6,17,-0.235,NA,NA,NA,1,6,NA,1,NA,0.5,2.5,NA,NA,NA,NA,NA,NA,NA
2020-2021,California,Pac-12,24,Sydney Lilomaiava,So,OH,6-3,21,16,66,1,98,75,332,0.069,4,NA,1,35,NA,1,37,5,26.5,117.5,1,NA,NA,NA,NA,NA,NA
2020-2021,Colorado,Pac-12,1,Katie Lougeay,So,L/DS,5-10,19,4,64,NA,0,0,0,NA,24,14,18,119,9,NA,NA,NA,NA,14,NA,NA,NA,NA,NA,NA,NA
2020-2021,Colorado,Pac-12,7,Savannah Perry,So,L/DS,5-6,2,NA,2,NA,0,0,0,NA,NA,NA,1,NA,NA,NA,NA,NA,NA,NA,NA,NA,NA,NA,NA,NA,NA
2020-2021,Colorado,Pac-12,11,Elissa Alcantara,So,OH,6-2,20,13,72,NA,152,81,444,0.16,2,NA,NA,13,NA,2,29,3,19.5,168.5,NA,NA,NA,NA,NA,NA,NA
2020-2021,Colorado,Pac-12,13,Sterling Parker,So,MB,6-3,20,9,76,NA,172,66,488,0.217,2,NA,NA,30,NA,2,34,11,30,191,NA,NA,NA,NA,NA,NA,NA
2020-2021,Colorado,Pac-12,20,Kelley Levaggi,So,OH,5-11,2,NA,2,NA,0,0,2,0,NA,NA,NA,NA,NA,NA,NA,NA,NA,NA,NA,NA,NA,NA,NA,NA,NA
2020-2021,Colorado,Pac-12,31,Jill Schneggenburger,So,OH,6-0,19,16,63,NA,77,47,315,0.095,2,12,27,133,20,4,10,2,11,98,3,NA,NA,NA,NA,NA,NA
2020-2021,Oregon,Pac-12,1,Elise Ferreira,So,S,5-10,20,1,76,NA,2,1,8,0.125,386,18,33,127,NA,NA,NA,NA,NA,20,5,NA,NA,NA,NA,NA,NA
2020-2021,Oregon,Pac-12,6,Abby Hansen,So,MB,6-5,20,20,76,NA,81,30,207,0.246,6,2,10,25,1,17,75,10,64.5,137.5,3,NA,NA,NA,NA,NA,NA
2020-2021,Oregon,Pac-12,8,Taylor Williams,So,OH,6-3,8,4,32,NA,62,32,181,0.166,NA,NA,9,49,3,1,14,4,12,70,1,NA,NA,NA,NA,NA,NA
2020-2021,Oregon,Pac-12,10,Georgia Murphy,So,L,5-6,76,NA,76,NA,2,2,13,0,83,7,19,271,17,NA,NA,NA,NA,9,1,NA,NA,NA,NA,NA,NA
2020-2021,Oregon,Pac-12,11,Morgan Lewis,So,MB,6-3,16,1,59,NA,147,66,329,0.246,NA,NA,NA,32,NA,NA,43,1,22.5,168.5,NA,NA,NA,NA,NA,NA,NA
2020-2021,Oregon,Pac-12,13,Jade Sadeiko,So,OH,6-3,2,NA,2,NA,0,1,2,-0.5,NA,NA,NA,NA,NA,NA,1,1,1.5,0.5,NA,NA,NA,NA,NA,NA,NA
2020-2021,Oregon,Pac-12,21,Kylie Robinson,So,S,5-10,20,19,76,NA,2,5,27,-0.111,429,12,12,164,NA,NA,NA,1,1,14,10,NA,NA,NA,NA,NA,NA
2020-2021,Oregon,Pac-12,42,Karson Bacon,So,MB,6-4,20,20,76,NA,143,36,307,0.349,4,NA,NA,26,NA,8,65,16,56.5,183.5,1,NA,NA,NA,NA,NA,NA
2020-2021,Oregon St.,Pac-12,3,Nya Buckner,So,OPP,5-11,9,NA,9,NA,6,8,25,-0.08,NA,NA,NA,3,NA,NA,1,NA,0.5,6.5,NA,NA,NA,NA,NA,NA,NA
2020-2021,Oregon St.,Pac-12,8,Mary Kate Lopez,So,S,6-1,8,2,14,NA,2,5,13,-0.231,25,2,2,5,NA,NA,2,2,3,5,1,NA,NA,NA,NA,NA,NA
2020-2021,Southern California,Pac-12,2,Chandlar Duff,So,MB,6-2,2,2,5,NA,6,4,12,0.167,NA,NA,NA,1,NA,NA,6,1,4,9,NA,NA,NA,NA,NA,NA,NA
2020-2021,Southern California,Pac-12,3,Emilia Weske,So,OPP,6-3,15,5,62,NA,148,71,416,0.185,4,10,27,51,5,NA,40,4,24,178,NA,NA,NA,NA,NA,NA,NA
2020-2021,Southern California,Pac-12,5,Kalen Owes,So,OH,6-1,7,4,27,NA,65,44,186,0.113,1,NA,10,37,8,NA,9,2,6.5,69.5,NA,NA,NA,NA,NA,NA,NA
2020-2021,Southern California,Pac-12,6,Sophia Theriot,So,L,5-7,12,3,48,NA,0,0,0,NA,25,7,6,117,7,NA,NA,NA,NA,7,NA,NA,NA,NA,NA,NA,NA
2020-2021,Southern California,Pac-12,14,Keila Barra,So,L,5-8,7,1,13,NA,1,0,12,0.083,NA,NA,5,14,7,NA,NA,NA,NA,1,1,NA,NA,NA,NA,NA,NA
2020-2021,Southern California,Pac-12,18,Aleksandra Gryka,So,MB,6-3,14,12,56,NA,108,33,223,0.336,10,11,16,31,NA,6,46,3,32,148,1,NA,NA,NA,NA,NA,NA
2020-2021,Southern California,Pac-12,21,Madison Horin,So,MB,6-2,4,1,11,NA,7,3,21,0.19,NA,3,8,5,NA,NA,3,NA,1.5,11.5,NA,NA,NA,NA,NA,NA,NA
2020-2021,Stanford,Pac-12,6,Selina Xu,So,S,6-0,10,9,40,3,12,5,31,0.226,354,11,20,75,NA,1,22,4,23,35,6,NA,NA,NA,NA,NA,NA
2020-2021,Stanford,Pac-12,10,Kendall Kipp,So,OH,6-5,6,6,23,1,84,42,227,0.185,2,3,11,46,1,NA,16,1,16,95,1,NA,NA,NA,NA,NA,NA
2020-2021,Stanford,Pac-12,16,Natalie Berty,So,OH,6-3,9,5,35,NA,30,25,134,0.037,4,3,8,57,9,1,12,NA,13,40,1,NA,NA,NA,NA,NA,NA
2020-2021,UCLA,Pac-12,10,Mari Hinkle,So,L/DS,5-9,7,NA,7,NA,0,0,0,NA,NA,1,NA,2,NA,NA,NA,NA,NA,1,NA,NA,NA,NA,NA,NA,NA
2020-2021,UCLA,Pac-12,12,Lexi Hadrych,So,OH,6-1,8,1,18,NA,25,16,70,0.129,1,NA,1,10,NA,1,12,3,10,32,NA,NA,NA,NA,NA,NA,NA
2020-2021,UCLA,Pac-12,18,Tristin Savage,So,MB,6-7,4,1,7,NA,3,1,8,0.25,NA,NA,NA,NA,NA,NA,2,3,4,4,NA,NA,NA,NA,NA,NA,NA
2020-2021,Utah,Pac-12,2,Sarah Stephens,So,DS,5-4,3,NA,3,NA,0,0,0,NA,NA,NA,NA,1,NA,NA,NA,NA,NA,NA,NA,NA,NA,NA,NA,NA,NA
2020-2021,Utah,Pac-12,3,Emily Smith,So,S,5-9,13,1,36,NA,0,0,2,0,22,9,10,15,NA,NA,NA,NA,NA,9,NA,NA,NA,NA,NA,NA,NA
2020-2021,Utah,Pac-12,5,Leah Schmidt,So,OH,6-3,18,NA,18,NA,2,1,8,0.125,NA,3,6,6,1,NA,NA,NA,NA,5,NA,NA,NA,NA,NA,NA,NA
2020-2021,Utah,Pac-12,7,Zoe Weatherington,So,OH,6-2,9,5,22,NA,60,30,142,0.211,2,NA,NA,11,NA,NA,4,4,6,62,1,NA,NA,NA,NA,NA,NA
2020-2021,Utah,Pac-12,10,Kennedi Evans,So,MB,6-2,17,15,61,NA,69,32,184,0.201,1,NA,NA,20,NA,3,54,1,36,99,1,NA,NA,NA,NA,NA,NA
2020-2021,Washington,Pac-12,10,Dani Cole,So,OH,6-1,3,NA,3,NA,3,2,9,0.111,NA,NA,NA,NA,NA,NA,2,NA,1,4,NA,NA,NA,NA,NA,NA,NA
2020-2021,Washington,Pac-12,17,Sianna Houghton,So,L,5-9,20,0,59,NA,0,1,1,-1,5,5,14,33,1,NA,NA,1,1,5,NA,NA,NA,NA,NA,NA,NA
2020-2021,Washington St.,Pac-12,2,Kalyah Williams,So,OH,6-0,16,12,59,NA,100,43,261,0.218,2,7,24,35,NA,6,44,3,31,135,NA,NA,NA,NA,NA,NA,NA
2020-2021,Washington St.,Pac-12,7,Pia Timmer,So,OH,6-2,14,13,55,NA,173,73,470,0.213,15,17,14,119,12,4,17,3,15.5,202.5,NA,NA,NA,NA,NA,NA,NA
2020-2021,Washington St.,Pac-12,9,Hannah Pukis,So,S,5-11,16,16,62,NA,61,25,163,0.221,577,13,25,170,NA,4,32,8,28,94,1,NA,NA,NA,NA,NA,NA
2020-2021,Washington St.,Pac-12,10,Alexcis Lusby,So,OPP,6-5,15,8,42,NA,79,38,185,0.222,NA,NA,NA,12,NA,5,17,2,15.5,92.5,1,NA,NA,NA,NA,NA,NA
2020-2021,Washington St.,Pac-12,11,Julia Norville,So,L/DS,5-8,16,6,62,NA,0,0,2,0,4,18,12,128,9,NA,NA,NA,NA,18,NA,NA,NA,NA,NA,NA,NA
2020-2021,Washington St.,Pac-12,14,Aria McComber,So,L/DS,5-6,16,1,62,NA,1,0,3,0.333,59,4,4,158,17,NA,NA,NA,NA,5,NA,NA,NA,NA,NA,NA,NA
2020-2021,Washington St.,Pac-12,15,Magda Jehlarova,So,MB,6-3,15,15,59,NA,124,26,233,0.421,11,8,24,25,1,17,59,3,49.5,178.5,1,NA,NA,NA,NA,NA,NA
2020-2021,American,Patriot,1,Zeynep Uzen,So,OH,6-0,8,5,27,NA,59,36,177,0.13,7,5,5,58,7,1,4,1,4,67,2,NA,NA,NA,NA,NA,NA
2020-2021,American,Patriot,3,Rachael Bennett,So,L,5-4,3,1,7,NA,0,0,0,NA,1,NA,2,10,3,NA,NA,NA,NA,NA,NA,NA,NA,NA,NA,NA,NA
2020-2021,American,Patriot,12,Inbal Peleg,So,S,5-10,7,4,17,NA,13,10,56,0.054,59,1,7,26,NA,NA,3,NA,1.5,15.5,6,NA,NA,NA,NA,NA,NA
2020-2021,American,Patriot,16,Asli Celikkol,So,OH,6-2,8,6,21,2,34,12,134,0.164,2,3,4,45,5,1,8,NA,5.5,42,NA,NA,NA,NA,NA,NA,NA
2020-2021,American,Patriot,20,Ally DeGaray,So,L,5-6,7,2,21,1,0,0,1,0,4,4,7,34,4,NA,NA,NA,NA,4,NA,NA,NA,NA,NA,NA,NA
2020-2021,Army West Point,Patriot,2,Makenna Kelty,So,L,5-8,1,0,1,NA,0,0,0,NA,NA,NA,NA,NA,NA,NA,NA,NA,NA,NA,NA,NA,NA,NA,NA,NA,NA
2020-2021,Army West Point,Patriot,4,Sayler Butters,So,L,5-7,8,3,34,NA,0,0,4,0,6,5,10,93,6,1,NA,NA,1,6,NA,NA,NA,NA,NA,NA,NA
2020-2021,Army West Point,Patriot,17,Madison Wendel,So,OH,6-0,5,NA,5,NA,5,3,22,0.091,NA,NA,NA,1,1,NA,NA,NA,NA,5,NA,NA,NA,NA,NA,NA,NA
2020-2021,Bucknell,Patriot,2,Lisa Zoch,So,OH,6-0,4,3,14,NA,42,14,122,0.23,7,5,6,38,4,NA,3,NA,1.5,48.5,NA,NA,NA,NA,NA,NA,NA
2020-2021,Bucknell,Patriot,12,Kelsey O'Loughlin,So,S,5-9,4,4,16,NA,15,5,35,0.286,142,3,6,43,1,1,9,2,7.5,23.5,3,NA,NA,NA,NA,NA,NA
2020-2021,Bucknell,Patriot,13,Zoe Stupek,So,L,5-6,14,NA,14,NA,1,0,1,1,11,2,4,49,5,NA,NA,NA,NA,3,NA,NA,NA,NA,NA,NA,NA
2020-2021,Bucknell,Patriot,17,Vanessa Eng,So,DS,5-4,2,NA,2,NA,0,0,0,NA,NA,NA,NA,1,NA,NA,NA,NA,NA,NA,NA,NA,NA,NA,NA,NA,NA
2020-2021,Bucknell,Patriot,22,Sarina Singer,So,OH,5-9,13,NA,13,NA,0,0,1,0,3,6,3,33,NA,NA,NA,NA,NA,6,NA,NA,NA,NA,NA,NA,NA
2020-2021,Colgate,Patriot,3,Athena Leota,So,RS,6-0,9,6,29,NA,37,13,108,0.222,NA,NA,3,9,NA,NA,10,1,6,42,NA,NA,NA,NA,NA,NA,NA
2020-2021,Colgate,Patriot,12,Anne Martinson,So,S,5-11,16,NA,16,NA,0,0,0,NA,6,3,6,6,NA,NA,NA,NA,NA,3,1,NA,NA,NA,NA,NA,NA
2020-2021,Colgate,Patriot,15,Cami Carfino,So,DS,5-7,9,7,31,NA,15,5,43,0.233,6,6,4,61,3,NA,NA,NA,NA,21,NA,NA,NA,NA,NA,NA,NA
2020-2021,Colgate,Patriot,19,Sophie Thompson,So,MB,6-2,10,10,38,NA,53,16,129,0.287,2,NA,NA,5,NA,9,31,NA,24.5,77.5,NA,NA,NA,NA,NA,NA,NA
2020-2021,Holy Cross,Patriot,4,Halle Carter,So,S,5-9,7,2,21,NA,15,5,43,0.233,64,3,3,48,1,NA,6,2,5,21,2,NA,NA,NA,NA,NA,NA
2020-2021,Holy Cross,Patriot,17,Gracyn Benck,So,OH,6-0,11,9,39,NA,88,36,316,0.165,1,10,13,31,6,1,14,2,10,106,NA,NA,NA,NA,NA,NA,NA
2020-2021,Holy Cross,Patriot,18,Emma VanSeveren,So,L/DS,5-7,24,NA,24,NA,0,1,5,-0.2,4,1,3,32,6,NA,NA,NA,NA,1,NA,NA,NA,NA,NA,NA,NA
2020-2021,Holy Cross,Patriot,21,Peyton Dewers,So,OH,5-9,1,NA,1,NA,0,0,0,NA,NA,NA,NA,NA,NA,NA,NA,NA,NA,NA,NA,NA,NA,NA,NA,NA,NA
2020-2021,Lafayette,Patriot,3,Grace Steurer,So,OH,5-8,6,6,23,NA,27,21,144,0.042,5,10,2,51,6,NA,2,NA,1,38,1,NA,NA,NA,NA,NA,NA
2020-2021,Loyola Maryland,Patriot,7,Mary Grace Wilson,So,DS,5-7,1,NA,1,NA,0,0,0,NA,NA,NA,NA,NA,NA,NA,NA,NA,NA,NA,NA,NA,NA,NA,NA,NA,NA
2020-2021,Loyola Maryland,Patriot,8,Ashley Dwyer,So,S,5-9,6,4,22,3,1,1,13,0,134,7,4,32,NA,NA,2,NA,1.5,9,3,NA,NA,NA,NA,NA,NA
2020-2021,Loyola Maryland,Patriot,9,Adara Kellogg,So,MB,6-3,4,3,17,3,24,8,64,0.25,NA,1,NA,7,NA,NA,16,NA,16,33,NA,NA,NA,NA,NA,NA,NA
2020-2021,Loyola Maryland,Patriot,12,Megan Bukala,So,OH,5-10,14,NA,14,NA,21,17,68,0.059,1,NA,1,16,NA,NA,8,NA,8,25,NA,NA,NA,NA,NA,NA,NA
2020-2021,Loyola Maryland,Patriot,16,Cecylia Guye,So,MB,6-2,6,5,19,4,24,11,68,0.191,NA,NA,NA,3,NA,3,11,1,13.5,32.5,NA,NA,NA,NA,NA,NA,NA
2020-2021,Navy,Patriot,2,Tessa Bohn,So,L/DS,5-6,5,1,21,NA,0,0,1,0,7,3,5,50,4,NA,NA,NA,NA,3,NA,NA,NA,NA,NA,NA,NA
2020-2021,Navy,Patriot,11,Celie Feighery,So,S,5-10,5,4,22,3,9,3,23,0.261,134,6,6,33,NA,NA,2,NA,2,16,7,NA,NA,NA,NA,NA,NA
2020-2021,Navy,Patriot,19,Macy Winter,So,OH,5-11,7,NA,7,NA,0,0,0,NA,1,2,NA,3,NA,NA,NA,NA,NA,2,NA,NA,NA,NA,NA,NA,NA
2020-2021,Alabama,SEC,4,Katie Shook,So,DS,5-8,41,NA,41,NA,0,0,1,0,3,1,2,22,4,NA,NA,NA,NA,1,NA,NA,NA,NA,NA,NA,NA
2020-2021,Alabama,SEC,11,Kennedy Muckelroy,So,RS,6-1,20,13,70,4,179,97,438,0.187,3,13,25,24,1,6,17,4,19.5,206.5,NA,NA,NA,NA,NA,NA,NA
2020-2021,Alabama,SEC,13,Alyiah Wells,So,MB,6-2,22,21,82,4,156,57,384,0.258,6,6,3,34,1,24,50,7,60,211,1,NA,NA,NA,NA,NA,NA
2020-2021,Alabama,SEC,14,Taylor Drapp,So,DS,5-9,18,1,43,NA,0,0,0,NA,3,11,3,18,2,NA,NA,NA,NA,11,NA,NA,NA,NA,NA,NA,NA
2020-2021,Alabama,SEC,22,Emily Janek,So,OPP,6-1,14,9,47,2,24,10,70,0.2,260,2,4,101,NA,4,22,3,18.5,41,1,NA,NA,NA,NA,NA,NA
2020-2021,Arkansas,SEC,10,Jillian Gillen,So,OH,5-7,22,22,83,6,322,134,996,0.189,28,38,82,213,42,5,30,3,29,380,1,NA,NA,NA,NA,NA,NA
2020-2021,Arkansas,SEC,11,Maggie Cartwright,So,OH,5-11,13,13,46,4,116,51,290,0.224,3,3,16,81,NA,3,28,2,25.5,136,1,NA,NA,NA,NA,NA,NA
2020-2021,Arkansas,SEC,17,Abbigail McGee,So,S,5-7,30,NA,30,NA,1,0,1,1,1,1,5,33,NA,NA,NA,NA,NA,2,NA,NA,NA,NA,NA,NA,NA
2020-2021,Georgia,SEC,5,Meghan Froemming,So,OPP,6-0,45,NA,45,NA,55,21,148,0.23,1,NA,NA,24,NA,3,23,5,22,69.5,NA,NA,NA,NA,NA,NA,NA
2020-2021,Georgia,SEC,18,Londyn Gray,So,L/DS,6-1,23,NA,23,NA,0,0,0,NA,NA,1,6,4,NA,NA,NA,NA,NA,1,NA,NA,NA,NA,NA,NA,NA
2020-2021,Georgia,SEC,21,Amber Stivrins,So,OH,6-2,16,14,60,4,212,93,699,0.17,6,10,15,103,20,7,14,1,18,236,NA,NA,NA,NA,NA,NA,NA
2020-2021,Georgia,SEC,23,Kacie Evans,So,OH,5-11,21,19,81,6,208,105,615,0.167,14,22,23,189,9,9,16,2,23,247,1,NA,NA,NA,NA,NA,NA
2020-2021,Kentucky,SEC,1,Maddie Berezowitz,So,L,5-6,15,NA,15,NA,0,0,0,NA,NA,2,1,2,NA,NA,NA,NA,NA,2,NA,NA,NA,NA,NA,NA,NA
2020-2021,Kentucky,SEC,14,Bella Bell,So,MB,6-4,14,6,24,2,29,9,64,0.313,NA,NA,NA,2,1,NA,22,3,15.5,40,NA,NA,NA,NA,NA,NA,NA
2020-2021,Kentucky,SEC,15,Azhani Tealer,So,OPP,5-10,25,25,82,4,214,55,369,0.431,1,13,34,32,1,6,89,7,64.5,277.5,NA,NA,NA,NA,NA,NA,NA
2020-2021,LSU,SEC,1,Samarah Hill,So,OH,6-0,4,3,16,2,41,19,125,0.176,1,7,4,45,3,1,7,NA,5.5,52.5,NA,NA,NA,NA,NA,NA,NA
2020-2021,LSU,SEC,3,Meredyth Howard,So,MB,5-11,2,NA,2,NA,1,0,4,0.25,NA,NA,NA,1,NA,NA,NA,NA,NA,1,NA,NA,NA,NA,NA,NA,NA
2020-2021,LSU,SEC,10,Jill Bohnet,So,DS,5-4,22,1,86,1,1,0,3,0.333,22,6,8,137,12,NA,NA,NA,NA,7,NA,NA,NA,NA,NA,NA,NA
2020-2021,LSU,SEC,11,Anita Anwusi,So,MB,6-3,22,20,77,12,108,45,261,0.241,1,NA,NA,15,NA,16,35,4,45.5,141.5,NA,NA,NA,NA,NA,NA,NA
2020-2021,LSU,SEC,14,Allee Morris,So,MB,6-4,13,5,31,3,27,25,93,0.022,1,1,10,3,NA,6,17,1,21,42.5,NA,NA,NA,NA,NA,NA,NA
2020-2021,LSU,SEC,18,Karli Rose,So,S,5-7,22,22,88,14,53,18,119,0.294,838,14,18,193,1,4,20,3,25.5,81,7,NA,NA,NA,NA,NA,NA
2020-2021,Mississippi St.,SEC,9,Callie Minshew,So,OH,5-11,19,12,59,NA,103,71,359,0.089,7,20,38,138,28,1,13,2,11,130.5,1,NA,NA,NA,NA,NA,NA
2020-2021,Mississippi St.,SEC,14,Burgundy Walters,So,MB,6-0,2,1,3,NA,0,1,2,-0.5,NA,NA,NA,NA,NA,NA,NA,NA,NA,NA,NA,NA,NA,NA,NA,NA,NA
2020-2021,Mississippi St.,SEC,18,Lauren Myrick,So,OH,6-0,18,12,65,4,116,52,412,0.155,7,3,10,112,15,1,9,NA,6,124.5,NA,NA,NA,NA,NA,NA,NA
2020-2021,Mississippi St.,SEC,21,Katie Culumovic,So,S,5-5,9,1,35,1,0,2,4,-0.5,123,7,12,40,NA,NA,NA,2,1,7,5,NA,NA,NA,NA,NA,NA
2020-2021,Missouri,SEC,1,Erin Williamson,So,DS,5-5,24,15,89,9,1,0,3,0.333,19,11,19,119,4,NA,NA,NA,NA,12,NA,NA,NA,NA,NA,NA,NA
2020-2021,Missouri,SEC,3,Anna Dixon,So,OH,6-3,24,10,91,8,273,106,675,0.247,4,5,11,59,12,4,27,1,26.5,295.5,1,NA,NA,NA,NA,NA,NA
2020-2021,Missouri,SEC,6,Kenna Sauer,So,OH,6-1,17,10,57,6,66,28,209,0.182,2,4,11,30,2,6,23,3,26.5,87.5,NA,NA,NA,NA,NA,NA,NA
2020-2021,Missouri,SEC,8,Claudia Dillon,So,MB,6-2,22,20,82,14,146,46,301,0.332,4,7,14,32,NA,5,57,4,57,186.5,NA,NA,NA,NA,NA,NA,NA
2020-2021,Missouri,SEC,14,Leandra Mangual-Duran,So,OH,6-0,20,7,72,5,13,8,43,0.116,15,2,7,100,7,NA,NA,NA,NA,15,NA,NA,NA,NA,NA,NA,NA
2020-2021,Ole Miss,SEC,8,Maggie Miller,So,DS,5-5,19,6,71,3,1,2,5,-0.2,16,4,6,105,16,NA,NA,NA,NA,5,NA,NA,NA,NA,NA,NA,NA
2020-2021,Ole Miss,SEC,9,Ava Wampler,So,MB,6-5,4,NA,4,NA,1,0,1,1,NA,NA,NA,1,NA,NA,NA,1,NA,1,NA,NA,NA,NA,NA,NA,NA
2020-2021,Ole Miss,SEC,28,Anna Bair,So,OH,6-2,19,11,70,7,182,82,485,0.206,12,9,19,76,17,2,20,2,20.5,203,3,NA,NA,NA,NA,NA,NA
2020-2021,South Carolina,SEC,1,Kylee Stokes,So,MH,6-1,6,1,9,NA,6,8,22,-0.091,NA,NA,6,2,NA,1,4,2,5,9,NA,NA,NA,NA,NA,NA,NA
2020-2021,South Carolina,SEC,7,McKenzie Moorman,So,OH,6-1,19,8,59,5,92,48,214,0.206,2,NA,NA,14,1,2,25,5,24.5,106.5,NA,NA,NA,NA,NA,NA,NA
2020-2021,South Carolina,SEC,10,Camilla Covas,So,DS,5-6,74,NA,74,NA,0,1,3,-0.333,60,27,44,232,25,NA,NA,1,1,27,NA,NA,NA,NA,NA,NA,NA
2020-2021,South Carolina,SEC,12,Holly Eastridge,So,OPP,6-3,21,11,60,7,67,31,185,0.195,1,NA,NA,18,NA,1,33,2,25.5,84.5,NA,NA,NA,NA,NA,NA,NA
2020-2021,South Carolina,SEC,23,Gabby Brown,So,OPP,6-1,12,NA,12,NA,7,3,23,0.174,NA,NA,NA,5,NA,NA,NA,1,NA,7,NA,NA,NA,NA,NA,NA,NA
2020-2021,Tennessee,SEC,1,Kailey Keeble,So,S,5-8,32,NA,32,NA,1,1,6,0,42,3,12,33,NA,NA,1,NA,0.5,4.5,1,NA,NA,NA,NA,NA,NA
2020-2021,Tennessee,SEC,6,Madisen Werdell,So,L/DS,5-7,5,NA,5,NA,0,0,0,NA,NA,NA,1,NA,NA,NA,NA,NA,NA,NA,NA,NA,NA,NA,NA,NA,NA
2020-2021,Tennessee,SEC,7,Morgahn Fingall,So,RS,6-1,15,12,52,NA,185,78,514,0.208,3,7,31,83,1,4,34,3,24,213,NA,NA,NA,NA,NA,NA,NA
2020-2021,Tennessee,SEC,12,Madison Bryant,So,L/DS,5-10,20,5,75,NA,2,0,6,0.333,74,9,23,289,9,NA,NA,NA,NA,11,NA,NA,NA,NA,NA,NA,NA
2020-2021,Tennessee,SEC,13,Emily Merrick,So,OH,6-4,12,NA,12,NA,15,10,51,0.098,NA,NA,NA,4,NA,NA,2,NA,1,16,NA,NA,NA,NA,NA,NA,NA
2020-2021,Tennessee,SEC,14,Carissa Bradford,So,OH,6-2,1,NA,1,NA,1,0,2,0.5,NA,NA,NA,NA,NA,NA,NA,NA,NA,1,NA,NA,NA,NA,NA,NA,NA
2020-2021,Tennessee,SEC,24,Nicoletta Capizzi,So,MB,6-3,18,NA,18,NA,3,3,12,0,NA,3,5,4,NA,2,3,NA,3.5,9.5,NA,NA,NA,NA,NA,NA,NA
2020-2021,Texas A&M,SEC,0,Karly Basham,So,L/DS,5-8,7,1,29,NA,0,0,3,0,29,5,9,100,5,NA,NA,NA,NA,5,NA,NA,NA,NA,NA,NA,NA
2020-2021,Texas A&M,SEC,7,Lauren Davis,So,OH,6-4,18,4,70,2,170,93,543,0.142,2,NA,1,31,11,2,25,1,18.5,184.5,NA,NA,NA,NA,NA,NA,NA
2020-2021,Texas A&M,SEC,8,Morgan Christon,So,OH,6-1,12,9,37,4,133,66,377,0.178,3,12,12,86,20,2,18,3,15.5,156,NA,NA,NA,NA,NA,NA,NA
2020-2021,Texas A&M,SEC,14,Treyaunna Rush,So,OPP,6-1,14,9,52,4,93,47,236,0.195,NA,NA,NA,35,NA,1,20,1,12.5,104,NA,NA,NA,NA,NA,NA,NA
2020-2021,Texas A&M,SEC,15,Madison Bowser,So,MB,6-1,1,NA,1,NA,0,1,2,-0.5,NA,NA,NA,NA,NA,NA,NA,NA,NA,NA,NA,NA,NA,NA,NA,NA,NA
2020-2021,Texas A&M,SEC,16,Sabrina Sustala,So,L/DS,5-5,18,2,68,NA,0,0,11,0,50,3,9,171,14,NA,NA,NA,NA,3,NA,NA,NA,NA,NA,NA,NA
2020-2021,Texas A&M,SEC,17,Ciera Hecht,So,OH,5-10,12,8,41,2,51,37,181,0.077,2,14,29,94,13,1,6,NA,4.5,69,NA,NA,NA,NA,NA,NA,NA
2020-2021,Alcorn,SWAC,12,Jeda Curry,So,OH,5-9,10,6,33,2,58,49,207,0.043,3,3,4,32,5,NA,2,1,2.5,62,NA,NA,NA,NA,NA,NA,NA
2020-2021,Ark.-Pine Bluff,SWAC,1,Elyssa Kennedy,So,S,-,12,12,38,1,2,2,37,0,156,6,10,76,NA,NA,NA,NA,NA,8,1,NA,NA,NA,NA,NA,NA
2020-2021,Ark.-Pine Bluff,SWAC,4,Jasmine Fuqua,So,OH,5-7,12,8,33,1,30,17,114,0.114,3,NA,NA,24,3,2,6,NA,5.5,35,NA,NA,NA,NA,NA,NA,NA
2020-2021,Ark.-Pine Bluff,SWAC,5,Zyonn Smith,So,OH,-,13,13,45,1,167,70,519,0.187,11,7,23,153,6,2,8,2,8,180,NA,NA,NA,NA,NA,NA,NA
2020-2021,Ark.-Pine Bluff,SWAC,8,Nyah Ellis,So,DS,5-5,35,NA,35,NA,1,2,26,-0.038,29,11,6,199,1,NA,NA,NA,NA,12,NA,NA,NA,NA,NA,NA,NA
2020-2021,Ark.-Pine Bluff,SWAC,9,Nikole Akamine,So,OH,5-3,45,NA,45,NA,4,2,54,0.037,234,17,10,83,NA,NA,1,NA,0.5,21.5,3,NA,NA,NA,NA,NA,NA
2020-2021,Ark.-Pine Bluff,SWAC,12,Reagin Williams,So,RS,-,13,4,44,NA,66,34,205,0.156,NA,NA,1,22,NA,7,18,2,18.5,82,NA,NA,NA,NA,NA,NA,NA
2020-2021,Grambling,SWAC,4,Rayven McKenzie,So,OH,5-9,15,1,39,NA,40,23,148,0.115,4,1,3,24,3,2,13,NA,9.5,49.5,1,NA,NA,NA,NA,NA,NA
2020-2021,Grambling,SWAC,6,Kalee Cadwell,So,DS,5-9,15,14,55,2,20,5,100,0.15,234,10,5,167,1,NA,1,NA,1,30.5,5,NA,NA,NA,NA,NA,NA
2020-2021,Grambling,SWAC,7,Gillian Jones,So,RS,5-8,16,16,59,2,129,59,430,0.163,6,1,NA,32,1,3,27,NA,19,146.5,2,NA,NA,NA,NA,NA,NA
2020-2021,Grambling,SWAC,10,Saige Rivers,So,RS,5-11,5,0,5,NA,3,2,12,0.083,NA,NA,NA,1,NA,NA,NA,NA,NA,3,NA,NA,NA,NA,NA,NA,NA
2020-2021,Grambling,SWAC,11,Maurisa Harris,So,L/DS,5-3,16,10,58,2,2,3,28,-0.036,16,14,10,156,14,NA,NA,1,1,16,1,NA,NA,NA,NA,NA,NA
2020-2021,Grambling,SWAC,15,Victoria Ratcliff,So,MB,5-11,1,0,1,NA,3,0,3,1,NA,NA,NA,NA,NA,1,NA,NA,1,4,NA,NA,NA,NA,NA,NA,NA
2020-2021,Grambling,SWAC,17,Aliah Bell,So,OH,6-1,12,2,34,NA,35,19,114,0.14,3,1,1,11,NA,2,5,1,5.5,40.5,NA,NA,NA,NA,NA,NA,NA
2020-2021,Grambling,SWAC,18,Semira Fields,So,OH,5-10,16,15,58,2,103,64,409,0.095,12,5,7,146,15,3,10,NA,8.5,116,4,NA,NA,NA,NA,NA,NA
2020-2021,Jackson St.,SWAC,1,Damassy Thompson,So,S,5-1,12,12,40,1,6,1,32,0.156,190,16,15,90,NA,NA,NA,1,1,22,1,NA,NA,NA,NA,NA,NA
2020-2021,Jackson St.,SWAC,2,Alana Washington,So,DS,5-5,41,NA,41,NA,1,1,17,0,51,10,10,123,4,NA,NA,NA,NA,11,NA,NA,NA,NA,NA,NA,NA
2020-2021,Jackson St.,SWAC,4,Carin Bridges,So,DS,5-2,2,1,6,NA,0,0,1,0,NA,NA,3,10,NA,NA,NA,NA,NA,NA,NA,NA,NA,NA,NA,NA,NA
2020-2021,Jackson St.,SWAC,7,Kaiya Wall,So,OH,5-11,5,NA,5,NA,2,2,8,0,NA,1,NA,3,1,NA,NA,NA,NA,3,NA,NA,NA,NA,NA,NA,NA
2020-2021,Jackson St.,SWAC,8,Hannah Lewis,So,OH,5-7,2,NA,2,NA,1,0,5,0.2,NA,NA,NA,1,NA,NA,NA,NA,NA,1,NA,NA,NA,NA,NA,NA,NA
2020-2021,Jackson St.,SWAC,14,Jylen Whitten,So,OH,5-9,11,11,37,1,104,45,319,0.185,4,17,27,93,10,1,10,2,8.5,127,1,NA,NA,NA,NA,NA,NA
2020-2021,Jackson St.,SWAC,19,Taila Gaines,So,MB,6-0,5,5,18,1,28,9,50,0.38,NA,5,4,11,NA,2,9,2,9,39.5,NA,NA,NA,NA,NA,NA,NA
2020-2021,Jackson St.,SWAC,20,Monica Miller,So,RS,6-1,1,NA,1,NA,0,0,0,NA,NA,NA,NA,NA,NA,NA,NA,NA,NA,NA,NA,NA,NA,NA,NA,NA,NA
2020-2021,Mississippi Val.,SWAC,12,Victoria Mallard,So,RS,6-1,10,9,31,2,26,22,81,0.049,2,2,3,10,NA,3,9,3,10.5,35.5,NA,NA,NA,NA,NA,NA,NA
2020-2021,Prairie View,SWAC,11,Kimira Coffee,So,MB,6-0,13,12,36,2,54,15,127,0.307,3,NA,NA,22,NA,5,11,NA,12,64.5,NA,NA,NA,NA,NA,NA,NA
2020-2021,Prairie View,SWAC,14,Skyla Childs,So,DS,5-5,52,NA,52,NA,1,5,62,-0.065,54,6,13,222,8,NA,NA,NA,NA,7,1,NA,NA,NA,NA,NA,NA
2020-2021,Prairie View,SWAC,18,Neema Davies,So,OH,5-9,9,1,22,NA,2,2,10,0,2,2,4,32,2,NA,NA,NA,NA,4,NA,NA,NA,NA,NA,NA,NA
2020-2021,Prairie View,SWAC,19,Jaraysia Hope,So,DS,5-4,5,NA,5,NA,0,0,2,0,NA,NA,NA,2,NA,NA,NA,NA,NA,NA,NA,NA,NA,NA,NA,NA,NA
2020-2021,Prairie View,SWAC,20,Autumn Dowell,So,RS,5-11,14,10,34,1,29,18,88,0.125,1,NA,1,8,NA,1,17,NA,11,38.5,NA,NA,NA,NA,NA,NA,NA
2020-2021,Prairie View,SWAC,21,Jakarta Hope,So,S,5-4,15,11,52,2,10,2,75,0.107,223,9,12,108,NA,1,NA,NA,1,20,7,NA,NA,NA,NA,NA,NA
2020-2021,Southern U.,SWAC,7,Kendall Dutton,So,OH,5-7,32,NA,32,NA,44,27,157,0.108,3,NA,1,11,1,NA,2,NA,1,45,NA,NA,NA,NA,NA,NA,NA
2020-2021,Southern U.,SWAC,8,Brook Jefferson,So,DS,5-5,9,5,26,NA,2,0,18,0.111,4,2,1,43,3,NA,NA,NA,NA,4,NA,NA,NA,NA,NA,NA,NA
2020-2021,Texas Southern,SWAC,5,Janiya Chapman,So,OH,5-11,11,6,41,1,68,33,235,0.149,1,1,2,24,1,2,4,1,4.5,73,NA,NA,NA,NA,NA,NA,NA
2020-2021,Texas Southern,SWAC,7,Nia Ford,So,OH,5-9,7,NA,7,NA,0,0,3,0,1,NA,1,1,1,NA,NA,NA,NA,NA,NA,NA,NA,NA,NA,NA,NA
2020-2021,Texas Southern,SWAC,10,Thalia Cordero-Moreno,So,OH,5-9,11,9,38,1,88,43,279,0.161,10,5,16,103,8,2,2,1,3,96,2,NA,NA,NA,NA,NA,NA
2020-2021,Texas Southern,SWAC,12,Danielle Lilley,So,OH,5-10,11,11,42,1,105,54,307,0.166,6,5,13,67,5,NA,8,NA,4.5,114,1,NA,NA,NA,NA,NA,NA
2020-2021,Texas Southern,SWAC,18,Kaitlyn Scroggins,So,RS,5-7,6,1,9,NA,0,0,3,0,2,2,NA,15,3,NA,NA,NA,NA,2,1,NA,NA,NA,NA,NA,NA
2020-2021,Texas Southern,SWAC,20,Indyah Rideaux,So,MB,6-1,3,2,9,NA,6,6,23,0,NA,NA,NA,2,NA,1,4,NA,3,9,NA,NA,NA,NA,NA,NA,NA
2020-2021,Texas Southern,SWAC,24,Indyah Rideaux,So,MB,6-0,7,5,28,NA,13,7,59,0.102,2,NA,NA,10,NA,7,6,1,11,23,1,NA,NA,NA,NA,NA,NA
2020-2021,Chattanooga,SoCon,4,Makenzie Jordan,So,L/DS,5-10,18,2,57,NA,0,0,1,0,5,8,6,142,9,NA,NA,NA,NA,8,NA,NA,NA,NA,NA,NA,NA
2020-2021,Chattanooga,SoCon,7,Coniah Davis,So,RS,6-0,16,10,48,NA,63,37,232,0.112,1,NA,NA,19,NA,2,23,NA,13.5,76.5,NA,NA,NA,NA,NA,NA,NA
2020-2021,Chattanooga,SoCon,16,Tamia Hall,So,OH,6-0,5,1,14,NA,21,24,88,-0.034,NA,NA,NA,9,NA,NA,NA,NA,NA,21,NA,NA,NA,NA,NA,NA,NA
2020-2021,Chattanooga,SoCon,17,Bailey Steger,So,S,5-8,11,2,29,NA,2,1,8,0.125,135,7,10,44,NA,NA,2,NA,1,10,6,NA,NA,NA,NA,NA,NA
2020-2021,ETSU,SoCon,1,Sydney Cherney,So,L,5-8,59,NA,59,NA,0,1,1,-1,45,NA,4,219,18,NA,NA,NA,NA,NA,NA,NA,NA,NA,NA,NA,NA
2020-2021,ETSU,SoCon,3,Lundyn Coffman,So,MB,6-0,13,4,31,2,16,14,55,0.036,NA,3,5,8,NA,1,10,6,13,25,NA,NA,NA,NA,NA,NA,NA
2020-2021,ETSU,SoCon,6,Olivia Cunningham,So,OH,5-11,5,5,19,2,89,31,201,0.289,9,7,8,46,3,1,10,2,8.5,102,NA,NA,NA,NA,NA,NA,NA
2020-2021,ETSU,SoCon,8,Emily Arnold,So,S,5-8,16,16,59,2,14,5,61,0.148,598,8,6,122,2,NA,14,3,10.5,29,3,NA,NA,NA,NA,NA,NA
2020-2021,ETSU,SoCon,13,Lauren Hatch,So,OH,5-10,2,2,9,2,29,14,69,0.217,NA,2,2,13,1,2,9,NA,11,37.5,NA,NA,NA,NA,NA,NA,NA
2020-2021,ETSU,SoCon,16,Sidney Sherrill,So,MB,6-2,12,3,27,NA,13,14,63,-0.016,NA,NA,NA,12,NA,NA,3,2,3.5,14.5,2,NA,NA,NA,NA,NA,NA
2020-2021,Furman,SoCon,7,Andrea Aceveda,So,L,5-2,64,NA,64,NA,2,2,6,0,48,14,2,288,30,NA,2,NA,1,17,2,NA,NA,NA,NA,NA,NA
2020-2021,Furman,SoCon,9,Sarah Turner,So,DS,5-9,14,7,46,4,2,2,8,0,14,9,12,112,8,NA,NA,NA,NA,11,NA,NA,NA,NA,NA,NA,NA
2020-2021,Furman,SoCon,10,Natalie Dunn,So,OH,5-10,14,5,43,2,44,25,172,0.11,5,2,11,78,23,4,8,1,11.5,54,NA,NA,NA,NA,NA,NA,NA
2020-2021,Mercer,SoCon,7,Taylor Lynch,So,OH,6-0,20,10,74,3,140,71,452,0.153,3,1,5,68,11,10,25,4,32,163.5,NA,NA,NA,NA,NA,NA,NA
2020-2021,Mercer,SoCon,10,Lexi Uhrhan,So,L/DS,5-6,23,11,85,1,3,0,8,0.375,17,24,20,153,15,NA,NA,NA,NA,27,NA,NA,NA,NA,NA,NA,NA
2020-2021,Mercer,SoCon,27,Jaida Howell,So,MB,5-11,22,22,81,4,223,78,460,0.315,4,NA,NA,16,1,18,72,12,72,277,NA,NA,NA,NA,NA,NA,NA
2020-2021,Samford,SoCon,3,Sarah Hayes Farley,So,OH,6-0,19,19,75,2,74,22,213,0.244,10,25,27,166,31,2,2,1,4.5,102,NA,NA,NA,NA,NA,NA,NA
2020-2021,Samford,SoCon,6,Andie Salasky,So,L/DS,5-6,75,NA,75,NA,2,1,6,0.167,22,26,44,167,17,NA,NA,NA,NA,28,NA,NA,NA,NA,NA,NA,NA
2020-2021,Samford,SoCon,17,Emily Naubert,So,L/DS,5-9,75,NA,75,NA,0,0,6,0,64,29,20,316,24,NA,NA,NA,NA,29,1,NA,NA,NA,NA,NA,NA
2020-2021,The Citadel,SoCon,3,Alicia Roberts,So,MH,6-0,14,6,27,NA,29,16,68,0.191,1,NA,NA,10,NA,3,13,1,10.5,38.5,1,NA,NA,NA,NA,NA,NA
2020-2021,The Citadel,SoCon,4,Makaya Middleton,So,OPP,5-9,19,17,72,NA,118,69,401,0.122,2,3,7,62,1,1,24,8,21,134,3,NA,NA,NA,NA,NA,NA
2020-2021,The Citadel,SoCon,5,Amie Greene,So,S,5-9,17,17,66,NA,40,17,117,0.197,647,16,14,135,NA,NA,18,2,11,65,36,NA,NA,NA,NA,NA,NA
2020-2021,The Citadel,SoCon,10,Gina DeLancey,So,MB,6-2,21,18,73,NA,90,36,280,0.193,3,1,4,10,NA,8,61,3,41.5,129.5,1,NA,NA,NA,NA,NA,NA
2020-2021,The Citadel,SoCon,21,Kenzie Kellerman,So,L,4-11,80,NA,80,NA,3,0,6,0.5,63,11,23,305,36,NA,NA,NA,NA,14,1,NA,NA,NA,NA,NA,NA
2020-2021,The Citadel,SoCon,25,Maddy Cardenas,So,MB,6-2,20,16,59,NA,83,38,222,0.203,5,6,9,25,NA,6,22,2,19,106,NA,NA,NA,NA,NA,NA,NA
2020-2021,UNC Greensboro,SoCon,4,Hannah Knier,So,OH,6-2,17,16,66,10,113,45,330,0.206,NA,4,7,30,NA,7,37,NA,38.5,142.5,NA,NA,NA,NA,NA,NA,NA
2020-2021,UNC Greensboro,SoCon,7,Karolina Zubkova,So,OH,6-1,16,1,53,NA,80,69,358,0.031,NA,NA,NA,28,7,1,17,3,14.5,89.5,1,NA,NA,NA,NA,NA,NA
2020-2021,UNC Greensboro,SoCon,8,Grey Breen,So,MH,6-1,17,17,64,11,94,30,261,0.245,3,11,9,20,NA,5,31,4,31,125.5,NA,NA,NA,NA,NA,NA,NA
2020-2021,UNC Greensboro,SoCon,9,Gabriela McHugh,So,S,6-0,10,10,42,6,35,11,84,0.286,354,7,4,107,NA,NA,23,1,20,53.5,11,NA,NA,NA,NA,NA,NA
2020-2021,UNC Greensboro,SoCon,15,Brittany Wood,So,OH,5-9,17,13,62,8,103,68,321,0.109,1,NA,NA,25,1,2,13,7,14,111.5,NA,NA,NA,NA,NA,NA,NA
2020-2021,UNC Greensboro,SoCon,18,Elayne Grisbee,So,MH,6-3,4,1,8,NA,6,7,23,-0.043,NA,NA,1,5,NA,NA,2,NA,2,7,NA,NA,NA,NA,NA,NA,NA
2020-2021,Western Caro.,SoCon,1,Johnna Robinson,So,MB,6-0,17,15,60,4,89,48,248,0.165,1,NA,NA,6,NA,22,43,10,61.5,132.5,NA,NA,NA,NA,NA,NA,NA
2020-2021,Western Caro.,SoCon,18,Sydney Carlson,So,S,5-9,16,3,52,NA,15,3,38,0.316,118,11,11,52,NA,NA,NA,NA,NA,26,2,NA,NA,NA,NA,NA,NA
2020-2021,Wofford,SoCon,2,Emory Wyatt,So,MH,6-0,3,NA,3,NA,1,1,5,0,NA,NA,NA,1,NA,NA,NA,NA,NA,1,NA,NA,NA,NA,NA,NA,NA
2020-2021,Wofford,SoCon,4,Chasidy Sharpe,So,L,5-1,35,NA,35,NA,0,0,1,0,2,4,8,9,NA,NA,NA,NA,NA,4,NA,NA,NA,NA,NA,NA,NA
2020-2021,Wofford,SoCon,7,Kennedy Smith,So,OH,6-0,12,7,41,NA,72,35,241,0.154,10,8,6,66,8,2,7,2,7.5,85.5,1,NA,NA,NA,NA,NA,NA
2020-2021,Wofford,SoCon,12,Bella Zeman,So,OH,5-10,11,6,41,NA,110,54,324,0.173,NA,NA,NA,24,4,5,9,NA,9.5,119.5,1,NA,NA,NA,NA,NA,NA
2020-2021,Wofford,SoCon,19,Gracie Kenkel,So,S,5-7,2,NA,2,NA,0,0,0,NA,NA,2,1,NA,NA,NA,NA,NA,NA,2,NA,NA,NA,NA,NA,NA,NA
2020-2021,Wofford,SoCon,23,Alexa Bertsch,So,OH,6-2,2,2,7,NA,17,10,67,0.104,1,NA,4,12,3,1,2,NA,2,19,NA,NA,NA,NA,NA,NA,NA
2020-2021,A&M-Corpus Christi,Southland,5,Carissa Barnes,So,L,5-7,69,NA,69,NA,1,0,7,0.143,49,40,30,398,17,NA,1,NA,0.5,41.5,NA,NA,NA,NA,NA,NA,NA
2020-2021,A&M-Corpus Christi,Southland,6,Faith Panhans,So,S,5-11,19,19,69,NA,114,24,259,0.347,686,18,29,137,2,3,18,2,14,144,13,1,NA,NA,NA,NA,NA
2020-2021,Abilene Christian,Southland,3,Mackenzie Harris,So,L,5-8,59,NA,59,NA,3,0,8,0.375,52,24,12,248,16,NA,NA,NA,NA,27,NA,NA,NA,NA,NA,NA,NA
2020-2021,Abilene Christian,Southland,6,Breanna Box,So,MB,6-2,15,15,59,NA,113,46,286,0.234,3,NA,NA,12,1,6,36,5,29,137,1,NA,NA,NA,NA,NA,NA
2020-2021,Abilene Christian,Southland,16,Logan Browning,So,L/DS,5-2,15,1,59,NA,0,0,0,NA,7,4,10,109,9,NA,NA,NA,NA,4,NA,NA,NA,NA,NA,NA,NA
2020-2021,Central Ark.,Southland,1,Alexis Stumbough,So,OH,5-11,19,14,69,NA,127,53,386,0.192,7,16,6,226,10,1,9,1,6.5,148.5,NA,NA,NA,NA,NA,NA,NA
2020-2021,Central Ark.,Southland,11,Ravin Rhodes,So,MB,5-11,17,16,63,NA,80,10,149,0.47,5,2,4,21,NA,16,38,8,43,117,NA,NA,NA,NA,NA,NA,NA
2020-2021,Central Ark.,Southland,19,Anna Williams,So,S,-,16,1,57,NA,4,5,29,-0.034,281,6,5,87,NA,NA,NA,3,3,10,16,NA,NA,NA,NA,NA,NA
2020-2021,Central Ark.,Southland,21,Jada Oldham,So,S,-,2,1,5,NA,0,0,1,0,2,NA,1,7,1,NA,NA,NA,NA,NA,NA,NA,NA,NA,NA,NA,NA
2020-2021,Houston Christian,Southland,8,Anna Gadway,So,RS,6-1,18,18,62,2,113,78,333,0.105,26,6,18,148,NA,6,40,9,32.5,145,NA,NA,NA,NA,NA,NA,NA
2020-2021,Houston Christian,Southland,18,Ellie Wipf,So,S,6-0,19,19,70,2,46,12,135,0.252,685,13,18,146,NA,4,38,4,27,82,18,NA,NA,NA,NA,NA,NA
2020-2021,Houston Christian,Southland,99,Marisabel Torres-Rivera,So,L/DS,5-7,6,2,22,NA,2,0,3,0.667,17,6,8,95,12,NA,NA,NA,NA,8,NA,NA,NA,NA,NA,NA,NA
2020-2021,Lamar University,Southland,8,Steelie Ledbetter,So,L/DS,5-6,2,1,6,1,0,0,0,NA,NA,NA,NA,13,5,NA,NA,NA,NA,NA,NA,NA,NA,NA,NA,NA,NA
2020-2021,Lamar University,Southland,11,Kaitlyn Gil,So,OH,5-10,17,16,59,2,153,87,521,0.127,6,12,16,121,20,2,19,2,13.5,176.5,1,NA,NA,NA,NA,NA,NA
2020-2021,Lamar University,Southland,13,Malaysia Murdock,So,MB,5-11,12,11,40,2,56,18,173,0.22,1,NA,NA,5,NA,2,20,2,14,68,1,NA,NA,NA,NA,NA,NA
2020-2021,Lamar University,Southland,24,Annika Slovak,So,S,5-7,5,3,12,NA,1,0,12,0.083,40,1,5,27,1,NA,NA,NA,NA,2,3,NA,NA,NA,NA,NA,NA
2020-2021,McNeese,Southland,11,Macee Krpec,So,OPP,6-2,11,7,35,NA,55,31,163,0.147,2,NA,NA,14,NA,5,16,2,15,68,NA,NA,NA,NA,NA,NA,NA
2020-2021,McNeese,Southland,12,Shelby Epley,So,MB,6-1,5,2,12,NA,10,7,29,0.103,1,NA,3,5,NA,1,7,1,5.5,14.5,NA,NA,NA,NA,NA,NA,NA
2020-2021,McNeese,Southland,14,Baylee Laskoskie,So,S,6-0,12,5,38,NA,34,26,119,0.067,129,12,11,76,1,3,4,1,6,51,5,NA,NA,NA,NA,NA,NA
2020-2021,McNeese,Southland,31,Bria Plante,So,MB,6-4,2,NA,2,NA,0,1,1,-1,NA,NA,NA,NA,NA,NA,NA,NA,NA,NA,NA,NA,NA,NA,NA,NA,NA
2020-2021,New Orleans,Southland,1,Sheilah Purcell,So,L/DS,5-5,14,2,47,NA,0,1,9,-0.111,24,7,3,184,13,NA,NA,NA,NA,7,NA,NA,NA,NA,NA,NA,NA
2020-2021,New Orleans,Southland,2,Trinity Jackson,So,OH,5-9,14,11,44,NA,67,39,215,0.13,11,7,18,101,14,NA,6,NA,3,77,1,NA,NA,NA,NA,NA,NA
2020-2021,New Orleans,Southland,4,Hannah Volpi,So,L/DS,5-2,14,6,49,NA,3,1,19,0.105,223,10,16,174,10,NA,4,2,4,15,7,NA,NA,NA,NA,NA,NA
2020-2021,New Orleans,Southland,11,Lucie Pokorna,So,S,5-8,7,7,22,NA,19,4,78,0.192,227,3,3,41,NA,NA,8,NA,4,26,1,NA,NA,NA,NA,NA,NA
2020-2021,New Orleans,Southland,12,Sh'Diamond Holly,So,MB,6-0,13,11,38,NA,62,37,184,0.136,NA,5,19,16,2,9,28,6,29,90,1,NA,NA,NA,NA,NA,NA
2020-2021,New Orleans,Southland,15,Nia St. Cyr,So,MB,6-2,6,NA,6,NA,3,0,11,0.273,NA,NA,NA,1,NA,NA,4,NA,2,5,NA,NA,NA,NA,NA,NA,NA
2020-2021,Nicholls,Southland,3,Devon Bright,So,OH,5-8,27,NA,27,NA,50,21,140,0.207,3,NA,2,31,3,NA,8,NA,4,54,NA,NA,NA,NA,NA,NA,NA
2020-2021,Nicholls,Southland,4,Bailey Lyons,So,DS,5-4,24,NA,24,NA,0,0,2,0,4,NA,8,41,5,NA,NA,NA,NA,NA,NA,NA,NA,NA,NA,NA,NA
2020-2021,Nicholls,Southland,6,Jackie Alanis,So,OH,5-9,5,1,16,NA,5,7,27,-0.074,1,2,2,5,1,NA,NA,NA,NA,7,NA,NA,NA,NA,NA,NA,NA
2020-2021,Nicholls,Southland,10,Lilly Bivens,So,S,5-8,9,1,31,NA,1,0,8,0.125,92,5,2,32,NA,NA,NA,NA,NA,6,1,NA,NA,NA,NA,NA,NA
2020-2021,Nicholls,Southland,12,Jaida Felix,So,OH,5-9,9,2,26,NA,4,3,13,0.077,118,3,2,44,NA,NA,1,NA,0.5,7.5,2,NA,NA,NA,NA,NA,NA
2020-2021,Northwestern St.,Southland,1,Autumn Gentry,So,S,5-9,13,12,43,NA,53,40,245,0.053,152,11,16,133,5,NA,10,2,7,69,18,1,NA,NA,NA,NA,NA
2020-2021,Northwestern St.,Southland,5,Addison McDermott,So,OH,6-0,11,11,37,NA,74,68,312,0.019,6,14,12,93,16,3,21,4,17.5,101.5,2,NA,NA,NA,NA,NA,NA
2020-2021,Northwestern St.,Southland,7,Haley Hoang,So,L,5-4,27,NA,27,NA,1,1,15,0,25,11,6,160,5,NA,NA,NA,NA,12,1,NA,NA,NA,NA,NA,NA
2020-2021,Northwestern St.,Southland,9,Jaylibeth Garcia-Rosa,So,MB,6-2,13,5,29,NA,30,13,90,0.189,3,3,5,12,NA,5,8,4,13,42,NA,NA,NA,NA,NA,NA,NA
2020-2021,Northwestern St.,Southland,20,Reagan Lee,So,MB,6-1,9,9,29,NA,26,19,92,0.076,NA,NA,NA,5,NA,4,19,3,16.5,39.5,1,NA,NA,NA,NA,NA,NA
2020-2021,SFA,Southland,1,Kennedy Wright,So,OH,-,14,6,37,NA,59,23,191,0.188,2,4,17,62,7,2,9,NA,6.5,69.5,1,NA,NA,NA,NA,NA,NA
2020-2021,SFA,Southland,2,Ariana Pagan,So,OH,5-11,27,27,96,NA,166,65,542,0.186,20,31,19,257,19,4,17,1,13.5,209.5,1,NA,NA,NA,NA,NA,NA
2020-2021,SFA,Southland,9,Malgorzata Andersohn,So,S,5-7,14,3,30,NA,4,0,23,0.174,104,8,5,52,NA,NA,NA,NA,NA,12,5,NA,NA,NA,NA,NA,NA
2020-2021,SFA,Southland,14,Payson Kelley,So,OH,6-1,2,NA,2,NA,0,1,4,-0.25,NA,NA,NA,NA,NA,NA,NA,NA,NA,NA,NA,NA,NA,NA,NA,NA,NA
2020-2021,SFA,Southland,18,Dara Kane,So,S,5-8,3,NA,3,NA,1,0,1,1,1,NA,NA,2,NA,NA,NA,NA,NA,1,NA,NA,NA,NA,NA,NA,NA
2020-2021,SFA,Southland,19,Payton Cerny,So,OH,6-4,29,17,104,NA,268,83,608,0.304,3,NA,NA,33,NA,3,49,1,28.5,295.5,1,NA,NA,NA,NA,NA,NA
2020-2021,Sam Houston,Southland,1,Morgan Janda,So,S,5-10,14,14,56,NA,22,7,56,0.268,411,14,18,164,NA,1,NA,NA,1,37,6,NA,NA,NA,NA,NA,NA
2020-2021,Sam Houston,Southland,3,Sawyer Nowak,So,L/DS,5-3,16,NA,16,NA,0,0,0,NA,1,3,3,12,NA,NA,NA,NA,NA,3,NA,NA,NA,NA,NA,NA,NA
2020-2021,Sam Houston,Southland,5,Sam Rodgers,So,RS,5-11,14,4,44,NA,45,21,148,0.162,3,1,NA,18,NA,1,21,NA,11.5,57.5,NA,NA,NA,NA,NA,NA,NA
2020-2021,Sam Houston,Southland,10,De'Janae Gilmore,So,MB,5-10,14,13,51,NA,81,25,182,0.308,3,6,8,42,NA,8,33,2,26.5,111.5,2,NA,NA,NA,NA,NA,NA
2020-2021,Sam Houston,Southland,18,Catherine Krieger,So,OH,6-0,14,14,56,NA,122,64,383,0.151,13,4,8,82,9,NA,14,NA,7,133,NA,NA,NA,NA,NA,NA,NA
2020-2021,Southeastern La.,Southland,1,Crispin Adams,So,MB,5-10,16,14,63,NA,91,30,235,0.26,4,8,25,35,NA,15,31,9,39.5,129.5,1,NA,NA,NA,NA,NA,NA
2020-2021,Southeastern La.,Southland,3,Ariana Hebert,So,S,5-7,16,9,67,NA,6,2,48,0.083,351,17,21,118,NA,NA,1,NA,0.5,23.5,14,NA,NA,NA,NA,NA,NA
2020-2021,Southeastern La.,Southland,11,Jolie Hidalgo,So,OH,5-11,16,6,49,NA,68,22,203,0.227,4,NA,NA,33,NA,NA,8,2,6,72,NA,NA,NA,NA,NA,NA,NA
2020-2021,Southeastern La.,Southland,13,Addie Vidrine,So,OH,5-11,11,6,37,NA,49,23,186,0.14,NA,3,4,35,4,NA,5,1,3.5,54.5,1,NA,NA,NA,NA,NA,NA
2020-2021,Southeastern La.,Southland,19,Lizzy Low,So,L/DS,5-6,16,4,60,NA,1,1,13,0,19,18,22,139,11,NA,NA,NA,NA,19,3,NA,NA,NA,NA,NA,NA
2020-2021,Southeastern La.,Southland,22,Dani Dagley,So,DS,5-4,7,NA,7,NA,0,0,0,NA,NA,NA,2,6,2,NA,NA,NA,NA,NA,NA,NA,NA,NA,NA,NA,NA
2020-2021,UIW,Southland,6,Camden Gray,So,MB,6-1,3,2,5,NA,7,2,18,0.278,NA,NA,NA,NA,NA,NA,4,NA,2,9,NA,NA,NA,NA,NA,NA,NA
2020-2021,UIW,Southland,15,Natalie Martin,So,S,5-8,11,9,40,NA,3,1,44,0.045,304,8,7,86,NA,NA,8,NA,4,15,5,NA,NA,NA,NA,NA,NA
2020-2021,UIW,Southland,18,Nailah Landon,So,MB,6-0,11,5,35,NA,52,18,127,0.268,1,NA,4,20,NA,3,28,2,19,69,NA,NA,NA,NA,NA,NA,NA
2020-2021,UIW,Southland,24,Macy Sumrall,So,DS,5-4,12,2,44,NA,6,2,20,0.2,34,10,7,95,5,NA,NA,NA,NA,16,NA,NA,NA,NA,NA,NA,NA
2020-2021,UIW,Southland,32,Maddi Brown,So,L/DS,5-5,5,NA,5,NA,0,1,4,-0.25,20,1,1,7,NA,NA,NA,NA,NA,1,NA,NA,NA,NA,NA,NA,NA
2020-2021,Denver,Summit League,1,Lorrin Poulter,So,S,5-11,17,17,58,NA,138,46,366,0.251,254,20,23,108,NA,3,35,4,24.5,178.5,4,NA,NA,NA,NA,NA,NA
2020-2021,Denver,Summit League,5,Brianna Green,So,MB,6-1,17,17,58,NA,111,33,218,0.358,5,NA,NA,6,1,10,52,5,41,147,NA,NA,NA,NA,NA,NA,NA
2020-2021,Denver,Summit League,8,Ari Winters,So,OH,5-10,52,NA,52,NA,92,39,250,0.212,1,NA,1,27,3,4,25,1,17.5,108.5,NA,NA,NA,NA,NA,NA,NA
2020-2021,Denver,Summit League,14,Kalea Fobert,So,OH,6-0,3,NA,3,NA,0,0,2,0,NA,NA,NA,NA,NA,NA,2,NA,1,1,NA,NA,NA,NA,NA,NA,NA
2020-2021,Denver,Summit League,19,Memphis Glasgow,So,OH,5-11,3,NA,3,NA,2,0,2,1,NA,NA,NA,NA,NA,NA,NA,NA,NA,2,NA,NA,NA,NA,NA,NA,NA
2020-2021,Kansas City,Summit League,2,Peyton Van Nest,So,S,5-10,14,0,47,NA,1,0,3,0.333,2,4,10,20,NA,NA,NA,NA,NA,5,1,NA,NA,NA,NA,NA,NA
2020-2021,Kansas City,Summit League,6,Kennedy Schritenthal,So,L/DS,5-9,17,0,70,NA,0,2,11,-0.182,13,11,33,137,17,1,NA,NA,1,12,NA,NA,NA,NA,NA,NA,NA
2020-2021,Kansas City,Summit League,15,Raina Smith,So,OH,6-2,5,1,7,NA,9,9,36,0,NA,NA,NA,2,NA,NA,1,NA,0.5,9.5,NA,NA,NA,NA,NA,NA,NA
2020-2021,North Dakota,Summit League,5,Abi McGlynn,So,DS,5-10,8,2,18,NA,11,14,59,-0.051,3,3,3,27,6,1,1,1,2.5,15.5,NA,NA,NA,NA,NA,NA,NA
2020-2021,North Dakota,Summit League,6,Peyton Sewell,So,S,5-9,18,16,64,NA,45,19,138,0.188,352,22,26,70,NA,4,14,1,13,78,13,NA,NA,NA,NA,NA,NA
2020-2021,North Dakota,Summit League,9,Mckenzie Damon,So,L,5-8,16,2,48,NA,0,1,3,-0.333,9,5,11,72,11,NA,NA,NA,NA,5,NA,NA,NA,NA,NA,NA,NA
2020-2021,North Dakota,Summit League,12,Sofia Hedqvist,So,OH,6-0,17,NA,17,NA,40,19,119,0.176,NA,NA,NA,7,NA,NA,6,NA,3,43,NA,NA,NA,NA,NA,NA,NA
2020-2021,North Dakota,Summit League,17,McCallister Gayle,So,RS,6-2,8,5,29,NA,20,15,92,0.054,NA,NA,NA,6,NA,NA,11,1,6.5,25.5,NA,NA,NA,NA,NA,NA,NA
2020-2021,North Dakota St.,Summit League,3,Syra Tanchin,So,OH,6-1,17,1,54,NA,161,65,454,0.211,3,1,1,49,7,NA,13,2,8.5,168.5,NA,NA,NA,NA,NA,NA,NA
2020-2021,North Dakota St.,Summit League,5,Ava Schmoll,So,L/DS,5-8,14,3,34,NA,0,0,1,0,8,2,6,51,3,NA,NA,NA,NA,2,NA,NA,NA,NA,NA,NA,NA
2020-2021,North Dakota St.,Summit League,14,Kelley Johnson,So,S,5-10,18,18,66,NA,33,11,111,0.198,682,20,8,163,NA,1,14,3,11,61,7,NA,NA,NA,NA,NA,NA
2020-2021,Omaha,Summit League,3,Kayla Haynes,So,RS,5-11,4,NA,4,NA,2,4,11,-0.182,NA,NA,NA,NA,NA,NA,3,NA,2,3.5,NA,NA,NA,NA,NA,NA,NA
2020-2021,Omaha,Summit League,15,Sami Clarkson,So,S,5-11,19,19,72,1,22,10,85,0.141,761,21,39,172,NA,2,19,3,15,54.5,13,NA,NA,NA,NA,NA,NA
2020-2021,Omaha,Summit League,17,Rachel Fairbanks,So,MB,6-0,19,13,67,NA,105,72,371,0.089,7,18,49,153,18,NA,11,4,9.5,128.5,1,NA,NA,NA,NA,NA,NA
2020-2021,Oral Roberts,Summit League,1,Jeslyn Spencer,So,OH,5-8,13,12,46,NA,92,81,342,0.032,7,17,29,98,28,1,10,4,10,115,NA,NA,NA,NA,NA,NA,NA
2020-2021,Oral Roberts,Summit League,2,Sylvia Lawson,So,S,5-11,14,5,47,NA,41,14,121,0.223,234,2,5,38,NA,3,13,5,14.5,52.5,3,NA,NA,NA,NA,NA,NA
2020-2021,Oral Roberts,Summit League,4,Sakira LaCour,So,MB,6-0,18,16,66,NA,83,33,278,0.18,7,9,3,23,NA,7,46,3,33,122,1,NA,NA,NA,NA,NA,NA
2020-2021,South Dakota,Summit League,1,Aimee Adams,So,OH,6-1,22,22,86,1,144,51,380,0.245,9,1,2,180,8,1,48,8,35.5,170,1,NA,NA,NA,NA,NA,NA
2020-2021,South Dakota,Summit League,6,Elizabeth Juhnke,So,OH,6-0,21,21,83,1,346,120,960,0.235,23,14,12,274,56,12,40,2,35,392,1,NA,NA,NA,NA,NA,NA
2020-2021,South Dakota,Summit League,7,Madison Harms,So,MB,6-3,21,21,84,1,139,44,337,0.282,3,NA,NA,22,NA,18,92,3,70,203,NA,NA,NA,NA,NA,NA,NA
2020-2021,South Dakota,Summit League,9,Brooklyn Bollweg,So,DS,5-4,22,1,87,NA,1,0,2,0.5,15,22,30,177,23,NA,NA,NA,NA,23,NA,NA,NA,NA,NA,NA,NA
2020-2021,South Dakota St.,Summit League,7,Tori Thompson,So,MB,6-2,17,17,56,NA,88,24,223,0.287,1,1,3,17,NA,5,32,3,24,110,NA,NA,NA,NA,NA,NA,NA
2020-2021,South Dakota St.,Summit League,10,Akeela Jefferson,So,OH,5-10,17,13,57,NA,159,65,572,0.164,6,16,18,94,18,NA,6,4,7,178,NA,NA,NA,NA,NA,NA,NA
2020-2021,South Dakota St.,Summit League,11,Anna Nerad,So,MB,6-0,13,6,35,NA,45,27,116,0.155,4,11,7,16,NA,4,13,NA,10.5,66.5,NA,NA,NA,NA,NA,NA,NA
2020-2021,South Dakota St.,Summit League,13,Carly Wedel,So,S,6-1,16,11,52,NA,25,9,94,0.17,440,8,6,98,NA,1,16,NA,9,42,7,NA,NA,NA,NA,NA,NA
2020-2021,Western Ill.,Summit League,3,Jessie Connell,So,S,5-9,12,4,32,NA,0,0,2,0,145,12,11,56,NA,NA,NA,NA,NA,12,10,NA,NA,NA,NA,NA,NA
2020-2021,Western Ill.,Summit League,9,Gabby DePersio,So,L/DS,5-3,61,NA,61,NA,1,0,18,0.056,32,1,9,215,16,NA,NA,NA,NA,2,1,NA,NA,NA,NA,NA,NA
2020-2021,Western Ill.,Summit League,19,Aubrey Putman,So,OH,5-11,17,16,59,NA,134,62,482,0.149,17,12,15,147,21,NA,8,1,5,150,1,NA,NA,NA,NA,NA,NA
2020-2021,App State,Sun Belt,5,McCall Denny,So,OH,5-9,11,10,38,NA,81,48,263,0.125,5,6,16,74,9,1,3,1,3.5,89.5,1,NA,NA,NA,NA,NA,NA
2020-2021,App State,Sun Belt,7,Sarah Missroon,So,MB,6-2,7,6,24,NA,16,12,56,0.071,NA,NA,1,2,NA,4,24,NA,16,32,NA,NA,NA,NA,NA,NA,NA
2020-2021,App State,Sun Belt,12,Morgan Flores,So,L/DS,5-5,11,NA,11,NA,0,0,0,NA,NA,4,4,10,NA,NA,NA,NA,NA,4,NA,NA,NA,NA,NA,NA,NA
2020-2021,App State,Sun Belt,17,Sam Bickley,So,S,6-0,12,6,31,NA,9,3,28,0.214,181,4,8,46,NA,NA,1,NA,0.5,13.5,5,NA,NA,NA,NA,NA,NA
2020-2021,Arkansas St.,Sun Belt,12,Brianna Hollingshed,So,MB,5-11,18,17,63,3,71,23,192,0.25,1,NA,4,7,NA,11,65,9,56.5,114.5,NA,NA,NA,NA,NA,NA,NA
2020-2021,Arkansas St.,Sun Belt,17,Kendahl Davenport,So,RS,6-3,16,15,60,3,102,31,221,0.321,2,5,14,27,1,25,62,13,71.5,163,3,NA,NA,NA,NA,NA,NA
2020-2021,Coastal Carolina,Sun Belt,8,Ilse Sinnige,So,MH,6-4,19,19,58,NA,66,16,156,0.321,4,11,19,15,NA,10,33,5,31.5,103.5,NA,NA,NA,NA,NA,NA,NA
2020-2021,Coastal Carolina,Sun Belt,16,Brigitta Petrenko,So,S,6-0,18,18,61,NA,41,6,81,0.432,536,31,32,127,1,6,20,2,18,88,13,NA,NA,NA,NA,NA,NA
2020-2021,Coastal Carolina,Sun Belt,17,Jelena Prolic,So,OH,6-0,19,17,63,NA,100,57,347,0.124,16,10,17,85,15,11,8,1,16,125,NA,NA,NA,NA,NA,NA,NA
2020-2021,Coastal Carolina,Sun Belt,18,Lina Perugini,So,DS,5-7,66,NA,66,NA,1,1,7,0,66,7,22,329,14,NA,NA,NA,NA,8,NA,NA,NA,NA,NA,NA,NA
2020-2021,Ga. Southern,Sun Belt,2,Meredith Eckard,So,DS,5-4,18,2,49,NA,0,0,3,0,6,7,6,52,5,NA,NA,NA,NA,7,NA,NA,NA,NA,NA,NA,NA
2020-2021,Ga. Southern,Sun Belt,3,Abby Strong,So,S,5-9,6,NA,6,NA,0,0,2,0,13,NA,2,6,NA,1,NA,NA,1,1,3,NA,NA,NA,NA,NA,NA
2020-2021,Ga. Southern,Sun Belt,7,Mya Wilson,So,OPP,6-1,18,18,62,1,173,66,428,0.25,1,3,15,41,1,6,45,6,35.5,204.5,NA,NA,NA,NA,NA,NA,NA
2020-2021,Georgia St.,Sun Belt,7,Ryan Spicer-Gordon,So,L/DS,5-3,20,12,75,NA,0,0,9,0,29,18,12,173,31,NA,NA,NA,NA,18,1,NA,NA,NA,NA,NA,NA
2020-2021,Georgia St.,Sun Belt,20,Isabelle Percoco,So,RS,6-0,8,NA,8,NA,9,8,31,0.032,NA,NA,NA,3,1,NA,7,1,4.5,12.5,1,NA,NA,NA,NA,NA,NA
2020-2021,Little Rock,Sun Belt,3,Janae Thurston,So,S,5-11,20,13,66,NA,135,61,433,0.171,1,NA,NA,18,5,2,27,4,19.5,150.5,NA,NA,NA,NA,NA,NA,NA
2020-2021,Little Rock,Sun Belt,4,Alyssa Nayar,So,S,5-10,20,19,71,NA,15,3,73,0.164,530,9,21,159,1,NA,8,NA,4,28,14,NA,NA,NA,NA,NA,NA
2020-2021,Louisiana,Sun Belt,3,Claire Turner,So,S,5-7,3,1,5,NA,0,0,0,NA,4,1,NA,6,NA,NA,NA,NA,NA,1,NA,NA,NA,NA,NA,NA,NA
2020-2021,Louisiana,Sun Belt,4,Brianna Franklin,So,DS,5-5,15,0,35,NA,0,1,1,-1,3,NA,6,39,3,NA,NA,NA,NA,NA,NA,NA,NA,NA,NA,NA,NA
2020-2021,Louisiana,Sun Belt,10,Kara Barnes,So,MB,5-11,23,22,81,14,205,72,444,0.3,1,8,26,52,1,20,52,8,66,259,1,NA,NA,NA,NA,NA,NA
2020-2021,South Alabama,Sun Belt,3,Rachel Hickey,So,L/DS,5-4,22,0,82,NA,5,5,48,0,74,13,9,364,25,NA,NA,NA,NA,18,2,NA,NA,NA,NA,NA,NA
2020-2021,South Alabama,Sun Belt,4,Hannah Maddux,So,OH,6-2,22,21,80,2,219,135,619,0.136,6,21,48,113,8,8,32,1,26,264,NA,NA,NA,NA,NA,NA,NA
2020-2021,South Alabama,Sun Belt,6,Maddie Soboleski,So,S,6-0,22,22,82,2,61,11,177,0.282,655,28,35,215,NA,3,25,2,16.5,104.5,60,NA,NA,NA,NA,NA,NA
2020-2021,Texas St.,Sun Belt,5,Tessa Marshall,So,MB,6-1,20,9,48,NA,64,16,147,0.327,6,NA,NA,11,NA,4,26,4,21,81,NA,NA,NA,NA,NA,NA,NA
2020-2021,Texas St.,Sun Belt,7,Allie Smylie,So,MB,6-1,12,NA,12,NA,0,1,1,-1,1,NA,2,3,NA,NA,NA,1,1,NA,NA,NA,NA,NA,NA,NA,NA
2020-2021,Texas St.,Sun Belt,10,Caitlan Buettner,So,OH,6-2,36,21,104,NA,270,120,832,0.18,14,6,10,148,25,4,23,6,21.5,291.5,NA,NA,NA,NA,NA,NA,NA
2020-2021,Texas St.,Sun Belt,13,Courtney Heiser,So,OH,5-11,16,6,33,NA,55,32,198,0.116,4,3,9,51,4,1,5,NA,3.5,61.5,NA,NA,NA,NA,NA,NA,NA
2020-2021,Texas St.,Sun Belt,18,Lauren Teske,So,OH,6-0,37,31,111,3,225,103,776,0.157,24,27,42,261,24,6,31,8,28,273.5,1,NA,NA,NA,NA,NA,NA
2020-2021,Texas St.,Sun Belt,21,Michelle Foster,So,DS,5-5,32,2,91,NA,3,0,6,0.5,9,23,19,167,18,NA,NA,NA,NA,26,NA,NA,NA,NA,NA,NA,NA
2020-2021,Texas St.,Sun Belt,22,Kayla Tello,So,DS,5-6,19,4,51,NA,0,0,3,0,8,5,11,89,5,NA,NA,NA,NA,5,NA,NA,NA,NA,NA,NA,NA
2020-2021,Troy,Sun Belt,4,Ashley Guenveur,So,OH,6-0,17,12,54,NA,45,46,194,-0.005,10,6,17,117,19,1,5,NA,3.5,54.5,NA,NA,NA,NA,NA,NA,NA
2020-2021,Troy,Sun Belt,7,Julia Brooks,So,MH,6-1,19,19,75,NA,173,67,411,0.258,NA,1,2,16,NA,11,42,1,33,206,NA,NA,NA,NA,NA,NA,NA
2020-2021,Troy,Sun Belt,15,Jessica LoPresti,So,MH,6-1,4,2,13,NA,12,5,36,0.194,NA,NA,NA,1,NA,NA,3,NA,1.5,13.5,NA,NA,NA,NA,NA,NA,NA
2020-2021,ULM,Sun Belt,2,Hailey Hughes,So,MB,6-0,12,5,21,NA,16,4,38,0.316,1,1,2,4,NA,NA,11,NA,7.5,22.5,1,NA,NA,NA,NA,NA,NA
2020-2021,ULM,Sun Belt,4,Darby Fisher,So,S,5-11,14,NA,14,NA,1,0,5,0.2,28,NA,2,13,NA,NA,NA,NA,NA,1,12,NA,NA,NA,NA,NA,NA
2020-2021,ULM,Sun Belt,7,Madeline Hogan,So,OH,5-11,75,NA,75,NA,0,7,56,-0.125,33,12,13,324,17,NA,NA,NA,NA,12,5,NA,NA,NA,NA,NA,NA
2020-2021,ULM,Sun Belt,10,Shaska Davis,So,OH,5-9,20,7,40,2,59,30,195,0.149,4,NA,3,16,12,1,6,1,4.5,63,1,NA,NA,NA,NA,NA,NA
2020-2021,ULM,Sun Belt,14,Kathryn Raschilla,So,RS,6-3,22,10,62,2,75,43,272,0.118,NA,1,1,11,NA,6,15,NA,15,89.5,1,NA,NA,NA,NA,NA,NA
2020-2021,UT Arlington,Sun Belt,4,Devon Martinka,So,OH,6-2,22,9,73,NA,107,55,368,0.141,1,NA,NA,27,NA,4,40,1,25,131,1,NA,NA,NA,NA,NA,NA
2020-2021,UT Arlington,Sun Belt,7,Alli Wells,So,L/DS,5-7,89,NA,89,NA,3,0,32,0.094,97,23,8,526,18,NA,NA,NA,NA,26,2,NA,NA,NA,NA,NA,NA
2020-2021,UT Arlington,Sun Belt,9,Jessica Stancliff,So,S,6-0,16,NA,16,NA,0,0,1,0,39,1,3,13,NA,NA,NA,NA,NA,1,4,NA,NA,NA,NA,NA,NA
2020-2021,UT Arlington,Sun Belt,13,Meredith Fisher,So,OH,6-2,7,4,19,NA,31,16,114,0.132,NA,NA,1,7,NA,2,4,1,5,35,NA,NA,NA,NA,NA,NA,NA
2020-2021,UT Arlington,Sun Belt,18,Gabby White,So,OH,6-2,2,NA,2,NA,1,0,1,1,NA,NA,NA,NA,NA,NA,NA,NA,NA,1,NA,NA,NA,NA,NA,NA,NA
2020-2021,UT Arlington,Sun Belt,21,Hannah Boyd,So,OH,6-2,7,1,20,NA,29,17,127,0.094,1,NA,NA,6,1,NA,6,NA,3,32,1,NA,NA,NA,NA,NA,NA
2020-2021,Cincinnati,The American,1,Shannon Williams,So,S,5-9,9,5,32,NA,79,35,209,0.211,1,1,5,30,1,NA,12,NA,6,86,NA,NA,NA,NA,NA,NA,NA
2020-2021,Cincinnati,The American,2,Kerstin Ficker,So,L/DS,5-3,12,3,42,1,1,0,2,0.5,7,15,13,52,5,NA,NA,NA,NA,16,NA,NA,NA,NA,NA,NA,NA
2020-2021,Cincinnati,The American,3,Kailea Carrier,So,MB,6-5,3,2,11,NA,31,4,72,0.375,NA,NA,NA,6,NA,1,6,NA,5,35,NA,NA,NA,NA,NA,NA,NA
2020-2021,Cincinnati,The American,4,Dimitra Tziarli,So,MB,6-1,11,5,37,NA,13,5,49,0.163,2,NA,NA,15,NA,NA,10,1,6.5,18,NA,NA,NA,NA,NA,NA,NA
2020-2021,Cincinnati,The American,11,Maria Tobergte,So,OH,6-0,9,6,30,1,64,26,214,0.178,8,9,4,81,13,NA,4,1,3,75,NA,NA,NA,NA,NA,NA,NA
2020-2021,Cincinnati,The American,14,Madison Waters,So,OH,6-0,13,11,46,1,116,58,354,0.164,5,3,2,83,10,1,9,NA,5.5,124.5,1,NA,NA,NA,NA,NA,NA
2020-2021,Cincinnati,The American,18,Payton Frederick,So,L/DS,5-5,50,NA,50,NA,0,0,2,0,46,12,11,191,22,NA,NA,NA,NA,12,NA,NA,NA,NA,NA,NA,NA
2020-2021,East Carolina,The American,18,S'mara Riley,So,MB,5-10,12,10,43,6,46,18,123,0.228,5,5,4,28,NA,7,39,5,42.5,77.5,NA,NA,NA,NA,NA,NA,NA
2020-2021,Houston,The American,4,Karly Berkland,So,L/DS,5-4,14,4,37,NA,2,0,4,0.5,8,10,10,60,7,NA,NA,NA,NA,12,NA,NA,NA,NA,NA,NA,NA
2020-2021,Houston,The American,5,Celeste Darling,So,OH,6-0,16,6,54,1,115,43,339,0.212,NA,NA,NA,16,NA,3,27,1,18.5,131.5,NA,NA,NA,NA,NA,NA,NA
2020-2021,Houston,The American,11,Rachel Tullos,So,MB,6-1,19,19,75,1,111,33,232,0.336,2,NA,NA,18,NA,21,58,5,56,161,NA,NA,NA,NA,NA,NA,NA
2020-2021,Houston,The American,12,Jillian Thompson,So,MB,6-2,2,NA,2,NA,1,0,2,0.5,NA,NA,NA,NA,NA,NA,NA,NA,NA,1,NA,NA,NA,NA,NA,NA,NA
2020-2021,Houston,The American,24,Abbie Jackson,So,OH,6-0,19,19,73,1,311,128,967,0.189,14,26,37,169,15,13,21,4,27.5,360.5,NA,NA,NA,NA,NA,NA,NA
2020-2021,Memphis,The American,8,Jada Birkel,So,RS,6-0,11,4,33,NA,85,42,254,0.169,2,NA,NA,28,1,1,12,1,8,92,NA,NA,NA,NA,NA,NA,NA
2020-2021,Memphis,The American,9,Gigi Crescenzo,So,OH,5-10,12,12,46,NA,104,45,354,0.167,5,8,19,167,14,3,12,2,11,121,NA,NA,NA,NA,NA,NA,NA
2020-2021,SMU,The American,6,Jadyn Bauss,So,OH,6-0,14,14,57,NA,209,87,619,0.197,6,11,15,212,14,2,17,1,11.5,230.5,NA,NA,NA,NA,NA,NA,NA
2020-2021,SMU,The American,8,Audrey Penn,So,OH,6-2,2,1,5,NA,6,5,24,0.042,NA,NA,NA,NA,NA,NA,3,1,2.5,7.5,NA,NA,NA,NA,NA,NA,NA
2020-2021,SMU,The American,12,Makayla Miller,So,L,5-9,14,4,57,NA,4,5,30,-0.033,17,7,11,179,4,NA,NA,1,1,11,NA,NA,NA,NA,NA,NA,NA
2020-2021,SMU,The American,19,BreyAnn Sands,So,DS,5-8,36,NA,36,NA,0,0,4,0,NA,3,8,53,1,NA,NA,NA,NA,3,NA,NA,NA,NA,NA,NA,NA
2020-2021,SMU,The American,58,Alex Glover,So,MB,6-0,14,14,57,NA,93,26,261,0.257,4,2,5,25,NA,10,47,4,37.5,128.5,NA,NA,NA,NA,NA,NA,NA
2020-2021,South Fla.,The American,2,Ally Barnhart,So,MB,6-4,14,14,58,2,91,42,208,0.236,2,6,23,14,1,13,42,3,38.5,131,NA,NA,NA,NA,NA,NA,NA
2020-2021,South Fla.,The American,3,Aleia Wilborn,So,OH,6-0,10,NA,10,NA,7,8,23,-0.043,NA,NA,NA,4,NA,1,4,NA,3,10,NA,NA,NA,NA,NA,NA,NA
2020-2021,South Fla.,The American,5,Madison Bragan,So,S,5-10,14,NA,14,NA,0,0,0,NA,2,NA,5,3,NA,NA,NA,NA,NA,NA,NA,NA,NA,NA,NA,NA,NA
2020-2021,South Fla.,The American,21,Jac St. Cin,So,OH,6-3,14,9,52,1,77,56,209,0.1,2,1,1,26,5,1,24,NA,13.5,91,2,NA,NA,NA,NA,NA,NA
2020-2021,South Fla.,The American,22,Madisyn Lyons,So,OH,5-7,3,1,8,1,9,2,27,0.259,NA,NA,NA,8,NA,NA,4,NA,4,11,NA,NA,NA,NA,NA,NA,NA
2020-2021,South Fla.,The American,23,Jordan Valley,So,L/DS,5-6,14,NA,14,NA,0,0,0,NA,NA,2,5,8,NA,NA,NA,NA,NA,2,NA,NA,NA,NA,NA,NA,NA
2020-2021,Temple,The American,1,Kayla Spells,So,MB,6-0,13,11,44,2,84,23,205,0.298,3,NA,NA,14,NA,5,23,1,20,100.5,NA,NA,NA,NA,NA,NA,NA
2020-2021,Temple,The American,3,Nikki Saito,So,L/DS,5-3,5,NA,5,NA,1,0,1,1,5,1,NA,17,2,NA,NA,NA,NA,2,NA,NA,NA,NA,NA,NA,NA
2020-2021,Tulane,The American,2,Lizzy Stefanov,So,OH,6-0,19,NA,19,NA,28,22,112,0.054,2,1,1,18,3,NA,4,NA,2,31,NA,NA,NA,NA,NA,NA,NA
2020-2021,Tulane,The American,6,Jillian Dits,So,L,5-7,15,5,51,NA,0,3,5,-0.6,19,3,9,111,11,NA,NA,NA,NA,3,1,NA,NA,NA,NA,NA,NA
2020-2021,Tulane,The American,16,Lauryn Green,So,MH,6-2,8,6,22,NA,24,9,57,0.263,1,NA,NA,7,NA,3,11,3,11.5,32.5,NA,NA,NA,NA,NA,NA,NA
2020-2021,Tulane,The American,20,Oona Bruss,So,MH,6-3,5,4,12,NA,12,5,37,0.189,1,1,NA,1,NA,2,5,NA,4.5,17.5,NA,NA,NA,NA,NA,NA,NA
2020-2021,Tulsa,The American,4,Aysu Dalogullari,So,OH,6-0,10,9,35,NA,21,14,92,0.076,4,3,15,95,8,NA,1,3,3.5,24.5,NA,NA,NA,NA,NA,NA,NA
2020-2021,Tulsa,The American,8,Kylie Trefflich,So,OH,5-10,29,NA,29,NA,62,19,236,0.182,NA,NA,2,15,4,4,6,1,8,69,NA,NA,NA,NA,NA,NA,NA
2020-2021,Tulsa,The American,10,Kayley Cassaday,So,OH,5-11,10,10,35,NA,112,51,416,0.147,NA,NA,3,31,5,6,15,4,17.5,125.5,NA,NA,NA,NA,NA,NA,NA
2020-2021,Tulsa,The American,11,Lauren Isenberg,So,OH,5-10,10,10,35,NA,33,23,134,0.075,1,4,4,110,8,1,11,NA,6.5,43.5,1,NA,NA,NA,NA,NA,NA
2020-2021,UCF,The American,1,Morghan Chambers,So,OH,6-2,1,NA,1,NA,1,0,1,1,NA,NA,NA,1,1,NA,NA,NA,NA,1,NA,NA,NA,NA,NA,NA,NA
2020-2021,UCF,The American,4,Arianna Arjomand,So,L/DS,5-8,64,NA,64,NA,1,0,5,0.2,76,17,10,215,11,NA,NA,NA,NA,18,NA,NA,NA,NA,NA,NA,NA
2020-2021,UCF,The American,6,Dresden Pass,So,S,5-9,11,5,41,NA,0,1,10,-0.1,201,11,7,88,NA,NA,NA,1,1,11,18,NA,NA,NA,NA,NA,NA
2020-2021,UCF,The American,19,MaKenzie Chambers,So,RS,6-0,18,10,64,NA,118,54,292,0.219,1,NA,NA,28,NA,1,36,1,20,137,NA,NA,NA,NA,NA,NA,NA
2020-2021,UCF,The American,23,Megan Lively,So,MB,6-3,2,NA,2,NA,0,0,0,NA,NA,NA,NA,NA,NA,NA,NA,NA,NA,NA,NA,NA,NA,NA,NA,NA,NA
2020-2021,Wichita St.,The American,3,Brylee Kelly,So,OH,6-1,11,7,41,NA,91,42,285,0.172,4,1,8,36,1,1,27,1,15.5,106.5,NA,NA,NA,NA,NA,NA,NA
2020-2021,Wichita St.,The American,4,Lily Liekweg,So,L/DS,5-5,47,NA,47,NA,1,0,3,0.333,22,3,9,179,7,NA,NA,NA,NA,4,NA,NA,NA,NA,NA,NA,NA
2020-2021,Wichita St.,The American,5,Kayce Litzau,So,S,5-10,17,12,66,NA,1,6,25,-0.2,375,20,25,118,NA,NA,2,NA,1,22,7,NA,NA,NA,NA,NA,NA
2020-2021,Wichita St.,The American,7,Nicole Anderson,So,OH,6-0,14,12,46,NA,114,47,400,0.168,8,5,7,126,23,2,15,5,14.5,128.5,NA,NA,NA,NA,NA,NA,NA
2020-2021,Wichita St.,The American,10,Sinalauli'i Uluave,So,OH,5-11,17,6,61,NA,21,6,85,0.176,43,8,16,232,5,NA,3,2,3.5,30.5,1,NA,NA,NA,NA,NA,NA
2020-2021,Wichita St.,The American,20,Sophia Rohling,So,OPP,6-3,17,14,65,NA,179,67,431,0.26,1,NA,3,32,NA,2,40,3,25,201,NA,NA,NA,NA,NA,NA,NA
2020-2021,California Baptist,WAC,1,Paige Johnstone,So,L,5-6,43,NA,43,NA,1,1,7,0,45,12,12,180,6,NA,NA,NA,NA,13,NA,NA,NA,NA,NA,NA,NA
2020-2021,California Baptist,WAC,3,Christine Graf,So,OH,6-2,13,13,45,NA,93,44,259,0.189,3,NA,NA,15,NA,2,28,4,20,109,NA,NA,NA,NA,NA,NA,NA
2020-2021,California Baptist,WAC,5,Leah Pease,So,S,5-7,13,12,43,NA,1,0,13,0.077,218,8,7,81,NA,NA,1,NA,0.5,9.5,5,NA,NA,NA,NA,NA,NA
2020-2021,California Baptist,WAC,15,Chandler Gorman,So,MB,6-1,13,13,44,NA,35,15,101,0.198,5,2,6,5,1,6,24,1,19,55,NA,NA,NA,NA,NA,NA,NA
2020-2021,Chicago St.,WAC,3,Mesalina Severino,So,MB,6-1,10,10,33,NA,55,18,125,0.296,NA,NA,NA,12,NA,6,16,9,23,69,1,NA,NA,NA,NA,NA,NA
2020-2021,Chicago St.,WAC,4,Yanlis Feliz,So,OH,6-0,10,10,33,NA,123,80,402,0.107,7,5,7,115,15,2,6,2,7,133,1,NA,NA,NA,NA,NA,NA
2020-2021,Chicago St.,WAC,5,Paola Fragalle,So,S,5-9,10,9,32,NA,2,1,16,0.063,4,3,9,50,16,NA,NA,NA,NA,5,NA,NA,NA,NA,NA,NA,NA
2020-2021,Chicago St.,WAC,8,Maria Fernanda Lopez Torres Tapia,So,MB,5-10,10,10,33,NA,57,40,208,0.082,5,3,6,83,NA,1,8,3,8,65,2,NA,NA,NA,NA,NA,NA
2020-2021,Chicago St.,WAC,18,Paule Ceneac,So,MB,6-2,5,NA,5,NA,1,0,5,0.2,NA,NA,NA,2,NA,1,NA,1,2,2,NA,NA,NA,NA,NA,NA,NA
2020-2021,Grand Canyon,WAC,2,Klaire Mitchell,So,S,5-7,12,12,40,NA,25,7,82,0.22,471,12,10,122,NA,2,26,6,21,52,11,NA,NA,NA,NA,NA,NA
2020-2021,Grand Canyon,WAC,14,Hannah Eskes,So,MB,6-1,15,11,40,NA,78,21,179,0.318,3,9,6,34,NA,23,32,2,41,126,NA,NA,NA,NA,NA,NA,NA
2020-2021,Grand Canyon,WAC,17,Kailey Trapp,So,MB,6-1,4,NA,4,NA,2,0,5,0.4,NA,NA,2,2,NA,1,NA,NA,1,3,NA,NA,NA,NA,NA,NA,NA
2020-2021,New Mexico St.,WAC,3,Kaleigh Thomas,So,MB,6-0,1,NA,1,NA,0,0,0,NA,NA,NA,NA,NA,NA,NA,NA,NA,NA,NA,NA,NA,NA,NA,NA,NA,NA
2020-2021,New Mexico St.,WAC,23,Katie Birtcil,So,OH,6-0,18,7,61,NA,131,37,305,0.308,4,NA,NA,41,1,4,37,4,26.5,153.5,NA,NA,NA,NA,NA,NA,NA
2020-2021,Seattle U,WAC,4,Johnasia Carr,So,MB,5-11,4,4,14,NA,11,5,38,0.158,2,NA,NA,NA,NA,2,13,3,11.5,19.5,NA,NA,NA,NA,NA,NA,NA
2020-2021,Seattle U,WAC,8,Amaris Carter,So,MB,5-9,11,8,27,NA,66,36,204,0.147,9,5,10,63,13,3,2,4,8,75,NA,NA,NA,NA,NA,NA,NA
2020-2021,Seattle U,WAC,11,Ezgi Ozkan,So,S,5-10,12,12,42,NA,35,11,120,0.2,357,6,11,73,NA,5,16,3,16,54,6,NA,NA,NA,NA,NA,NA
2020-2021,Seattle U,WAC,15,Colby Lane,So,L/DS,5-3,6,2,21,NA,0,0,0,NA,7,3,7,43,6,NA,NA,NA,NA,3,NA,NA,NA,NA,NA,NA,NA
2020-2021,Seattle U,WAC,17,Lauren McCabe,So,MB,6-2,10,10,35,NA,38,22,121,0.132,8,3,6,11,NA,5,18,5,19,55,1,NA,NA,NA,NA,NA,NA
2020-2021,Tarleton St.,WAC,1,Emma Halcomb,So,DS,5-5,24,8,83,NA,0,1,10,-0.1,11,6,7,177,14,NA,NA,NA,NA,6,NA,NA,NA,NA,NA,NA,NA
2020-2021,Tarleton St.,WAC,9,Brianna Rhodes,So,MB,5-11,20,18,71,NA,59,21,196,0.194,2,NA,NA,9,NA,6,40,2,28,85,1,NA,NA,NA,NA,NA,NA
2020-2021,UTRGV,WAC,9,Victoire Nama,So,RS,6-2,13,12,42,NA,120,55,387,0.168,7,10,7,82,13,5,11,4,14.5,140.5,3,NA,NA,NA,NA,NA,NA
2020-2021,UTRGV,WAC,11,Ioanna Charitonidi,So,L,5-11,13,3,38,NA,4,5,33,-0.03,14,2,3,74,16,NA,1,NA,0.5,6.5,NA,NA,NA,NA,NA,NA,NA
2020-2021,Utah Tech,WAC,7,Mykenna Nelson,So,L,5-8,57,NA,57,NA,1,0,21,0.048,39,12,10,270,7,NA,NA,NA,NA,13,1,NA,NA,NA,NA,NA,NA
2020-2021,Utah Tech,WAC,11,Chayse Daugherty,So,OH,5-9,10,4,27,NA,44,19,150,0.167,3,1,9,30,6,1,6,NA,4,49,NA,NA,NA,NA,NA,NA,NA
2020-2021,Utah Tech,WAC,20,Taela Laufiso,So,S,6-0,7,4,17,NA,3,2,19,0.053,93,1,3,21,NA,NA,6,NA,3,7,5,NA,NA,NA,NA,NA,NA
2020-2021,Utah Valley,WAC,2,Tori Ellis,So,OH,6-4,20,16,72,NA,179,75,490,0.212,5,2,4,47,13,NA,67,3,36.5,214.5,NA,NA,NA,NA,NA,NA,NA
2020-2021,Utah Valley,WAC,3,Natalia Andrus,So,MB,6-0,11,5,24,NA,31,9,70,0.314,NA,2,6,12,NA,1,26,2,16,47,1,NA,NA,NA,NA,NA,NA
2020-2021,Utah Valley,WAC,5,Elena Buhler,So,DS,5-11,1,0,1,NA,1,1,2,0,NA,NA,NA,NA,NA,NA,NA,NA,NA,1,NA,NA,NA,NA,NA,NA,NA
2020-2021,Utah Valley,WAC,8,Abbie Vincent,So,L/DS,5-7,14,0,36,NA,1,1,6,0,1,7,7,34,2,NA,NA,NA,NA,8,NA,NA,NA,NA,NA,NA,NA
2020-2021,Utah Valley,WAC,12,Makayla Broadbent,So,MB,6-2,6,0,8,NA,2,4,17,-0.118,NA,NA,3,2,NA,NA,11,NA,5.5,7.5,NA,NA,NA,NA,NA,NA,NA
2020-2021,Utah Valley,WAC,15,Caleigh Vagana,So,OH,5-11,11,2,32,NA,29,23,91,0.066,NA,NA,NA,11,NA,3,17,5,16.5,40.5,NA,NA,NA,NA,NA,NA,NA
2020-2021,BYU,WCC,3,Morgan Clinger,So,L,5-7,13,NA,13,NA,0,0,0,NA,1,NA,NA,11,3,NA,NA,NA,NA,NA,NA,NA,NA,NA,NA,NA,NA
2020-2021,BYU,WCC,7,Whitney Bower,So,S,5-9,19,19,63,4,48,4,110,0.4,676,22,21,221,2,1,27,2,19,84.5,6,NA,NA,NA,NA,NA,NA
2020-2021,BYU,WCC,11,Abbey Dayton,So,OH,6-1,19,13,63,3,0,0,1,0,16,6,9,115,11,NA,NA,NA,NA,6,NA,NA,NA,NA,NA,NA,NA
2020-2021,BYU,WCC,12,Kate Grimmer,So,OPP,6-0,19,8,63,3,185,53,415,0.318,5,NA,2,32,4,NA,40,3,24.5,205,NA,NA,NA,NA,NA,NA,NA
2020-2021,BYU,WCC,17,Grace Wee,So,L,5-6,19,3,60,1,1,0,3,0.333,7,2,5,109,11,NA,NA,NA,NA,3,NA,NA,NA,NA,NA,NA,NA
2020-2021,Gonzaga,WCC,1,Tia Andaya,So,OH,5-10,18,18,73,2,37,12,131,0.191,699,17,42,169,1,1,36,6,25.5,73,15,NA,NA,NA,NA,NA,NA
2020-2021,Gonzaga,WCC,2,Alisa Kim,So,DS,5-3,10,1,42,NA,0,0,1,0,2,8,13,17,NA,NA,NA,NA,NA,8,NA,NA,NA,NA,NA,NA,NA
2020-2021,Gonzaga,WCC,3,Zoe Thiros,So,OH,5-11,17,10,46,2,81,56,284,0.088,NA,3,6,81,9,3,9,1,9,91.5,2,NA,NA,NA,NA,NA,NA
2020-2021,Gonzaga,WCC,4,Alyssa Hughes,So,MB,6-2,18,18,67,2,134,40,287,0.328,4,NA,NA,14,NA,9,63,9,50.5,174.5,2,NA,NA,NA,NA,NA,NA
2020-2021,Gonzaga,WCC,13,Danielle Batenhorst,So,OH,6-1,8,NA,8,NA,0,0,0,NA,NA,NA,NA,1,NA,NA,NA,NA,NA,NA,NA,NA,NA,NA,NA,NA,NA
2020-2021,LMU (CA),WCC,11,Mary Shroll,So,DS,5-8,62,NA,62,NA,0,0,3,0,65,8,23,264,20,NA,NA,NA,NA,8,5,NA,NA,NA,NA,NA,NA
2020-2021,LMU (CA),WCC,13,Rose Booth,So,OH,6-1,16,13,61,1,189,90,545,0.182,6,15,29,117,24,5,14,5,18.5,216,2,NA,NA,NA,NA,NA,NA
2020-2021,LMU (CA),WCC,17,Emmelyn Walters,So,MB,6-3,16,15,61,1,98,24,210,0.352,2,1,5,7,1,11,53,6,44,136.5,5,NA,NA,NA,NA,NA,NA
2020-2021,LMU (CA),WCC,22,Audrey Klemp,So,S,6-3,16,12,62,2,162,85,406,0.19,7,8,24,48,8,1,34,4,24,188,2,NA,NA,NA,NA,NA,NA
2020-2021,Pacific,WCC,10,Kaelyn Saler,So,MB,-,5,4,20,2,27,13,78,0.179,4,4,8,26,2,1,6,3,5.5,35,NA,NA,NA,NA,NA,NA,NA
2020-2021,Pacific,WCC,13,Sedona Sherman,So,OPP,6-3,8,1,35,NA,66,42,250,0.096,NA,1,3,29,NA,NA,7,6,7.5,70.5,NA,NA,NA,NA,NA,NA,NA
2020-2021,Pacific,WCC,16,Illyria Kalaj,So,L/DS,5-3,9,4,33,2,0,0,1,0,4,1,2,34,4,NA,NA,NA,NA,1,NA,NA,NA,NA,NA,NA,NA
2020-2021,Pepperdine,WCC,2,Isabel Zelaya,So,S,6-0,21,21,81,11,26,10,88,0.182,905,10,27,176,1,3,41,6,39.5,59.5,8,NA,NA,NA,NA,NA,NA
2020-2021,Pepperdine,WCC,3,Aubrey Roberts,So,DS,5-10,15,NA,15,NA,0,0,0,NA,NA,1,4,5,NA,NA,NA,NA,NA,1,NA,NA,NA,NA,NA,NA,NA
2020-2021,Pepperdine,WCC,4,Kayleigh Hames,So,OH,6-0,21,10,81,5,39,17,118,0.186,12,4,11,121,15,1,6,3,6.5,47,NA,NA,NA,NA,NA,NA,NA
2020-2021,Pepperdine,WCC,21,Kayla Joyce,So,DS,5-6,19,12,70,6,0,1,3,-0.333,17,10,12,119,15,NA,NA,NA,NA,10,NA,NA,NA,NA,NA,NA,NA
2020-2021,Portland,WCC,2,Jayde Harris,So,OH,5-11,16,11,59,3,144,94,488,0.102,4,3,5,49,19,4,13,1,12,157.5,2,NA,NA,NA,NA,NA,NA
2020-2021,Portland,WCC,5,Noelani Helm,So,S,5-10,16,6,61,NA,21,12,94,0.096,232,6,11,123,NA,NA,13,1,7,33.5,28,NA,NA,NA,NA,NA,NA
2020-2021,Portland,WCC,6,Grace Zilbert,So,L,5-8,16,6,61,1,0,0,8,0,6,9,12,134,9,NA,NA,NA,NA,9,NA,NA,NA,NA,NA,NA,NA
2020-2021,Saint Mary's (CA),WCC,15,Elena Baka,So,OH,6-1,17,17,63,2,194,105,591,0.151,17,25,31,161,26,3,21,1,14.5,232.5,1,NA,NA,NA,NA,NA,NA
2020-2021,San Diego,WCC,11,Grace Frohling,So,OPP,6-5,18,18,66,2,178,83,471,0.202,10,26,26,105,NA,1,52,2,32,231,NA,NA,NA,NA,NA,NA,NA
2020-2021,San Diego,WCC,19,Lauren Turner,So,MB,6-1,10,10,36,2,36,8,81,0.346,1,NA,NA,6,NA,4,34,5,28.5,57,1,NA,NA,NA,NA,NA,NA
2020-2021,San Francisco,WCC,12,Orsula Staka,So,MB,6-4,18,18,70,3,110,34,292,0.26,4,NA,9,8,NA,17,51,5,49,152.5,2,NA,NA,NA,NA,NA,NA
2020-2021,Santa Clara,WCC,2,Julia Sangiacomo,So,OH,6-5,18,18,64,9,268,108,744,0.215,13,21,35,143,15,2,26,4,25.5,304,NA,NA,NA,NA,NA,NA,NA
2021-2022,Boston College,ACC,1,Grace Penn,So,S,5-10,33,9,120,NA,5,2,28,0.107,610,18,26,178,NA,NA,NA,NA,NA,23,14,NA,460,NA,NA,NA,NA
2021-2022,Boston College,ACC,4,Anna Murphy,So,L,5-6,33,0,124,NA,2,0,7,0.286,80,26,19,481,35,NA,NA,NA,NA,28,1,NA,441,NA,NA,NA,NA
2021-2022,Boston College,ACC,5,Sophia Lambros,So,S,6-0,34,22,103,NA,4,2,22,0.091,460,17,21,170,NA,NA,1,1,NA,21.5,6,NA,307,NA,NA,NA,NA
2021-2022,Boston College,ACC,9,Katrina Jensen,So,OH,6-1,34,13,104,NA,240,119,612,0.198,4,9,14,39,9,5,21,1,NA,264.5,NA,NA,104,NA,NA,NA,NA
2021-2022,Boston College,ACC,10,Peyton Minyard,So,MB,6-2,5,1,9,NA,9,0,19,0.474,NA,2,3,5,NA,2,4,NA,NA,15,NA,NA,25,NA,NA,NA,NA
2021-2022,Boston College,ACC,11,Alayna Crabtree,So,OH,6-2,27,3,66,NA,108,77,331,0.094,3,13,15,67,15,4,10,1,NA,130,NA,NA,166,NA,NA,NA,NA
2021-2022,Boston College,ACC,18,Bridget Green,So,L,5-8,26,11,65,NA,1,2,3,-0.333,19,13,17,101,7,NA,NA,NA,NA,14,NA,NA,177,NA,NA,NA,NA
2021-2022,Clemson,ACC,4,Anna Renwick,So,L/DS,5-6,26,0,88,NA,1,0,6,0.167,33,12,38,220,21,NA,NA,NA,NA,13,NA,NA,324,NA,NA,NA,NA
2021-2022,Clemson,ACC,10,Cate Long,So,OH,6-1,30,29,104,NA,186,85,649,0.156,29,26,66,198,34,6,17,6,NA,226.5,2,NA,330,NA,NA,NA,NA
2021-2022,Clemson,ACC,13,Colleen Finney,So,OH,6-1,19,12,50,NA,89,35,256,0.211,NA,2,4,16,NA,3,24,1,NA,106,NA,NA,19,NA,NA,NA,NA
2021-2022,Clemson,ACC,14,Jenna Moore,So,S,5-10,5,3,13,NA,6,0,18,0.333,122,3,5,26,NA,2,5,NA,NA,13.5,1,NA,42,NA,NA,NA,NA
2021-2022,Clemson,ACC,24,Camryn Hannah,So,RS,6-2,25,21,84,NA,261,129,698,0.189,15,12,39,160,10,3,29,2,NA,290.5,1,NA,218,NA,NA,NA,NA
2021-2022,Duke,ACC,5,Sydney Yap,So,S,5-9,26,8,67,NA,1,0,3,0.333,41,13,17,96,NA,NA,NA,NA,NA,14,3,NA,194,NA,NA,NA,NA
2021-2022,Duke,ACC,9,Georgia Stavrinides,So,MB,6-2,28,25,86,NA,151,46,379,0.277,2,2,4,22,NA,16,56,7,NA,197,2,NA,35,NA,NA,NA,NA
2021-2022,Florida St.,ACC,15,Sydney Conley,So,RS,6-1,30,29,100,NA,179,63,540,0.215,2,NA,8,59,8,2,50,3,NA,206,NA,NA,43,NA,NA,NA,NA
2021-2022,Georgia Tech,ACC,10,Isabella D'Amico,So,S,6-0,25,0,46,NA,1,0,6,0.167,54,NA,NA,14,NA,NA,5,1,NA,3.5,4,NA,9,NA,NA,NA,NA
2021-2022,Louisville,ACC,1,Ceci Rush,So,L/DS,5-9,27,0,56,NA,0,0,0,NA,NA,8,11,9,NA,NA,NA,NA,NA,8,NA,NA,138,NA,NA,NA,NA
2021-2022,Louisville,ACC,2,Ayden Bartlett,So,L/DS,5-6,33,3,105,NA,0,0,2,0,14,22,20,171,18,NA,NA,NA,NA,22,NA,NA,263,NA,NA,NA,NA
2021-2022,Louisville,ACC,6,Brooke Smith,So,OH,6-2,9,0,12,NA,9,7,22,0.091,NA,2,5,NA,NA,NA,1,NA,NA,11.5,NA,NA,15,NA,NA,NA,NA
2021-2022,Louisville,ACC,14,Anna DeBeer,So,OH,6-0,31,31,105,NA,343,128,836,0.257,17,29,55,257,16,6,42,3,NA,399,1,NA,360,NA,NA,NA,NA
2021-2022,Miami (FL),ACC,8,Michalina Rola,So,OH,5-11,2,0,2,NA,1,0,1,1,NA,NA,NA,NA,NA,NA,NA,NA,NA,1,NA,NA,1,NA,NA,NA,NA
2021-2022,NC State,ACC,11,Hartley Myers,So,OH,6-1,2,0,2,NA,0,1,2,-0.5,NA,NA,NA,NA,NA,NA,NA,NA,NA,NA,NA,NA,NA,NA,NA,NA,NA
2021-2022,NC State,ACC,25,Riley Shaak,So,MB,6-3,27,25,91,NA,66,25,174,0.236,7,12,43,38,NA,19,58,NA,NA,126,1,NA,195,NA,NA,NA,NA
2021-2022,North Carolina,ACC,4,Olivia Diaz,So,L/DS,5-4,25,9,75,NA,0,1,3,-0.333,40,12,5,169,18,NA,NA,NA,NA,12,1,NA,233,NA,NA,NA,NA
2021-2022,North Carolina,ACC,14,Kaya Merkler,So,MH,6-3,28,28,102,NA,238,70,480,0.35,6,13,26,39,NA,19,78,9,NA,309,NA,NA,289,NA,NA,NA,NA
2021-2022,Notre Dame,ACC,8,Hattie Monson,So,L/DS,5-6,28,0,103,NA,1,0,6,0.167,89,21,27,407,19,NA,NA,NA,NA,22,2,NA,403,NA,NA,NA,NA
2021-2022,Notre Dame,ACC,11,Lindsey Miller,So,MB,6-4,28,27,103,NA,177,51,413,0.305,7,9,18,27,2,11,94,7,NA,244,NA,NA,135,NA,NA,NA,NA
2021-2022,Notre Dame,ACC,12,Aubrey Hamilton,So,OH,6-2,28,15,103,NA,316,126,1027,0.185,10,12,13,85,27,4,44,1,NA,354,2,NA,178,NA,NA,NA,NA
2021-2022,Notre Dame,ACC,14,Lauren Tarnoff,So,MB,6-2,22,18,60,NA,79,22,173,0.329,2,NA,NA,8,NA,7,74,2,NA,123,1,NA,NA,NA,NA,NA,NA
2021-2022,Notre Dame,ACC,18,Charity McDowell,So,MB,6-0,2,0,2,NA,0,1,5,-0.2,NA,NA,NA,NA,NA,NA,1,NA,NA,0.5,NA,NA,NA,NA,NA,NA,NA
2021-2022,Pittsburgh,ACC,2,Valeria Vazquez Gomez,So,OH,6-1,28,8,88,NA,95,42,246,0.215,12,14,10,107,12,1,15,NA,NA,117.5,3,NA,280,NA,NA,NA,NA
2021-2022,Pittsburgh,ACC,3,Cat Flood,So,OH,6-2,15,0,22,NA,3,3,19,0,NA,2,3,3,2,NA,NA,NA,NA,5,NA,NA,35,NA,NA,NA,NA
2021-2022,Pittsburgh,ACC,8,Anastasia Russ,So,MB,6-5,8,1,12,NA,15,2,22,0.591,NA,NA,NA,2,NA,1,6,NA,NA,19,NA,NA,8,NA,NA,NA,NA
2021-2022,Syracuse,ACC,1,Lauren Hogan,So,DS,5-4,16,1,58,NA,1,0,23,0.043,50,5,18,228,13,NA,NA,NA,NA,6,NA,NA,239,NA,NA,NA,NA
2021-2022,Syracuse,ACC,17,Naomi Franco,So,OH,6-3,29,24,98,NA,169,82,461,0.189,3,8,17,52,1,7,50,10,NA,209,6,NA,124,NA,NA,NA,NA
2021-2022,Virginia,ACC,14,Mary Shaffer,So,OH,6-0,28,26,99,NA,189,92,554,0.175,7,2,16,69,1,3,81,12,NA,234.5,NA,NA,52,NA,NA,NA,NA
2021-2022,Virginia,ACC,15,Laila Rogers,So,MB,5-11,15,0,26,NA,10,11,45,-0.022,1,NA,NA,8,NA,NA,16,1,NA,18,NA,NA,NA,NA,NA,NA,NA
2021-2022,Virginia,ACC,24,Madison Morey,So,L/DS,5-7,26,4,75,NA,0,0,0,NA,22,14,22,93,20,NA,NA,NA,NA,14,1,NA,190,NA,NA,NA,NA
2021-2022,Virginia,ACC,25,Hannah Prendergast,So,S,5-8,19,0,52,NA,1,2,6,-0.167,194,10,29,58,NA,NA,NA,NA,NA,11,2,NA,141,NA,NA,NA,NA
2021-2022,Virginia Tech,ACC,5,Brie Siverling,So,S,6-0,26,14,87,NA,21,7,71,0.197,538,24,40,156,NA,NA,7,6,NA,48.5,6,NA,312,NA,NA,NA,NA
2021-2022,Virginia Tech,ACC,8,Cierra Huntley,So,OH,5-10,16,7,51,NA,11,10,52,0.019,3,18,20,89,9,NA,1,NA,NA,29.5,NA,NA,183,NA,NA,NA,NA
2021-2022,Virginia Tech,ACC,9,Mara Perry,So,S,5-8,28,9,104,NA,6,3,21,0.143,230,25,24,175,16,NA,1,1,NA,31.5,7,NA,332,NA,NA,NA,NA
2021-2022,Virginia Tech,ACC,13,Mekenzi Heckmann,So,OH,6-2,15,2,40,NA,62,34,209,0.134,1,1,2,16,7,2,18,1,NA,74,NA,NA,6,NA,NA,NA,NA
2021-2022,Wake Forest,ACC,2,Olivia Franke,So,MB,6-4,29,29,104,NA,183,67,396,0.293,8,3,11,21,NA,18,73,12,NA,240.5,1,NA,33,NA,NA,NA,NA
2021-2022,Wake Forest,ACC,6,Annabelle Daly,So,L/DS,5-8,29,15,101,NA,2,1,8,0.125,15,5,16,136,28,NA,NA,NA,NA,7,NA,NA,175,NA,NA,NA,NA
2021-2022,Wake Forest,ACC,9,Kylie Adams,So,S,5-10,8,0,15,NA,1,0,4,0.25,29,NA,4,17,NA,NA,NA,NA,NA,1,1,NA,37,NA,NA,NA,NA
2021-2022,Wake Forest,ACC,14,Ashley Slater,So,OH,6-2,29,14,102,NA,289,160,758,0.17,4,18,30,52,9,12,20,3,NA,329,NA,NA,164,NA,NA,NA,NA
2021-2022,Wake Forest,ACC,18,Megan Merril,So,L/DS,5-8,28,0,85,NA,2,1,6,0.167,2,14,25,38,NA,NA,NA,NA,NA,16,NA,NA,226,NA,NA,NA,NA
2021-2022,Wake Forest,ACC,20,Chloe Wilson,So,OH,6-4,20,4,52,NA,91,43,234,0.205,2,NA,NA,16,1,2,30,2,NA,108,NA,NA,2,NA,NA,NA,NA
2021-2022,Bellarmine,ASUN,5,Anna Lococo,So,DS,5-5,28,0,104,NA,1,1,11,0,101,15,7,453,41,NA,NA,NA,NA,16,NA,NA,341,NA,NA,NA,NA
2021-2022,Bellarmine,ASUN,7,Carissa Reyes,So,L/DS,5-5,17,2,35,NA,0,1,1,-1,6,6,11,46,6,NA,NA,NA,NA,6,NA,NA,79,NA,NA,NA,NA
2021-2022,Bellarmine,ASUN,11,Bailey Venard,So,OH,5-10,21,12,65,NA,176,98,513,0.152,3,1,10,56,8,NA,18,2,NA,186,NA,NA,54,NA,NA,NA,NA
2021-2022,Central Ark.,ASUN,4,Anna Myers,So,S,5-11,22,16,64,NA,19,10,62,0.145,434,5,7,114,1,1,21,1,NA,35.5,4,NA,141,NA,NA,NA,NA
2021-2022,Central Ark.,ASUN,8,Lexie Gregory,So,L/DS,5-4,25,1,88,NA,1,0,6,0.167,38,17,19,297,41,NA,NA,NA,NA,18,NA,NA,220,NA,NA,NA,NA
2021-2022,Central Ark.,ASUN,10,Sarah Strus,So,OH,6-1,2,0,2,NA,1,0,2,0.5,NA,NA,1,1,NA,NA,NA,NA,NA,1,NA,NA,1,NA,NA,NA,NA
2021-2022,Central Ark.,ASUN,16,April Conant,So,MB,6-0,7,5,17,NA,24,3,53,0.396,2,3,3,11,NA,NA,8,1,NA,31,NA,NA,58,NA,NA,NA,NA
2021-2022,Central Ark.,ASUN,17,Macy Blackburn,So,MB,6-0,19,15,55,NA,72,24,177,0.271,NA,15,15,22,2,10,54,2,NA,124,NA,NA,186,NA,NA,NA,NA
2021-2022,Eastern Ky.,ASUN,1,Molly Roeder,So,L/DS,5-5,12,0,29,NA,0,0,0,NA,NA,2,6,4,NA,NA,NA,NA,NA,2,NA,NA,58,NA,NA,NA,NA
2021-2022,Eastern Ky.,ASUN,7,Katie McKune,So,OH,5-11,27,0,79,NA,73,34,246,0.159,1,NA,NA,29,NA,1,25,4,NA,86.5,NA,NA,1,NA,NA,NA,NA
2021-2022,Eastern Ky.,ASUN,11,Molly Michalak,So,OH,5-11,31,30,119,NA,358,182,1136,0.155,9,7,7,167,39,10,30,4,NA,390,2,NA,152,NA,NA,NA,NA
2021-2022,Eastern Ky.,ASUN,13,Sarah Mitchell,So,OH,6-0,31,30,119,NA,354,174,1020,0.176,26,23,23,289,36,6,39,12,NA,402.5,1,NA,354,NA,NA,NA,NA
2021-2022,Eastern Ky.,ASUN,14,Audrey Eurton,So,S,5-11,17,9,54,NA,55,21,147,0.231,405,11,11,82,NA,1,16,4,NA,75,17,NA,136,NA,NA,NA,NA
2021-2022,Eastern Ky.,ASUN,21,Josie Schmitendorf,So,L,5-6,31,1,115,NA,0,1,4,-0.25,26,13,9,176,29,NA,NA,NA,NA,13,1,NA,356,NA,NA,NA,NA
2021-2022,FGCU,ASUN,5,Kortney Reynolds,So,MB,6-3,4,0,4,NA,3,0,11,0.273,NA,NA,NA,NA,NA,NA,1,NA,NA,3.5,NA,NA,NA,NA,NA,NA,NA
2021-2022,FGCU,ASUN,9,Emma Szypszak,So,OH,6-1,19,9,40,NA,46,18,112,0.25,NA,NA,NA,2,NA,4,41,3,NA,70.5,1,NA,NA,NA,NA,NA,NA
2021-2022,FGCU,ASUN,11,Hannah Rae Kivett,So,S,6-1,3,0,3,NA,0,0,0,NA,8,NA,1,2,NA,1,NA,NA,NA,1,NA,NA,1,NA,NA,NA,NA
2021-2022,FGCU,ASUN,13,Juliana Lentz,So,MB,6-2,24,24,75,NA,175,37,351,0.393,NA,11,24,26,NA,12,82,3,NA,239,NA,NA,146,NA,NA,NA,NA
2021-2022,Jacksonville,ASUN,1,Niccola Bozzini,So,S,5-9,21,3,58,NA,1,1,5,0,45,20,39,79,NA,NA,NA,NA,NA,21,1,NA,165,NA,NA,NA,NA
2021-2022,Jacksonville,ASUN,3,Zoe LaBreche,So,OH,5-10,12,8,34,NA,75,42,219,0.151,4,3,9,31,NA,NA,10,2,NA,83,1,NA,43,NA,NA,NA,NA
2021-2022,Jacksonville,ASUN,7,Jenna McNamara,So,OH,5-10,28,19,103,NA,126,84,511,0.082,19,7,16,198,38,1,21,1,NA,144.5,NA,NA,90,NA,NA,NA,NA
2021-2022,Jacksonville,ASUN,9,Camryn Honn,So,S,5-8,27,27,99,NA,68,11,183,0.311,698,19,39,228,NA,1,17,1,NA,96.5,3,NA,342,NA,NA,NA,NA
2021-2022,Jacksonville,ASUN,15,Gyrani Rogers,So,L/DS,5-1,28,16,103,NA,4,2,23,0.087,36,37,59,244,42,NA,NA,NA,NA,41,1,NA,380,NA,NA,NA,NA
2021-2022,Jacksonville,ASUN,16,Rebecca Rocassin,So,S,6-0,16,1,38,NA,5,2,28,0.107,127,13,40,28,NA,NA,NA,NA,NA,18,2,NA,116,NA,NA,NA,NA
2021-2022,Jacksonville St.,ASUN,2,Macie Garrison,So,S,5-10,8,0,9,NA,2,1,12,0.083,71,3,3,8,NA,NA,3,1,NA,6.5,4,NA,23,NA,NA,NA,NA
2021-2022,Jacksonville St.,ASUN,9,Courtney Glotzbach,So,OH,5-11,4,4,9,NA,22,8,51,0.275,NA,1,1,12,2,NA,3,NA,NA,24.5,NA,NA,2,NA,NA,NA,NA
2021-2022,Jacksonville St.,ASUN,11,Sadie Brown,So,MB,6-1,18,11,48,NA,58,24,139,0.245,2,2,3,10,NA,5,27,2,NA,78.5,NA,NA,10,NA,NA,NA,NA
2021-2022,Kennesaw St.,ASUN,2,Claire Parsons,So,MB,6-2,29,28,107,NA,174,74,478,0.209,4,4,23,15,2,13,105,16,NA,243.5,1,NA,105,NA,NA,NA,NA
2021-2022,Kennesaw St.,ASUN,5,McKinley Ferguson,So,S,5-9,29,28,105,NA,76,35,206,0.199,1032,27,60,204,NA,4,39,9,NA,126.5,38,NA,350,NA,NA,NA,NA
2021-2022,Kennesaw St.,ASUN,15,Addi Goede,So,DS,5-7,14,0,27,NA,1,0,1,1,NA,NA,8,5,NA,NA,NA,NA,NA,1,NA,NA,42,NA,NA,NA,NA
2021-2022,Liberty,ASUN,2,Lydia Martyn,So,MH,6-3,21,20,78,NA,156,79,370,0.208,5,1,9,26,3,15,72,9,NA,208,NA,NA,21,NA,NA,NA,NA
2021-2022,Liberty,ASUN,8,Trinity Watts,So,OH,5-10,21,19,79,NA,219,111,594,0.182,9,17,6,106,12,5,44,4,NA,263,1,NA,182,NA,NA,NA,NA
2021-2022,Lipscomb,ASUN,0,Kamryn Bacus,So,OH,6-0,24,11,87,NA,267,144,700,0.176,3,5,21,33,11,4,22,10,NA,287,NA,NA,62,NA,NA,NA,NA
2021-2022,Lipscomb,ASUN,3,Meg Mersman,So,MB,6-2,27,27,99,NA,262,97,589,0.28,2,NA,NA,21,2,20,81,18,NA,322.5,1,NA,NA,NA,NA,NA,NA
2021-2022,Lipscomb,ASUN,8,Caroline Stogner,So,OH,6-0,14,2,32,NA,56,32,170,0.141,1,NA,NA,9,4,NA,4,NA,NA,58,NA,NA,NA,NA,NA,NA,NA
2021-2022,Lipscomb,ASUN,10,Ashleigh Albert,So,S,5-7,26,6,93,NA,1,0,4,0.25,8,26,25,75,5,NA,NA,NA,NA,27,NA,NA,296,NA,NA,NA,NA
2021-2022,Lipscomb,ASUN,13,Delaney Smith,So,L,5-8,27,0,101,NA,5,1,11,0.364,60,40,50,362,28,NA,NA,NA,NA,45,1,NA,414,NA,NA,NA,NA
2021-2022,Lipscomb,ASUN,16,Delaney Dilfer,So,S,5-9,27,27,101,NA,80,20,206,0.291,1035,39,19,176,1,4,29,9,NA,137.5,9,NA,420,NA,NA,NA,NA
2021-2022,North Ala.,ASUN,4,Katie Gerig,So,L/DS,5-6,29,2,99,NA,0,3,14,-0.214,58,22,42,269,29,NA,NA,NA,NA,22,NA,NA,295,NA,NA,NA,NA
2021-2022,North Ala.,ASUN,8,Mackenzie O'Loughlin,So,MB,6-1,1,0,1,NA,2,0,2,1,NA,NA,NA,NA,NA,NA,NA,NA,NA,2,NA,NA,NA,NA,NA,NA,NA
2021-2022,North Ala.,ASUN,13,Kennedey Johnson,So,S,5-10,21,1,71,NA,1,0,4,0.25,21,15,34,37,NA,NA,NA,1,NA,16,NA,NA,215,NA,NA,NA,NA
2021-2022,North Ala.,ASUN,16,Kamryn Parsonage,So,OH,6-1,29,26,101,NA,194,142,636,0.082,13,14,24,149,50,3,20,1,NA,221,NA,NA,110,NA,NA,NA,NA
2021-2022,North Ala.,ASUN,21,Freya Collier,So,RS,6-4,2,0,2,NA,0,0,0,NA,NA,NA,NA,NA,NA,NA,NA,NA,NA,NA,NA,NA,NA,NA,NA,NA,NA
2021-2022,North Florida,ASUN,1,Logan O'Brien,So,L/DS,5-6,31,0,76,NA,2,2,9,0,11,3,10,74,13,NA,NA,NA,NA,5,2,NA,125,NA,NA,NA,NA
2021-2022,North Florida,ASUN,2,Kailey McKnight,So,OH,5-10,25,4,51,NA,77,36,194,0.211,4,4,5,20,6,NA,13,1,NA,87.5,NA,NA,33,NA,NA,NA,NA
2021-2022,North Florida,ASUN,16,Jessica Buis,So,OH,5-10,3,0,4,NA,2,0,3,0.667,NA,NA,2,1,NA,NA,NA,NA,NA,2,NA,NA,5,NA,NA,NA,NA
2021-2022,North Florida,ASUN,42,Lachelle Sikes,So,MB,6-0,1,0,1,NA,0,0,0,NA,NA,NA,NA,NA,NA,NA,NA,NA,NA,NA,NA,NA,NA,NA,NA,NA,NA
2021-2022,Stetson,ASUN,1,Grace Asleson,So,S,5-9,17,2,42,NA,0,0,7,0,69,4,9,39,NA,NA,NA,NA,NA,4,NA,NA,125,NA,NA,NA,NA
2021-2022,Stetson,ASUN,2,Anabelle Standish,So,OH,5-10,28,21,84,NA,188,103,609,0.14,11,6,11,144,23,10,22,4,NA,215,1,NA,204,NA,NA,NA,NA
2021-2022,Binghamton,America East,5,Jessie Bilello,So,S,6-0,1,0,1,NA,0,0,0,NA,NA,NA,NA,1,NA,NA,NA,NA,NA,NA,NA,NA,NA,NA,NA,NA,NA
2021-2022,Binghamton,America East,6,Stephanie Gatto,So,RS,6-1,16,3,33,NA,12,10,64,0.031,8,4,7,12,4,NA,7,1,NA,19.5,NA,NA,59,NA,NA,NA,NA
2021-2022,Binghamton,America East,7,Stefana Stan,So,OH,6-1,23,23,80,NA,229,135,787,0.119,13,7,12,181,36,NA,29,3,NA,250.5,NA,NA,247,NA,NA,NA,NA
2021-2022,Hartford,America East,1,Kaleigh Fitzgerald,So,L/DS,5-9,25,4,84,NA,24,18,121,0.05,11,20,29,159,9,NA,1,NA,NA,44.5,NA,NA,278,NA,NA,NA,NA
2021-2022,Hartford,America East,2,Morgan Galligan,So,S,5-10,25,25,84,NA,40,11,147,0.197,722,8,18,143,2,8,38,2,NA,75,56,NA,225,NA,NA,NA,NA
2021-2022,Hartford,America East,7,Uzezi Ijoma,So,OH,5-10,22,9,60,NA,71,56,289,0.052,NA,NA,1,16,3,2,10,NA,NA,78,NA,NA,7,NA,NA,NA,NA
2021-2022,Hartford,America East,8,McKenna Reiswig,So,RS,6-4,21,2,42,NA,40,22,99,0.182,NA,NA,NA,5,NA,1,18,5,NA,50,NA,NA,NA,NA,NA,NA,NA
2021-2022,NJIT,America East,2,Kyla Lannert,So,S,5-10,20,9,55,NA,14,9,59,0.085,149,7,5,79,1,NA,14,NA,NA,28,7,NA,108,NA,NA,NA,NA
2021-2022,NJIT,America East,11,Elley Torres,So,OH,5-9,22,20,70,NA,145,95,504,0.099,18,17,35,149,24,1,29,3,NA,177.5,NA,NA,179,NA,NA,NA,NA
2021-2022,NJIT,America East,18,Kaitlyn Arias,So,L,5-5,23,0,63,NA,0,3,7,-0.429,32,4,4,176,29,NA,NA,NA,NA,4,1,NA,187,NA,NA,NA,NA
2021-2022,New Hampshire,America East,1,Grace Tomann,So,L/DS,5-7,22,10,60,NA,2,1,10,0.1,6,7,21,99,21,NA,NA,NA,NA,9,NA,NA,129,NA,NA,NA,NA
2021-2022,New Hampshire,America East,5,Mia Pagliarini,So,L/DS,5-5,27,0,100,NA,1,2,12,-0.083,63,28,23,443,40,NA,NA,NA,NA,29,1,NA,327,NA,NA,NA,NA
2021-2022,New Hampshire,America East,7,Jamison White,So,RS,6-0,25,11,77,NA,20,14,80,0.075,54,15,11,117,2,1,4,NA,NA,38,NA,NA,241,NA,NA,NA,NA
2021-2022,New Hampshire,America East,8,Hannah Serbousek,So,OH,6-0,17,14,59,NA,154,70,426,0.197,1,20,16,76,9,1,20,3,NA,185,NA,NA,151,NA,NA,NA,NA
2021-2022,New Hampshire,America East,9,Ali Stuessi,So,L/DS,5-7,14,1,29,NA,0,1,2,-0.5,1,1,NA,19,4,NA,NA,NA,NA,1,NA,NA,45,NA,NA,NA,NA
2021-2022,New Hampshire,America East,11,Kaleigh Whalen,So,DS,5-10,14,0,33,NA,0,0,1,0,NA,2,3,6,NA,NA,NA,NA,NA,2,NA,NA,56,NA,NA,NA,NA
2021-2022,New Hampshire,America East,12,Kelly Kaufmann,So,MB,6-2,27,27,97,NA,186,53,487,0.273,4,10,5,43,NA,10,70,4,NA,241,NA,NA,217,NA,NA,NA,NA
2021-2022,New Hampshire,America East,14,Gabby Smith,So,MB,6-1,17,2,30,NA,43,20,103,0.223,NA,4,4,8,1,2,14,1,NA,56,NA,NA,60,NA,NA,NA,NA
2021-2022,New Hampshire,America East,16,Marly Johnson,So,OH,5-11,7,0,7,NA,0,0,0,NA,NA,NA,3,4,1,NA,NA,NA,NA,NA,1,NA,12,NA,NA,NA,NA
2021-2022,Stony Brook,America East,2,Torri Henry,So,S,5-8,27,27,96,NA,35,13,134,0.164,951,39,31,240,NA,1,36,7,NA,93,30,NA,391,NA,NA,NA,NA
2021-2022,Stony Brook,America East,8,Abby Campbell,So,MB,6-1,27,26,93,NA,214,64,496,0.302,3,17,38,37,NA,11,63,5,NA,273.5,NA,NA,205,NA,NA,NA,NA
2021-2022,Stony Brook,America East,9,Julia Patsos,So,L,5-6,15,8,49,NA,1,0,4,0.25,4,6,12,119,9,NA,NA,NA,NA,7,NA,NA,108,NA,NA,NA,NA
2021-2022,Stony Brook,America East,13,Lauren Schmitz,So,OH,5-10,14,3,30,NA,29,21,103,0.078,1,7,7,27,4,2,12,1,NA,44,1,NA,67,NA,NA,NA,NA
2021-2022,Stony Brook,America East,17,Leoni Kunz,So,OH,5-11,27,27,95,NA,271,119,858,0.177,11,8,21,227,22,2,34,3,NA,298,3,NA,299,NA,NA,NA,NA
2021-2022,UAlbany,America East,7,Cami Eder,So,MB,6-2,2,0,2,NA,0,0,0,NA,NA,NA,NA,NA,NA,NA,NA,NA,NA,NA,NA,NA,NA,NA,NA,NA,NA
2021-2022,UAlbany,America East,10,Hannah Rowe,So,OH,6-1,3,0,5,NA,3,10,26,-0.269,1,1,NA,5,3,NA,NA,1,NA,4,NA,NA,7,NA,NA,NA,NA
2021-2022,UMBC,America East,7,Aysia Miller,So,L/DS,5-10,28,28,102,NA,187,102,573,0.148,268,18,22,317,7,1,25,7,NA,218.5,12,NA,353,NA,NA,NA,NA
2021-2022,UMBC,America East,9,Beste Ayhan,So,MB,6-4,31,31,113,NA,145,35,350,0.314,17,34,31,79,1,18,126,17,NA,260,3,NA,441,NA,NA,NA,NA
2021-2022,UMBC,America East,11,Weronika Wrzesinska,So,OH,6-0,13,1,40,NA,2,5,21,-0.143,5,NA,1,56,9,NA,NA,NA,NA,2,NA,NA,28,NA,NA,NA,NA
2021-2022,Davidson,Atlantic 10,4,Jessie Doyal,So,S,5-10,27,23,101,NA,16,4,67,0.179,527,18,14,191,NA,NA,NA,1,NA,34,12,NA,362,NA,NA,NA,NA
2021-2022,Davidson,Atlantic 10,8,Sophia Hritz,So,L/DS,5-8,27,11,98,NA,22,13,100,0.09,16,18,12,178,19,NA,1,NA,NA,40.5,NA,NA,263,NA,NA,NA,NA
2021-2022,Davidson,Atlantic 10,11,Bella Brady,So,L/DS,5-4,27,0,101,NA,0,2,6,-0.333,99,25,24,542,25,NA,NA,NA,NA,25,1,NA,371,NA,NA,NA,NA
2021-2022,Davidson,Atlantic 10,15,Sola Omonije,So,MB,6-0,27,27,101,NA,175,62,446,0.253,2,5,16,61,1,5,67,4,NA,218.5,NA,NA,207,NA,NA,NA,NA
2021-2022,Dayton,Atlantic 10,6,Amelia Moore,So,MB,6-5,32,31,113,NA,226,96,517,0.251,12,22,24,55,1,12,125,13,NA,322.5,1,NA,255,NA,NA,NA,NA
2021-2022,Duquesne,Atlantic 10,7,Camille Spencer,So,OH,6-2,29,0,114,NA,1,2,12,-0.083,82,31,22,430,75,NA,NA,1,NA,32,NA,NA,410,NA,NA,NA,NA
2021-2022,Duquesne,Atlantic 10,16,Riley Speelman,So,S,5-10,7,0,15,NA,0,0,1,0,66,2,NA,29,NA,NA,NA,NA,NA,2,4,NA,36,NA,NA,NA,NA
2021-2022,Fordham,Atlantic 10,1,Whitley Moody,So,OH,6-1,30,28,108,NA,373,161,1167,0.182,12,20,24,241,31,2,55,4,NA,422.5,NA,NA,352,NA,NA,NA,NA
2021-2022,Fordham,Atlantic 10,3,Lauren Arzuaga,So,OH,6-1,5,0,6,NA,1,2,15,-0.067,NA,NA,NA,3,NA,NA,2,NA,NA,2,NA,NA,NA,NA,NA,NA,NA
2021-2022,Fordham,Atlantic 10,4,Izzy Fichtel,So,MB,6-1,18,18,69,NA,160,54,396,0.268,2,NA,NA,24,3,5,71,16,NA,200.5,NA,NA,NA,NA,NA,NA,NA
2021-2022,George Mason,Atlantic 10,14,Grace Kristofic,So,S,5-10,13,2,30,NA,9,2,27,0.259,126,4,2,66,NA,NA,NA,3,NA,13,5,NA,85,NA,NA,NA,NA
2021-2022,George Mason,Atlantic 10,24,Katelyn Clarke,So,OH,5-11,23,15,76,NA,102,84,419,0.043,7,13,19,113,26,3,21,5,NA,128.5,1,NA,160,NA,NA,NA,NA
2021-2022,George Washington,Atlantic 10,10,Olivia Womble,So,OPP,6-1,25,9,82,NA,152,81,484,0.147,2,5,5,46,11,4,33,3,NA,177.5,2,NA,77,NA,NA,NA,NA
2021-2022,George Washington,Atlantic 10,11,Markella Lanara,So,MB,6-2,24,18,73,NA,48,22,169,0.154,7,12,18,29,NA,6,36,7,NA,84,1,NA,232,NA,NA,NA,NA
2021-2022,George Washington,Atlantic 10,17,Elizabeth Drelling,So,OH,6-0,24,15,77,NA,34,40,137,-0.044,2,17,30,90,47,1,NA,NA,NA,52,NA,NA,152,NA,NA,NA,NA
2021-2022,Rhode Island,Atlantic 10,3,Brynne Wright,So,OH,5-11,32,24,113,NA,301,160,914,0.154,5,2,11,49,14,2,25,4,NA,317.5,1,NA,57,NA,NA,NA,NA
2021-2022,Saint Louis,Atlantic 10,2,Cece Fitz,So,MB,6-0,16,11,45,NA,42,15,106,0.255,3,NA,1,8,1,6,35,7,NA,65.5,1,NA,1,NA,NA,NA,NA
2021-2022,Saint Louis,Atlantic 10,6,Emily Henken,So,OH,6-1,23,19,83,NA,164,90,543,0.136,11,31,39,163,21,4,25,3,NA,211.5,NA,NA,243,NA,NA,NA,NA
2021-2022,Saint Louis,Atlantic 10,12,Abby Lynn,So,S,5-10,28,4,93,NA,12,9,39,0.077,500,21,18,201,NA,NA,5,1,NA,35.5,5,NA,322,NA,NA,NA,NA
2021-2022,Saint Louis,Atlantic 10,14,Delaney Rice,So,RS,6-4,30,12,113,NA,279,119,699,0.229,2,NA,7,27,1,2,70,4,NA,316,NA,NA,17,NA,NA,NA,NA
2021-2022,Saint Louis,Atlantic 10,18,Carlie Rodgers,So,DS,5-7,30,3,115,NA,5,1,13,0.308,101,29,39,520,40,NA,NA,NA,NA,34,2,NA,401,NA,NA,NA,NA
2021-2022,Saint Louis,Atlantic 10,19,Emma Comparato,So,DS,5-4,9,0,13,NA,0,0,0,NA,3,2,5,7,2,NA,NA,NA,NA,2,NA,NA,15,NA,NA,NA,NA
2021-2022,Saint Louis,Atlantic 10,21,Jillian Mattingly,So,MB,6-1,30,30,113,NA,286,67,563,0.389,7,38,40,70,NA,20,98,5,NA,393,1,NA,339,NA,NA,NA,NA
2021-2022,VCU,Atlantic 10,1,Crew Hoffmeier,So,L/DS,5-4,28,4,95,NA,1,2,6,-0.167,31,11,27,225,13,NA,NA,NA,NA,12,1,NA,275,NA,NA,NA,NA
2021-2022,VCU,Atlantic 10,2,Corinna Jones,So,S,5-9,26,6,75,NA,5,0,14,0.357,298,23,9,117,NA,NA,NA,NA,NA,28,14,NA,241,NA,NA,NA,NA
2021-2022,VCU,Atlantic 10,4,Christina Butera,So,L/DS,5-5,7,0,10,NA,0,0,0,NA,1,1,2,1,1,NA,NA,NA,NA,1,NA,NA,20,NA,NA,NA,NA
2021-2022,VCU,Atlantic 10,5,Jasmine Knight,So,MB,6-0,27,27,99,NA,264,78,551,0.338,7,NA,NA,38,3,19,86,5,NA,326,2,NA,NA,NA,NA,NA,NA
2021-2022,VCU,Atlantic 10,14,Kylie Loftis,So,MB,6-1,28,28,101,NA,170,38,461,0.286,5,6,12,79,2,11,84,7,NA,229,1,NA,379,NA,NA,NA,NA
2021-2022,VCU,Atlantic 10,20,Parker Hartzell,So,OPP,6-1,21,0,60,NA,66,39,232,0.116,1,NA,NA,27,NA,2,22,1,NA,79,NA,NA,NA,NA,NA,NA,NA
2021-2022,VCU,Atlantic 10,24,Kaelyn O'Brien,So,S,6-1,1,0,1,NA,0,1,1,-1,NA,NA,NA,NA,NA,NA,NA,NA,NA,NA,1,NA,NA,NA,NA,NA,NA
2021-2022,Baylor,Big 12,7,Cassie Davis,So,OH,6-4,5,0,5,NA,3,0,8,0.375,NA,NA,1,NA,NA,NA,NA,NA,NA,3,NA,NA,1,NA,NA,NA,NA
2021-2022,Baylor,Big 12,12,Giselle Vogel,So,DS,6-0,1,0,1,NA,0,0,0,NA,NA,NA,NA,NA,1,NA,NA,NA,NA,NA,NA,NA,NA,NA,NA,NA,NA
2021-2022,Iowa St.,Big 12,12,Alexis Engelbrecht,So,MB,6-2,25,21,77,NA,76,28,191,0.251,7,NA,NA,11,NA,5,56,10,NA,109,2,NA,NA,NA,NA,NA,NA
2021-2022,Iowa St.,Big 12,16,Abby Greiman,So,MB,6-2,5,3,10,NA,10,4,26,0.231,NA,NA,NA,3,NA,NA,7,NA,NA,13.5,NA,NA,NA,NA,NA,NA,NA
2021-2022,Kansas,Big 12,3,Karli Schmidt,So,OH,6-1,13,0,20,NA,19,13,59,0.102,2,NA,NA,4,1,NA,NA,1,NA,19,NA,NA,NA,NA,NA,NA,NA
2021-2022,Kansas,Big 12,6,Molly Schultz,So,L/DS,5-7,29,3,78,NA,1,0,3,0.333,3,8,13,56,4,NA,NA,NA,NA,9,NA,NA,178,NA,NA,NA,NA
2021-2022,Kansas,Big 12,9,CC Crawford,So,MB,6-3,30,30,114,NA,256,71,598,0.309,14,17,29,75,NA,26,101,15,NA,349.5,6,NA,297,NA,NA,NA,NA
2021-2022,Kansas,Big 12,10,Kim Whetstone,So,OH,6-0,3,0,3,NA,1,1,4,0,NA,NA,NA,1,NA,NA,1,NA,NA,1.5,NA,NA,NA,NA,NA,NA,NA
2021-2022,Kansas,Big 12,12,Elise McGhie,So,S,5-9,24,16,84,NA,19,10,64,0.141,507,14,19,126,2,1,5,1,NA,36.5,16,NA,280,NA,NA,NA,NA
2021-2022,Kansas St.,Big 12,2,Aliyah Carter,So,OH,5-9,28,28,107,NA,431,222,1167,0.179,21,19,54,269,31,4,48,7,NA,478,1,NA,379,NA,NA,NA,NA
2021-2022,Kansas St.,Big 12,4,Kadye Fernholz,So,MB,6-1,26,26,99,NA,174,57,429,0.273,11,19,19,63,NA,4,102,4,NA,248,NA,NA,255,NA,NA,NA,NA
2021-2022,Kansas St.,Big 12,10,Jayden Nembhard,So,OH,6-1,17,0,41,NA,114,58,341,0.164,5,NA,1,20,1,1,5,4,NA,117.5,NA,NA,1,NA,NA,NA,NA
2021-2022,Kansas St.,Big 12,18,Tessa Mati,So,OPP,6-4,3,0,3,NA,1,0,3,0.333,NA,NA,NA,1,NA,NA,1,NA,NA,1.5,NA,NA,NA,NA,NA,NA,NA
2021-2022,Kansas St.,Big 12,20,Mackenzie Morris,So,L/DS,5-7,28,0,107,NA,0,0,4,0,41,32,32,424,30,NA,NA,NA,NA,32,NA,NA,454,NA,NA,NA,NA
2021-2022,Oklahoma,Big 12,1,Kelsey Carrington,So,MB,6-3,10,7,30,NA,28,22,77,0.078,1,3,9,9,NA,2,29,2,NA,47.5,NA,NA,72,NA,NA,NA,NA
2021-2022,Oklahoma,Big 12,7,Sam Anthony,So,DS,5-6,24,11,94,NA,1,1,4,0,18,11,26,204,13,NA,NA,NA,NA,12,NA,NA,329,NA,NA,NA,NA
2021-2022,Oklahoma,Big 12,17,Tyler Alcorn,So,MB,6-0,22,19,79,NA,49,29,162,0.123,3,NA,1,23,1,12,58,9,NA,90,1,NA,1,NA,NA,NA,NA
2021-2022,TCU,Big 12,6,Taylor Raiola,So,OH,6-0,22,19,70,NA,202,113,610,0.146,10,12,16,150,25,NA,25,1,NA,226.5,NA,NA,211,NA,NA,NA,NA
2021-2022,TCU,Big 12,9,Alyssa Heist,So,S,5-7,6,0,9,NA,0,0,0,NA,14,NA,1,6,NA,NA,NA,NA,NA,NA,3,NA,9,NA,NA,NA,NA
2021-2022,TCU,Big 12,10,Alexcis Lusby,So,OPP,6-5,8,0,15,NA,15,17,56,-0.036,NA,NA,NA,3,NA,NA,10,NA,NA,20,NA,NA,NA,NA,NA,NA,NA
2021-2022,TCU,Big 12,16,Annie Cornay,So,MB,6-3,3,0,3,NA,2,0,3,0.667,NA,1,1,NA,NA,NA,NA,NA,NA,3,NA,NA,3,NA,NA,NA,NA
2021-2022,Texas,Big 12,4,Melanie Parra,So,OH,5-11,29,24,99,NA,29,15,73,0.192,10,60,85,156,22,NA,7,NA,NA,92.5,NA,NA,386,NA,NA,NA,NA
2021-2022,Texas,Big 12,12,Nalani Iosia,So,DS,5-8,29,0,98,NA,4,3,19,0.053,111,29,49,313,29,NA,NA,NA,NA,33,1,NA,432,NA,NA,NA,NA
2021-2022,Texas,Big 12,19,Reilly Heinrich,So,DS,5-6,11,0,16,NA,0,0,0,NA,2,1,NA,9,2,NA,NA,NA,NA,1,NA,NA,24,NA,NA,NA,NA
2021-2022,Texas,Big 12,24,Naomi Cabello,So,S,6-1,6,0,16,NA,2,1,4,0.25,21,2,NA,3,NA,NA,2,NA,NA,5,NA,NA,10,NA,NA,NA,NA
2021-2022,Texas Tech,Big 12,16,Reese Rhodes,So,S,6-1,23,1,55,NA,9,3,28,0.214,104,1,7,47,NA,3,11,1,NA,18.5,1,NA,82,NA,NA,NA,NA
2021-2022,Texas Tech,Big 12,18,Maddie O'Brien,So,OH,6-2,23,4,54,NA,32,12,85,0.235,NA,3,6,13,NA,2,22,NA,NA,48,NA,NA,85,NA,NA,NA,NA
2021-2022,Texas Tech,Big 12,20,Mackenzie Morgan,So,OH,6-3,14,1,23,NA,12,11,40,0.025,NA,2,10,18,4,1,2,NA,NA,16,NA,NA,32,NA,NA,NA,NA
2021-2022,West Virginia,Big 12,12,Skye Stokes,So,OH,5-9,29,7,101,NA,18,17,92,0.011,19,56,77,256,7,NA,NA,NA,NA,74,NA,NA,435,NA,NA,NA,NA
2021-2022,Butler,Big East,1,Autumn Flowers,So,MB,6-1,1,0,1,NA,0,0,0,NA,NA,NA,NA,NA,NA,NA,NA,NA,NA,NA,NA,NA,NA,NA,NA,NA,NA
2021-2022,Butler,Big East,4,Madison Friebel,So,S,5-10,27,15,96,NA,27,5,91,0.242,729,19,36,212,NA,NA,16,1,NA,54,5,NA,316,NA,NA,NA,NA
2021-2022,Butler,Big East,6,Lauren Hughes,So,L/DS,5-3,17,0,30,NA,1,0,2,0.5,2,NA,4,15,3,NA,NA,NA,NA,1,NA,NA,46,NA,NA,NA,NA
2021-2022,Butler,Big East,8,Hannah Kelly,So,L/DS,5-4,10,4,27,NA,1,0,1,1,3,8,4,36,3,NA,NA,NA,NA,9,NA,NA,82,NA,NA,NA,NA
2021-2022,Butler,Big East,12,Marissa McKelvey,So,S,5-9,27,17,72,NA,18,12,77,0.078,437,16,30,150,NA,NA,6,4,NA,37,2,NA,276,NA,NA,NA,NA
2021-2022,Butler,Big East,15,Caroline Cleveland,So,L,5-7,30,13,97,NA,0,2,23,-0.087,5,24,26,196,15,NA,1,NA,NA,24.5,NA,NA,317,NA,NA,NA,NA
2021-2022,Butler,Big East,17,Amina Shackelford,So,MB,6-1,29,16,100,NA,199,83,562,0.206,3,NA,2,46,NA,2,72,6,NA,237,1,NA,12,NA,NA,NA,NA
2021-2022,Creighton,Big East,1,Ellie Bolton,So,DS,5-7,30,1,81,NA,0,0,0,NA,13,5,7,139,10,NA,NA,NA,NA,5,NA,NA,89,NA,NA,NA,NA
2021-2022,Creighton,Big East,12,Megan Skovsende,So,OH,5-11,25,0,59,NA,1,3,10,-0.2,NA,4,13,23,2,NA,NA,NA,NA,5,NA,NA,155,NA,NA,NA,NA
2021-2022,Creighton,Big East,14,Katie Maser,So,S,5-8,12,0,14,NA,0,0,0,NA,1,1,3,2,NA,NA,NA,NA,NA,1,NA,NA,15,NA,NA,NA,NA
2021-2022,DePaul,Big East,3,Jill Pressly,So,OH,5-11,31,27,109,NA,362,166,983,0.199,16,21,27,290,28,8,28,13,NA,405,1,NA,348,NA,NA,NA,NA
2021-2022,DePaul,Big East,6,Phoenix Lee,So,S,5-7,13,4,40,NA,1,1,16,0,187,12,16,74,NA,NA,NA,NA,NA,13,7,NA,144,NA,NA,NA,NA
2021-2022,DePaul,Big East,7,Rachel Krasowski,So,L/DS,5-3,31,0,115,NA,4,2,35,0.057,117,9,15,534,18,NA,NA,NA,NA,13,3,NA,421,NA,NA,NA,NA
2021-2022,DePaul,Big East,19,Hanna Karl,So,OH,6-0,31,24,106,NA,254,96,740,0.214,26,22,4,248,33,6,26,6,NA,295,NA,NA,368,NA,NA,NA,NA
2021-2022,Georgetown,Big East,1,Chanelle Smith,So,MB,6-2,15,13,51,NA,53,29,168,0.143,NA,NA,5,13,2,9,47,4,NA,85.5,NA,NA,29,NA,NA,NA,NA
2021-2022,Georgetown,Big East,5,Ellen Chang,So,L,5-7,2,0,4,NA,0,0,0,NA,NA,NA,2,NA,NA,NA,NA,NA,NA,NA,NA,NA,8,NA,NA,NA,NA
2021-2022,Georgetown,Big East,7,Abby Lutterloh,So,L,5-9,19,1,54,NA,0,3,11,-0.273,2,7,8,29,4,NA,NA,NA,NA,7,NA,NA,147,NA,NA,NA,NA
2021-2022,Georgetown,Big East,13,Ruth Kayongo,So,RS,6-2,4,1,5,NA,4,6,17,-0.118,NA,NA,1,5,NA,NA,NA,NA,NA,4,NA,NA,3,NA,NA,NA,NA
2021-2022,Georgetown,Big East,16,Lydia Schubert,So,MB,6-2,2,0,2,NA,2,0,3,0.667,NA,NA,NA,1,NA,NA,NA,NA,NA,2,NA,NA,1,NA,NA,NA,NA
2021-2022,Marquette,Big East,2,Hannah Vanden Berg,So,OH,6-2,25,15,85,NA,172,63,480,0.227,10,5,12,97,15,6,42,9,NA,204,NA,NA,92,NA,NA,NA,NA
2021-2022,Marquette,Big East,5,Caroline Dragani,So,S,5-11,13,0,14,NA,0,0,0,NA,17,NA,1,3,NA,NA,NA,NA,NA,NA,NA,NA,18,NA,NA,NA,NA
2021-2022,Marquette,Big East,6,Megan Lund,So,DS,5-11,11,0,12,NA,1,1,5,0,NA,NA,1,1,NA,NA,NA,NA,NA,1,NA,NA,13,NA,NA,NA,NA
2021-2022,Marquette,Big East,13,Claire Nuessmeier,So,MB,6-2,18,0,25,NA,14,5,38,0.237,NA,4,2,7,NA,NA,11,2,NA,23.5,NA,NA,19,NA,NA,NA,NA
2021-2022,Marquette,Big East,14,Carly Skrabak,So,DS,5-6,32,7,113,NA,2,0,23,0.087,72,18,25,426,27,NA,NA,NA,NA,20,NA,NA,404,NA,NA,NA,NA
2021-2022,Providence,Big East,2,Maryanne Boyle,So,MB,5-11,28,24,100,NA,175,60,421,0.273,1,10,12,25,1,7,48,9,NA,216,NA,NA,177,NA,NA,NA,NA
2021-2022,Providence,Big East,9,Sammie Ruggles,So,S,6-0,12,0,21,NA,10,0,22,0.455,96,2,3,26,NA,NA,3,NA,NA,13.5,1,NA,45,NA,NA,NA,NA
2021-2022,Seton Hall,Big East,4,Perri Lucas,So,OH,5-10,32,24,114,NA,303,125,798,0.223,5,1,2,56,1,3,64,5,NA,339,NA,NA,16,NA,NA,NA,NA
2021-2022,Seton Hall,Big East,6,Cagla Bengi,So,S,5-9,32,3,113,NA,10,7,48,0.063,508,27,37,177,NA,NA,NA,NA,NA,37,15,NA,408,NA,NA,NA,NA
2021-2022,Seton Hall,Big East,10,Tsvetelina Ilieva,So,OH,6-0,26,16,86,NA,176,86,640,0.141,7,15,24,94,32,2,31,3,NA,208.5,1,NA,175,NA,NA,NA,NA
2021-2022,Seton Hall,Big East,18,Taylor Jakubowski,So,S,5-8,32,29,115,NA,47,10,141,0.262,553,15,29,313,NA,NA,NA,NA,NA,62,28,NA,400,NA,NA,NA,NA
2021-2022,St. John's (NY),Big East,5,Eleonora Tosi,So,OPP,6-3,32,29,120,NA,282,136,700,0.209,17,26,34,82,10,3,83,8,NA,352.5,3,NA,312,NA,NA,NA,NA
2021-2022,St. John's (NY),Big East,9,Angela Crosetti,So,L/DS,5-6,10,0,17,NA,0,0,0,NA,2,NA,NA,6,5,NA,NA,NA,NA,NA,NA,NA,11,NA,NA,NA,NA
2021-2022,St. John's (NY),Big East,10,Amariis Garcia,So,MB,6-2,11,9,35,NA,24,12,69,0.174,1,NA,2,3,NA,3,20,3,NA,37,NA,NA,2,NA,NA,NA,NA
2021-2022,UConn,Big East,13,Taylor Pannell,So,MB,6-1,35,34,127,NA,225,77,555,0.267,8,NA,NA,16,1,6,117,15,NA,289.5,1,NA,NA,NA,NA,NA,NA
2021-2022,UConn,Big East,14,Audrey Jones,So,OH,6-1,2,0,4,NA,3,2,8,0.125,NA,NA,NA,2,NA,NA,2,NA,NA,4,NA,NA,NA,NA,NA,NA,NA
2021-2022,Villanova,Big East,4,Madeline Barber,So,MB,6-2,30,29,107,NA,165,61,419,0.248,3,NA,NA,13,3,4,58,3,NA,198,NA,NA,NA,NA,NA,NA,NA
2021-2022,Villanova,Big East,6,Riley Homer,So,OH,6-2,30,29,109,NA,354,144,1062,0.198,9,12,17,191,49,3,63,6,NA,400.5,2,NA,301,NA,NA,NA,NA
2021-2022,Villanova,Big East,9,Taryn Whittingham,So,L/DS,5-6,29,9,95,NA,0,1,16,-0.063,10,21,26,216,32,NA,NA,NA,NA,21,2,NA,376,NA,NA,NA,NA
2021-2022,Villanova,Big East,11,Andrea Campos,So,S,5-8,15,9,40,NA,15,1,39,0.359,297,5,8,72,NA,NA,1,3,NA,20.5,3,NA,119,NA,NA,NA,NA
2021-2022,Villanova,Big East,18,Abby Keevins,So,L/DS,5-8,4,0,4,NA,0,1,6,-0.167,NA,NA,3,2,NA,NA,1,NA,NA,0.5,NA,NA,6,NA,NA,NA,NA
2021-2022,Villanova,Big East,22,Angelle Diamond,So,OH,6-2,3,0,4,NA,0,0,2,0,NA,NA,NA,1,NA,NA,NA,NA,NA,NA,NA,NA,7,NA,NA,NA,NA
2021-2022,Villanova,Big East,23,Kiera Booth,So,MB,6-2,30,30,109,NA,255,93,604,0.268,3,14,41,48,1,7,87,12,NA,319.5,2,NA,187,NA,NA,NA,NA
2021-2022,Xavier,Big East,2,Stevie Wolf,So,L,5-8,29,6,110,NA,7,2,24,0.208,53,16,24,385,30,NA,NA,NA,NA,23,NA,NA,364,NA,NA,NA,NA
2021-2022,Xavier,Big East,4,Hunter Fry,So,MB,6-2,9,0,17,NA,13,7,43,0.14,2,NA,1,1,NA,NA,4,NA,NA,15,NA,NA,11,NA,NA,NA,NA
2021-2022,Xavier,Big East,12,Delaney Hogan,So,MB,6-0,29,28,103,NA,249,70,585,0.306,12,NA,1,11,NA,17,74,8,NA,303,1,NA,6,NA,NA,NA,NA
2021-2022,Eastern Wash.,Big Sky,1,Ellie Garrett,So,S,5-10,17,3,43,NA,9,2,25,0.28,162,5,12,71,NA,NA,2,NA,NA,15,6,NA,84,NA,NA,NA,NA
2021-2022,Eastern Wash.,Big Sky,4,Noa Torio,So,L,5-2,20,2,52,NA,0,1,1,-1,5,20,23,64,14,NA,NA,NA,NA,20,NA,NA,126,NA,NA,NA,NA
2021-2022,Eastern Wash.,Big Sky,7,Sage Brustad,So,OH,6-1,24,21,80,NA,170,104,588,0.112,8,21,20,176,31,2,21,NA,NA,203.5,5,NA,224,NA,NA,NA,NA
2021-2022,Eastern Wash.,Big Sky,8,Casonndrah Polo,So,OH,5-7,5,0,8,NA,0,0,0,NA,NA,NA,2,7,NA,NA,NA,NA,NA,NA,NA,NA,13,NA,NA,NA,NA
2021-2022,Eastern Wash.,Big Sky,21,Katie Fleck,So,OH,6-0,7,1,11,NA,17,12,52,0.096,NA,NA,1,2,NA,1,2,NA,NA,19,NA,NA,1,NA,NA,NA,NA
2021-2022,Idaho,Big Sky,1,Delaney Nicoll,So,OH,6-1,22,21,78,NA,235,134,693,0.146,14,17,17,196,42,3,23,2,NA,266.5,NA,NA,252,NA,NA,NA,NA
2021-2022,Idaho,Big Sky,6,Adrianna Kazmaier,So,L/DS,5-6,1,0,3,NA,0,0,0,NA,NA,1,NA,NA,2,NA,NA,NA,NA,1,NA,NA,10,NA,NA,NA,NA
2021-2022,Idaho,Big Sky,14,Peyten Ely,So,S,5-8,25,19,91,NA,17,11,64,0.094,621,14,20,138,NA,NA,14,4,NA,38,17,NA,296,NA,NA,NA,NA
2021-2022,Idaho,Big Sky,18,Travel Morris,So,MB,6-2,17,10,53,NA,64,36,168,0.167,2,NA,NA,8,NA,2,44,5,NA,88,2,NA,NA,NA,NA,NA,NA
2021-2022,Idaho,Big Sky,19,Bea Whitling,So,MB,6-2,21,19,71,NA,46,33,155,0.084,1,NA,NA,9,1,4,52,2,NA,76,2,NA,NA,NA,NA,NA,NA
2021-2022,Idaho St.,Big Sky,2,Andri Dewey,So,S,5-4,26,14,96,NA,12,3,43,0.209,469,17,42,183,NA,NA,8,NA,NA,33,4,NA,256,NA,NA,NA,NA
2021-2022,Idaho St.,Big Sky,4,Danielle Devlin,So,OPP,6-0,25,22,93,NA,94,34,247,0.243,5,9,12,63,NA,9,49,2,NA,136.5,NA,NA,215,NA,NA,NA,NA
2021-2022,Montana,Big Sky,4,Carly Anderson,So,S,5-9,27,27,102,NA,62,9,197,0.269,959,20,29,196,NA,NA,39,2,NA,101.5,18,NA,334,NA,NA,NA,NA
2021-2022,Montana,Big Sky,10,Ellie Scherffius,So,MB,6-0,26,26,97,NA,186,68,410,0.288,2,NA,7,17,1,8,81,5,NA,234.5,NA,NA,27,NA,NA,NA,NA
2021-2022,Montana,Big Sky,12,Sarah Ashley,So,DS,5-11,24,9,89,NA,5,0,11,0.455,6,10,22,125,31,NA,NA,NA,NA,15,1,NA,144,NA,NA,NA,NA
2021-2022,Montana St.,Big Sky,1,Shayla Webber,So,L/DS,5-4,14,0,28,NA,0,0,0,NA,4,1,5,8,NA,NA,NA,NA,NA,1,NA,NA,48,NA,NA,NA,NA
2021-2022,Montana St.,Big Sky,6,Kira Thomsen,So,OH,5-10,29,29,115,NA,348,138,950,0.221,24,29,50,292,42,1,34,1,NA,395,1,NA,447,NA,NA,NA,NA
2021-2022,Montana St.,Big Sky,8,Avery Turnage,So,MB,6-1,24,21,86,NA,118,66,371,0.14,4,2,11,38,NA,NA,48,6,NA,144,2,NA,63,NA,NA,NA,NA
2021-2022,Montana St.,Big Sky,12,Emma Pence,So,MB,6-2,28,15,113,NA,172,73,431,0.23,3,NA,NA,36,NA,13,138,16,NA,254,NA,NA,9,NA,NA,NA,NA
2021-2022,Montana St.,Big Sky,13,Kelly Cross,So,OH,5-10,3,0,5,NA,0,0,0,NA,NA,1,1,1,NA,NA,NA,NA,NA,1,NA,NA,6,NA,NA,NA,NA
2021-2022,Montana St.,Big Sky,15,Kaycee O'Dell,So,MB,6-2,10,3,26,NA,29,11,91,0.198,1,NA,NA,5,NA,1,15,1,NA,37.5,NA,NA,NA,NA,NA,NA,NA
2021-2022,Montana St.,Big Sky,17,Delaney Shearan,So,S,5-7,13,4,45,NA,3,1,9,0.222,215,12,13,85,1,NA,NA,NA,NA,15,7,NA,172,NA,NA,NA,NA
2021-2022,Northern Ariz.,Big Sky,2,Kate Hatch,So,S,6-0,21,7,74,NA,21,2,47,0.404,320,15,25,117,NA,NA,NA,NA,NA,36,17,NA,264,NA,NA,NA,NA
2021-2022,Northern Ariz.,Big Sky,3,Jordan Elder,So,MB,6-3,25,25,90,NA,126,45,285,0.284,2,5,15,14,1,11,70,12,NA,177,NA,NA,66,NA,NA,NA,NA
2021-2022,Northern Ariz.,Big Sky,7,Millie O'Ketter,So,DS,5-6,26,0,96,NA,2,1,12,0.083,72,25,41,373,31,NA,NA,NA,NA,27,2,NA,357,NA,NA,NA,NA
2021-2022,Northern Ariz.,Big Sky,11,Savannah Bloom,So,MB,6-0,18,15,59,NA,71,14,150,0.38,5,5,15,25,NA,5,49,12,NA,105.5,NA,NA,112,NA,NA,NA,NA
2021-2022,Northern Ariz.,Big Sky,13,Lyla Hollis,So,OH,6-0,11,10,37,NA,122,61,383,0.159,7,9,26,94,35,1,5,NA,NA,134.5,1,NA,115,NA,NA,NA,NA
2021-2022,Northern Colo.,Big Sky,3,Syd Cole,So,S,5-10,29,11,73,NA,30,9,96,0.219,638,15,15,143,2,1,22,4,NA,57,6,NA,226,NA,NA,NA,NA
2021-2022,Northern Colo.,Big Sky,9,Bronwyn Timperley,So,DS,5-11,19,2,41,NA,0,0,0,NA,3,1,2,49,12,NA,NA,NA,NA,1,NA,NA,60,NA,NA,NA,NA
2021-2022,Northern Colo.,Big Sky,11,Rachel Schwensen,So,RS,6-3,25,23,94,NA,288,78,705,0.298,5,3,7,40,NA,3,40,3,NA,314,1,NA,32,NA,NA,NA,NA
2021-2022,Northern Colo.,Big Sky,12,Lauren Strain,So,MB,6-3,31,31,114,NA,293,107,611,0.304,1,1,3,36,NA,18,80,10,NA,352,1,NA,52,NA,NA,NA,NA
2021-2022,Portland St.,Big Sky,1,Makayla Lewis,So,OH,6-0,30,30,113,NA,365,180,993,0.186,21,29,24,309,58,7,39,10,NA,420.5,2,NA,411,NA,NA,NA,NA
2021-2022,Portland St.,Big Sky,3,Ashleigh Barto,So,MB,6-1,28,28,104,NA,124,50,321,0.231,12,22,31,55,4,22,78,12,NA,207,2,NA,301,NA,NA,NA,NA
2021-2022,Portland St.,Big Sky,22,Gabby Hollins,So,OH,5-10,20,4,54,NA,128,71,399,0.143,2,11,6,71,21,NA,8,1,NA,143,NA,NA,107,NA,NA,NA,NA
2021-2022,Sacramento St.,Big Sky,4,Caitlin Volkmann,So,OH,6-0,26,17,92,NA,214,90,645,0.192,1,15,28,66,27,5,55,1,NA,261.5,NA,NA,178,NA,NA,NA,NA
2021-2022,Sacramento St.,Big Sky,6,Alexa Carreon,So,OPP,6-0,6,0,9,NA,2,4,11,-0.182,NA,NA,NA,3,NA,NA,2,1,NA,3,NA,NA,NA,NA,NA,NA,NA
2021-2022,Sacramento St.,Big Sky,8,Bridgette Smith,So,OH,5-10,28,28,102,NA,350,143,1159,0.179,18,36,37,263,32,7,29,6,NA,407.5,1,NA,378,NA,NA,NA,NA
2021-2022,Sacramento St.,Big Sky,9,Karlee Soderberg,So,OPP,6-3,13,13,48,NA,71,47,203,0.118,NA,NA,NA,9,NA,5,34,3,NA,93,NA,NA,NA,NA,NA,NA,NA
2021-2022,Sacramento St.,Big Sky,12,Kalani Hayes,So,MB,6-0,28,27,100,NA,172,65,372,0.288,4,3,7,27,NA,10,86,6,NA,228,1,NA,58,NA,NA,NA,NA
2021-2022,Southern Utah,Big Sky,1,Aleiya Cintron,So,OH,5-11,2,1,4,NA,1,2,19,-0.053,1,1,2,5,2,NA,NA,NA,NA,2,NA,NA,9,NA,NA,NA,NA
2021-2022,Southern Utah,Big Sky,3,Kayla Craft,So,OH,5-11,7,0,16,NA,15,10,56,0.089,NA,NA,NA,5,NA,NA,10,NA,NA,20,NA,NA,NA,NA,NA,NA,NA
2021-2022,Southern Utah,Big Sky,9,Abby Wucherer,So,MB,6-0,3,0,3,NA,0,0,0,NA,NA,NA,NA,NA,NA,NA,NA,NA,NA,NA,NA,NA,NA,NA,NA,NA,NA
2021-2022,Weber St.,Big Sky,4,Makayla Sorensen,So,OH,5-9,32,0,120,NA,2,0,8,0.25,86,30,12,513,16,NA,NA,NA,NA,32,1,NA,378,NA,NA,NA,NA
2021-2022,Weber St.,Big Sky,5,Riley Weinert,So,OH,5-11,31,0,104,NA,19,9,58,0.172,1,NA,NA,10,NA,NA,24,1,NA,31,NA,NA,NA,NA,NA,NA,NA
2021-2022,Weber St.,Big Sky,6,Kate Payne,So,S,5-8,32,2,119,NA,2,3,12,-0.083,127,30,26,265,NA,1,1,1,NA,33.5,12,NA,446,NA,NA,NA,NA
2021-2022,Weber St.,Big Sky,11,Kess Krutsinger,So,MH,5-11,5,0,6,NA,5,2,11,0.273,NA,NA,1,NA,NA,1,4,1,NA,8,NA,NA,1,NA,NA,NA,NA
2021-2022,Weber St.,Big Sky,14,Liana Woodley,So,MB,6-2,18,12,45,NA,22,16,69,0.087,NA,7,12,11,1,1,28,9,NA,44,NA,NA,128,NA,NA,NA,NA
2021-2022,Campbell,Big South,1,Claranne Fechter,So,DS,5-9,31,0,115,NA,1,2,28,-0.036,105,17,22,527,37,NA,NA,NA,NA,18,1,NA,417,NA,NA,NA,NA
2021-2022,Campbell,Big South,3,Chloe Cook,So,OH,5-9,30,27,109,NA,279,144,866,0.156,14,30,40,148,16,5,36,7,NA,332,NA,NA,452,NA,NA,NA,NA
2021-2022,Campbell,Big South,14,McKenna Sciacca,So,S,5-10,11,0,18,NA,1,1,3,0,35,2,4,27,1,NA,NA,NA,NA,3,2,NA,31,NA,NA,NA,NA
2021-2022,Charleston So.,Big South,3,Kaileigh Ammons,So,MB,6-2,21,17,62,NA,85,18,180,0.372,4,1,6,6,NA,5,24,2,NA,103,NA,NA,11,NA,NA,NA,NA
2021-2022,Charleston So.,Big South,5,Angelika Rusin,So,L/DS,5-8,22,12,78,NA,1,1,10,0,19,2,15,122,21,NA,NA,NA,NA,3,2,NA,229,NA,NA,NA,NA
2021-2022,Charleston So.,Big South,8,Indigo Young,So,MB,6-0,26,24,94,NA,175,72,436,0.236,1,2,3,15,NA,9,36,3,NA,204,NA,NA,65,NA,NA,NA,NA
2021-2022,Gardner-Webb,Big South,4,Brooke Fryar,So,L/DS,5-3,9,2,25,NA,0,0,0,NA,3,NA,NA,21,2,NA,NA,NA,NA,NA,NA,NA,NA,NA,NA,NA,NA
2021-2022,Gardner-Webb,Big South,6,Mikah McIntosh,So,OH,5-6,26,5,90,NA,45,20,142,0.176,59,27,33,480,36,1,1,NA,NA,73.5,2,NA,329,NA,NA,NA,NA
2021-2022,Gardner-Webb,Big South,11,Tori Weatherley,So,S,5-8,25,24,85,NA,19,6,71,0.183,544,24,24,163,2,1,11,NA,NA,49.5,10,NA,285,NA,NA,NA,NA
2021-2022,Gardner-Webb,Big South,12,Makena Phillips,So,OH,5-9,25,14,79,NA,148,97,458,0.111,6,2,6,48,6,2,19,3,NA,161.5,1,NA,53,NA,NA,NA,NA
2021-2022,Gardner-Webb,Big South,20,Madison Deslatte,So,RS,6-2,14,3,42,NA,57,47,194,0.052,3,NA,NA,15,1,NA,12,3,NA,63,NA,NA,1,NA,NA,NA,NA
2021-2022,Hampton,Big South,4,Kalyn Pierre,So,S,5-10,5,0,7,NA,1,1,4,0,13,1,NA,2,NA,NA,NA,NA,NA,2,2,NA,13,NA,NA,NA,NA
2021-2022,Hampton,Big South,14,Rickelle Wescott,So,MH,5-10,2,0,2,NA,0,0,0,NA,NA,NA,NA,NA,NA,1,NA,NA,NA,1,NA,NA,2,NA,NA,NA,NA
2021-2022,High Point,Big South,1,Dylan Maberry,So,OH,6-1,31,18,107,NA,367,94,995,0.274,2,4,5,87,12,6,37,15,NA,395.5,NA,NA,40,NA,NA,NA,NA
2021-2022,High Point,Big South,14,Evy Eckensberger,So,DS,5-8,26,0,47,NA,0,0,1,0,5,8,5,20,2,NA,NA,NA,NA,8,NA,NA,103,NA,NA,NA,NA
2021-2022,High Point,Big South,22,Haley Maeurer,So,S,6-4,13,1,17,NA,4,4,17,0,18,1,2,16,NA,NA,2,NA,NA,6,1,NA,28,NA,NA,NA,NA
2021-2022,High Point,Big South,23,Connelly Renfrow,So,DS,5-7,31,12,106,NA,1,1,12,0,45,20,36,205,19,NA,NA,NA,NA,21,NA,NA,283,NA,NA,NA,NA
2021-2022,High Point,Big South,24,Catherine Waldeck,So,MB,6-2,5,0,5,NA,1,1,3,0,NA,NA,NA,NA,NA,1,NA,1,NA,2,NA,NA,NA,NA,NA,NA,NA
2021-2022,N.C. A&T,Big South,8,Morgan Allen,So,DS,5-5,28,1,89,NA,1,1,9,0,9,10,6,114,7,NA,NA,NA,NA,11,NA,NA,214,NA,NA,NA,NA
2021-2022,Presbyterian,Big South,10,Kinsey Bailey,So,S,5-10,12,11,40,NA,15,0,47,0.319,187,18,15,78,NA,NA,NA,NA,NA,33,8,NA,158,NA,NA,NA,NA
2021-2022,Presbyterian,Big South,11,Anna Hewitt,So,L/DS,5-9,27,0,103,NA,1,3,27,-0.074,106,28,45,468,56,NA,NA,NA,NA,29,1,NA,360,NA,NA,NA,NA
2021-2022,Presbyterian,Big South,13,Jordan McAda,So,MB,6-0,12,5,30,NA,20,17,88,0.034,2,NA,NA,4,NA,4,19,1,NA,33.5,NA,NA,2,NA,NA,NA,NA
2021-2022,Presbyterian,Big South,16,Hailey Grocholski,So,MB,6-0,22,20,73,NA,91,40,235,0.217,2,NA,1,9,NA,7,60,4,NA,128,NA,NA,4,NA,NA,NA,NA
2021-2022,Presbyterian,Big South,18,Kasey Battle,So,OH,5-10,21,3,56,NA,51,43,195,0.041,3,NA,NA,23,3,2,22,2,NA,64,NA,NA,NA,NA,NA,NA,NA
2021-2022,Presbyterian,Big South,23,Abigail Sparkman,So,DS,5-9,22,10,75,NA,3,3,24,0,12,17,22,146,21,NA,NA,1,NA,20,NA,NA,256,NA,NA,NA,NA
2021-2022,Radford,Big South,5,Shelby Hernandez,So,DS,5-4,21,2,48,NA,1,1,6,0,16,6,4,130,15,NA,NA,NA,NA,7,NA,NA,128,NA,NA,NA,NA
2021-2022,Radford,Big South,9,Trinity Burge,So,S,5-8,22,12,73,NA,8,3,26,0.192,320,13,29,158,1,NA,NA,NA,NA,21,11,NA,206,NA,NA,NA,NA
2021-2022,Radford,Big South,16,Laila Wallace,So,MB,6-1,20,18,70,NA,80,39,196,0.209,1,NA,NA,14,NA,4,46,4,NA,107,NA,NA,9,NA,NA,NA,NA
2021-2022,Radford,Big South,20,Emma Young,So,OH,5-8,22,12,57,NA,94,51,308,0.14,5,6,15,88,25,NA,11,2,NA,105.5,NA,NA,174,NA,NA,NA,NA
2021-2022,Radford,Big South,22,Raella Papes,So,OH,5-11,4,0,9,NA,13,11,63,0.032,NA,NA,NA,4,NA,NA,1,NA,NA,13.5,NA,NA,2,NA,NA,NA,NA
2021-2022,Radford,Big South,23,Emily Dykes,So,MB,6-0,26,11,67,NA,111,62,339,0.145,1,NA,2,30,NA,3,25,6,NA,126.5,1,NA,5,NA,NA,NA,NA
2021-2022,Radford,Big South,24,Tytianna Roberts,So,RS,5-10,17,2,40,NA,26,34,117,-0.068,NA,NA,NA,13,1,2,15,1,NA,35.5,NA,NA,1,NA,NA,NA,NA
2021-2022,UNC Asheville,Big South,7,Ona Elkins,So,S,5-8,22,6,70,NA,3,1,14,0.143,131,9,12,115,1,NA,NA,NA,NA,12,5,NA,193,NA,NA,NA,NA
2021-2022,UNC Asheville,Big South,10,Kat Cruser,So,OH,5-10,24,9,68,NA,94,51,289,0.149,2,NA,NA,33,7,2,34,3,NA,113,NA,NA,1,NA,NA,NA,NA
2021-2022,USC Upstate,Big South,11,Rachael Stroot,So,OH,6-0,12,0,34,NA,43,21,132,0.167,1,NA,NA,5,NA,NA,6,2,NA,46,1,NA,NA,NA,NA,NA,NA
2021-2022,USC Upstate,Big South,13,Nikki Deslatte,So,MB,6-1,30,28,95,NA,145,73,376,0.191,8,2,6,28,2,10,75,3,NA,194.5,NA,NA,27,NA,NA,NA,NA
2021-2022,USC Upstate,Big South,18,Emma McElveen,So,S,5-9,29,5,94,NA,19,2,48,0.354,413,27,39,141,NA,NA,4,NA,NA,48,6,NA,345,NA,NA,NA,NA
2021-2022,USC Upstate,Big South,19,Zelasia Edwards,So,OH,5-10,6,2,12,NA,14,11,41,0.073,1,1,NA,11,2,NA,2,1,NA,16,NA,NA,6,NA,NA,NA,NA
2021-2022,Winthrop,Big South,1,Isabel Schaefbauer,So,S,5-9,12,5,28,NA,5,7,36,-0.056,159,1,3,57,NA,NA,5,1,NA,8.5,1,NA,83,NA,NA,NA,NA
2021-2022,Winthrop,Big South,9,Alicia Davis,So,OH,5-9,13,0,22,NA,26,22,104,0.038,1,2,3,46,4,1,1,NA,NA,29.5,NA,NA,44,NA,NA,NA,NA
2021-2022,Winthrop,Big South,17,Brookelynn Thomas,So,MH,6-0,23,19,67,NA,189,94,495,0.192,NA,NA,1,27,NA,3,45,4,NA,214.5,2,NA,1,NA,NA,NA,NA
2021-2022,Winthrop,Big South,20,Madison Gorniak,So,DS,5-4,26,0,84,NA,0,1,1,-1,40,19,21,308,14,NA,NA,NA,NA,19,1,NA,379,NA,NA,NA,NA
2021-2022,Winthrop,Big South,22,Emma Ann Lay,So,MH,6-3,8,2,17,NA,10,12,58,-0.034,NA,NA,NA,9,NA,NA,10,NA,NA,15,NA,NA,NA,NA,NA,NA,NA
2021-2022,Winthrop,Big South,24,Olivia Blackketter,So,MB,6-2,10,4,22,NA,29,11,78,0.231,NA,NA,NA,3,NA,NA,15,NA,NA,36.5,NA,NA,NA,NA,NA,NA,NA
2021-2022,Illinois,Big Ten,8,Maddie Whittington,So,MB,6-4,12,11,37,NA,38,13,90,0.278,2,NA,NA,3,1,3,30,8,NA,56,NA,NA,NA,NA,NA,NA,NA
2021-2022,Illinois,Big Ten,12,Raina Terry,So,OH,6-1,34,34,127,NA,441,232,1304,0.16,13,55,50,263,15,7,54,9,NA,530,2,NA,527,NA,NA,NA,NA
2021-2022,Illinois,Big Ten,21,Sophie Gregus,So,OH,6-1,2,0,2,NA,0,0,0,NA,NA,NA,NA,1,NA,NA,NA,NA,NA,NA,NA,NA,2,NA,NA,NA,NA
2021-2022,Indiana,Big Ten,5,Elle Hillers,So,MB,6-3,2,2,6,NA,1,2,8,-0.125,1,NA,NA,2,NA,NA,4,NA,NA,3,NA,NA,NA,NA,NA,NA,NA
2021-2022,Indiana,Big Ten,12,Grae Gosnell,So,OH,5-11,6,0,8,NA,16,6,37,0.27,NA,NA,5,5,1,NA,1,NA,NA,16.5,NA,NA,11,NA,NA,NA,NA
2021-2022,Indiana,Big Ten,15,Savannah Kjolhede,So,MB,6-3,32,32,116,NA,160,54,389,0.272,8,26,30,65,2,21,71,11,NA,242.5,3,NA,409,NA,NA,NA,NA
2021-2022,Indiana,Big Ten,16,Morgan Geddes,So,OH,6-2,27,12,81,NA,132,83,400,0.123,5,1,15,52,2,5,20,NA,NA,148,2,NA,61,NA,NA,NA,NA
2021-2022,Indiana,Big Ten,17,Paula Cerame,So,DS,5-8,32,0,116,NA,4,1,41,0.073,94,11,48,492,25,NA,NA,NA,NA,15,NA,NA,374,NA,NA,NA,NA
2021-2022,Iowa,Big Ten,3,Audrey Black,So,OH,6-3,15,2,39,NA,46,30,139,0.115,NA,NA,NA,9,NA,NA,6,1,NA,49,1,NA,NA,NA,NA,NA,NA
2021-2022,Iowa,Big Ten,6,Jenna Splitt,So,S,5-10,20,3,67,NA,1,1,12,0,223,7,9,70,NA,NA,3,1,NA,9.5,2,NA,93,NA,NA,NA,NA
2021-2022,Iowa,Big Ten,12,Bailey Ortega,So,S,5-9,30,27,107,NA,11,6,56,0.089,838,11,30,201,1,NA,9,3,NA,26.5,8,NA,365,NA,NA,NA,NA
2021-2022,Iowa,Big Ten,17,Leanne Lowry,So,L/DS,5-11,8,1,12,NA,0,0,0,NA,1,NA,1,6,5,NA,NA,NA,NA,NA,NA,NA,14,NA,NA,NA,NA
2021-2022,Maryland,Big Ten,6,Laila Ricks,So,MB,6-0,32,21,109,NA,168,86,454,0.181,2,NA,2,57,NA,2,128,5,NA,234,NA,NA,7,NA,NA,NA,NA
2021-2022,Maryland,Big Ten,8,Sydney Dowler,So,S,6-0,32,32,112,NA,73,20,168,0.315,1090,37,42,283,NA,7,85,2,NA,159.5,11,NA,530,NA,NA,NA,NA
2021-2022,Maryland,Big Ten,44,Sam Csire,So,OH,6-0,32,32,112,NA,390,171,1302,0.168,9,28,40,267,25,8,55,1,NA,453.5,1,NA,438,NA,NA,NA,NA
2021-2022,Michigan,Big Ten,3,Brooke Humphrey,So,L/DS,5-10,27,0,97,NA,0,0,0,NA,5,16,20,38,2,NA,NA,NA,NA,16,NA,NA,305,NA,NA,NA,NA
2021-2022,Michigan,Big Ten,4,Scottee Johnson,So,S,6-0,30,30,109,NA,42,18,136,0.176,1056,19,31,302,NA,1,26,5,NA,75,9,NA,342,NA,NA,NA,NA
2021-2022,Michigan,Big Ten,5,Jess Mruzik,So,OH,6-1,30,30,109,NA,389,133,1051,0.244,23,28,43,275,53,8,42,6,NA,446,1,NA,487,NA,NA,NA,NA
2021-2022,Michigan,Big Ten,9,Hannah Grant,So,L/DS,5-8,30,0,109,NA,2,1,21,0.048,147,34,25,460,22,NA,NA,NA,NA,36,NA,NA,489,NA,NA,NA,NA
2021-2022,Michigan,Big Ten,27,Kendall Murray,So,MB,6-2,28,4,87,NA,44,16,111,0.252,10,7,13,144,18,1,6,NA,NA,55,NA,NA,91,NA,NA,NA,NA
2021-2022,Michigan St.,Big Ten,2,Celia Cullen,So,S,6-1,27,18,91,NA,29,15,96,0.146,762,15,10,157,NA,1,43,7,NA,66.5,2,NA,248,NA,NA,NA,NA
2021-2022,Michigan St.,Big Ten,13,Sarah Franklin,So,OH,6-4,28,28,102,NA,404,156,1105,0.224,28,25,67,229,51,1,58,4,NA,459,NA,NA,276,NA,NA,NA,NA
2021-2022,Minnesota,Big Ten,2,Jenna Wenaas,So,OH,6-1,31,31,116,NA,381,149,1113,0.208,40,17,40,313,30,5,65,7,NA,435.5,1,NA,376,NA,NA,NA,NA
2021-2022,Minnesota,Big Ten,5,Melani Shaffmaster,So,S,6-3,31,31,116,NA,73,27,212,0.217,1239,32,21,321,NA,4,67,4,NA,142.5,8,NA,446,NA,NA,NA,NA
2021-2022,Minnesota,Big Ten,12,Taylor Landfair,So,OH,6-5,9,4,28,NA,79,25,211,0.256,4,3,3,21,9,3,11,1,NA,90.5,1,NA,37,NA,NA,NA,NA
2021-2022,Nebraska,Big Ten,4,Anni Evans,So,S,5-9,23,1,61,NA,0,0,2,0,24,10,11,37,NA,NA,NA,NA,NA,10,NA,NA,183,NA,NA,NA,NA
2021-2022,Nebraska,Big Ten,6,Keonilei Akana,So,L/DS,5-9,34,5,119,NA,1,0,3,0.333,24,42,37,302,23,NA,1,NA,NA,43.5,NA,NA,485,NA,NA,NA,NA
2021-2022,Nebraska,Big Ten,20,Kalynn Meyer,So,MB,6-3,6,1,8,NA,8,3,22,0.227,1,NA,NA,NA,NA,1,7,NA,NA,12.5,NA,NA,NA,NA,NA,NA,NA
2021-2022,Northwestern,Big Ten,3,Natalie Chizzo,So,OH,6-2,4,1,13,NA,12,12,45,0,NA,NA,NA,5,2,1,2,4,NA,14,NA,NA,2,NA,NA,NA,NA
2021-2022,Northwestern,Big Ten,5,Alexa Rousseau,So,S,6-3,31,31,124,NA,141,27,301,0.379,1181,22,38,247,1,6,33,4,NA,185.5,18,1,388,NA,NA,NA,NA
2021-2022,Northwestern,Big Ten,7,Leilani Dodson,So,MB,6-1,31,31,125,NA,254,68,601,0.309,5,10,35,39,NA,16,79,3,NA,319.5,1,NA,218,NA,NA,NA,NA
2021-2022,Ohio St.,Big Ten,1,Sarah Sue Morbitzer,So,DS,5-6,5,0,6,NA,0,0,0,NA,NA,1,NA,3,NA,NA,NA,NA,NA,1,NA,NA,13,NA,NA,NA,NA
2021-2022,Ohio St.,Big Ten,20,Rylee Rader,So,MB,6-2,33,33,114,NA,297,35,605,0.433,5,18,48,55,2,7,110,2,NA,377,1,NA,331,NA,NA,NA,NA
2021-2022,Ohio St.,Big Ten,22,Emily Londot,So,OPP,6-3,32,32,106,NA,379,162,922,0.235,14,12,29,207,1,2,106,3,NA,446,2,NA,298,NA,NA,NA,NA
2021-2022,Penn St.,Big Ten,0,AC Fitzpatrick,So,OH,5-11,16,0,24,NA,15,10,55,0.091,1,2,9,4,NA,1,2,NA,NA,19,NA,NA,26,NA,NA,NA,NA
2021-2022,Penn St.,Big Ten,2,Maddy Bilinovic,So,DS,5-7,27,0,57,NA,0,0,2,0,4,NA,6,36,8,NA,NA,NA,NA,NA,NA,NA,63,NA,NA,NA,NA
2021-2022,Penn St.,Big Ten,20,Allie Holland,So,MB,6-3,32,32,119,NA,203,41,430,0.377,3,27,45,30,4,26,109,12,NA,310.5,2,NA,329,NA,NA,NA,NA
2021-2022,Purdue,Big Ten,6,Savana Chacon,So,DS,5-8,6,0,7,NA,0,0,0,NA,NA,NA,NA,NA,NA,NA,NA,NA,NA,NA,NA,NA,1,NA,NA,NA,NA
2021-2022,Purdue,Big Ten,17,Taylor Trammell,So,MB,6-2,26,18,81,NA,94,21,209,0.349,NA,NA,NA,10,NA,2,106,6,NA,149,1,NA,NA,NA,NA,NA,NA
2021-2022,Rutgers,Big Ten,2,Madyson Chitty,So,L,5-5,29,0,102,NA,0,1,8,-0.125,63,14,19,353,39,NA,NA,NA,NA,14,NA,NA,348,NA,NA,NA,NA
2021-2022,Rutgers,Big Ten,4,Lauren DeLo,So,S,6-2,9,2,13,NA,5,0,9,0.556,56,NA,1,13,1,NA,3,1,NA,6.5,8,NA,22,NA,NA,NA,NA
2021-2022,Rutgers,Big Ten,11,Stella Antypa,So,OH,5-11,12,0,19,NA,1,3,13,-0.154,NA,NA,6,8,NA,NA,NA,NA,NA,1,NA,NA,35,NA,NA,NA,NA
2021-2022,Rutgers,Big Ten,16,Tina Grkovic,So,MB,6-2,21,14,59,NA,92,37,198,0.278,4,4,5,17,NA,3,29,3,NA,113.5,2,NA,104,NA,NA,NA,NA
2021-2022,Rutgers,Big Ten,17,Cansu Gunaydin,So,OH,6-0,17,1,28,NA,49,29,155,0.129,2,4,5,15,1,NA,4,2,NA,55,NA,NA,41,NA,NA,NA,NA
2021-2022,Wisconsin,Big Ten,0,Sydney Reed,So,L/DS,5-6,1,0,1,NA,0,0,0,NA,NA,NA,NA,NA,NA,NA,NA,NA,NA,NA,NA,NA,1,NA,NA,NA,NA
2021-2022,Wisconsin,Big Ten,4,Liz Gregorski,So,OH,5-11,2,0,2,NA,0,0,0,NA,NA,NA,2,NA,NA,NA,NA,NA,NA,NA,NA,NA,3,NA,NA,NA,NA
2021-2022,Wisconsin,Big Ten,5,Joslyn Boyer,So,DS,5-6,30,3,92,NA,2,0,4,0.5,14,22,22,164,19,NA,NA,NA,NA,24,NA,NA,384,NA,NA,NA,NA
2021-2022,Wisconsin,Big Ten,6,MJ Hammill,So,S,6-0,3,0,3,NA,0,0,0,NA,NA,NA,NA,NA,NA,NA,NA,NA,NA,NA,NA,NA,3,NA,NA,NA,NA
2021-2022,Wisconsin,Big Ten,10,Devyn Robinson,So,MB,6-2,34,34,121,NA,289,85,594,0.343,1,NA,NA,29,NA,8,113,7,NA,353.5,3,NA,3,NA,NA,NA,NA
2021-2022,Wisconsin,Big Ten,15,Jade Demps,So,OH,6-2,31,7,98,NA,189,60,481,0.268,9,7,23,109,1,1,20,8,NA,207,NA,NA,228,NA,NA,NA,NA
2021-2022,CSU Bakersfield,Big West,11,Hana Makonova,So,MB,6-0,29,29,110,NA,249,92,611,0.257,12,2,4,22,NA,8,105,10,NA,311.5,1,NA,18,NA,NA,NA,NA
2021-2022,CSU Bakersfield,Big West,14,Ericka Snopko,So,MB,6-0,1,0,1,NA,0,1,2,-0.5,1,NA,NA,NA,NA,NA,NA,NA,NA,NA,NA,NA,NA,NA,NA,NA,NA
2021-2022,CSUN,Big West,1,Taylor Orshoff,So,OH,6-1,30,25,113,NA,314,148,919,0.181,4,2,8,58,1,10,50,4,NA,351,NA,NA,41,NA,NA,NA,NA
2021-2022,CSUN,Big West,18,Lauryn Anderson,So,MB,6-1,28,23,105,NA,135,39,380,0.253,5,7,20,35,NA,14,65,2,NA,188.5,NA,NA,177,NA,NA,NA,NA
2021-2022,Cal Poly,Big West,9,Tommi Stockham,So,OH,6-2,31,20,106,NA,375,169,1011,0.204,9,20,22,173,37,2,25,4,NA,409.5,1,NA,344,NA,NA,NA,NA
2021-2022,Cal Poly,Big West,17,Grace King,So,L/DS,5-10,24,0,72,NA,0,0,1,0,1,4,23,10,NA,NA,NA,NA,NA,4,NA,NA,130,NA,NA,NA,NA
2021-2022,Cal Poly,Big West,22,Amy Hiatt,So,OH,6-3,27,11,86,NA,228,88,712,0.197,1,4,5,46,5,10,42,8,NA,263,NA,NA,34,NA,NA,NA,NA
2021-2022,Cal St. Fullerton,Big West,14,Kyahana Robinson,So,RS,6-0,2,0,5,NA,4,3,19,0.053,1,NA,NA,1,NA,NA,2,NA,NA,5,NA,NA,NA,NA,NA,NA,NA
2021-2022,Cal St. Fullerton,Big West,15,Malie McClure,So,DS,5-9,6,1,15,NA,0,3,6,-0.5,1,3,1,23,NA,NA,NA,NA,NA,3,NA,NA,55,NA,NA,NA,NA
2021-2022,Hawaii,Big West,3,Amber Igiede,So,MB,6-3,30,30,107,NA,316,68,639,0.388,14,8,14,113,NA,24,111,12,NA,403.5,1,NA,310,NA,NA,NA,NA
2021-2022,Hawaii,Big West,6,Riley Wagoner,So,OH,6-0,29,27,97,NA,255,131,825,0.15,21,10,11,231,27,8,25,3,NA,285.5,NA,NA,358,NA,NA,NA,NA
2021-2022,Hawaii,Big West,7,Kendra Ham,So,OH,6-0,2,0,2,NA,0,2,3,-0.667,NA,NA,NA,NA,1,NA,1,NA,NA,0.5,NA,NA,NA,NA,NA,NA,NA
2021-2022,Hawaii,Big West,11,Tiffany Westerberg,So,OH,6-3,17,7,44,NA,61,33,177,0.158,NA,NA,1,18,1,1,24,1,NA,74,1,NA,3,NA,NA,NA,NA
2021-2022,Hawaii,Big West,14,Braelyn Akana,So,OH,6-0,16,11,37,NA,63,39,177,0.136,2,NA,NA,13,NA,1,15,2,NA,71.5,NA,NA,NA,NA,NA,NA,NA
2021-2022,Long Beach St.,Big West,1,Allison Martinez,So,OH,-,7,0,11,NA,13,5,41,0.195,NA,NA,2,1,NA,NA,1,NA,NA,13.5,NA,NA,6,NA,NA,NA,NA
2021-2022,Long Beach St.,Big West,8,Tia Chavira,So,S,5-10,25,23,90,NA,98,26,253,0.285,814,27,60,230,4,2,35,4,NA,144.5,20,NA,352,NA,NA,NA,NA
2021-2022,Long Beach St.,Big West,16,Nicole Hoff,So,L,5-9,31,0,115,NA,3,0,7,0.429,95,11,19,437,37,NA,1,NA,NA,14.5,NA,NA,337,NA,NA,NA,NA
2021-2022,Long Beach St.,Big West,18,Katie Kennedy,So,OH,6-1,31,19,99,NA,251,91,623,0.257,7,NA,10,68,19,2,44,5,NA,275,NA,NA,38,NA,NA,NA,NA
2021-2022,UC Davis,Big West,10,Shira Lahav,So,L/DS,5-9,31,1,113,NA,0,1,14,-0.071,106,29,44,436,52,NA,NA,1,NA,29,4,NA,410,NA,NA,NA,NA
2021-2022,UC Davis,Big West,11,Perri Starkey,So,OH,6-0,31,20,94,NA,63,45,272,0.066,12,14,18,176,10,1,32,6,NA,94,1,NA,291,NA,NA,NA,NA
2021-2022,UC Davis,Big West,14,Shkhinah Tindsley,So,MB,6-3,5,0,6,NA,1,2,3,-0.333,NA,NA,NA,NA,NA,1,2,NA,NA,3,1,NA,NA,NA,NA,NA,NA
2021-2022,UC Davis,Big West,19,Demari Webb,So,OH,6-0,26,20,85,NA,148,65,511,0.162,2,4,3,29,5,2,26,3,NA,167,NA,NA,37,NA,NA,NA,NA
2021-2022,UC Davis,Big West,21,Lana Radakovic,So,MB,6-2,31,10,111,NA,191,63,487,0.263,5,7,20,40,NA,12,72,7,NA,246,2,NA,91,NA,NA,NA,NA
2021-2022,UC Irvine,Big West,2,Sofia Skukan,So,DS,5-6,21,0,58,NA,0,2,4,-0.5,18,1,7,74,7,NA,NA,NA,NA,1,NA,NA,112,NA,NA,NA,NA
2021-2022,UC Irvine,Big West,3,Bailey Darnell,So,OH,5-8,21,0,54,NA,0,0,0,NA,19,5,4,114,8,NA,NA,NA,NA,5,1,NA,132,NA,NA,NA,NA
2021-2022,UC Irvine,Big West,4,Kiani Stanton,So,OH,6-0,15,15,48,NA,53,12,113,0.363,2,NA,NA,14,NA,6,34,2,NA,76,NA,NA,NA,NA,NA,NA,NA
2021-2022,UC Irvine,Big West,11,Caitlin Kikta,So,S,5-9,13,3,47,NA,6,1,21,0.238,207,9,10,93,NA,NA,NA,NA,NA,15,7,NA,186,NA,NA,NA,NA
2021-2022,UC Irvine,Big West,12,Joy Umeh,So,OH,5-8,30,29,114,NA,425,157,1000,0.268,7,NA,1,64,1,6,58,7,NA,460,1,NA,13,NA,NA,NA,NA
2021-2022,UC Irvine,Big West,13,Onye Ofoegbu,So,MB,6-3,30,30,114,NA,362,87,673,0.409,6,13,33,48,2,21,123,5,NA,457.5,NA,NA,197,NA,NA,NA,NA
2021-2022,UC Irvine,Big West,17,Carissa MacDonald,So,OH,6-2,11,3,19,NA,20,13,99,0.071,3,3,4,21,8,2,4,NA,NA,27,NA,NA,41,NA,NA,NA,NA
2021-2022,UC Irvine,Big West,21,Kelly Negron,So,S,5-7,30,26,113,NA,10,2,31,0.258,637,19,11,235,1,NA,NA,1,NA,29,11,NA,399,NA,NA,NA,NA
2021-2022,UC Riverside,Big West,1,Mia Christensen,So,OH,5-6,29,1,103,NA,4,3,19,0.053,65,16,19,263,16,NA,NA,NA,NA,20,NA,NA,308,NA,NA,NA,NA
2021-2022,UC Riverside,Big West,4,Sophia Chavez,So,OH,6-3,18,0,33,NA,29,26,114,0.026,NA,NA,4,12,2,NA,4,2,NA,31,1,NA,15,NA,NA,NA,NA
2021-2022,UC Riverside,Big West,11,Anya Green,So,MB,6-1,30,30,110,NA,171,56,452,0.254,13,7,12,66,3,12,46,NA,NA,213,1,NA,330,NA,NA,NA,NA
2021-2022,UC Riverside,Big West,16,Deja Bickers,So,OH,6-1,27,10,80,NA,180,102,563,0.139,6,2,12,60,22,4,7,2,NA,189.5,1,NA,52,NA,NA,NA,NA
2021-2022,UC Riverside,Big West,19,Zoey Seput,So,S,5-8,26,21,91,NA,29,7,77,0.286,574,10,13,239,NA,2,8,1,NA,45,4,NA,275,NA,NA,NA,NA
2021-2022,UC Riverside,Big West,24,Emily Casner,So,OPP,6-1,15,1,35,NA,22,18,89,0.045,NA,NA,NA,16,NA,1,7,NA,NA,26.5,NA,NA,NA,NA,NA,NA,NA
2021-2022,UC San Diego,Big West,2,Naya Dong,So,L,5-5,30,0,113,NA,4,2,13,0.154,81,15,17,493,28,NA,NA,NA,NA,19,1,NA,414,NA,NA,NA,NA
2021-2022,UC San Diego,Big West,4,Ava McInnes,So,OH,6-2,30,27,112,NA,359,163,1110,0.177,8,23,33,184,34,9,27,2,NA,404.5,NA,NA,349,NA,NA,NA,NA
2021-2022,UC San Diego,Big West,11,Dani Mason,So,MB,6-1,15,5,38,NA,21,9,64,0.188,1,1,2,9,NA,4,11,2,NA,31.5,NA,NA,24,NA,NA,NA,NA
2021-2022,UC San Diego,Big West,16,Izzi Strand,So,S,6-1,13,3,24,NA,3,5,19,-0.105,68,1,2,25,NA,1,3,NA,NA,6.5,5,NA,51,NA,NA,NA,NA
2021-2022,UC San Diego,Big West,23,Natalie Repetti,So,L,5-10,26,4,84,NA,7,7,29,0,7,11,8,119,14,NA,NA,NA,NA,18,NA,NA,123,NA,NA,NA,NA
2021-2022,UC San Diego,Big West,24,Odeya Russo,So,OH,5-10,14,3,36,NA,1,6,16,-0.313,5,NA,3,47,7,NA,1,NA,NA,1.5,NA,NA,39,NA,NA,NA,NA
2021-2022,UC Santa Barbara,Big West,5,Tallulah Froley,So,RS,6-0,30,27,106,NA,274,113,643,0.25,3,NA,1,50,NA,3,53,5,NA,303.5,1,NA,2,NA,NA,NA,NA
2021-2022,UC Santa Barbara,Big West,8,Kristina Pepek,So,MB,6-0,4,0,5,NA,3,2,6,0.167,NA,1,NA,1,NA,NA,1,NA,NA,4.5,NA,NA,6,NA,NA,NA,NA
2021-2022,UC Santa Barbara,Big West,15,Macall Peed,So,DS,5-7,30,0,107,NA,2,0,12,0.167,116,23,24,485,17,NA,NA,NA,NA,25,2,NA,389,NA,NA,NA,NA
2021-2022,UC Santa Barbara,Big West,20,Deni Wilson,So,MB,6-2,32,32,120,NA,262,63,509,0.391,7,NA,NA,16,1,27,98,9,NA,338,NA,NA,1,NA,NA,NA,NA
2021-2022,UC Santa Barbara,Big West,21,Tasia Farmer,So,OH,6-0,26,5,80,NA,153,87,449,0.147,2,7,13,61,11,6,30,NA,NA,181,NA,NA,97,NA,NA,NA,NA
2021-2022,UC Santa Barbara,Big West,25,Megan Shimoda,So,RS,5-9,3,0,4,NA,0,1,1,-1,3,NA,NA,NA,NA,NA,NA,NA,NA,NA,1,NA,3,NA,NA,NA,NA
2021-2022,Col. of Charleston,CAA,3,Sofie Vogel,So,MB,6-1,19,3,49,NA,46,30,147,0.109,4,1,1,16,NA,2,11,3,NA,54.5,NA,NA,10,NA,NA,NA,NA
2021-2022,Col. of Charleston,CAA,4,Samantha Campion,So,OH,5-11,15,1,56,NA,2,1,9,0.111,38,28,9,238,31,NA,NA,NA,NA,30,3,NA,212,NA,NA,NA,NA
2021-2022,Col. of Charleston,CAA,25,Rebeca Olariu,So,DS,5-10,25,0,72,NA,2,0,4,0.5,40,17,15,158,21,NA,NA,2,NA,19,NA,NA,204,NA,NA,NA,NA
2021-2022,Delaware,CAA,1,Amelia Painter,So,L/DS,5-4,16,2,36,NA,0,0,0,NA,6,2,9,26,5,NA,NA,NA,NA,2,NA,NA,74,NA,NA,NA,NA
2021-2022,Delaware,CAA,5,Lily Rogers,So,S,5-10,28,13,97,NA,47,25,139,0.158,223,41,39,149,1,1,25,2,NA,101.5,9,NA,395,NA,NA,NA,NA
2021-2022,Delaware,CAA,14,Kirah Johnson,So,MB,6-0,28,28,101,NA,184,66,476,0.248,6,3,9,21,NA,12,82,16,NA,240,NA,NA,42,NA,NA,NA,NA
2021-2022,Delaware,CAA,20,Savannah Seemans,So,OH,5-11,28,28,102,NA,273,120,822,0.186,38,45,85,221,20,3,34,4,NA,338,3,NA,343,NA,NA,NA,NA
2021-2022,Delaware,CAA,23,Claire Flood,So,OH,5-11,3,0,6,NA,7,10,23,-0.13,NA,NA,NA,5,3,NA,1,2,NA,7.5,NA,NA,3,NA,NA,NA,NA
2021-2022,Elon,CAA,4,Lily Emlong,So,MB,6-2,5,1,10,NA,7,3,22,0.182,NA,NA,NA,1,NA,2,1,NA,NA,9.5,NA,NA,NA,NA,NA,NA,NA
2021-2022,Elon,CAA,5,Ericka Link,So,S,5-6,14,0,24,NA,3,1,6,0.333,48,2,9,18,NA,NA,NA,NA,NA,5,3,NA,29,NA,NA,NA,NA
2021-2022,Hofstra,CAA,3,Bianca Bucciarelli,So,OH,6-2,23,4,55,NA,80,49,260,0.119,3,7,7,51,3,NA,10,NA,NA,92,NA,NA,71,NA,NA,NA,NA
2021-2022,Hofstra,CAA,9,Yagmur Cinel,So,OH,6-0,18,4,57,NA,45,35,135,0.074,5,15,19,77,12,NA,6,1,NA,63,NA,NA,168,NA,NA,NA,NA
2021-2022,Hofstra,CAA,16,Damla Tokman,So,MB,6-2,21,12,63,NA,79,42,207,0.179,NA,9,19,24,1,8,50,3,NA,121,1,NA,122,NA,NA,NA,NA
2021-2022,Hofstra,CAA,22,Maria Branco,So,S,5-4,2,0,6,NA,0,0,0,NA,1,NA,3,12,NA,NA,NA,NA,NA,NA,NA,NA,17,NA,NA,NA,NA
2021-2022,James Madison,CAA,3,Julia de Sa,So,OH,5-11,15,4,36,NA,75,33,243,0.173,3,NA,NA,16,9,3,9,1,NA,82.5,NA,NA,NA,NA,NA,NA,NA
2021-2022,James Madison,CAA,8,Hannah Roberts,So,S,6-1,24,0,70,NA,0,0,0,NA,2,16,11,23,NA,NA,NA,NA,NA,16,1,NA,165,NA,NA,NA,NA
2021-2022,James Madison,CAA,9,Elizabeth Helmich,So,RS,6-2,21,15,72,NA,132,59,355,0.206,2,5,8,51,2,7,37,6,NA,162.5,NA,NA,57,NA,NA,NA,NA
2021-2022,James Madison,CAA,10,Miëtte Veldman,So,OH,5-10,21,20,74,NA,303,113,775,0.245,7,14,24,170,20,9,23,NA,NA,337.5,1,NA,213,NA,NA,NA,NA
2021-2022,James Madison,CAA,13,Savanah Cockrill,So,MB,6-0,14,10,43,NA,43,13,107,0.28,2,NA,NA,12,NA,5,26,4,NA,61,2,NA,NA,NA,NA,NA,NA
2021-2022,Northeastern,CAA,2,Maddie Donaphon,So,L/DS,5-1,17,4,48,NA,0,0,1,0,9,2,3,63,13,NA,NA,NA,NA,2,NA,NA,85,NA,NA,NA,NA
2021-2022,Northeastern,CAA,10,Defne Arliel,So,OH,6-0,24,10,77,NA,165,80,477,0.178,16,8,12,88,10,1,31,2,NA,189.5,NA,NA,120,NA,NA,NA,NA
2021-2022,Northeastern,CAA,14,Marika Virthe,So,MB,6-2,27,26,103,NA,104,76,349,0.08,5,3,4,21,3,16,99,8,NA,172.5,NA,NA,43,NA,NA,NA,NA
2021-2022,Towson,CAA,2,Aayinde Smith,So,MB,5-11,7,2,12,NA,9,6,35,0.086,NA,NA,NA,2,NA,1,10,1,NA,15,NA,NA,NA,NA,NA,NA,NA
2021-2022,Towson,CAA,11,Nina Cajic,So,OH,6-0,23,19,81,NA,212,43,498,0.339,8,10,32,68,7,3,55,2,NA,252.5,NA,NA,165,NA,NA,NA,NA
2021-2022,Towson,CAA,20,Sara Wasiakowska,So,OPP,6-1,21,1,53,NA,73,38,199,0.176,NA,NA,NA,20,NA,2,25,2,NA,87.5,NA,NA,NA,NA,NA,NA,NA
2021-2022,UNCW,CAA,4,Brianna Haggerty,So,OH,5-10,27,24,92,NA,200,108,605,0.152,16,20,30,212,38,1,7,4,NA,224.5,NA,NA,328,NA,NA,NA,NA
2021-2022,UNCW,CAA,5,Annabelle Schall,So,S,6-0,23,5,79,NA,13,9,50,0.08,299,14,29,125,NA,1,7,1,NA,31.5,20,NA,216,NA,NA,NA,NA
2021-2022,UNCW,CAA,15,Holly Cornelius,So,L,5-6,3,0,6,NA,0,0,0,NA,NA,1,4,1,NA,NA,NA,NA,NA,1,NA,NA,16,NA,NA,NA,NA
2021-2022,UNCW,CAA,19,Sarah Knafelz,So,MB,6-1,13,9,34,NA,40,20,106,0.189,NA,NA,1,11,NA,6,12,NA,NA,52,NA,NA,4,NA,NA,NA,NA
2021-2022,UNCW,CAA,20,Jadyn Barry,So,L,5-4,15,0,53,NA,3,0,6,0.5,31,17,24,215,19,NA,NA,NA,NA,20,NA,NA,207,NA,NA,NA,NA
2021-2022,William & Mary,CAA,6,Maddie Meyers,So,OH,6-0,15,13,50,NA,114,86,367,0.076,3,6,21,83,10,1,16,5,NA,129,NA,NA,124,NA,NA,NA,NA
2021-2022,William & Mary,CAA,13,Sabrina Malcolm,So,MB,6-0,20,18,68,NA,101,58,261,0.165,7,10,21,19,1,11,52,3,NA,148,2,NA,149,NA,NA,NA,NA
2021-2022,Charlotte,CUSA,10,Maia Edwards,So,MB,6-1,13,5,31,NA,11,4,23,0.304,1,2,NA,2,NA,3,9,2,NA,20.5,NA,NA,10,NA,NA,NA,NA
2021-2022,Charlotte,CUSA,11,Nalani Lyde,So,OH,6-1,25,23,91,NA,174,78,531,0.181,11,13,13,105,14,5,62,11,NA,223,NA,NA,144,NA,NA,NA,NA
2021-2022,Charlotte,CUSA,12,Amani McArthur,So,OH,6-3,25,25,90,NA,164,34,354,0.367,3,2,2,26,4,30,88,18,NA,240,1,NA,60,NA,NA,NA,NA
2021-2022,Charlotte,CUSA,14,Annika Wetterstrom,So,S,5-10,25,25,91,NA,16,5,34,0.324,648,25,18,184,NA,NA,4,3,NA,43,12,NA,342,NA,NA,NA,NA
2021-2022,FIU,CUSA,5,Emily Meyer,So,OH,5-10,11,2,19,NA,26,22,84,0.048,1,NA,2,16,2,NA,1,NA,NA,26.5,NA,NA,13,NA,NA,NA,NA
2021-2022,FIU,CUSA,8,Autumn Raulerson,So,S,5-6,13,4,37,NA,3,2,15,0.067,133,4,8,34,NA,NA,1,NA,NA,7.5,7,NA,89,NA,NA,NA,NA
2021-2022,FIU,CUSA,22,Lily Sierra,So,OH,5-9,1,0,1,NA,0,2,3,-0.667,NA,NA,NA,NA,NA,NA,1,NA,NA,0.5,NA,NA,NA,NA,NA,NA,NA
2021-2022,Fla. Atlantic,CUSA,4,Aniya Harvey,So,MH,6-0,21,18,62,NA,47,29,144,0.125,14,15,24,56,1,7,51,2,NA,94.5,NA,NA,200,NA,NA,NA,NA
2021-2022,Fla. Atlantic,CUSA,5,Sonte Stewart,So,OH,6-0,21,5,49,NA,58,49,178,0.051,3,NA,NA,20,NA,1,12,NA,NA,65,NA,NA,2,NA,NA,NA,NA
2021-2022,Fla. Atlantic,CUSA,7,Halle Olson,So,OH,6-1,19,3,45,NA,53,50,184,0.016,1,6,11,49,13,1,11,NA,NA,65.5,NA,NA,67,NA,NA,NA,NA
2021-2022,Fla. Atlantic,CUSA,8,MiaBella English,So,S,5-10,19,9,63,NA,11,2,27,0.333,284,9,15,120,NA,1,1,1,NA,21.5,5,NA,197,NA,NA,NA,NA
2021-2022,Fla. Atlantic,CUSA,13,Raine Lynch,So,L/DS,5-6,18,3,33,NA,1,0,4,0.25,8,NA,2,31,6,NA,NA,NA,NA,1,NA,NA,18,NA,NA,NA,NA
2021-2022,Fla. Atlantic,CUSA,15,Nikola Bartecka,So,MB,6-3,8,5,22,NA,27,8,60,0.317,1,NA,NA,2,1,NA,10,2,NA,32,NA,NA,NA,NA,NA,NA,NA
2021-2022,Fla. Atlantic,CUSA,16,Lauryn Green,So,MH,6-2,24,23,83,NA,147,46,329,0.307,7,4,10,34,2,6,68,3,NA,191,NA,NA,70,NA,NA,NA,NA
2021-2022,Fla. Atlantic,CUSA,22,Alicia Hearn,So,MB,6-1,25,10,70,NA,93,57,255,0.141,8,2,2,29,1,3,45,1,NA,120.5,NA,NA,21,NA,NA,NA,NA
2021-2022,Louisiana Tech,CUSA,4,Mallory Meers,So,S,5-10,26,21,87,NA,76,17,274,0.215,592,24,34,218,NA,1,21,10,NA,111.5,18,NA,296,NA,NA,NA,NA
2021-2022,Louisiana Tech,CUSA,5,Ainsley Yanz,So,L/DS,5-7,27,1,69,NA,3,2,10,0.1,9,6,17,84,19,NA,NA,NA,NA,9,NA,NA,174,NA,NA,NA,NA
2021-2022,Louisiana Tech,CUSA,7,Carly Doros,So,MB,6-0,28,28,97,NA,171,73,460,0.213,6,NA,4,17,1,17,58,11,NA,217,3,NA,26,NA,NA,NA,NA
2021-2022,Louisiana Tech,CUSA,10,Mackenzie Murray,So,OH,5-9,20,2,48,NA,70,50,263,0.076,1,NA,NA,32,NA,1,15,6,NA,78.5,2,NA,NA,NA,NA,NA,NA
2021-2022,Louisiana Tech,CUSA,12,Meghan Dunnigan,So,L/DS,5-7,28,4,95,NA,3,6,33,-0.091,16,11,20,224,21,NA,NA,NA,NA,14,2,NA,266,NA,NA,NA,NA
2021-2022,Louisiana Tech,CUSA,13,Morgan Smith,So,MB,6-0,28,28,98,NA,159,31,427,0.3,8,14,9,46,2,24,70,22,NA,232,1,NA,264,NA,NA,NA,NA
2021-2022,Louisiana Tech,CUSA,15,Faith Menary,So,OH,5-9,25,24,84,NA,231,106,833,0.15,12,25,25,184,15,6,13,4,NA,268.5,2,NA,281,NA,NA,NA,NA
2021-2022,Louisiana Tech,CUSA,20,Marley Maurer,So,OH,5-10,22,8,50,NA,59,47,245,0.049,1,NA,1,26,NA,3,12,5,NA,68,1,NA,1,NA,NA,NA,NA
2021-2022,Louisiana Tech,CUSA,22,Samantha Hicks,So,OH,5-7,26,9,73,NA,44,28,186,0.086,13,8,16,108,12,NA,6,NA,NA,55,NA,NA,137,NA,NA,NA,NA
2021-2022,Marshall,CUSA,3,Olivia Fogo,So,OH,6-0,10,4,21,NA,42,14,128,0.219,1,NA,NA,6,NA,NA,10,NA,NA,47,NA,NA,NA,NA,NA,NA,NA
2021-2022,Marshall,CUSA,14,Riley Winslow,So,DS,5-6,10,3,32,NA,1,0,1,1,5,5,3,37,3,NA,NA,NA,NA,6,NA,NA,91,NA,NA,NA,NA
2021-2022,Marshall,CUSA,21,Anna Calcagno,So,OH,6-2,19,4,68,NA,120,54,389,0.17,2,1,5,66,13,5,26,1,NA,139,2,NA,25,NA,NA,NA,NA
2021-2022,Middle Tenn.,CUSA,1,Marley Banton,So,L,5-9,21,0,83,NA,1,2,25,-0.04,79,26,19,384,28,NA,NA,NA,NA,27,NA,NA,328,NA,NA,NA,NA
2021-2022,Middle Tenn.,CUSA,5,Kayla Henley,So,RS,6-2,21,20,83,NA,199,110,512,0.174,14,NA,2,162,31,4,31,4,NA,218.5,1,NA,3,NA,NA,NA,NA
2021-2022,Middle Tenn.,CUSA,8,Dasia Smith,So,MB,5-11,20,20,80,NA,145,40,331,0.317,1,NA,NA,9,NA,8,45,9,NA,175.5,NA,NA,NA,NA,NA,NA,NA
2021-2022,North Texas,CUSA,4,Sophia Hagstrom,So,OH,5-9,23,4,68,NA,30,16,78,0.179,13,12,15,114,13,NA,NA,1,NA,42,NA,NA,184,NA,NA,NA,NA
2021-2022,North Texas,CUSA,9,Kenzie Smith,So,OH,6-1,10,7,31,NA,52,27,157,0.159,2,5,3,23,1,2,11,1,NA,64.5,NA,NA,33,NA,NA,NA,NA
2021-2022,North Texas,CUSA,10,Pua Beazley,So,S,5-9,5,0,5,NA,0,0,0,NA,NA,NA,NA,NA,NA,NA,NA,NA,NA,NA,1,NA,11,NA,NA,NA,NA
2021-2022,North Texas,CUSA,16,Truli Levy,So,OH,5-11,26,19,83,NA,125,49,334,0.228,NA,NA,NA,36,1,5,50,7,NA,155,1,NA,4,NA,NA,NA,NA
2021-2022,North Texas,CUSA,18,Hallie Thorn,So,OH,6-4,1,0,1,NA,0,0,0,NA,NA,NA,NA,NA,NA,NA,NA,NA,NA,NA,NA,NA,NA,NA,NA,NA,NA
2021-2022,Old Dominion,CUSA,2,Valentina Culaciati,So,MH,6-2,3,0,3,NA,1,1,4,0,NA,NA,1,1,NA,NA,NA,NA,NA,1,NA,NA,1,NA,NA,NA,NA
2021-2022,Old Dominion,CUSA,4,Anna Burkhardt,So,L,5-8,24,5,84,NA,2,2,11,0,29,13,18,232,17,NA,1,NA,NA,15.5,NA,NA,308,NA,NA,NA,NA
2021-2022,Old Dominion,CUSA,8,Madelyn Grunza,So,RS,6-0,11,0,22,NA,37,16,105,0.2,1,NA,NA,3,1,NA,5,NA,NA,39.5,NA,NA,NA,NA,NA,NA,NA
2021-2022,Old Dominion,CUSA,9,Teresa Atilano,So,S,6-1,26,26,96,NA,70,22,219,0.219,893,20,19,186,1,6,39,9,NA,115.5,5,NA,391,NA,NA,NA,NA
2021-2022,Old Dominion,CUSA,10,Madeline Rudd,So,OH,6-2,21,9,60,NA,109,65,332,0.133,2,NA,NA,29,NA,1,14,4,NA,117,1,NA,2,NA,NA,NA,NA
2021-2022,Old Dominion,CUSA,12,Camilla Tamburini,So,OH,6-0,9,0,22,NA,5,2,21,0.143,2,8,4,19,8,NA,NA,NA,NA,13,NA,NA,76,NA,NA,NA,NA
2021-2022,Old Dominion,CUSA,14,Jamie Bissmeyer,So,L,5-5,9,3,29,NA,0,0,5,0,9,2,19,57,4,NA,NA,NA,NA,2,NA,NA,79,NA,NA,NA,NA
2021-2022,Old Dominion,CUSA,16,Ashley Peroe,So,OH,6-1,12,3,24,NA,17,9,69,0.116,3,4,5,19,3,1,6,NA,NA,25,NA,NA,45,NA,NA,NA,NA
2021-2022,Old Dominion,CUSA,18,Jordan Daniel,So,L,5-6,26,1,92,NA,0,2,15,-0.133,48,16,21,319,45,NA,NA,NA,NA,16,2,NA,287,NA,NA,NA,NA
2021-2022,Old Dominion,CUSA,21,Olivia De Jesus,So,MB,6-0,26,26,95,NA,122,65,316,0.18,4,25,28,46,NA,7,92,8,NA,200,2,NA,332,NA,NA,NA,NA
2021-2022,Rice,CUSA,1,Ellie Bichelmeyer,So,OH,6-2,27,25,86,NA,206,59,480,0.306,6,2,1,53,2,3,52,3,NA,237,1,NA,10,NA,NA,NA,NA
2021-2022,Rice,CUSA,4,Jaime Samojedny,So,L/DS,5-8,16,0,19,NA,0,0,0,NA,2,NA,3,3,NA,NA,NA,NA,NA,NA,NA,NA,33,NA,NA,NA,NA
2021-2022,Rice,CUSA,12,Satasha Kostelecky,So,MB,6-4,17,2,33,NA,27,4,74,0.311,NA,NA,NA,7,NA,5,20,2,NA,42,NA,NA,NA,NA,NA,NA,NA
2021-2022,Southern Miss.,CUSA,3,Ari Barksdale,So,MH,6-0,4,1,9,NA,9,3,27,0.222,1,NA,NA,6,NA,2,4,NA,NA,13,NA,NA,2,NA,NA,NA,NA
2021-2022,Southern Miss.,CUSA,6,Reagan Leinen,So,OH,6-0,13,1,32,NA,49,28,169,0.124,NA,1,1,11,NA,2,9,1,NA,56.5,NA,NA,2,NA,NA,NA,NA
2021-2022,Southern Miss.,CUSA,11,Maddie Stayer,So,S,6-0,3,0,7,NA,8,2,15,0.4,40,NA,1,6,NA,NA,NA,NA,NA,8,1,NA,23,NA,NA,NA,NA
2021-2022,Southern Miss.,CUSA,14,Aliah Giroux,So,L/DS,5-7,28,0,106,NA,6,3,24,0.125,79,29,26,426,22,NA,NA,NA,NA,35,NA,NA,376,NA,NA,NA,NA
2021-2022,UAB,CUSA,1,Kiana Mack,So,MB,6-1,24,21,81,NA,97,29,194,0.351,6,12,19,22,NA,6,44,2,NA,137,NA,NA,129,NA,NA,NA,NA
2021-2022,UAB,CUSA,8,Lidya Canturk,So,S,5-9,25,17,90,NA,17,7,63,0.159,628,30,41,178,NA,NA,19,3,NA,56.5,18,NA,331,NA,NA,NA,NA
2021-2022,UAB,CUSA,9,Grace Koper,So,S,5-7,20,6,55,NA,0,0,4,0,172,8,16,68,NA,NA,NA,NA,NA,8,11,NA,149,NA,NA,NA,NA
2021-2022,UAB,CUSA,16,Tatijana Fucka,So,MB,6-3,17,15,50,NA,37,19,101,0.178,2,NA,NA,12,NA,11,36,5,NA,66,NA,NA,NA,NA,NA,NA,NA
2021-2022,UTEP,CUSA,3,Alyssa Sianez,So,DS,5-3,32,0,127,NA,0,0,4,0,104,26,50,512,31,NA,NA,NA,NA,26,NA,NA,484,NA,NA,NA,NA
2021-2022,UTEP,CUSA,4,Savana Trahan,So,L,5-2,21,0,56,NA,1,0,1,1,5,NA,5,32,4,NA,NA,NA,NA,1,NA,NA,51,NA,NA,NA,NA
2021-2022,UTEP,CUSA,9,Hande Yetis,So,S,5-10,24,7,89,NA,6,7,30,-0.033,479,31,39,105,NA,NA,2,NA,NA,38,34,NA,337,NA,NA,NA,NA
2021-2022,UTEP,CUSA,10,Ava Palm,So,OH,6-0,27,0,73,NA,29,14,77,0.195,2,18,30,24,5,2,2,NA,NA,50,NA,NA,163,NA,NA,NA,NA
2021-2022,UTEP,CUSA,17,Marina Sanchez,So,OH,5-11,7,1,10,NA,5,6,20,-0.05,NA,1,1,7,NA,NA,1,2,NA,6.5,NA,NA,2,NA,NA,NA,NA
2021-2022,UTEP,CUSA,22,Abigail  Padilla,So,OH,5-8,12,0,29,NA,0,1,2,-0.5,NA,6,7,4,NA,NA,NA,NA,NA,6,NA,NA,47,NA,NA,NA,NA
2021-2022,UTSA,CUSA,9,Kelsey Carpenter,So,OH,6-2,18,4,45,NA,57,30,189,0.143,1,NA,NA,8,NA,NA,12,1,NA,63,NA,NA,NA,NA,NA,NA,NA
2021-2022,UTSA,CUSA,16,Amanda Ifeanyichukwu,So,MB,5-11,24,23,81,NA,136,45,319,0.285,3,11,8,37,NA,1,57,5,NA,176.5,NA,NA,149,NA,NA,NA,NA
2021-2022,UTSA,CUSA,26,Alicia Coppedge,So,MB,6-1,14,4,31,NA,22,11,64,0.172,NA,NA,1,2,1,1,13,1,NA,29.5,NA,NA,3,NA,NA,NA,NA
2021-2022,Western Ky.,CUSA,13,Shannon Keck,So,MH,6-3,7,0,8,NA,3,0,9,0.333,NA,NA,NA,1,NA,1,4,NA,NA,6,NA,NA,NA,NA,NA,NA,NA
2021-2022,Western Ky.,CUSA,16,Cameron Mosley,So,DS,5-7,11,0,20,NA,0,0,0,NA,NA,1,5,3,NA,NA,NA,NA,NA,1,1,NA,38,NA,NA,NA,NA
2021-2022,Cleveland St.,Horizon,7,Madalynn Butler,So,OH,6-1,23,10,61,NA,75,58,266,0.064,5,1,5,28,2,8,20,5,NA,94,NA,NA,34,NA,NA,NA,NA
2021-2022,Cleveland St.,Horizon,11,Sam Snow,So,OH,5-11,10,1,17,NA,8,8,29,0,4,NA,5,16,4,NA,NA,1,NA,8,NA,NA,27,NA,NA,NA,NA
2021-2022,Cleveland St.,Horizon,13,Abby Miller,So,S,5-7,26,26,96,NA,90,37,277,0.191,787,27,25,197,3,2,31,5,NA,134.5,22,NA,312,NA,NA,NA,NA
2021-2022,Cleveland St.,Horizon,19,Ainslie McLaughlin,So,MH,6-2,27,25,97,NA,91,31,236,0.254,4,NA,NA,18,NA,14,62,4,NA,136,NA,NA,2,NA,NA,NA,NA
2021-2022,Green Bay,Horizon,5,Isis Rabello,So,L,5-4,12,1,35,NA,0,1,2,-0.5,1,5,7,75,3,NA,NA,NA,NA,5,NA,NA,75,NA,NA,NA,NA
2021-2022,Green Bay,Horizon,11,Zoi Sherolli,So,OH,5-11,27,3,74,NA,8,7,34,0.029,8,23,22,55,5,NA,2,NA,NA,32,1,NA,268,NA,NA,NA,NA
2021-2022,Green Bay,Horizon,21,Danilynn Schell,So,DS,5-10,14,0,32,NA,0,0,0,NA,1,9,16,14,NA,NA,NA,NA,NA,9,NA,NA,76,NA,NA,NA,NA
2021-2022,IU Indy,Horizon,6,Maddie Ohm,So,OH,6-0,23,12,78,NA,151,105,524,0.088,7,4,7,71,9,3,30,3,NA,173,NA,NA,25,NA,NA,NA,NA
2021-2022,IU Indy,Horizon,7,Millai Madison,So,MB,5-11,29,27,105,NA,113,89,409,0.059,4,NA,NA,28,2,8,82,11,NA,162,4,NA,NA,NA,NA,NA,NA
2021-2022,IU Indy,Horizon,8,Brooke Phillips,So,S,5-9,25,24,93,NA,59,25,173,0.197,783,39,46,204,NA,1,24,13,NA,111,18,NA,298,NA,NA,NA,NA
2021-2022,IU Indy,Horizon,10,Emily Alan,So,MB,6-0,29,29,108,NA,196,97,487,0.203,5,7,15,27,2,16,70,6,NA,254,NA,NA,115,NA,NA,NA,NA
2021-2022,Milwaukee,Horizon,3,Marissa Kleman,So,OH,6-3,4,0,5,NA,3,1,5,0.4,NA,NA,1,NA,NA,NA,2,NA,NA,4,NA,NA,3,NA,NA,NA,NA
2021-2022,Milwaukee,Horizon,8,Kaley Blake,So,S,5-8,19,4,62,NA,1,3,16,-0.125,280,6,6,93,NA,1,NA,1,NA,8,5,NA,133,NA,NA,NA,NA
2021-2022,Milwaukee,Horizon,10,Emma Loveall,So,OH,6-0,12,2,19,NA,14,8,78,0.077,1,NA,NA,5,1,NA,2,2,NA,15,NA,NA,NA,NA,NA,NA,NA
2021-2022,Milwaukee,Horizon,15,Sarah Schrader,So,OH,5-8,25,10,86,NA,3,5,25,-0.08,12,26,25,179,17,NA,NA,NA,NA,29,NA,NA,329,NA,NA,NA,NA
2021-2022,Northern Ky.,Horizon,1,Lillian Leiner,So,L/DS,5-7,28,23,106,NA,1,0,4,0.25,8,8,28,264,8,NA,NA,NA,NA,9,1,NA,350,NA,NA,NA,NA
2021-2022,Northern Ky.,Horizon,8,Katy Yopko,So,S,5-7,28,10,106,NA,24,4,63,0.317,583,24,23,164,NA,NA,1,NA,NA,48.5,22,NA,419,NA,NA,NA,NA
2021-2022,Northern Ky.,Horizon,11,Skyy Smith,So,OH,5-10,5,0,7,NA,3,2,13,0.077,NA,NA,NA,NA,NA,1,1,NA,NA,4.5,NA,NA,NA,NA,NA,NA,NA
2021-2022,Northern Ky.,Horizon,15,Torie Houston,So,S,5-10,2,0,2,NA,1,0,1,1,NA,NA,1,1,NA,NA,NA,NA,NA,1,NA,NA,2,NA,NA,NA,NA
2021-2022,Northern Ky.,Horizon,16,Allie Siefke,So,MB,6-1,20,9,56,NA,37,19,89,0.202,NA,3,7,7,NA,6,49,6,NA,70.5,NA,NA,28,NA,NA,NA,NA
2021-2022,Purdue Fort Wayne,Horizon,5,Maggie Castleman,So,OH,5-8,28,23,105,NA,247,121,660,0.191,10,14,13,109,23,5,31,8,NA,281.5,NA,NA,142,NA,NA,NA,NA
2021-2022,Purdue Fort Wayne,Horizon,8,Ramei Jackson,So,OH,5-10,31,29,120,NA,244,98,532,0.274,5,2,11,40,NA,24,63,6,NA,301.5,1,NA,28,NA,NA,NA,NA
2021-2022,Purdue Fort Wayne,Horizon,10,Viviana Lefherz,So,OH,5-11,16,11,50,NA,36,20,136,0.118,10,11,6,81,23,2,4,3,NA,51,NA,NA,147,NA,NA,NA,NA
2021-2022,Purdue Fort Wayne,Horizon,16,Molly Mirabelli,So,OH,6-2,23,19,87,NA,121,35,271,0.317,7,4,10,20,2,14,64,5,NA,171,NA,NA,76,NA,NA,NA,NA
2021-2022,Purdue Fort Wayne,Horizon,17,Joanna Larsen,So,OH,6-0,14,1,25,NA,20,19,76,0.013,2,NA,NA,5,NA,2,8,NA,NA,26,NA,NA,NA,NA,NA,NA,NA
2021-2022,Robert Morris,Horizon,10,Annie Monaco,So,OH,5-10,26,13,81,NA,176,77,498,0.199,6,23,23,147,36,1,8,2,NA,204,NA,NA,208,NA,NA,NA,NA
2021-2022,Robert Morris,Horizon,14,Emma Brown,So,MB,5-11,30,30,107,NA,120,45,314,0.239,7,NA,1,24,2,9,61,2,NA,159.5,2,NA,12,NA,NA,NA,NA
2021-2022,Robert Morris,Horizon,18,Abby Ryan,So,OH,5-11,30,20,94,NA,205,114,738,0.123,3,17,30,160,37,1,21,1,NA,233.5,NA,NA,221,NA,NA,NA,NA
2021-2022,UIC,Horizon,1,Mikala Henderson,So,OH,5-8,32,26,108,NA,201,107,586,0.16,11,23,30,137,4,NA,39,7,NA,243.5,NA,NA,204,NA,NA,NA,NA
2021-2022,UIC,Horizon,3,Taylor O'Malley,So,S,5-9,8,0,13,NA,0,0,0,NA,NA,2,NA,3,NA,NA,NA,NA,NA,2,NA,NA,23,NA,NA,NA,NA
2021-2022,UIC,Horizon,6,Jaclyn Oblena,So,L/DS,5-4,32,0,125,NA,1,2,7,-0.143,101,30,16,466,30,NA,NA,NA,NA,31,2,NA,454,NA,NA,NA,NA
2021-2022,UIC,Horizon,7,Martina Delucchi,So,OH,5-9,32,32,125,NA,415,187,1130,0.202,32,41,43,363,54,9,40,8,NA,485,4,NA,415,NA,NA,NA,NA
2021-2022,UIC,Horizon,10,Grace Zambrano,So,DS,5-6,3,0,3,NA,0,0,0,NA,NA,NA,1,NA,NA,NA,NA,NA,NA,NA,NA,NA,2,NA,NA,NA,NA
2021-2022,UIC,Horizon,11,Sohila Wafeek,So,S,5-9,32,20,122,NA,19,4,68,0.221,1053,32,49,251,NA,2,19,16,NA,62.5,10,NA,501,NA,NA,NA,NA
2021-2022,UIC,Horizon,15,Zahria Woodard,So,MB,6-1,29,24,105,NA,160,51,392,0.278,3,NA,NA,6,NA,11,65,9,NA,203.5,1,NA,1,NA,NA,NA,NA
2021-2022,UIC,Horizon,16,Becca Oldendorf,So,MB,6-2,27,20,88,NA,177,42,388,0.348,3,5,15,11,NA,10,75,8,NA,229.5,NA,NA,102,NA,NA,NA,NA
2021-2022,UIC,Horizon,18,Jackie Yau,So,MB,5-8,18,12,53,NA,79,22,180,0.317,1,NA,NA,11,1,1,22,3,NA,91,1,NA,NA,NA,NA,NA,NA
2021-2022,UIC,Horizon,19,Abigail Sunga,So,L/DS,5-0,24,0,83,NA,0,0,1,0,4,13,20,44,1,NA,NA,NA,NA,13,NA,NA,260,NA,NA,NA,NA
2021-2022,UIC,Horizon,23,Amelia Sunga,So,L/DS,5-0,27,3,87,NA,0,0,0,NA,6,10,13,56,3,NA,NA,NA,NA,10,1,NA,239,NA,NA,NA,NA
2021-2022,Wright St.,Horizon,3,Sam Ott,So,OH,5-9,27,6,71,NA,183,66,514,0.228,3,7,10,88,5,NA,15,3,NA,197.5,NA,NA,132,NA,NA,NA,NA
2021-2022,Wright St.,Horizon,5,Taylor Bransfield,So,MB,6-0,9,1,15,NA,21,12,54,0.167,1,NA,NA,3,NA,1,9,1,NA,26.5,NA,NA,NA,NA,NA,NA,NA
2021-2022,Youngstown St.,Horizon,3,Kiley Mitchell,So,MB,6-0,5,2,14,NA,8,5,32,0.094,NA,1,4,2,NA,2,7,NA,NA,14.5,NA,NA,33,NA,NA,NA,NA
2021-2022,Youngstown St.,Horizon,7,Lexie Beeke,So,S,5-8,19,18,66,NA,59,11,171,0.281,536,16,16,166,1,1,11,1,NA,81.5,7,NA,231,NA,NA,NA,NA
2021-2022,Youngstown St.,Horizon,10,Amber Morris,So,OH,5-10,4,0,6,NA,1,1,12,0,NA,NA,NA,1,NA,NA,NA,NA,NA,1,NA,NA,NA,NA,NA,NA,NA
2021-2022,Youngstown St.,Horizon,16,Riley Nickol,So,DS,5-7,23,7,59,NA,0,1,2,-0.5,9,6,11,60,13,NA,NA,NA,NA,6,NA,NA,125,NA,NA,NA,NA
2021-2022,Brown,Ivy League,4,Cierra Jenkins,So,S,5-8,20,20,71,NA,77,19,217,0.267,709,19,14,220,NA,1,27,6,NA,110.5,7,NA,312,NA,NA,NA,NA
2021-2022,Brown,Ivy League,7,Jilienne Widener,So,OH,6-0,23,15,66,NA,102,60,366,0.115,16,12,27,106,10,1,28,5,NA,129,NA,NA,141,NA,NA,NA,NA
2021-2022,Brown,Ivy League,10,Kate Sheire,So,RS,6-0,26,12,92,NA,285,82,713,0.285,3,4,8,47,NA,8,74,6,NA,334,NA,NA,111,NA,NA,NA,NA
2021-2022,Brown,Ivy League,11,Kate Danaher,So,S,5-9,6,0,11,NA,2,0,2,1,36,NA,NA,12,NA,NA,NA,NA,NA,2,NA,NA,4,NA,NA,NA,NA
2021-2022,Brown,Ivy League,18,Zoe Ubamadu,So,MB,6-0,14,12,47,NA,74,23,145,0.352,2,NA,NA,4,NA,9,44,3,NA,105,NA,NA,NA,NA,NA,NA,NA
2021-2022,Brown,Ivy League,20,Ada Agolli,So,RS,6-2,3,0,8,NA,7,1,18,0.333,NA,NA,NA,NA,NA,NA,2,NA,NA,8,NA,NA,1,NA,NA,NA,NA
2021-2022,Columbia,Ivy League,2,Yooni Park,So,L/DS,5-6,15,3,35,NA,0,0,0,NA,14,6,7,27,2,NA,NA,NA,NA,6,2,NA,96,NA,NA,NA,NA
2021-2022,Columbia,Ivy League,4,Maria Milisa,So,MB,6-5,7,0,8,NA,1,0,2,0.5,NA,NA,NA,1,NA,NA,1,1,NA,1.5,NA,NA,NA,NA,NA,NA,NA
2021-2022,Columbia,Ivy League,5,Soah Franklin,So,MB,6-1,23,23,80,NA,89,35,235,0.23,4,NA,2,24,NA,20,56,16,NA,137,2,NA,3,NA,NA,NA,NA
2021-2022,Columbia,Ivy League,6,Lauren Cho,So,L/DS,5-5,22,2,64,NA,0,0,2,0,37,10,13,49,4,NA,NA,NA,NA,10,4,NA,175,NA,NA,NA,NA
2021-2022,Columbia,Ivy League,21,Logan Harlock,So,OH,6-0,18,10,50,NA,119,59,383,0.157,5,3,15,69,18,2,12,2,NA,130,3,NA,92,NA,NA,NA,NA
2021-2022,Cornell,Ivy League,6,Kate Stration,So,OH,5-11,18,1,48,NA,0,2,15,-0.133,7,23,20,73,10,NA,NA,NA,NA,23,NA,NA,169,NA,NA,NA,NA
2021-2022,Cornell,Ivy League,8,Rylee Baptiste,So,S,5-5,14,4,44,NA,1,1,8,0,198,7,12,99,4,NA,1,1,NA,8.5,7,NA,151,NA,NA,NA,NA
2021-2022,Cornell,Ivy League,9,Alexa Orent,So,MB,6-0,1,0,1,NA,0,0,2,0,NA,NA,NA,NA,NA,NA,NA,NA,NA,NA,NA,NA,NA,NA,NA,NA,NA
2021-2022,Cornell,Ivy League,20,Sydney Moore,So,MB,6-0,15,11,46,NA,56,22,146,0.233,1,NA,6,9,NA,5,43,7,NA,82.5,NA,NA,13,NA,NA,NA,NA
2021-2022,Dartmouth,Ivy League,7,Karen Murphy,So,S,5-9,21,17,81,NA,32,6,98,0.265,441,24,17,189,NA,NA,1,NA,NA,56.5,10,NA,285,NA,NA,NA,NA
2021-2022,Dartmouth,Ivy League,8,Ellie Blain,So,OH,6-2,23,23,91,NA,317,144,933,0.185,7,20,32,185,39,5,25,NA,NA,354.5,1,NA,316,NA,NA,NA,NA
2021-2022,Dartmouth,Ivy League,16,Amelia Gibbs,So,MB,6-2,18,17,71,NA,163,33,374,0.348,4,NA,1,14,1,11,32,3,NA,190,1,NA,1,NA,NA,NA,NA
2021-2022,Dartmouth,Ivy League,22,Bomi Ogunlari,So,MB,5-10,23,3,74,NA,122,69,347,0.153,1,NA,NA,36,NA,1,26,1,NA,136,NA,NA,NA,NA,NA,NA,NA
2021-2022,Dartmouth,Ivy League,27,Natalie Grover,So,OH,6-1,12,7,37,NA,62,27,187,0.187,1,NA,NA,26,NA,NA,9,NA,NA,66.5,1,NA,1,NA,NA,NA,NA
2021-2022,Harvard,Ivy League,1,Nicole Prescott,So,OH,5-11,20,14,75,NA,153,77,509,0.149,10,16,28,149,31,3,10,NA,NA,177,1,NA,259,NA,NA,NA,NA
2021-2022,Harvard,Ivy League,6,Ava Rauser,So,MB,6-0,17,7,43,NA,15,19,69,-0.058,2,2,6,9,NA,5,33,NA,NA,38.5,NA,NA,26,NA,NA,NA,NA
2021-2022,Harvard,Ivy League,8,Ariana White,So,MB,6-2,21,17,72,NA,76,43,195,0.169,3,NA,NA,5,NA,11,63,9,NA,118.5,NA,NA,NA,NA,NA,NA,NA
2021-2022,Harvard,Ivy League,9,Olivia Cooper,So,MH,6-0,23,22,86,NA,110,22,245,0.359,9,20,13,35,NA,10,70,12,NA,175,5,NA,284,NA,NA,NA,NA
2021-2022,Harvard,Ivy League,12,Katie Vorhies,So,OH,5-10,23,23,93,NA,266,120,651,0.224,5,6,12,90,41,2,37,3,NA,292.5,NA,NA,74,NA,NA,NA,NA
2021-2022,Harvard,Ivy League,18,Ashley Wang,So,S,6-1,17,13,64,NA,145,67,370,0.211,266,27,25,123,1,NA,32,3,NA,188,9,2,190,NA,NA,NA,NA
2021-2022,Penn,Ivy League,1,Jordan Armstrong,So,S,5-10,6,1,17,NA,0,0,3,0,64,2,7,20,NA,NA,NA,NA,NA,2,5,NA,46,NA,NA,NA,NA
2021-2022,Penn,Ivy League,9,Julia Bradshaw,So,L/DS,5-7,11,2,24,NA,0,0,0,NA,NA,1,6,23,7,NA,NA,NA,NA,1,NA,NA,48,NA,NA,NA,NA
2021-2022,Penn,Ivy League,15,Madison Risch,So,OH,5-11,12,7,35,NA,34,25,139,0.065,1,4,9,66,7,NA,7,NA,NA,41.5,NA,NA,116,NA,NA,NA,NA
2021-2022,Penn,Ivy League,18,Tatum DeMann,So,OH,5-11,6,0,17,NA,8,11,52,-0.058,NA,2,3,12,1,NA,4,1,NA,12,NA,NA,23,NA,NA,NA,NA
2021-2022,Penn,Ivy League,20,Emerson Flornes,So,OH,5-10,14,12,47,NA,57,31,158,0.165,8,7,17,23,NA,3,32,2,NA,83,NA,NA,139,NA,NA,NA,NA
2021-2022,Princeton,Ivy League,4,Kathleen Bishop,So,RS,6-3,9,1,10,NA,8,7,36,0.028,NA,NA,NA,2,1,NA,3,NA,NA,9.5,NA,NA,NA,NA,NA,NA,NA
2021-2022,Princeton,Ivy League,10,Krystal Raymundo,So,L,5-7,21,6,70,NA,2,0,5,0.4,15,21,21,120,14,NA,NA,NA,NA,23,NA,NA,154,NA,NA,NA,NA
2021-2022,Princeton,Ivy League,27,Maya Satchell,So,OH,5-11,3,0,6,NA,0,0,0,NA,2,NA,4,1,NA,NA,NA,NA,NA,NA,NA,NA,17,NA,NA,NA,NA
2021-2022,Yale,Ivy League,10,Bonnie Bostic,So,OH,6-1,21,14,69,NA,192,61,573,0.229,6,2,5,60,5,3,13,2,NA,203.5,1,NA,37,NA,NA,NA,NA
2021-2022,Yale,Ivy League,16,Amelia Browne,So,OH,6-1,8,0,17,NA,17,5,56,0.214,NA,NA,NA,5,NA,NA,4,NA,NA,19,NA,NA,2,NA,NA,NA,NA
2021-2022,Yale,Ivy League,23,Audrey Leak,So,OH,6-2,18,7,55,NA,110,54,301,0.186,1,NA,NA,22,NA,11,20,8,NA,131,NA,NA,NA,NA,NA,NA,NA
2021-2022,Canisius,MAAC,1,Hayley Montoya,So,L,5-7,22,0,66,NA,5,0,21,0.238,9,NA,5,119,12,NA,NA,NA,NA,5,1,NA,24,NA,NA,NA,NA
2021-2022,Fairfield,MAAC,2,Georgia Via,So,L,5-8,25,6,72,NA,1,2,10,-0.1,42,26,24,250,11,NA,NA,NA,NA,27,NA,NA,284,NA,NA,NA,NA
2021-2022,Fairfield,MAAC,3,Kyla Berg,So,L,5-4,31,7,103,NA,1,2,5,-0.2,49,19,11,350,15,NA,NA,NA,NA,20,NA,NA,401,NA,NA,NA,NA
2021-2022,Fairfield,MAAC,5,Ella Gardiner,So,MB,6-0,30,27,97,NA,139,50,317,0.281,3,NA,NA,19,NA,21,90,17,NA,205,3,NA,NA,NA,NA,NA,NA
2021-2022,Fairfield,MAAC,24,Noelle Carey,So,L/DS,5-5,15,4,39,NA,1,0,1,1,8,7,10,70,6,NA,NA,NA,NA,8,NA,NA,133,NA,NA,NA,NA
2021-2022,Iona,MAAC,7,Tamara Pichardo,So,S,5-9,28,7,83,NA,12,13,83,-0.012,367,21,36,139,NA,NA,11,1,NA,38.5,7,NA,234,NA,NA,NA,NA
2021-2022,Iona,MAAC,8,Hope Matschner,So,OH,5-10,27,4,101,NA,25,15,124,0.081,68,18,12,492,22,NA,NA,1,NA,43,2,NA,349,NA,NA,NA,NA
2021-2022,Iona,MAAC,9,Jen Soto,So,MB,6-2,27,26,98,NA,222,60,524,0.309,12,16,11,64,NA,17,48,3,NA,279,1,NA,309,NA,NA,NA,NA
2021-2022,Iona,MAAC,10,Emma Jacobs,So,OH,6-0,27,17,82,NA,152,60,443,0.208,4,NA,1,52,NA,2,30,3,NA,169,NA,NA,5,NA,NA,NA,NA
2021-2022,Iona,MAAC,12,Hana Ekecs,So,L/DS,5-4,9,0,22,NA,0,0,2,0,2,4,11,24,1,NA,NA,NA,NA,4,NA,NA,41,NA,NA,NA,NA
2021-2022,Iona,MAAC,14,Kiarra Roth,So,OH,5-8,20,6,54,NA,100,70,301,0.1,4,4,8,33,2,1,18,6,NA,114,NA,NA,34,NA,NA,NA,NA
2021-2022,Manhattan,MAAC,1,Camryn Paulson,So,S,5-9,19,14,56,NA,29,17,124,0.097,408,14,19,99,1,NA,18,3,NA,52,13,NA,159,NA,NA,NA,NA
2021-2022,Manhattan,MAAC,3,Bianca Vieira,So,OH,5-11,4,3,9,NA,14,12,60,0.033,NA,NA,1,17,3,NA,NA,1,NA,14,NA,NA,29,NA,NA,NA,NA
2021-2022,Manhattan,MAAC,16,Ashley Chan,So,DS,5-1,22,0,72,NA,5,7,31,-0.065,35,22,18,325,31,NA,NA,NA,NA,27,NA,NA,228,NA,NA,NA,NA
2021-2022,Marist,MAAC,5,Sasha van der Merwe,So,OH,6-1,21,20,82,NA,214,119,708,0.134,12,17,17,193,2,NA,31,1,NA,246.5,4,NA,243,NA,NA,NA,NA
2021-2022,Marist,MAAC,7,Kendall O'Brien,So,L/DS,5-7,16,0,47,NA,0,1,2,-0.5,5,5,6,23,5,NA,NA,NA,NA,5,NA,NA,137,NA,NA,NA,NA
2021-2022,Marist,MAAC,9,Anne Mahler,So,RS,5-10,10,0,18,NA,2,1,8,0.125,80,1,9,23,NA,NA,4,NA,NA,5,2,NA,40,NA,NA,NA,NA
2021-2022,Marist,MAAC,10,Gabriella Heimbauer,So,OH,6-3,28,17,99,NA,337,175,923,0.176,2,3,7,62,13,4,30,2,NA,359,NA,NA,24,NA,NA,NA,NA
2021-2022,Marist,MAAC,16,Jordan Newblatt,So,OH,6-1,28,24,102,NA,384,164,1057,0.208,14,20,24,313,30,6,24,1,NA,422,1,NA,275,NA,NA,NA,NA
2021-2022,Marist,MAAC,17,Vanessa Zolg,So,MB,5-11,29,28,115,NA,130,50,293,0.273,7,9,17,31,NA,12,80,12,NA,191,2,NA,102,NA,NA,NA,NA
2021-2022,Niagara,MAAC,8,Casey Brown,So,S,5-10,21,1,64,NA,4,2,25,0.08,248,18,16,120,NA,NA,1,NA,NA,22.5,8,NA,211,NA,NA,NA,NA
2021-2022,Niagara,MAAC,9,Amanda Darling,So,L,5-3,25,0,93,NA,6,5,42,0.024,127,15,15,516,39,NA,NA,NA,NA,21,1,NA,297,NA,NA,NA,NA
2021-2022,Niagara,MAAC,15,Lexi Bapst,So,OH,5-11,20,2,31,NA,41,33,140,0.057,2,2,2,26,2,1,3,1,NA,45.5,NA,NA,37,NA,NA,NA,NA
2021-2022,Niagara,MAAC,16,Cassie Seminoff,So,OH,6-0,28,18,83,NA,146,86,544,0.11,14,11,11,219,27,3,16,7,NA,168,NA,NA,249,NA,NA,NA,NA
2021-2022,Quinnipiac,MAAC,12,Chloe Ka'ahanui,So,S,5-8,28,26,100,NA,9,3,34,0.176,611,17,13,222,2,1,5,6,NA,29.5,30,NA,221,NA,NA,NA,NA
2021-2022,Quinnipiac,MAAC,22,Lexi Morse,So,MB,6-0,22,19,74,NA,109,37,280,0.257,1,1,NA,11,NA,15,41,5,NA,145.5,NA,NA,4,NA,NA,NA,NA
2021-2022,Rider,MAAC,2,Emma Notarfrancesco,So,L/DS,5-6,30,0,90,NA,1,1,10,0,6,13,38,134,17,NA,NA,NA,NA,14,NA,NA,282,NA,NA,NA,NA
2021-2022,Rider,MAAC,3,Molly Strah,So,L/DS,5-6,29,0,81,NA,1,0,4,0.25,9,18,43,177,21,NA,1,NA,NA,19.5,NA,NA,291,NA,NA,NA,NA
2021-2022,Rider,MAAC,4,Lindsey Frambach,So,OH,6-0,5,0,9,NA,6,9,41,-0.073,NA,NA,NA,3,NA,NA,3,NA,NA,7.5,NA,NA,NA,NA,NA,NA,NA
2021-2022,Rider,MAAC,6,Ella Weinbeck,So,MH,6-0,8,0,11,NA,5,2,14,0.214,NA,1,2,5,NA,NA,4,NA,NA,8,1,NA,16,NA,NA,NA,NA
2021-2022,Rider,MAAC,23,Jenna Amaro,So,OH,5-11,27,7,85,NA,93,63,308,0.097,4,18,25,164,25,1,8,NA,NA,116,NA,NA,243,NA,NA,NA,NA
2021-2022,Rider,MAAC,24,Tori Schrader,So,OH,6-1,30,24,97,NA,281,133,773,0.191,2,1,NA,83,16,3,30,4,NA,300,NA,NA,30,NA,NA,NA,NA
2021-2022,Saint Peter's,MAAC,3,Skylee Nelson,So,OH,5-8,24,11,49,NA,87,76,342,0.032,5,3,10,78,29,NA,9,NA,NA,94.5,1,NA,110,NA,NA,NA,NA
2021-2022,Saint Peter's,MAAC,7,Bri Jones,So,MH,6-0,18,9,40,NA,31,18,114,0.114,2,NA,NA,8,NA,NA,22,4,NA,42,1,NA,1,NA,NA,NA,NA
2021-2022,Saint Peter's,MAAC,12,Camille Thoennes,So,OH,5-10,18,3,29,NA,23,26,107,-0.028,10,NA,5,12,4,NA,2,1,NA,24,1,NA,28,NA,NA,NA,NA
2021-2022,Saint Peter's,MAAC,20,Alwen Pila,So,L/DS,5-3,26,0,85,NA,3,7,32,-0.125,69,28,38,312,34,NA,NA,NA,NA,31,4,NA,297,NA,NA,NA,NA
2021-2022,Siena,MAAC,3,Greta Stjade,So,OH,5-10,28,27,104,NA,175,87,696,0.126,14,18,23,230,33,NA,20,3,NA,203,1,NA,339,NA,NA,NA,NA
2021-2022,Siena,MAAC,12,Meghan Johnsson,So,S,5-8,27,25,99,NA,28,11,112,0.152,674,38,51,149,NA,NA,6,3,NA,69,9,NA,365,NA,NA,NA,NA
2021-2022,Siena,MAAC,22,Hailey Hinkel,So,OH,6-0,9,0,24,NA,4,2,32,0.063,NA,NA,NA,28,5,NA,1,NA,NA,4.5,NA,NA,16,NA,NA,NA,NA
2021-2022,Siena,MAAC,24,Shannon Dunkin,So,OH,6-2,15,6,31,NA,40,17,102,0.225,2,NA,NA,9,NA,1,17,6,NA,49.5,1,NA,14,NA,NA,NA,NA
2021-2022,Akron,MAC,4,Anne Lesure,So,S,6-0,7,0,10,NA,0,0,1,0,2,1,2,NA,NA,NA,NA,NA,NA,1,NA,NA,11,NA,NA,NA,NA
2021-2022,Akron,MAC,7,Genevieve Hara,So,RS,5-11,4,0,7,NA,8,4,19,0.211,NA,NA,NA,1,1,NA,NA,NA,NA,8,NA,NA,NA,NA,NA,NA,NA
2021-2022,Akron,MAC,16,Faith Johnson,So,RS,5-11,29,22,105,NA,232,129,764,0.135,11,22,17,183,29,3,21,2,NA,267.5,NA,NA,320,NA,NA,NA,NA
2021-2022,Ball St.,MAC,1,Zoe Conway,So,DS,5-5,4,0,5,NA,0,0,0,NA,NA,NA,2,2,NA,NA,NA,NA,NA,NA,NA,NA,9,NA,NA,NA,NA
2021-2022,Ball St.,MAC,2,Kate Vinson,So,DS,5-7,26,5,83,NA,0,0,5,0,25,9,25,231,33,NA,NA,NA,NA,9,NA,NA,254,NA,NA,NA,NA
2021-2022,Ball St.,MAC,11,Lauren Gilliland,So,MB,6-1,34,34,128,NA,254,50,561,0.364,8,5,2,35,1,25,82,9,NA,325,1,NA,39,NA,NA,NA,NA
2021-2022,Ball St.,MAC,12,Cait Snyder,So,OH,6-0,17,0,31,NA,52,29,160,0.144,NA,NA,NA,15,NA,1,1,NA,NA,53.5,NA,NA,2,NA,NA,NA,NA
2021-2022,Bowling Green,MAC,4,Alex Laboy,So,DS,5-5,18,16,60,NA,2,1,6,0.167,14,12,22,116,7,NA,NA,NA,NA,14,NA,NA,201,NA,NA,NA,NA
2021-2022,Bowling Green,MAC,5,Jaden Walz,So,S,5-7,8,0,18,NA,12,1,27,0.407,130,4,9,32,NA,1,3,2,NA,18.5,7,NA,51,NA,NA,NA,NA
2021-2022,Bowling Green,MAC,7,Katrin Trebichavska,So,OH,5-10,7,0,11,NA,19,13,67,0.09,NA,NA,1,1,NA,NA,4,1,NA,21,NA,NA,1,NA,NA,NA,NA
2021-2022,Bowling Green,MAC,16,Alexis Mettille,So,MB,6-1,4,0,4,NA,1,0,1,1,1,NA,NA,NA,NA,NA,1,NA,NA,1.5,NA,NA,NA,NA,NA,NA,NA
2021-2022,Buffalo,MAC,1,Milla Malik,So,OH,5-9,30,30,119,NA,390,172,1212,0.18,23,25,73,284,48,4,33,4,NA,435.5,2,NA,424,NA,NA,NA,NA
2021-2022,Buffalo,MAC,4,Olivia DeBortoli,So,MB,6-2,21,16,74,NA,86,26,218,0.275,5,NA,NA,12,NA,10,66,12,NA,129,1,NA,NA,NA,NA,NA,NA
2021-2022,Buffalo,MAC,6,Emilie Davis,So,DS,5-7,2,0,2,NA,0,0,0,NA,NA,1,NA,1,NA,NA,NA,NA,NA,1,NA,NA,4,NA,NA,NA,NA
2021-2022,Buffalo,MAC,9,Emma Gielas,So,RS,6-0,24,22,92,NA,288,99,698,0.271,3,4,16,48,NA,2,59,1,NA,323.5,NA,NA,119,NA,NA,NA,NA
2021-2022,Buffalo,MAC,10,Stacia Gollogly,So,OH,6-1,20,16,63,NA,90,64,300,0.087,6,NA,NA,6,NA,4,29,4,NA,108.5,1,NA,NA,NA,NA,NA,NA
2021-2022,Central Mich.,MAC,1,Kamryn Olson,So,S,5-8,24,7,80,NA,10,4,49,0.122,453,9,14,168,NA,NA,4,NA,NA,21,9,NA,188,NA,NA,NA,NA
2021-2022,Central Mich.,MAC,8,Austyn DeWeese,So,MB,6-1,3,2,9,NA,12,4,26,0.308,NA,NA,NA,NA,NA,NA,1,NA,NA,12.5,NA,NA,NA,NA,NA,NA,NA
2021-2022,Central Mich.,MAC,17,Elly Medendorp,So,MB,6-1,19,13,52,NA,70,26,156,0.282,1,NA,NA,14,NA,4,17,4,NA,82.5,NA,NA,NA,NA,NA,NA,NA
2021-2022,Eastern Mich.,MAC,3,Samantha Basham,So,OH,6-1,29,25,108,NA,361,183,1165,0.153,8,20,30,210,37,4,35,NA,NA,402.5,NA,NA,302,NA,NA,NA,NA
2021-2022,Eastern Mich.,MAC,12,Kamryn Stilwell,So,DS,5-2,29,0,110,NA,0,0,6,0,46,11,10,513,36,NA,NA,NA,NA,11,NA,NA,396,NA,NA,NA,NA
2021-2022,Eastern Mich.,MAC,14,Jayden Otto,So,S,5-11,29,29,110,NA,42,14,178,0.157,1092,27,30,228,NA,1,43,4,NA,91.5,8,NA,376,NA,NA,NA,NA
2021-2022,Eastern Mich.,MAC,17,Krista Blakely,So,OH,6-0,29,22,110,NA,253,109,661,0.218,3,NA,NA,23,3,6,67,6,NA,292.5,1,NA,NA,NA,NA,NA,NA
2021-2022,Kent St.,MAC,3,Bryn Roberts,So,DS,5-9,29,11,104,NA,1,7,26,-0.231,36,19,37,340,48,NA,NA,NA,NA,20,1,NA,356,NA,NA,NA,NA
2021-2022,Miami (OH),MAC,3,Taylor Nomanson,So,L,5-7,24,0,73,NA,2,0,5,0.4,40,19,22,248,42,NA,NA,NA,NA,21,1,NA,248,NA,NA,NA,NA
2021-2022,Miami (OH),MAC,4,Abby Stratford,So,MH,6-3,23,18,71,NA,116,53,363,0.174,2,8,15,36,NA,6,38,4,NA,149,NA,NA,102,NA,NA,NA,NA
2021-2022,Miami (OH),MAC,8,Maggie McCrary,So,MH,6-1,27,23,103,NA,141,51,333,0.27,6,NA,NA,18,5,6,57,5,NA,175.5,NA,NA,8,NA,NA,NA,NA
2021-2022,Miami (OH),MAC,11,Karolina Kugiel,So,MH,6-1,9,0,17,NA,12,2,30,0.333,NA,NA,NA,5,NA,2,6,2,NA,17,NA,NA,NA,NA,NA,NA,NA
2021-2022,NIU,MAC,15,Ella Mihacevich,So,S,5-9,29,26,107,NA,239,102,671,0.204,67,36,69,119,NA,1,62,1,NA,307,5,NA,412,NA,NA,NA,NA
2021-2022,Ohio,MAC,3,Tria McLean,So,S,6-0,31,29,120,NA,44,17,136,0.199,1164,20,26,232,1,1,29,2,NA,79.5,31,NA,418,NA,NA,NA,NA
2021-2022,Ohio,MAC,7,Elizabeth Hoerlein,So,MB,6-2,31,30,113,NA,125,47,294,0.265,3,NA,NA,26,2,17,78,10,NA,181,2,NA,NA,NA,NA,NA,NA
2021-2022,Ohio,MAC,12,Caitlin O'Farrell,So,OH,6-3,31,30,120,NA,275,89,607,0.306,5,13,38,43,NA,17,68,4,NA,339,1,NA,288,NA,NA,NA,NA
2021-2022,Ohio,MAC,13,Sam Steele,So,L/DS,5-8,25,0,98,NA,6,2,38,0.105,79,25,22,521,36,NA,NA,NA,NA,31,NA,NA,393,NA,NA,NA,NA
2021-2022,Ohio,MAC,20,Maci Watrous,So,L/DS,5-9,29,6,104,NA,4,0,10,0.4,26,20,25,264,37,NA,NA,NA,NA,24,NA,NA,381,NA,NA,NA,NA
2021-2022,Toledo,MAC,10,Sinalauli'i Uluave,So,OH,5-11,32,32,112,NA,327,156,950,0.18,62,31,31,315,22,8,32,6,NA,382,2,NA,428,NA,NA,NA,NA
2021-2022,Toledo,MAC,16,Payton Morman,So,S,5-10,15,2,43,NA,1,1,9,0,197,5,6,46,NA,NA,NA,NA,NA,6,1,NA,85,NA,NA,NA,NA
2021-2022,Toledo,MAC,17,Taylor Alt,So,OH,6-1,33,33,118,NA,477,215,1234,0.212,21,37,34,289,34,10,49,7,NA,548.5,NA,NA,408,NA,NA,NA,NA
2021-2022,Toledo,MAC,19,Claire Eiden,So,DS,5-7,27,0,55,NA,0,0,1,0,3,7,6,22,NA,NA,NA,NA,NA,7,NA,NA,118,NA,NA,NA,NA
2021-2022,Western Mich.,MAC,2,Mairead Boyle,So,L/DS,5-7,31,2,111,NA,0,1,11,-0.091,82,26,36,420,46,NA,NA,NA,NA,26,2,NA,363,NA,NA,NA,NA
2021-2022,Western Mich.,MAC,3,Andelyn Simkins,So,OH,5-10,27,20,103,NA,186,86,562,0.178,12,27,31,358,18,6,12,NA,NA,225,NA,NA,400,NA,NA,NA,NA
2021-2022,Western Mich.,MAC,7,Barakat Adekola,So,OH,-,3,0,5,NA,9,2,27,0.259,NA,NA,NA,1,NA,NA,2,NA,NA,10,NA,NA,NA,NA,NA,NA,NA
2021-2022,Western Mich.,MAC,12,Logan Case,So,S,5-8,30,30,112,NA,62,14,209,0.23,1317,17,16,276,NA,3,12,NA,NA,88,10,NA,459,NA,NA,NA,NA
2021-2022,Western Mich.,MAC,15,Abi Wilcoxson,So,OH,5-11,13,6,35,NA,92,34,257,0.226,3,NA,NA,17,NA,2,11,3,NA,99.5,NA,NA,2,NA,NA,NA,NA
2021-2022,Coppin St.,MEAC,22,Chudear Tut,So,MH,6-2,13,12,47,NA,98,19,224,0.353,NA,NA,NA,2,NA,10,36,6,NA,126,1,NA,1,NA,NA,NA,NA
2021-2022,Delaware St.,MEAC,2,Jasmal Cruz,So,L,5-7,24,0,82,NA,0,0,6,0,94,26,20,342,34,NA,NA,NA,NA,26,NA,NA,325,NA,NA,NA,NA
2021-2022,Delaware St.,MEAC,4,Skye Ramsey,So,OH,5-8,2,0,3,NA,3,3,11,0,NA,NA,1,1,NA,NA,2,NA,NA,4,NA,NA,6,NA,NA,NA,NA
2021-2022,Delaware St.,MEAC,8,Erika Lindqvist,So,MB,6-2,1,0,1,NA,0,0,0,NA,NA,NA,NA,NA,NA,NA,NA,NA,NA,NA,NA,NA,NA,NA,NA,NA,NA
2021-2022,Delaware St.,MEAC,18,Alayna Lacy,So,S,5-7,22,0,68,NA,5,0,16,0.313,302,23,25,101,2,NA,NA,2,NA,28,9,NA,252,NA,NA,NA,NA
2021-2022,Howard,MEAC,1,Amari Patterson,So,L,5-3,29,0,72,NA,3,4,11,-0.091,18,23,36,132,21,NA,NA,NA,NA,26,NA,NA,182,NA,NA,NA,NA
2021-2022,Howard,MEAC,4,Carin Smith,So,MB,5-9,6,0,7,NA,5,4,16,0.063,NA,NA,NA,2,NA,NA,3,NA,NA,6.5,NA,NA,NA,NA,NA,NA,NA
2021-2022,Howard,MEAC,5,Kendall Smith,So,OH,5-10,15,5,30,NA,39,24,131,0.115,3,7,16,52,27,NA,5,1,NA,48.5,1,NA,69,NA,NA,NA,NA
2021-2022,Howard,MEAC,7,Jennifer Bolden,So,OH,6-0,19,15,59,NA,129,72,341,0.167,1,NA,NA,20,NA,3,20,3,NA,142,1,NA,1,NA,NA,NA,NA
2021-2022,Howard,MEAC,9,Remy James,So,L,5-7,3,0,3,NA,0,0,0,NA,1,NA,1,3,NA,NA,NA,NA,NA,NA,NA,NA,3,NA,NA,NA,NA
2021-2022,Howard,MEAC,19,Ariel Finch,So,OH,5-10,10,2,21,NA,15,13,59,0.034,NA,NA,NA,5,NA,NA,7,NA,NA,18.5,NA,NA,NA,NA,NA,NA,NA
2021-2022,Morgan St.,MEAC,3,Makila Billingsley,So,OH,5-11,24,17,79,NA,163,88,404,0.186,2,NA,2,15,1,3,36,9,NA,184,1,NA,2,NA,NA,NA,NA
2021-2022,Morgan St.,MEAC,7,Justyus Jackson,So,MB,6-1,22,21,74,NA,103,42,231,0.264,3,12,32,28,1,10,35,6,NA,142.5,1,NA,173,NA,NA,NA,NA
2021-2022,Morgan St.,MEAC,9,Jourdan Page,So,OH,5-10,20,2,45,NA,28,24,112,0.036,NA,2,6,28,7,1,2,1,NA,32,NA,NA,94,NA,NA,NA,NA
2021-2022,Morgan St.,MEAC,12,Mackenzie Jefferson,So,S,5-10,28,23,88,NA,43,21,141,0.156,679,34,48,161,1,2,11,6,NA,84.5,14,NA,332,NA,NA,NA,NA
2021-2022,Morgan St.,MEAC,15,Tyasia McDuffie,So,L/DS,5-1,25,4,80,NA,1,2,7,-0.143,10,7,26,126,24,NA,NA,NA,NA,8,1,NA,245,NA,NA,NA,NA
2021-2022,Morgan St.,MEAC,16,Londyn Coles,So,OH,5-9,2,0,2,NA,0,0,0,NA,NA,NA,NA,NA,NA,NA,NA,NA,NA,NA,NA,NA,NA,NA,NA,NA,NA
2021-2022,Morgan St.,MEAC,18,Gabriela Hiciano,So,OH,5-11,29,27,95,NA,222,106,737,0.157,12,15,34,190,28,5,24,4,NA,254,1,NA,273,NA,NA,NA,NA
2021-2022,Morgan St.,MEAC,21,Alyssa Sampson,So,L/DS,5-2,28,5,85,NA,0,1,5,-0.2,26,20,30,140,32,NA,NA,NA,NA,20,1,NA,282,NA,NA,NA,NA
2021-2022,N.C. Central,MEAC,1,Lauren Janok,So,S,5-11,24,23,90,NA,88,29,242,0.244,777,31,32,248,NA,5,43,6,NA,145.5,17,1,320,NA,NA,NA,NA
2021-2022,N.C. Central,MEAC,3,Jada Buckhanon,So,DS,5-4,21,2,71,NA,0,0,2,0,5,2,9,111,20,NA,NA,NA,NA,2,NA,NA,70,NA,NA,NA,NA
2021-2022,N.C. Central,MEAC,8,Alyssa Pieh,So,L/DS,5-7,15,0,49,NA,0,3,8,-0.375,25,13,20,194,15,NA,NA,NA,NA,13,NA,NA,131,NA,NA,NA,NA
2021-2022,N.C. Central,MEAC,16,Lejla Viteskic,So,MB,6-1,8,4,18,NA,10,6,30,0.133,NA,1,9,4,NA,2,5,NA,NA,15.5,NA,NA,33,NA,NA,NA,NA
2021-2022,Norfolk St.,MEAC,7,Paola Matos,So,OPP,5-11,24,18,73,NA,178,72,440,0.241,4,20,27,65,4,6,32,4,NA,220,NA,NA,190,NA,NA,NA,NA
2021-2022,Norfolk St.,MEAC,11,Kalaya Brown,So,DS,5-5,17,2,45,NA,2,0,6,0.333,2,7,6,38,6,NA,NA,NA,NA,9,NA,NA,90,NA,NA,NA,NA
2021-2022,South Carolina St.,MEAC,3,Kendal Rivera,So,L/DS,5-7,24,16,73,NA,4,6,41,-0.049,197,10,19,137,26,1,1,4,NA,15.5,25,NA,112,NA,NA,NA,NA
2021-2022,South Carolina St.,MEAC,5,Kayleigh Sullivan,So,S,5-8,16,8,43,NA,4,3,28,0.036,185,7,17,65,NA,NA,3,NA,NA,12.5,5,NA,58,NA,NA,NA,NA
2021-2022,South Carolina St.,MEAC,10,Maya McCord,So,OH,6-0,24,21,70,NA,50,30,183,0.109,4,12,13,20,NA,3,23,8,NA,76.5,2,NA,86,NA,NA,NA,NA
2021-2022,South Carolina St.,MEAC,12,Gabrielle Wells,So,OH,5-10,22,21,67,NA,94,95,358,-0.003,4,6,19,72,50,3,10,10,NA,108,NA,NA,82,NA,NA,NA,NA
2021-2022,South Carolina St.,MEAC,13,Makenzie Austin,So,OH,5-9,11,5,28,NA,15,21,73,-0.082,3,5,16,11,2,2,6,1,NA,25,NA,NA,18,NA,NA,NA,NA
2021-2022,South Carolina St.,MEAC,15,Delaney Davis,So,MB,5-10,20,4,48,NA,9,19,54,-0.185,NA,1,6,22,13,NA,3,1,NA,11.5,NA,NA,33,NA,NA,NA,NA
2021-2022,South Carolina St.,MEAC,16,Heather Wicks,So,OH,5-7,19,8,46,NA,34,29,128,0.039,3,8,5,36,14,NA,3,NA,NA,43.5,NA,NA,46,NA,NA,NA,NA
2021-2022,UMES,MEAC,1,Jalynn Robinson,So,S,5-9,26,25,89,NA,23,11,61,0.197,476,25,37,200,1,2,11,4,NA,55.5,32,NA,333,NA,NA,NA,NA
2021-2022,UMES,MEAC,7,Yazmyn Stewart,So,OH,5-10,14,0,16,NA,1,3,16,-0.125,2,NA,3,8,1,NA,1,1,NA,1.5,NA,NA,13,NA,NA,NA,NA
2021-2022,UMES,MEAC,10,Portia Strasburg,So,DS,5-3,23,1,61,NA,1,0,4,0.25,12,13,18,45,10,NA,NA,NA,NA,14,NA,NA,167,NA,NA,NA,NA
2021-2022,UMES,MEAC,11,Maya Hendricks,So,OH,5-9,26,24,89,NA,191,120,588,0.121,21,19,37,190,29,5,26,4,NA,228,2,NA,287,NA,NA,NA,NA
2021-2022,UMES,MEAC,16,Lyric Snowden,So,OH,5-10,17,7,44,NA,27,15,85,0.141,2,10,8,24,3,3,10,2,NA,45,2,NA,109,NA,NA,NA,NA
2021-2022,Bradley,MVC,7,Maddie Peterson,So,L/DS,5-3,29,0,100,NA,0,0,0,NA,13,8,9,58,1,NA,NA,NA,NA,8,NA,NA,229,NA,NA,NA,NA
2021-2022,Bradley,MVC,10,Jasmine Green,So,OH,6-0,9,0,16,NA,7,9,31,-0.065,NA,NA,2,4,NA,NA,1,NA,NA,7.5,NA,NA,7,NA,NA,NA,NA
2021-2022,Bradley,MVC,11,Abby Johnson,So,MB,6-5,25,14,78,NA,131,75,365,0.153,1,NA,NA,37,2,1,33,3,NA,148.5,NA,NA,NA,NA,NA,NA,NA
2021-2022,Bradley,MVC,15,Loren Scott,So,S,6-0,2,0,4,NA,0,1,1,-1,10,NA,NA,2,NA,NA,NA,NA,NA,NA,1,NA,8,NA,NA,NA,NA
2021-2022,Bradley,MVC,17,Doga Topcicek,So,OH,5-11,23,15,64,NA,97,69,338,0.083,12,12,16,142,20,4,16,NA,NA,121,NA,NA,204,NA,NA,NA,NA
2021-2022,Drake,MVC,3,Jada Wills,So,OH,5-10,26,26,100,NA,29,12,150,0.113,13,19,10,275,15,2,10,NA,NA,55,NA,NA,412,NA,NA,NA,NA
2021-2022,Drake,MVC,6,Halle Wolfe,So,DS,5-7,18,0,44,NA,0,0,0,NA,2,4,8,77,5,NA,NA,NA,NA,4,NA,NA,94,NA,NA,NA,NA
2021-2022,Drake,MVC,15,Kacie Rewerts,So,OH,6-1,26,26,99,NA,66,30,187,0.193,2,23,32,39,NA,13,113,7,NA,158.5,NA,NA,324,NA,NA,NA,NA
2021-2022,Drake,MVC,20,Kara Peter,So,MB,6-3,4,0,4,NA,1,2,5,-0.2,1,NA,NA,3,NA,NA,NA,NA,NA,1,NA,NA,NA,NA,NA,NA,NA
2021-2022,Drake,MVC,25,Macy DeLeye,So,MB,6-1,2,0,4,NA,2,1,8,0.125,NA,NA,NA,1,NA,1,2,NA,NA,4,NA,NA,NA,NA,NA,NA,NA
2021-2022,Evansville,MVC,2,Brooke Springer,So,MB,6-2,10,0,13,NA,5,3,11,0.182,NA,NA,NA,NA,NA,1,6,NA,NA,9,NA,NA,NA,NA,NA,NA,NA
2021-2022,Evansville,MVC,3,Rachel Basinski,So,L/DS,5-5,12,0,25,NA,0,0,1,0,17,5,3,49,6,NA,NA,NA,NA,5,NA,NA,63,NA,NA,NA,NA
2021-2022,Evansville,MVC,4,Emilee Scheumann,So,OH,6-1,10,0,16,NA,8,3,23,0.217,1,NA,4,10,1,NA,1,NA,NA,8.5,1,NA,12,NA,NA,NA,NA
2021-2022,Evansville,MVC,5,Elise Moeller,So,OH,5-11,13,0,18,NA,21,8,59,0.22,NA,2,4,11,6,NA,2,NA,NA,24,NA,NA,13,NA,NA,NA,NA
2021-2022,Illinois St.,MVC,1,Jessica D'Ambrose,So,L/DS,5-6,29,4,96,NA,2,1,8,0.125,12,12,25,90,9,NA,NA,NA,NA,14,NA,NA,279,NA,NA,NA,NA
2021-2022,Illinois St.,MVC,5,Sarah Jacobsen,So,OH,5-10,4,0,8,NA,1,0,4,0.25,NA,1,4,NA,NA,NA,NA,1,NA,2,NA,NA,21,NA,NA,NA,NA
2021-2022,Illinois St.,MVC,8,Tamara Otene,So,OH,6-0,33,32,126,NA,494,204,1211,0.239,18,14,51,230,47,15,51,4,NA,548.5,NA,NA,360,NA,NA,NA,NA
2021-2022,Illinois St.,MVC,9,Allie Trame,So,MB,6-2,19,13,57,NA,44,25,140,0.136,3,4,8,16,NA,5,45,4,NA,75.5,NA,NA,80,NA,NA,NA,NA
2021-2022,Illinois St.,MVC,13,Cassie Jordan,So,MB,6-2,26,23,92,NA,65,28,188,0.197,2,NA,2,12,3,6,87,5,NA,114.5,NA,NA,4,NA,NA,NA,NA
2021-2022,Illinois St.,MVC,15,Kaitlyn Prondzinski,So,OH,6-0,22,8,82,NA,192,74,475,0.248,4,1,NA,35,NA,1,46,10,NA,217,NA,NA,10,NA,NA,NA,NA
2021-2022,Illinois St.,MVC,16,Nicole Lund,So,MB,6-1,27,27,103,NA,180,63,412,0.284,2,NA,NA,35,NA,14,105,5,NA,246.5,NA,NA,NA,NA,NA,NA,NA
2021-2022,Illinois St.,MVC,18,Nora Janka,So,S,5-8,27,9,96,NA,21,5,84,0.19,545,22,26,144,NA,NA,6,1,NA,46,19,NA,385,NA,NA,NA,NA
2021-2022,Indiana St.,MVC,2,Ashley Eck,So,DS,5-7,31,21,119,NA,3,0,5,0.6,30,33,22,275,16,NA,NA,NA,NA,36,NA,NA,413,NA,NA,NA,NA
2021-2022,Indiana St.,MVC,6,Asia Povlin,So,DS,5-9,5,0,7,NA,0,0,0,NA,1,2,1,2,1,NA,NA,NA,NA,2,NA,NA,13,NA,NA,NA,NA
2021-2022,Indiana St.,MVC,8,Karinna Gall,So,MB,6-1,31,30,119,NA,262,80,899,0.202,19,19,17,299,25,7,42,1,NA,309,1,NA,406,NA,NA,NA,NA
2021-2022,Indiana St.,MVC,10,Mallory Keller,So,OH,6-0,31,12,118,NA,281,144,933,0.147,1,1,1,79,11,8,35,5,NA,307.5,1,NA,15,NA,NA,NA,NA
2021-2022,Indiana St.,MVC,11,Kaitlyn Hamilton,So,OH,6-0,31,18,119,NA,274,129,769,0.189,3,NA,NA,55,NA,4,55,2,NA,305.5,1,NA,6,NA,NA,NA,NA
2021-2022,Indiana St.,MVC,14,Jamie Brown,So,MB,6-0,7,2,13,NA,5,1,19,0.211,NA,2,1,2,NA,NA,11,3,NA,12.5,1,NA,15,NA,NA,NA,NA
2021-2022,Loyola Chicago,MVC,4,Karlie McNabb,So,OH,5-9,27,21,96,NA,196,88,580,0.186,20,12,22,139,29,5,32,4,NA,229,1,NA,255,NA,NA,NA,NA
2021-2022,Loyola Chicago,MVC,7,Anna Feldkamp,So,MB,6-1,32,5,120,NA,181,67,457,0.249,2,NA,1,49,NA,6,74,6,NA,224,1,NA,4,NA,NA,NA,NA
2021-2022,Loyola Chicago,MVC,8,Kat Warpinski,So,L/DS,5-9,4,0,9,NA,0,0,0,NA,NA,NA,2,5,NA,NA,NA,NA,NA,NA,NA,NA,15,NA,NA,NA,NA
2021-2022,Loyola Chicago,MVC,10,Emily Banitt,So,OH,5-10,31,27,118,NA,279,116,726,0.225,4,NA,NA,60,1,3,68,7,NA,316,NA,NA,NA,NA,NA,NA,NA
2021-2022,Loyola Chicago,MVC,12,Kelsey Watson,So,MB,6-1,32,32,122,NA,177,61,416,0.279,6,1,4,18,1,15,116,13,NA,251,NA,NA,16,NA,NA,NA,NA
2021-2022,Loyola Chicago,MVC,14,Jenna Appel,So,S,5-10,32,6,121,NA,26,4,74,0.297,605,23,32,216,NA,NA,7,1,NA,52.5,1,NA,435,NA,NA,NA,NA
2021-2022,Loyola Chicago,MVC,15,Bethany Dayton,So,L/DS,5-8,1,0,1,NA,0,0,0,NA,2,NA,NA,NA,NA,NA,NA,NA,NA,NA,NA,NA,2,NA,NA,NA,NA
2021-2022,Loyola Chicago,MVC,17,Grace Hinchman,So,L/DS,5-7,30,0,114,NA,2,0,10,0.2,145,13,18,520,34,NA,NA,NA,NA,15,2,NA,394,NA,NA,NA,NA
2021-2022,Missouri St.,MVC,5,Lindsay Lahr,So,RS,6-1,8,3,19,NA,19,14,79,0.063,2,NA,NA,15,NA,3,3,NA,NA,23.5,NA,NA,NA,NA,NA,NA,NA
2021-2022,Missouri St.,MVC,7,Teagan Polcovich,So,DS,5-7,12,0,37,NA,0,0,2,0,27,7,9,165,9,NA,NA,NA,NA,7,NA,NA,135,NA,NA,NA,NA
2021-2022,Missouri St.,MVC,9,Rylee Fay,So,S,5-9,12,0,37,NA,0,0,1,0,3,15,11,13,NA,NA,NA,NA,NA,15,NA,NA,128,NA,NA,NA,NA
2021-2022,Missouri St.,MVC,10,Katie Wemhoener,So,DS,5-8,16,0,53,NA,0,0,0,NA,14,8,10,61,12,NA,NA,1,NA,8,NA,NA,142,NA,NA,NA,NA
2021-2022,Southern Ill.,MVC,1,Nsia Gittens,So,OH,5-10,25,10,82,NA,221,135,734,0.117,1,NA,NA,36,5,2,18,3,NA,232,NA,NA,2,NA,NA,NA,NA
2021-2022,Southern Ill.,MVC,2,MacKenzie Houser,So,DS,5-7,28,1,91,NA,0,1,5,-0.2,7,12,28,178,26,NA,NA,NA,NA,12,NA,NA,248,NA,NA,NA,NA
2021-2022,Southern Ill.,MVC,11,Peyton Plant,So,S,5-8,8,0,21,NA,0,1,7,-0.143,72,3,2,31,NA,NA,NA,NA,NA,3,1,NA,65,NA,NA,NA,NA
2021-2022,Southern Ill.,MVC,12,Adrien Barrett,So,DS,5-7,4,0,5,NA,0,0,0,NA,1,NA,2,4,1,NA,NA,NA,NA,NA,NA,NA,5,NA,NA,NA,NA
2021-2022,Southern Ill.,MVC,14,Taylor Morgan,So,OH,5-10,1,0,2,NA,4,2,13,0.154,NA,NA,NA,1,NA,NA,1,NA,NA,4.5,NA,NA,NA,NA,NA,NA,NA
2021-2022,Southern Ill.,MVC,15,Ryan Rednour,So,DS,5-9,23,6,72,NA,1,2,8,-0.125,6,16,12,125,27,NA,NA,NA,NA,17,NA,NA,196,NA,NA,NA,NA
2021-2022,Southern Ill.,MVC,16,Imani Hartfield,So,MB,5-9,7,7,25,NA,49,10,95,0.411,1,NA,NA,7,1,1,7,NA,NA,53.5,NA,NA,NA,NA,NA,NA,NA
2021-2022,Southern Ill.,MVC,18,Tatum Tornatta,So,OH,5-10,31,30,115,NA,316,122,898,0.216,6,NA,NA,59,NA,3,47,3,NA,342.5,1,NA,1,NA,NA,NA,NA
2021-2022,Southern Ill.,MVC,19,Margherita Giani,So,MB,5-10,31,31,114,NA,168,76,409,0.225,5,32,45,57,NA,9,83,11,NA,250.5,NA,NA,299,NA,NA,NA,NA
2021-2022,UNI,MVC,4,Olivia Tjernagel,So,MH,6-0,27,0,62,NA,84,47,253,0.146,6,NA,NA,16,1,4,36,5,NA,106,1,NA,NA,NA,NA,NA,NA
2021-2022,UNI,MVC,6,Tayler Alden,So,S,6-0,31,29,120,NA,207,108,549,0.18,697,35,30,219,NA,3,45,2,NA,267.5,21,3,459,NA,NA,NA,NA
2021-2022,UNI,MVC,11,Megan Witte,So,OH,5-11,15,0,23,NA,30,23,107,0.065,NA,1,3,8,7,1,3,NA,NA,33.5,1,NA,14,NA,NA,NA,NA
2021-2022,Valparaiso,MVC,3,Victoria Bulmahn,So,S,5-10,36,9,136,NA,23,6,80,0.213,636,23,51,279,NA,NA,NA,2,NA,46,14,NA,517,NA,NA,NA,NA
2021-2022,Valparaiso,MVC,8,Mallory Januski,So,MH,6-2,5,2,13,NA,9,6,26,0.115,NA,NA,1,2,NA,1,6,NA,NA,13,NA,NA,2,NA,NA,NA,NA
2021-2022,Air Force,Mountain West,2,Amber Soto,So,S,6-0,4,0,4,NA,0,0,0,NA,5,NA,4,1,NA,NA,NA,NA,NA,NA,NA,NA,5,NA,NA,NA,NA
2021-2022,Air Force,Mountain West,3,Madison Felker,So,L/DS,5-5,21,1,67,NA,2,1,3,0.333,20,9,12,114,19,NA,NA,NA,NA,11,NA,NA,200,NA,NA,NA,NA
2021-2022,Air Force,Mountain West,8,Aaryn Scires,So,MB,5-11,14,4,37,NA,55,30,149,0.168,2,NA,NA,18,1,2,26,1,NA,70,1,NA,NA,NA,NA,NA,NA
2021-2022,Air Force,Mountain West,11,Caroline Reinkensmeyer,So,S,5-10,28,26,99,NA,7,1,40,0.15,499,30,37,132,NA,NA,6,NA,NA,40,10,NA,366,NA,NA,NA,NA
2021-2022,Air Force,Mountain West,19,Joi Harvey,So,MB,6-4,27,21,87,NA,191,41,394,0.381,3,1,2,17,1,17,77,3,NA,247.5,NA,NA,10,NA,NA,NA,NA
2021-2022,Air Force,Mountain West,20,Allie Griffith,So,L/DS,5-5,26,0,76,NA,0,1,4,-0.25,42,12,17,174,23,NA,NA,NA,NA,12,3,NA,223,NA,NA,NA,NA
2021-2022,Air Force,Mountain West,24,Savannah Neal,So,OPP,5-10,24,3,73,NA,99,54,275,0.164,2,NA,1,35,1,1,17,4,NA,108.5,1,NA,5,NA,NA,NA,NA
2021-2022,Boise St.,Mountain West,3,Kayly Pau,So,OH,6-4,20,2,67,NA,136,58,426,0.183,2,NA,NA,40,4,2,38,3,NA,157,NA,NA,10,NA,NA,NA,NA
2021-2022,Boise St.,Mountain West,8,Chey Day,So,OH,6-4,22,9,76,NA,16,3,44,0.295,98,NA,3,95,20,NA,5,NA,NA,18.5,6,NA,28,NA,NA,NA,NA
2021-2022,Boise St.,Mountain West,11,Ashley Hayden,So,S,5-10,1,0,1,NA,0,0,0,NA,NA,NA,NA,1,NA,NA,NA,NA,NA,NA,NA,NA,NA,NA,NA,NA,NA
2021-2022,Boise St.,Mountain West,14,Annie Kaminski,So,OH,6-1,9,2,16,NA,17,3,35,0.4,NA,1,NA,1,NA,NA,12,2,NA,24,NA,NA,9,NA,NA,NA,NA
2021-2022,Boise St.,Mountain West,15,Makayla Hansen,So,OPP,6-3,18,18,67,NA,165,52,418,0.27,11,13,24,169,3,3,72,3,NA,217,NA,NA,252,NA,NA,NA,NA
2021-2022,Boise St.,Mountain West,17,Jolei Akima,So,L/DS,5-6,35,17,129,NA,0,1,17,-0.059,86,33,14,315,35,NA,NA,NA,NA,33,1,NA,496,NA,NA,NA,NA
2021-2022,Colorado St.,Mountain West,3,Barrett Power,So,S,5-10,16,1,20,NA,2,0,3,0.667,67,1,3,12,NA,NA,1,NA,NA,3.5,1,NA,18,NA,NA,NA,NA
2021-2022,Colorado St.,Mountain West,9,Naeemah Weathers,So,MB,6-1,15,0,23,NA,21,8,48,0.271,NA,NA,NA,3,NA,NA,10,4,NA,26,NA,NA,NA,NA,NA,NA,NA
2021-2022,Colorado St.,Mountain West,14,Alyssa Groves,So,OPP,6-4,20,0,28,NA,21,6,51,0.294,NA,NA,NA,7,NA,4,7,2,NA,28.5,NA,NA,NA,NA,NA,NA,NA
2021-2022,Colorado St.,Mountain West,17,Kennedy Stanford,So,OH,5-10,30,30,107,NA,348,165,966,0.189,16,18,16,154,31,9,34,2,NA,392,NA,NA,366,NA,NA,NA,NA
2021-2022,Colorado St.,Mountain West,27,Helena Perez,So,DS,5-5,21,0,54,NA,1,0,1,1,8,7,12,67,13,NA,NA,NA,NA,8,NA,NA,133,NA,NA,NA,NA
2021-2022,Colorado St.,Mountain West,42,Karina Leber,So,MB,6-3,30,30,112,NA,250,82,504,0.333,4,3,2,32,NA,7,75,10,NA,297.5,NA,NA,41,NA,NA,NA,NA
2021-2022,Colorado St.,Mountain West,49,Ruby Kayser,So,DS,5-8,25,21,83,NA,0,0,1,0,12,29,37,117,15,NA,NA,NA,NA,29,NA,NA,300,NA,NA,NA,NA
2021-2022,Fresno St.,Mountain West,12,Kasey Purry,So,MB,6-3,25,21,79,NA,30,22,88,0.091,3,NA,NA,14,NA,9,80,4,NA,79,1,NA,NA,NA,NA,NA,NA
2021-2022,Nevada,Mountain West,3,Lexi Applebach,So,L/DS,5-6,22,4,64,NA,1,1,5,0,6,8,19,75,6,NA,NA,NA,NA,9,NA,NA,195,NA,NA,NA,NA
2021-2022,Nevada,Mountain West,11,Reka Monteleone,So,OH,6-0,28,27,90,NA,188,152,680,0.053,11,21,46,183,32,4,33,2,NA,229.5,NA,NA,302,NA,NA,NA,NA
2021-2022,Nevada,Mountain West,18,Savanna Maker,So,MB,6-4,17,1,44,NA,39,15,129,0.186,1,NA,1,9,NA,2,20,1,NA,51,NA,NA,2,NA,NA,NA,NA
2021-2022,New Mexico,Mountain West,8,Uxue Guereca,So,OH,5-7,30,30,102,NA,317,93,812,0.276,25,22,25,255,23,6,50,12,NA,370,1,NA,387,NA,NA,NA,NA
2021-2022,New Mexico,Mountain West,10,Kali Wolf,So,OH,6-2,30,26,107,NA,201,96,632,0.166,17,26,46,200,34,3,20,6,NA,240,2,NA,424,NA,NA,NA,NA
2021-2022,New Mexico,Mountain West,17,Emma Smith,So,MB,6-2,15,7,34,NA,14,9,55,0.091,1,NA,NA,6,NA,1,29,1,NA,29.5,1,NA,NA,NA,NA,NA,NA
2021-2022,New Mexico,Mountain West,19,Elizabeth Woods,So,MB,6-2,26,24,88,NA,98,42,321,0.174,3,NA,NA,29,NA,15,73,6,NA,149.5,1,NA,1,NA,NA,NA,NA
2021-2022,New Mexico,Mountain West,24,Tori Tua,So,OH,6-5,1,0,1,NA,0,0,2,0,NA,NA,NA,NA,NA,NA,NA,NA,NA,NA,NA,NA,NA,NA,NA,NA,NA
2021-2022,San Diego St.,Mountain West,2,Heipua Tautua'a,So,OH,6-1,29,29,105,NA,208,119,647,0.138,42,10,23,239,31,2,32,6,NA,236,4,NA,365,NA,NA,NA,NA
2021-2022,San Diego St.,Mountain West,4,Kennedy Feuerborn,So,S,6-3,27,6,73,NA,38,18,90,0.222,230,1,4,18,NA,NA,24,5,NA,51,5,NA,8,NA,NA,NA,NA
2021-2022,San Diego St.,Mountain West,17,Nadia Barcklay,So,L/DS,5-2,6,0,11,NA,0,0,0,NA,4,1,1,11,NA,NA,NA,NA,NA,1,NA,NA,29,NA,NA,NA,NA
2021-2022,San Jose St.,Mountain West,5,Letizia Cammillucci,So,OH,5-11,27,16,93,NA,129,71,380,0.153,22,20,16,183,28,3,10,NA,NA,157,NA,NA,249,NA,NA,NA,NA
2021-2022,San Jose St.,Mountain West,8,Lauren Conroy,So,L,5-5,1,0,2,NA,0,0,0,NA,NA,NA,NA,NA,NA,NA,NA,NA,NA,NA,NA,NA,1,NA,NA,NA,NA
2021-2022,San Jose St.,Mountain West,21,Mia Schafer,So,S,5-8,27,27,99,NA,36,13,123,0.187,1039,37,37,252,1,1,36,7,NA,92,21,NA,365,NA,NA,NA,NA
2021-2022,UNLV,Mountain West,10,Arien Fafard,So,S,5-7,37,12,139,NA,41,6,148,0.236,712,32,35,193,NA,NA,2,3,NA,74,5,NA,535,NA,NA,NA,NA
2021-2022,UNLV,Mountain West,18,Gabrielle Arretche-Ramos,So,OH,6-2,29,6,94,NA,162,74,395,0.223,3,2,7,41,NA,1,57,3,NA,193.5,2,NA,23,NA,NA,NA,NA
2021-2022,Utah St.,Mountain West,2,Tatum Stall,So,OH,6-0,31,30,124,NA,360,129,1021,0.226,37,36,28,250,34,3,40,5,NA,419,1,NA,475,NA,NA,NA,NA
2021-2022,Utah St.,Mountain West,3,Inka Mehtola,So,MB,6-0,16,12,54,NA,39,16,99,0.232,2,2,3,16,1,2,67,NA,NA,76.5,1,NA,23,NA,NA,NA,NA
2021-2022,Utah St.,Mountain West,13,Abby Peterson,So,DS,5-8,31,0,118,NA,1,2,16,-0.063,126,28,30,392,42,NA,NA,NA,NA,29,1,NA,446,NA,NA,NA,NA
2021-2022,Utah St.,Mountain West,14,Hailey Cuff,So,OH,6-0,22,7,61,NA,83,45,240,0.158,2,11,6,68,12,1,20,1,NA,105,NA,NA,157,NA,NA,NA,NA
2021-2022,Wyoming,Mountain West,1,Casady Berry,So,L/DS,5-7,3,0,9,NA,0,0,0,NA,NA,1,1,15,1,NA,NA,NA,NA,1,NA,NA,25,NA,NA,NA,NA
2021-2022,Wyoming,Mountain West,7,Naya Shime,So,OH,6-0,28,18,96,NA,287,136,695,0.217,3,3,17,57,2,5,32,4,NA,311,NA,NA,130,NA,NA,NA,NA
2021-2022,Wyoming,Mountain West,9,Corin Carruth,So,OH,6-1,8,3,15,NA,17,16,63,0.016,NA,1,5,13,3,NA,3,NA,NA,19.5,NA,NA,18,NA,NA,NA,NA
2021-2022,Wyoming,Mountain West,15,Zoee Smith,So,L/DS,5-7,14,0,38,NA,0,0,1,0,3,NA,NA,46,11,NA,NA,NA,NA,NA,NA,NA,NA,NA,NA,NA,NA
2021-2022,Wyoming,Mountain West,16,Lydeke King,So,MB,6-0,23,17,71,NA,66,13,144,0.368,6,NA,1,11,NA,14,53,4,NA,106.5,1,NA,4,NA,NA,NA,NA
2021-2022,Bryant,NEC,5,Fabi Castro,So,OH,5-9,26,0,81,NA,51,42,173,0.052,11,9,21,106,6,NA,5,1,NA,62.5,2,NA,173,NA,NA,NA,NA
2021-2022,Bryant,NEC,6,Josie Deluga,So,L,5-4,23,0,60,NA,0,0,7,0,10,4,17,80,5,NA,NA,NA,NA,4,2,NA,141,NA,NA,NA,NA
2021-2022,Bryant,NEC,13,Claudia Borri-Fernandez,So,OPP,5-10,4,0,5,NA,0,0,1,0,NA,4,5,NA,NA,NA,NA,NA,NA,4,NA,NA,16,NA,NA,NA,NA
2021-2022,Central Conn. St.,NEC,9,Isabelle Roufs,So,OPP,6-2,26,25,100,NA,189,69,434,0.276,8,20,31,39,1,26,81,7,NA,275.5,1,NA,176,NA,NA,NA,NA
2021-2022,FDU,NEC,4,Ella Carver,So,DS,5-10,9,3,12,NA,5,11,34,-0.176,1,4,10,13,3,NA,2,NA,NA,10,NA,NA,22,NA,NA,NA,NA
2021-2022,FDU,NEC,14,Madisyn Beirne,So,OH,5-11,24,21,80,NA,216,121,679,0.14,12,19,30,144,27,NA,20,6,NA,245,3,NA,258,NA,NA,NA,NA
2021-2022,LIU,NEC,1,Carley Lynch,So,DS,5-7,4,1,12,NA,0,2,6,-0.333,NA,1,1,21,2,NA,NA,NA,NA,1,NA,NA,40,NA,NA,NA,NA
2021-2022,LIU,NEC,2,Jillian Peters,So,DS,5-3,6,0,6,NA,0,0,0,NA,NA,NA,NA,NA,NA,NA,NA,NA,NA,NA,NA,NA,5,NA,NA,NA,NA
2021-2022,LIU,NEC,5,Allie Merz,So,S,5-11,23,6,73,NA,12,4,60,0.133,354,13,13,94,NA,1,7,NA,NA,29.5,4,NA,235,NA,NA,NA,NA
2021-2022,LIU,NEC,9,Ainsley Malis,So,S,5-7,24,21,85,NA,29,7,92,0.239,559,13,19,189,NA,1,3,3,NA,44.5,19,NA,270,NA,NA,NA,NA
2021-2022,LIU,NEC,11,Riana Blount,So,MB,6-0,1,0,1,NA,0,0,0,NA,NA,NA,NA,NA,NA,NA,NA,NA,NA,NA,NA,NA,NA,NA,NA,NA,NA
2021-2022,LIU,NEC,14,Ella Ruder,So,DS,5-9,5,0,8,NA,0,0,2,0,NA,NA,1,8,1,NA,NA,NA,NA,NA,NA,NA,15,NA,NA,NA,NA
2021-2022,Merrimack,NEC,10,Ashley Gajdzik,So,S,5-11,18,4,37,NA,5,4,33,0.03,108,NA,6,38,NA,NA,2,1,NA,6,3,NA,58,NA,NA,NA,NA
2021-2022,Sacred Heart,NEC,5,Kate Anderson,So,MB,6-5,19,15,54,NA,64,38,191,0.136,4,NA,NA,7,NA,4,31,2,NA,83.5,NA,NA,NA,NA,NA,NA,NA
2021-2022,Sacred Heart,NEC,8,Caitlyn Hart,So,DS,5-5,1,0,1,NA,0,0,0,NA,NA,NA,NA,NA,NA,NA,NA,NA,NA,NA,NA,NA,NA,NA,NA,NA,NA
2021-2022,Sacred Heart,NEC,18,Hunter Riedl,So,OPP,6-1,11,1,21,NA,22,6,44,0.364,2,3,3,10,NA,NA,5,NA,NA,27.5,NA,NA,23,NA,NA,NA,NA
2021-2022,Sacred Heart,NEC,20,Dominique Felix,So,OH,6-1,29,29,107,NA,246,88,787,0.201,37,11,28,273,34,3,21,2,NA,270.5,3,NA,405,NA,NA,NA,NA
2021-2022,Sacred Heart,NEC,27,Jessica Foss,So,L,5-6,3,0,3,NA,0,0,0,NA,1,NA,1,4,1,NA,NA,NA,NA,NA,NA,NA,4,NA,NA,NA,NA
2021-2022,Saint Francis,NEC,4,Maggie Means,So,L/DS,5-3,27,0,102,NA,0,0,14,0,106,29,18,401,34,NA,1,NA,NA,29.5,NA,NA,411,NA,NA,NA,NA
2021-2022,Saint Francis,NEC,8,Skye Eicher,So,OH,5-10,13,5,33,NA,46,46,154,0,NA,8,12,60,9,NA,10,1,NA,59,NA,NA,92,NA,NA,NA,NA
2021-2022,Saint Francis,NEC,9,Allison Murray,So,OH,5-11,13,0,28,NA,1,3,12,-0.167,NA,4,7,13,3,NA,NA,NA,NA,5,NA,NA,68,NA,NA,NA,NA
2021-2022,Saint Francis,NEC,21,Maddi Curran,So,MB,5-11,1,0,1,NA,0,0,0,NA,NA,NA,NA,NA,NA,NA,NA,NA,NA,NA,NA,NA,NA,NA,NA,NA,NA
2021-2022,Saint Francis,NEC,23,Aubrey Deptula,So,MB,6-1,21,18,69,NA,70,28,177,0.237,7,1,3,12,NA,6,57,9,NA,105.5,NA,NA,14,NA,NA,NA,NA
2021-2022,St. Francis Brooklyn,NEC,2,Erin Campeau,So,OH,6-1,8,2,13,NA,19,12,54,0.13,1,NA,NA,6,NA,NA,6,5,NA,22,NA,NA,NA,NA,NA,NA,NA
2021-2022,St. Francis Brooklyn,NEC,7,Penelope Rivera,So,OPP,6-0,22,9,63,NA,113,43,317,0.221,2,1,2,33,NA,3,36,1,NA,135,NA,NA,15,NA,NA,NA,NA
2021-2022,St. Francis Brooklyn,NEC,10,Angelina Wintonick,So,L/DS,5-1,6,0,8,NA,0,0,0,NA,NA,3,3,2,3,NA,NA,NA,NA,3,NA,NA,28,NA,NA,NA,NA
2021-2022,St. Francis Brooklyn,NEC,15,Lena Beasley,So,MB,6-0,6,0,10,NA,10,5,22,0.227,3,NA,1,1,NA,NA,9,1,NA,14.5,NA,NA,2,NA,NA,NA,NA
2021-2022,St. Francis Brooklyn,NEC,26,Iremnur Elmas,So,OH,6-0,24,16,70,NA,141,75,485,0.136,6,18,14,135,17,3,19,3,NA,171.5,2,NA,239,NA,NA,NA,NA
2021-2022,Austin Peay,OVC,7,Maggie Keenan,So,MB,5-11,32,28,111,NA,173,53,433,0.277,4,23,17,81,1,26,95,12,NA,269.5,NA,NA,382,NA,NA,NA,NA
2021-2022,Austin Peay,OVC,9,Taylor McInerney,So,OH,5-11,9,2,14,NA,19,12,57,0.123,NA,NA,NA,6,5,NA,1,NA,NA,19.5,NA,NA,NA,NA,NA,NA,NA
2021-2022,Austin Peay,OVC,13,Kaylah Jackson,So,OH,5-8,26,18,82,NA,158,87,440,0.161,2,1,2,57,10,5,24,3,NA,176,1,NA,23,NA,NA,NA,NA
2021-2022,Austin Peay,OVC,21,Janvier Buggs,So,S,5-6,15,0,27,NA,7,2,17,0.294,117,2,7,43,NA,NA,1,3,NA,9.5,4,NA,82,NA,NA,NA,NA
2021-2022,Austin Peay,OVC,33,Morgan Rutledge,So,L,5-9,12,0,36,NA,1,1,4,0,22,6,9,89,16,NA,NA,NA,NA,7,NA,NA,115,NA,NA,NA,NA
2021-2022,Belmont,OVC,2,Rachel McBride,So,L/DS,5-7,28,0,100,NA,2,2,11,0,42,8,32,404,50,NA,NA,NA,NA,10,NA,NA,294,NA,NA,NA,NA
2021-2022,Belmont,OVC,5,Ally Peterson,So,OH,5-10,17,5,41,NA,37,35,116,0.017,2,7,4,28,3,1,8,NA,NA,49,NA,NA,86,NA,NA,NA,NA
2021-2022,Belmont,OVC,14,Izzy Schauer,So,S,5-8,29,16,96,NA,11,6,57,0.088,529,10,24,199,NA,1,6,1,NA,25,8,NA,272,NA,NA,NA,NA
2021-2022,Belmont,OVC,16,Sydney Willis,So,MB,6-2,17,14,53,NA,45,28,126,0.135,3,NA,NA,6,2,4,44,7,NA,71,1,NA,3,NA,NA,NA,NA
2021-2022,Eastern Ill.,OVC,1,Ireland Hieb,So,OH,6-2,23,9,66,NA,116,54,296,0.209,1,2,5,11,NA,1,39,11,NA,138.5,NA,NA,36,NA,NA,NA,NA
2021-2022,Eastern Ill.,OVC,7,Mackenzie Duvall,So,MB,6-2,1,0,1,NA,0,0,0,NA,NA,NA,NA,NA,NA,NA,NA,NA,NA,NA,NA,NA,NA,NA,NA,NA,NA
2021-2022,Morehead St.,OVC,3,Peyton Kennedy,So,OH,6-0,2,0,2,NA,0,2,3,-0.667,1,NA,1,1,NA,NA,NA,NA,NA,NA,NA,NA,1,NA,NA,NA,NA
2021-2022,Morehead St.,OVC,12,Abby Hulsman,So,OH,5-10,32,32,120,NA,389,221,1155,0.145,5,2,3,56,NA,5,19,6,NA,405.5,1,NA,16,NA,NA,NA,NA
2021-2022,Morehead St.,OVC,14,Bridget Bessler,So,S,5-10,26,25,98,NA,59,23,248,0.145,1058,17,28,225,NA,1,31,NA,NA,92.5,15,NA,363,NA,NA,NA,NA
2021-2022,Morehead St.,OVC,17,Andrea Grimes,So,DS,5-4,32,0,111,NA,1,1,16,0,22,22,16,212,7,NA,NA,NA,NA,23,NA,NA,368,NA,NA,NA,NA
2021-2022,Murray St.,OVC,2,Morgan Price,So,OH,5-8,14,5,32,NA,33,15,113,0.159,4,2,1,12,NA,5,10,1,NA,45,NA,NA,11,NA,NA,NA,NA
2021-2022,Murray St.,OVC,4,Taylor Beasley,So,OH,5-11,22,20,55,NA,56,29,169,0.16,2,NA,NA,14,1,4,21,5,NA,70.5,NA,NA,NA,NA,NA,NA,NA
2021-2022,Murray St.,OVC,5,Dahlia Miller,So,L/DS,5-7,30,1,113,NA,1,0,2,0.5,31,23,40,315,20,NA,NA,NA,NA,24,1,NA,417,NA,NA,NA,NA
2021-2022,Murray St.,OVC,13,Darci Metzger,So,MB,5-11,21,6,55,NA,107,45,270,0.23,8,NA,NA,22,NA,7,15,1,NA,121.5,NA,NA,3,NA,NA,NA,NA
2021-2022,Murray St.,OVC,27,Jayla Holcombe,So,OH,5-11,25,17,78,NA,211,113,555,0.177,4,1,4,44,NA,4,28,1,NA,230,NA,NA,17,NA,NA,NA,NA
2021-2022,SIUE,OVC,4,Julia Treichel,So,OH,5-9,29,28,110,NA,241,146,826,0.115,28,28,38,222,37,5,38,6,NA,293,4,NA,382,NA,NA,NA,NA
2021-2022,SIUE,OVC,6,Alyse Drifka,So,S,5-9,29,28,110,NA,50,15,119,0.294,642,29,21,221,NA,NA,8,2,NA,83,16,NA,356,NA,NA,NA,NA
2021-2022,SIUE,OVC,8,Sydney Hummert,So,OH,6-0,17,15,58,NA,125,68,434,0.131,8,9,13,103,15,5,22,5,NA,150,NA,NA,160,NA,NA,NA,NA
2021-2022,SIUE,OVC,10,Jenna Taphorn,So,OH,5-11,16,3,56,NA,47,39,176,0.045,1,NA,NA,27,1,NA,24,NA,NA,59,1,NA,5,NA,NA,NA,NA
2021-2022,Southeast Mo. St.,OVC,1,Addy McAleer,So,OH,5-9,4,0,4,NA,5,4,12,0.083,3,NA,NA,4,1,NA,NA,NA,NA,5,NA,NA,6,NA,NA,NA,NA
2021-2022,Southeast Mo. St.,OVC,2,Nwakaego Nwagbuo,So,OH,6-0,1,0,2,NA,1,2,9,-0.111,NA,NA,NA,1,NA,NA,NA,1,NA,1,NA,NA,NA,NA,NA,NA,NA
2021-2022,Southeast Mo. St.,OVC,9,Izzy Lukens,So,S,5-10,16,0,38,NA,1,0,2,0.5,6,8,6,6,NA,NA,NA,NA,NA,9,NA,NA,75,NA,NA,NA,NA
2021-2022,Southeast Mo. St.,OVC,12,Lexie Smith,So,MB,5-11,1,0,3,NA,2,2,5,0,NA,NA,NA,2,NA,NA,1,NA,NA,2.5,NA,NA,3,NA,NA,NA,NA
2021-2022,Southeast Mo. St.,OVC,13,Kayla Closset,So,OH,5-11,27,7,102,NA,10,14,60,-0.067,19,23,22,173,8,1,1,NA,NA,34.5,NA,NA,391,NA,NA,NA,NA
2021-2022,Tennessee St.,OVC,12,Rayna Williams,So,OH,5-11,22,6,56,NA,62,45,214,0.079,2,1,NA,27,8,NA,7,1,NA,66.5,NA,NA,15,NA,NA,NA,NA
2021-2022,Tennessee Tech,OVC,1,Dallas Oatis,So,MB,5-11,18,5,34,NA,51,23,130,0.215,1,NA,1,3,NA,2,18,2,NA,62,NA,NA,2,NA,NA,NA,NA
2021-2022,Tennessee Tech,OVC,2,Raya George,So,L,5-6,15,1,37,NA,0,0,0,NA,5,6,14,51,8,NA,NA,NA,NA,6,NA,NA,109,NA,NA,NA,NA
2021-2022,Tennessee Tech,OVC,8,Madeline Furtado,So,OH,6-0,30,20,113,NA,270,145,796,0.157,3,NA,7,79,13,3,31,1,NA,288.5,NA,NA,22,NA,NA,NA,NA
2021-2022,Tennessee Tech,OVC,23,Emma Osterbur,So,S,5-8,21,4,73,NA,0,0,3,0,24,18,30,140,3,NA,NA,NA,NA,18,NA,NA,274,NA,NA,NA,NA
2021-2022,Tennessee Tech,OVC,24,Morgan Gish,So,RS,6-0,30,17,106,NA,220,116,580,0.179,5,NA,2,41,3,7,88,5,NA,271,NA,NA,6,NA,NA,NA,NA
2021-2022,Tennessee Tech,OVC,33,Skylar Boom,So,MB,6-2,29,27,102,NA,201,79,513,0.238,4,NA,NA,16,NA,10,82,12,NA,252,2,NA,NA,NA,NA,NA,NA
2021-2022,UT Martin,OVC,10,Haeleigh Paulino,So,S,5-7,32,30,121,NA,50,19,170,0.182,725,39,30,319,2,NA,4,3,NA,91,15,NA,520,NA,NA,NA,NA
2021-2022,UT Martin,OVC,13,Audrey Haworth,So,OH,5-10,26,1,55,NA,41,31,178,0.056,7,5,7,59,3,NA,11,1,NA,51.5,1,NA,101,NA,NA,NA,NA
2021-2022,Arizona,Pac-12,2,Sofia Maldonado Diaz,So,OH,6-0,33,32,116,NA,353,170,995,0.184,22,40,72,192,32,7,39,3,NA,419.5,2,NA,427,NA,NA,NA,NA
2021-2022,Arizona,Pac-12,4,Emery Herman,So,S,6-0,33,33,117,NA,115,32,242,0.343,1080,36,46,278,2,7,60,7,NA,188,12,NA,473,NA,NA,NA,NA
2021-2022,Arizona,Pac-12,5,Jaleesa Caroccio,So,L/DS,5-4,33,0,115,NA,0,0,0,NA,5,8,18,41,NA,NA,NA,NA,NA,8,NA,NA,344,NA,NA,NA,NA
2021-2022,Arizona,Pac-12,11,Jaelyn Hodge,So,OH,6-0,32,32,114,NA,373,201,1097,0.157,15,15,61,187,29,12,37,3,NA,418.5,NA,NA,306,NA,NA,NA,NA
2021-2022,Arizona,Pac-12,12,Joy Galles,So,L/DS,5-6,13,0,22,NA,0,0,0,NA,3,NA,3,10,3,NA,NA,NA,NA,NA,NA,NA,11,NA,NA,NA,NA
2021-2022,Arizona St.,Pac-12,4,Marta Levinska,So,OH,6-2,31,31,126,NA,359,144,985,0.218,25,31,44,265,12,NA,60,2,NA,420,3,NA,426,NA,NA,NA,NA
2021-2022,Arizona St.,Pac-12,6,Jinna Zeng,So,L/DS,5-5,4,0,5,NA,0,0,0,NA,NA,2,1,NA,2,NA,NA,NA,NA,2,NA,NA,5,NA,NA,NA,NA
2021-2022,Arizona St.,Pac-12,13,Alasia Urena,So,L/DS,5-9,18,0,32,NA,0,0,0,NA,1,2,3,22,4,NA,NA,NA,NA,2,NA,NA,48,NA,NA,NA,NA
2021-2022,Arizona St.,Pac-12,14,Claudia Stahlke,So,MB,5-11,18,14,58,NA,22,7,69,0.217,9,NA,NA,10,2,5,36,4,NA,45,1,NA,NA,NA,NA,NA,NA
2021-2022,Arizona St.,Pac-12,16,Regan Tinkle,So,OH,6-1,3,0,6,NA,5,6,22,-0.045,NA,NA,NA,2,NA,NA,NA,1,NA,5,NA,NA,NA,NA,NA,NA,NA
2021-2022,Arizona St.,Pac-12,18,Roberta Rabelo,So,OH,6-0,21,8,57,NA,76,53,283,0.081,3,8,13,49,7,3,19,1,NA,96.5,NA,NA,99,NA,NA,NA,NA
2021-2022,Arizona St.,Pac-12,21,Ella Snyder,So,S,6-0,31,26,121,NA,47,13,121,0.281,1029,21,47,268,1,1,38,NA,NA,88,4,NA,430,NA,NA,NA,NA
2021-2022,Arizona St.,Pac-12,23,Claire Jeter,So,MB,6-3,31,31,123,NA,261,67,576,0.337,17,14,16,63,2,20,95,10,NA,342.5,NA,NA,301,NA,NA,NA,NA
2021-2022,California,Pac-12,1,Katarina Pantovic,So,OH,6-0,1,0,2,NA,6,6,15,0,NA,NA,NA,1,NA,NA,NA,NA,NA,6,NA,NA,NA,NA,NA,NA,NA
2021-2022,California,Pac-12,5,Leah Schmidt,So,OH,6-3,30,21,94,NA,200,118,634,0.129,9,4,2,64,29,5,29,8,NA,223.5,1,NA,62,NA,NA,NA,NA
2021-2022,California,Pac-12,11,Kendall Jensen,So,S,5-8,21,6,60,NA,2,1,13,0.077,201,10,15,86,1,NA,1,1,NA,12.5,4,NA,195,NA,NA,NA,NA
2021-2022,California,Pac-12,12,Lydia Grote,So,MB,6-2,14,12,41,NA,109,66,315,0.137,1,4,16,46,NA,3,16,2,NA,124,NA,NA,73,NA,NA,NA,NA
2021-2022,California,Pac-12,13,Tara DeSa,So,L,5-5,31,2,95,NA,1,1,9,0,32,19,20,278,33,NA,NA,NA,NA,20,NA,NA,290,NA,NA,NA,NA
2021-2022,California,Pac-12,16,Sam Taumoepeau,So,OPP,6-0,24,9,53,NA,81,70,284,0.039,3,2,10,34,14,1,14,4,NA,91,NA,NA,28,NA,NA,NA,NA
2021-2022,Colorado,Pac-12,9,Maya Tabron,So,OH,6-1,29,29,106,NA,352,187,1052,0.157,23,18,28,222,38,9,43,11,NA,400.5,NA,NA,411,NA,NA,NA,NA
2021-2022,Colorado,Pac-12,11,Morgan Riddle,So,DS,5-8,15,8,42,NA,0,1,1,-1,3,3,10,59,15,NA,NA,NA,NA,3,NA,NA,90,NA,NA,NA,NA
2021-2022,Colorado,Pac-12,15,Alexia Kuehl,So,MB,6-7,27,27,100,NA,162,44,377,0.313,1,NA,NA,15,1,8,79,8,NA,209.5,NA,NA,NA,NA,NA,NA,NA
2021-2022,Oregon,Pac-12,2,Becca Morse,So,L/DS,5-6,31,7,114,NA,2,1,13,0.077,21,18,46,174,9,NA,NA,NA,NA,20,NA,NA,382,NA,NA,NA,NA
2021-2022,Oregon,Pac-12,3,Annie Stadthaus,So,OH,6-0,7,0,15,NA,3,3,15,0,NA,NA,3,6,NA,NA,NA,NA,NA,3,NA,NA,23,NA,NA,NA,NA
2021-2022,Oregon,Pac-12,25,Kiari Robey,So,MB,6-2,12,8,31,NA,40,15,86,0.291,NA,1,8,12,NA,7,30,6,NA,63,NA,NA,41,NA,NA,NA,NA
2021-2022,Oregon St.,Pac-12,3,Nya Buckner,So,OPP,5-11,9,7,25,NA,26,21,100,0.05,NA,NA,NA,12,NA,1,20,1,NA,37,NA,NA,2,NA,NA,NA,NA
2021-2022,Southern California,Pac-12,12,Sam Hastings,So,L,5-8,23,0,70,NA,3,0,3,1,31,11,18,122,12,NA,NA,NA,NA,14,NA,NA,186,NA,NA,NA,NA
2021-2022,Stanford,Pac-12,1,Alex Lougeay,So,DS,5-11,20,18,75,NA,0,0,1,0,14,22,37,123,15,NA,NA,NA,NA,22,NA,NA,300,NA,NA,NA,NA
2021-2022,Stanford,Pac-12,8,Malia Tufuga,So,S,6-1,9,2,22,NA,1,3,18,-0.111,75,1,9,22,NA,NA,7,NA,NA,5.5,10,NA,55,NA,NA,NA,NA
2021-2022,Stanford,Pac-12,9,Elena Oglivie,So,L,5-10,28,2,103,NA,24,10,64,0.219,108,25,16,451,12,NA,2,NA,NA,50,NA,NA,418,NA,NA,NA,NA
2021-2022,Stanford,Pac-12,12,Annabelle Smith,So,MB,6-2,1,0,1,NA,2,0,2,1,NA,NA,NA,NA,NA,NA,NA,NA,NA,2,NA,NA,NA,NA,NA,NA,NA
2021-2022,Stanford,Pac-12,14,McKenna Vicini,So,MB,6-2,30,30,113,NA,140,29,316,0.351,4,4,6,32,1,10,137,6,NA,222.5,2,NA,95,NA,NA,NA,NA
2021-2022,Stanford,Pac-12,22,Caitie Baird,So,OH,6-3,30,30,113,NA,479,139,1197,0.284,24,31,69,243,44,10,52,7,NA,546,NA,NA,418,NA,NA,NA,NA
2021-2022,UCLA,Pac-12,2,Anna Dodson,So,MB,6-5,31,31,115,NA,216,63,448,0.342,3,4,7,25,NA,16,93,18,NA,282.5,1,NA,48,NA,NA,NA,NA
2021-2022,UCLA,Pac-12,6,Allison Jacobs,So,OH,5-11,17,14,55,NA,102,49,265,0.2,11,12,17,111,16,4,13,2,NA,124.5,NA,NA,166,NA,NA,NA,NA
2021-2022,UCLA,Pac-12,11,Audrey Pak,So,S,5-11,3,1,5,NA,0,1,1,-1,23,1,NA,14,NA,NA,3,2,NA,2.5,1,NA,16,NA,NA,NA,NA
2021-2022,UCLA,Pac-12,13,Iman Ndiaye,So,OH,6-2,18,9,55,NA,84,45,210,0.186,3,NA,2,15,NA,1,32,2,NA,101,NA,NA,3,NA,NA,NA,NA
2021-2022,UCLA,Pac-12,21,Kate Lane,So,S,6-0,12,0,21,NA,1,0,3,0.333,9,NA,NA,3,NA,NA,1,NA,NA,1.5,2,NA,2,NA,NA,NA,NA
2021-2022,Utah,Pac-12,5,Amelia Van Der Werff,So,MB,6-3,23,15,66,NA,129,39,237,0.38,1,NA,NA,15,1,6,63,2,NA,166.5,1,NA,NA,NA,NA,NA,NA
2021-2022,Utah,Pac-12,8,Sommer Daniel,So,S,5-8,6,0,8,NA,0,0,0,NA,9,NA,2,1,NA,NA,NA,NA,NA,NA,NA,NA,13,NA,NA,NA,NA
2021-2022,Utah,Pac-12,12,Abby Karich,So,OH,6-0,13,0,15,NA,5,6,23,-0.043,NA,NA,NA,6,1,NA,2,NA,NA,6,NA,NA,10,NA,NA,NA,NA
2021-2022,Utah,Pac-12,16,Allie Olsen,So,MB,6-3,27,23,83,NA,101,34,227,0.295,3,NA,NA,12,2,9,76,8,NA,148,NA,NA,NA,NA,NA,NA,NA
2021-2022,Utah,Pac-12,17,Vanessa Ramirez,So,L/DS,5-4,31,0,113,NA,2,0,19,0.105,141,26,24,381,31,NA,2,NA,NA,29,NA,NA,476,NA,NA,NA,NA
2021-2022,Washington,Pac-12,10,Dani Cole,So,OH,6-1,1,0,1,NA,0,1,1,-1,NA,NA,NA,NA,NA,NA,NA,NA,NA,NA,NA,NA,NA,NA,NA,NA,NA
2021-2022,Washington,Pac-12,17,Sianna Houghton,So,L,5-9,28,0,80,NA,0,0,2,0,4,10,16,26,1,NA,NA,NA,NA,10,NA,NA,268,NA,NA,NA,NA
2021-2022,Washington St.,Pac-12,4,Logann Golden,So,L/DS,5-8,13,1,31,NA,0,0,0,NA,2,6,5,25,NA,NA,NA,NA,NA,6,NA,NA,80,NA,NA,NA,NA
2021-2022,Washington St.,Pac-12,5,Jenna Howard,So,S,5-10,1,0,1,NA,0,0,0,NA,2,NA,NA,NA,NA,NA,NA,NA,NA,NA,NA,NA,1,NA,NA,NA,NA
2021-2022,Washington St.,Pac-12,12,Argentina Ung,So,S,6-0,22,7,55,NA,94,55,327,0.119,6,8,7,71,11,4,16,7,NA,114,NA,NA,118,NA,NA,NA,NA
2021-2022,Washington St.,Pac-12,16,Weronika Wojdyla,So,OH,6-2,5,0,6,NA,2,3,10,-0.1,NA,NA,NA,NA,2,NA,2,NA,NA,3,NA,NA,NA,NA,NA,NA,NA
2021-2022,Washington St.,Pac-12,18,Jasmine Martin,So,MB,6-2,2,1,4,NA,4,5,13,-0.077,NA,NA,NA,NA,NA,NA,5,1,NA,6.5,NA,NA,NA,NA,NA,NA,NA
2021-2022,American,Patriot,4,Morgan Johnson,So,OH,5-11,6,1,10,NA,12,7,47,0.106,1,NA,NA,9,3,NA,NA,NA,NA,12,NA,NA,6,NA,NA,NA,NA
2021-2022,American,Patriot,8,Talia Borenstein,So,S,5-10,6,0,6,NA,1,1,2,0,3,NA,NA,NA,NA,NA,1,NA,NA,1.5,1,NA,NA,NA,NA,NA,NA
2021-2022,American,Patriot,9,Tyra Areskoug,So,S,5-9,23,8,62,NA,26,5,67,0.313,443,12,25,108,1,NA,12,1,NA,44,14,NA,196,NA,NA,NA,NA
2021-2022,American,Patriot,10,Ariel Campbell,So,OH,5-10,6,0,9,NA,6,3,20,0.15,NA,NA,NA,1,NA,NA,NA,NA,NA,6,NA,NA,1,NA,NA,NA,NA
2021-2022,American,Patriot,13,Griselda Memia,So,MB,6-5,4,0,4,NA,0,0,1,0,NA,NA,NA,NA,NA,NA,NA,NA,NA,NA,NA,NA,NA,NA,NA,NA,NA
2021-2022,American,Patriot,14,Allie Burke,So,MB,6-2,33,33,127,NA,66,45,205,0.102,1,NA,NA,17,1,11,113,7,NA,133.5,2,NA,NA,NA,NA,NA,NA
2021-2022,American,Patriot,19,Katie Putney,So,OH,6-5,32,23,123,NA,236,101,664,0.203,3,NA,NA,31,NA,5,97,8,NA,289.5,1,NA,NA,NA,NA,NA,NA
2021-2022,Army West Point,Patriot,6,Paige Fixemer,So,MB,6-2,26,26,97,NA,277,112,610,0.27,5,10,26,50,1,24,77,19,NA,349.5,1,NA,193,NA,NA,NA,NA
2021-2022,Army West Point,Patriot,7,Allanah Cutler,So,OPP,5-11,16,13,58,NA,151,54,376,0.258,3,NA,2,43,1,4,28,5,NA,169,NA,NA,3,NA,NA,NA,NA
2021-2022,Army West Point,Patriot,11,Isabella Sullivan,So,S,5-7,19,0,41,NA,1,0,3,0.333,69,8,4,49,NA,NA,NA,NA,NA,9,3,NA,104,NA,NA,NA,NA
2021-2022,Army West Point,Patriot,12,Alexis James,So,OH,-,1,0,1,NA,0,0,1,0,NA,NA,NA,NA,NA,NA,NA,NA,NA,NA,NA,NA,1,NA,NA,NA,NA
2021-2022,Army West Point,Patriot,13,Jasmine Grant,So,MB,5-10,12,3,19,NA,8,6,27,0.074,NA,2,1,NA,NA,2,5,4,NA,14.5,NA,NA,15,NA,NA,NA,NA
2021-2022,Army West Point,Patriot,15,Riley Parchment,So,L,5-8,23,1,72,NA,0,1,3,-0.333,14,17,33,135,10,NA,NA,1,NA,17,NA,NA,268,NA,NA,NA,NA
2021-2022,Army West Point,Patriot,16,Mackenzie Karnig,So,OH,6-0,20,15,72,NA,54,29,172,0.145,11,26,35,157,17,3,7,NA,NA,86.5,NA,NA,290,NA,NA,NA,NA
2021-2022,Army West Point,Patriot,22,Kai Nickerson,So,OH,5-8,18,10,52,NA,75,46,214,0.136,NA,4,9,31,1,7,24,6,NA,98,NA,NA,56,NA,NA,NA,NA
2021-2022,Army West Point,Patriot,23,Savannah Bray,So,OH,5-10,26,24,95,NA,245,154,792,0.115,9,10,19,249,25,13,29,11,NA,282.5,3,NA,314,NA,NA,NA,NA
2021-2022,Bucknell,Patriot,1,Libby Nieporte,So,OH,5-9,25,21,85,NA,203,120,664,0.125,6,19,14,141,20,NA,17,NA,NA,230.5,NA,NA,192,NA,NA,NA,NA
2021-2022,Bucknell,Patriot,9,Sarah Ramirez,So,S,5-11,25,25,89,NA,42,30,175,0.069,750,20,46,176,NA,1,26,8,NA,76,35,NA,264,NA,NA,NA,NA
2021-2022,Bucknell,Patriot,10,Catherine Jamison,So,OH,6-1,21,13,64,NA,179,78,414,0.244,3,NA,NA,15,NA,NA,21,2,NA,189.5,NA,NA,NA,NA,NA,NA,NA
2021-2022,Bucknell,Patriot,15,Valentina Feigl,So,MB,6-0,22,16,60,NA,78,34,220,0.2,2,2,7,11,NA,4,40,5,NA,104,1,NA,31,NA,NA,NA,NA
2021-2022,Bucknell,Patriot,16,Allie Lopez,So,MB,6-1,25,23,74,NA,98,53,292,0.154,2,2,2,23,NA,8,40,5,NA,128,2,NA,37,NA,NA,NA,NA
2021-2022,Colgate,Patriot,2,Libby Overmyer,So,OH,6-0,28,23,96,NA,312,123,792,0.239,6,10,15,83,5,1,30,7,NA,338,NA,NA,193,NA,NA,NA,NA
2021-2022,Colgate,Patriot,6,Gillian Hauschild,So,RS,6-2,9,3,19,NA,27,13,102,0.137,1,NA,NA,12,NA,2,8,1,NA,33,NA,NA,NA,NA,NA,NA,NA
2021-2022,Colgate,Patriot,11,Harper Snyder,So,MB,6-3,28,28,97,NA,161,53,357,0.303,5,NA,NA,17,1,15,57,15,NA,204.5,NA,NA,2,NA,NA,NA,NA
2021-2022,Colgate,Patriot,16,Taylor Cigna,So,L/DS,5-9,25,1,87,NA,3,0,10,0.3,28,22,29,211,19,NA,NA,NA,NA,25,1,NA,326,NA,NA,NA,NA
2021-2022,Holy Cross,Patriot,24,Sanaea Simmons,So,MB,5-11,27,23,83,NA,94,53,329,0.125,3,5,4,38,2,11,33,3,NA,126.5,1,NA,70,NA,NA,NA,NA
2021-2022,Lafayette,Patriot,5,Alyssa Vitale,So,S,5-8,25,25,93,NA,35,13,152,0.145,1033,24,35,160,NA,1,25,6,NA,72.5,10,NA,363,NA,NA,NA,NA
2021-2022,Lafayette,Patriot,14,Gracie Gibson,So,MB,6-1,25,25,93,NA,144,43,332,0.304,2,NA,NA,20,1,16,57,8,NA,188.5,NA,NA,1,NA,NA,NA,NA
2021-2022,Lafayette,Patriot,16,Katie Weston,So,L,5-5,25,0,93,NA,0,4,16,-0.25,70,35,29,442,15,NA,NA,NA,NA,35,1,NA,440,NA,NA,NA,NA
2021-2022,Lehigh,Patriot,3,Sophia Meagher,So,MB,6-2,24,20,77,NA,63,37,185,0.141,1,NA,NA,9,1,4,77,7,NA,105.5,NA,NA,1,NA,NA,NA,NA
2021-2022,Lehigh,Patriot,5,Alina Smith,So,MB,6-0,13,7,34,NA,16,15,55,0.018,NA,NA,NA,5,NA,4,29,3,NA,34.5,1,NA,NA,NA,NA,NA,NA
2021-2022,Lehigh,Patriot,6,Sarah Burau,So,S,6-0,16,3,47,NA,10,0,24,0.417,236,11,19,80,NA,NA,2,2,NA,22,5,NA,159,NA,NA,NA,NA
2021-2022,Lehigh,Patriot,10,Ally Thaw,So,L/DS,5-6,21,2,81,NA,2,3,13,-0.077,38,15,24,220,27,NA,NA,NA,NA,17,NA,NA,282,NA,NA,NA,NA
2021-2022,Lehigh,Patriot,11,Lylah Washington,So,OH,5-9,24,21,86,NA,139,89,460,0.109,11,13,29,189,20,1,19,2,NA,162.5,1,NA,252,NA,NA,NA,NA
2021-2022,Loyola Maryland,Patriot,6,Caitlin Churney,So,MB,6-2,15,3,40,NA,67,31,205,0.176,NA,1,11,13,NA,2,26,2,NA,83,1,NA,22,NA,NA,NA,NA
2021-2022,Loyola Maryland,Patriot,14,Lauren Link,So,OH,5-11,25,20,78,NA,266,120,733,0.199,20,19,36,224,32,3,17,1,NA,296.5,1,NA,276,NA,NA,NA,NA
2021-2022,Navy,Patriot,3,Chris Stephenson,So,L/DS,5-8,16,0,36,NA,0,0,0,NA,1,6,8,6,2,NA,NA,NA,NA,6,NA,NA,87,NA,NA,NA,NA
2021-2022,Navy,Patriot,5,Anna Klemeyer,So,MB,5-11,27,27,93,NA,62,36,177,0.147,2,NA,1,21,NA,8,65,8,NA,102.5,NA,NA,8,NA,NA,NA,NA
2021-2022,Navy,Patriot,6,Averi Miller,So,S,6-0,27,20,96,NA,27,17,105,0.095,646,17,23,160,NA,2,20,6,NA,56,9,NA,309,NA,NA,NA,NA
2021-2022,Navy,Patriot,9,Jamie Llewellyn,So,OH,6-0,26,17,84,NA,193,107,533,0.161,4,33,55,66,9,6,21,1,NA,242.5,2,NA,275,NA,NA,NA,NA
2021-2022,Navy,Patriot,12,Jordan Llewellyn,So,OH,6-0,16,1,39,NA,77,43,224,0.152,5,13,19,19,4,1,9,1,NA,95.5,NA,NA,80,NA,NA,NA,NA
2021-2022,Navy,Patriot,16,Maggie Bodman,So,MB,6-0,27,27,96,NA,180,69,402,0.276,2,8,12,49,NA,17,73,7,NA,241.5,NA,NA,189,NA,NA,NA,NA
2021-2022,Navy,Patriot,21,Rilee Sherman,So,OH,5-10,8,0,16,NA,3,5,14,-0.143,NA,2,5,6,NA,NA,NA,1,NA,5,NA,NA,32,NA,NA,NA,NA
2021-2022,Navy,Patriot,22,Lydia Peton,So,OPP,5-8,10,1,17,NA,21,5,47,0.34,NA,NA,NA,2,NA,2,6,NA,NA,26,NA,NA,1,NA,NA,NA,NA
2021-2022,Navy,Patriot,23,Ashley Warren,So,OH,5-11,14,2,33,NA,34,27,117,0.06,3,NA,NA,9,NA,NA,9,NA,NA,38.5,NA,NA,NA,NA,NA,NA,NA
2021-2022,Alabama,SEC,7,Victoria Schmer,So,L/DS,5-4,28,4,68,NA,0,1,2,-0.5,16,3,11,80,6,NA,NA,NA,NA,3,NA,NA,71,NA,NA,NA,NA
2021-2022,Alabama,SEC,19,Kendyl Reaugh,So,OH,6-3,29,15,99,NA,208,103,635,0.165,9,8,16,75,5,6,35,2,NA,239.5,2,NA,96,NA,NA,NA,NA
2021-2022,Alabama,SEC,23,Chaise Campbell,So,MB,6-3,25,19,72,NA,88,30,215,0.27,4,2,17,14,NA,7,39,7,NA,116.5,2,NA,79,NA,NA,NA,NA
2021-2022,Arkansas,SEC,4,Clara Parker,So,OH,5-10,2,0,4,NA,0,0,0,NA,NA,NA,2,7,1,NA,NA,NA,NA,NA,NA,NA,10,NA,NA,NA,NA
2021-2022,Arkansas,SEC,7,Taylor Head,So,OH,5-10,31,31,115,NA,411,163,1099,0.226,22,27,44,306,22,7,34,8,NA,462,NA,NA,409,NA,NA,NA,NA
2021-2022,Arkansas,SEC,19,Natalie Perdue,So,OH,6-0,3,0,5,NA,12,5,31,0.226,NA,NA,NA,2,1,NA,1,NA,NA,12.5,NA,NA,1,NA,NA,NA,NA
2021-2022,Auburn,SEC,5,Audrey Douglas,So,OPP,6-4,1,0,4,NA,4,3,12,0.083,NA,NA,NA,NA,NA,NA,4,NA,NA,6,NA,NA,NA,NA,NA,NA,NA
2021-2022,Auburn,SEC,10,Jackie Barrett Frazier,So,S,6-2,28,28,100,NA,51,14,180,0.206,809,22,24,307,NA,2,60,8,NA,105,1,NA,341,NA,NA,NA,NA
2021-2022,Florida,SEC,1,Birdie Hendrickson,So,S,6-2,14,0,34,NA,1,1,5,0,2,2,9,10,NA,NA,NA,2,NA,3,NA,NA,85,NA,NA,NA,NA
2021-2022,Florida,SEC,4,Sofia Victoria,So,OH,6-1,24,8,56,NA,149,71,341,0.229,11,7,18,73,8,2,12,3,NA,164,1,NA,120,NA,NA,NA,NA
2021-2022,Florida,SEC,6,Nnedi Okammor,So,MB,6-4,13,1,22,NA,11,4,21,0.333,NA,NA,NA,1,NA,NA,15,3,NA,18.5,NA,NA,NA,NA,NA,NA,NA
2021-2022,Florida,SEC,23,Elli McKissock,So,L/DS,5-7,31,0,106,NA,2,0,6,0.333,114,31,41,465,26,NA,NA,NA,NA,33,2,NA,427,NA,NA,NA,NA
2021-2022,Georgia,SEC,6,Alexa Fortin,So,S,5-11,9,0,22,NA,0,0,0,NA,3,3,4,6,NA,NA,NA,NA,NA,3,NA,NA,57,NA,NA,NA,NA
2021-2022,Georgia,SEC,8,Phoebe Awoleye,So,MB,6-2,29,29,112,NA,171,44,411,0.309,1,12,44,42,1,11,111,2,NA,249.5,NA,NA,318,NA,NA,NA,NA
2021-2022,Georgia,SEC,24,Mallory Downing,So,L/DS,5-6,26,0,98,NA,0,1,3,-0.333,44,4,22,186,24,NA,NA,NA,NA,4,3,NA,123,NA,NA,NA,NA
2021-2022,Kentucky,SEC,2,Madisen Skinner,So,OH,6-3,29,11,103,NA,389,140,882,0.282,5,13,20,125,16,7,42,5,NA,430,NA,NA,171,NA,NA,NA,NA
2021-2022,Kentucky,SEC,7,Sophie Fischer,So,OH,6-5,10,0,15,NA,9,5,32,0.125,NA,NA,NA,1,NA,NA,4,NA,NA,11,NA,NA,1,NA,NA,NA,NA
2021-2022,Kentucky,SEC,9,Riah Walker,So,L,5-10,24,12,71,NA,0,0,6,0,15,18,21,154,6,NA,NA,NA,NA,18,NA,NA,292,NA,NA,NA,NA
2021-2022,Kentucky,SEC,10,Reagan Rutherford,So,OPP,6-0,30,22,103,NA,217,79,479,0.288,2,NA,1,49,3,5,73,6,NA,258.5,NA,NA,1,NA,NA,NA,NA
2021-2022,Kentucky,SEC,11,Elise Goetzinger,So,MB,6-4,22,13,56,NA,94,29,200,0.325,2,NA,1,7,NA,2,33,2,NA,112.5,NA,NA,5,NA,NA,NA,NA
2021-2022,LSU,SEC,2,Paige Flickinger,So,OH,5-9,14,11,54,NA,33,8,97,0.258,4,15,16,77,7,NA,2,1,NA,49,NA,NA,243,NA,NA,NA,NA
2021-2022,LSU,SEC,9,Sanaa Dotson,So,OH,6-0,24,5,78,NA,181,70,503,0.221,1,1,1,24,13,2,18,1,NA,193,NA,NA,2,NA,NA,NA,NA
2021-2022,LSU,SEC,12,Alia Williams,So,MB,6-1,1,0,1,NA,0,0,0,NA,2,NA,NA,NA,NA,NA,NA,NA,NA,NA,NA,NA,NA,NA,NA,NA,NA
2021-2022,Mississippi St.,SEC,2,Lilly Gunter,So,DS,5-8,30,0,122,NA,1,1,9,0,125,24,37,480,25,NA,NA,NA,NA,25,NA,NA,479,NA,NA,NA,NA
2021-2022,Mississippi St.,SEC,4,Shania Cromartie,So,OH,5-9,30,30,111,NA,279,134,822,0.176,21,20,27,254,34,1,24,2,NA,312,1,NA,365,NA,NA,NA,NA
2021-2022,Mississippi St.,SEC,7,Rebecca Walk,So,MB,6-2,17,8,52,NA,84,20,164,0.39,5,4,3,9,NA,1,35,1,NA,106.5,NA,NA,51,NA,NA,NA,NA
2021-2022,Mississippi St.,SEC,10,Fran McBride,So,OPP,6-3,20,2,46,NA,47,22,115,0.217,1,NA,NA,18,2,NA,19,3,NA,56.5,NA,NA,NA,NA,NA,NA,NA
2021-2022,Missouri,SEC,4,Emily Brown,So,DS,5-7,28,0,93,NA,1,0,3,0.333,66,17,30,329,28,NA,NA,NA,NA,18,NA,NA,324,NA,NA,NA,NA
2021-2022,Missouri,SEC,62,Skylar Buckley,So,DS,5-9,15,5,43,NA,7,0,20,0.35,132,1,4,66,3,NA,NA,NA,NA,8,3,NA,95,NA,NA,NA,NA
2021-2022,Ole Miss,SEC,4,Payton Brgoch,So,MB,6-3,23,21,76,NA,152,52,312,0.321,7,6,18,30,NA,10,75,8,NA,205.5,2,NA,142,NA,NA,NA,NA
2021-2022,Ole Miss,SEC,5,Samantha Schnitta,So,RS,6-0,18,17,58,NA,133,65,331,0.205,11,17,33,107,9,3,35,1,NA,170.5,2,NA,161,NA,NA,NA,NA
2021-2022,Ole Miss,SEC,11,Sasha Ratliff,So,MB,6-2,30,30,110,NA,266,68,514,0.385,12,7,8,55,NA,16,113,11,NA,345.5,NA,NA,190,NA,NA,NA,NA
2021-2022,Ole Miss,SEC,12,GG Carvacho,So,OH,6-3,14,8,43,NA,95,54,288,0.142,2,NA,4,34,6,3,19,1,NA,107.5,NA,NA,30,NA,NA,NA,NA
2021-2022,Ole Miss,SEC,18,Callaway Cason,So,S,5-7,4,0,5,NA,1,0,7,0.143,15,1,NA,1,NA,NA,NA,NA,NA,2,NA,NA,14,NA,NA,NA,NA
2021-2022,South Carolina,SEC,2,Janna Schlageter,So,OH,6-2,4,0,7,NA,0,0,0,NA,NA,1,4,1,NA,NA,NA,NA,NA,1,NA,NA,14,NA,NA,NA,NA
2021-2022,South Carolina,SEC,3,Caitlin Crawford,So,DS,5-4,14,0,25,NA,0,0,1,0,2,5,4,4,1,NA,NA,NA,NA,5,NA,NA,63,NA,NA,NA,NA
2021-2022,South Carolina,SEC,9,Ellie Ruprich,So,MB,6-3,29,26,102,NA,139,46,360,0.258,8,9,6,31,NA,27,85,7,NA,217.5,1,NA,155,NA,NA,NA,NA
2021-2022,South Carolina,SEC,14,Kiune Fletcher,So,RS,6-1,22,7,61,NA,31,10,83,0.253,NA,NA,NA,17,NA,NA,18,1,NA,40,1,NA,NA,NA,NA,NA,NA
2021-2022,South Carolina,SEC,20,Riley Whitesides,So,OH,5-11,29,23,102,NA,246,121,673,0.186,19,17,32,164,21,3,24,5,NA,278,NA,NA,373,NA,NA,NA,NA
2021-2022,Tennessee,SEC,3,Paola Laborda,So,L/DS,5-7,26,1,80,NA,2,0,5,0.4,27,13,17,125,8,NA,NA,1,NA,15,NA,NA,235,NA,NA,NA,NA
2021-2022,Tennessee,SEC,4,Jakya Moore,So,S,5-9,20,0,58,NA,0,0,0,NA,4,10,23,15,NA,NA,NA,NA,NA,10,NA,NA,174,NA,NA,NA,NA
2021-2022,Tennessee,SEC,23,Jasmine Brooks,So,OH,6-2,8,0,11,NA,14,4,40,0.25,NA,NA,NA,3,3,NA,1,NA,NA,14.5,NA,NA,12,NA,NA,NA,NA
2021-2022,Texas A&M,SEC,2,Erica Lowery,So,L/DS,5-6,1,0,4,NA,0,0,0,NA,1,1,3,4,NA,NA,NA,NA,NA,1,NA,NA,5,NA,NA,NA,NA
2021-2022,Texas A&M,SEC,15,Madison Bowser,So,MB,6-1,11,4,27,NA,20,5,60,0.25,1,NA,NA,3,NA,2,17,5,NA,30.5,NA,NA,NA,NA,NA,NA,NA
2021-2022,Alabama A&M,SWAC,4,Denae Shelby,So,L/DS,5-7,8,2,15,NA,0,0,5,0,NA,1,6,18,3,NA,NA,NA,NA,1,NA,NA,20,NA,NA,NA,NA
2021-2022,Alabama A&M,SWAC,12,Catherine Ndukewe,So,MH,5-10,13,12,34,NA,11,9,44,0.045,2,NA,NA,1,2,5,16,1,NA,24,2,NA,3,NA,NA,NA,NA
2021-2022,Alabama A&M,SWAC,14,Kendall Murphy,So,L/DS,5-4,18,3,46,NA,1,1,5,0,5,3,10,48,19,NA,1,NA,NA,4.5,1,NA,87,NA,NA,NA,NA
2021-2022,Alabama A&M,SWAC,17,Tristyn Holmes,So,S,5-10,4,1,6,NA,0,0,4,0,18,NA,2,13,NA,NA,NA,NA,NA,NA,4,NA,15,NA,NA,NA,NA
2021-2022,Alabama A&M,SWAC,19,Ashley Jordan,So,S,6-0,17,8,59,NA,135,64,384,0.185,10,5,10,61,8,5,21,5,NA,155.5,NA,NA,76,NA,NA,NA,NA
2021-2022,Alabama A&M,SWAC,20,M'Kenna Albert,So,S,5-7,10,0,22,NA,0,2,6,-0.333,28,NA,2,10,7,NA,NA,NA,NA,NA,3,NA,34,NA,NA,NA,NA
2021-2022,Alabama St.,SWAC,4,Jada Rhodes,So,OH,5-8,34,31,123,NA,336,133,978,0.208,19,30,45,284,44,5,30,5,NA,386,NA,NA,441,NA,NA,NA,NA
2021-2022,Alabama St.,SWAC,11,A'Nylah Cobb,So,RS,5-10,30,10,76,NA,92,55,251,0.147,5,7,8,89,14,NA,10,5,NA,104,1,NA,120,NA,NA,NA,NA
2021-2022,Alabama St.,SWAC,17,Lauren Hughes,So,RS,6-1,33,12,105,NA,78,62,233,0.069,NA,NA,NA,24,1,3,34,2,NA,98,1,NA,3,NA,NA,NA,NA
2021-2022,Alabama St.,SWAC,18,Logan Horne,So,DS,5-8,31,3,74,NA,2,4,25,-0.08,19,15,14,141,16,NA,NA,NA,NA,17,NA,NA,178,NA,NA,NA,NA
2021-2022,Alcorn,SWAC,5,Faith Archibong,So,MB,6-1,28,28,99,NA,202,133,544,0.127,2,7,18,43,2,14,34,6,NA,240,5,NA,97,NA,NA,NA,NA
2021-2022,Alcorn,SWAC,7,Makayla Wardlaw,So,OH,5-11,27,20,92,NA,201,131,664,0.105,9,20,40,160,15,2,14,2,NA,230,3,NA,256,NA,NA,NA,NA
2021-2022,Alcorn,SWAC,11,Mar'ria Phillips,So,OH,5-9,10,7,32,NA,32,26,101,0.059,3,2,1,24,1,2,6,8,NA,39,NA,NA,19,NA,NA,NA,NA
2021-2022,Ark.-Pine Bluff,SWAC,17,Kassandra Lerma,So,MB,6-0,4,0,4,NA,2,1,6,0.167,NA,NA,NA,1,NA,NA,NA,NA,NA,2,NA,NA,NA,NA,NA,NA,NA
2021-2022,Bethune-Cookman,SWAC,4,Lauryn Coleman,So,OH,5-10,10,2,19,NA,15,15,61,0,NA,2,4,16,7,1,4,1,NA,20,NA,NA,26,NA,NA,NA,NA
2021-2022,Florida A&M,SWAC,9,Reanna Wilson,So,MB,5-11,4,0,5,NA,1,5,13,-0.308,NA,NA,NA,NA,NA,NA,NA,NA,NA,1,NA,NA,NA,NA,NA,NA,NA
2021-2022,Florida A&M,SWAC,10,Isis Williams,So,MH,6-2,27,25,87,NA,146,50,340,0.282,5,2,3,15,NA,18,32,5,NA,182,NA,NA,26,NA,NA,NA,NA
2021-2022,Grambling,SWAC,1,Jada Taylor,So,DS,5-5,28,0,101,NA,4,7,91,-0.033,99,25,43,514,21,NA,NA,NA,NA,29,1,NA,284,NA,NA,NA,NA
2021-2022,Grambling,SWAC,8,Kourie Calloway,So,OH,5-8,27,10,61,NA,73,50,237,0.097,4,3,1,44,3,1,9,NA,NA,81.5,NA,NA,25,NA,NA,NA,NA
2021-2022,Grambling,SWAC,9,Destiny Johnson,So,DS,5-4,25,1,52,NA,5,5,40,0,4,5,11,81,12,1,2,NA,NA,12,NA,NA,117,NA,NA,NA,NA
2021-2022,Grambling,SWAC,12,Avanii Allen,So,OH,5-7,16,1,28,NA,7,8,44,-0.023,11,NA,1,13,NA,2,1,1,NA,9.5,5,NA,12,NA,NA,NA,NA
2021-2022,Grambling,SWAC,16,Ashtyn Chambers,So,OH,5-8,13,0,16,NA,8,5,28,0.107,2,NA,NA,8,1,NA,2,NA,NA,9,NA,NA,4,NA,NA,NA,NA
2021-2022,Jackson St.,SWAC,2,Alana Washington,So,DS,5-5,31,5,109,NA,0,1,22,-0.045,37,21,19,239,16,NA,NA,NA,NA,21,NA,NA,380,NA,NA,NA,NA
2021-2022,Jackson St.,SWAC,12,Kaiya Wall,So,OH,5-11,4,0,4,NA,2,2,7,0,NA,2,1,5,1,NA,NA,NA,NA,4,NA,NA,6,NA,NA,NA,NA
2021-2022,Jackson St.,SWAC,25,Jordan Jones,So,MB,5-11,23,17,62,NA,78,40,198,0.192,1,3,4,33,NA,3,28,5,NA,98,1,NA,30,NA,NA,NA,NA
2021-2022,Mississippi Val.,SWAC,1,Seerdyn James,So,OH,5-8,23,20,71,NA,77,57,424,0.047,13,13,13,102,24,NA,12,1,NA,96,6,NA,134,NA,NA,NA,NA
2021-2022,Mississippi Val.,SWAC,10,Mai Palmer,So,MB,5-10,7,1,14,NA,0,2,7,-0.286,NA,NA,NA,8,1,NA,NA,NA,NA,NA,NA,NA,NA,NA,NA,NA,NA
2021-2022,Mississippi Val.,SWAC,18,Takiyah Flynn,So,L/DS,5-5,18,3,42,NA,1,3,9,-0.222,54,NA,4,35,14,NA,NA,1,NA,1,12,NA,40,NA,NA,NA,NA
2021-2022,Prairie View,SWAC,4,Sanai Fitchett,So,MB,6-1,22,16,67,NA,100,45,247,0.223,2,2,1,31,NA,12,31,1,NA,129.5,1,NA,104,NA,NA,NA,NA
2021-2022,Prairie View,SWAC,7,Miyuki Johnson,So,DS,5-5,25,3,67,NA,3,5,43,-0.047,11,7,12,89,25,NA,NA,NA,NA,10,NA,NA,141,NA,NA,NA,NA
2021-2022,Prairie View,SWAC,8,Lauren Allen,So,RS,5-9,6,3,10,NA,12,12,45,0,1,NA,2,4,5,NA,3,NA,NA,13.5,NA,NA,14,NA,NA,NA,NA
2021-2022,Prairie View,SWAC,10,Malia Viernes,So,OH,5-6,27,20,79,NA,183,129,608,0.089,6,8,12,120,20,NA,16,2,NA,199,1,NA,128,NA,NA,NA,NA
2021-2022,Prairie View,SWAC,22,Ashley Ealy,So,RS,5-11,23,7,51,NA,34,23,130,0.085,NA,1,NA,28,NA,2,22,4,NA,48,2,NA,1,NA,NA,NA,NA
2021-2022,Southern U.,SWAC,2,Nya Campbell,So,RS,6-0,23,20,84,NA,163,86,475,0.162,6,NA,NA,51,NA,11,32,4,NA,190,NA,NA,NA,NA,NA,NA,NA
2021-2022,Southern U.,SWAC,5,Ravon Robertson,So,RS,5-9,23,21,86,NA,148,60,429,0.205,8,NA,NA,44,2,7,40,2,NA,175,3,NA,14,NA,NA,NA,NA
2021-2022,Southern U.,SWAC,9,Jayla Larvadain,So,DS,5-5,1,0,1,NA,0,0,0,NA,NA,NA,NA,NA,NA,NA,NA,NA,NA,NA,NA,NA,NA,NA,NA,NA,NA
2021-2022,Southern U.,SWAC,12,Kennedy Joubert,So,DS,5-5,8,0,29,NA,1,1,33,0,35,6,10,141,10,NA,NA,NA,NA,7,1,NA,87,NA,NA,NA,NA
2021-2022,Texas Southern,SWAC,5,Janiya Chapman,So,OH,5-11,20,14,64,NA,100,53,328,0.143,5,3,NA,46,NA,5,21,NA,NA,118.5,3,NA,4,NA,NA,NA,NA
2021-2022,Texas Southern,SWAC,7,Nia Ford,So,OH,5-9,17,0,40,NA,1,7,40,-0.15,12,6,15,97,13,NA,NA,NA,NA,7,5,NA,101,NA,NA,NA,NA
2021-2022,Texas Southern,SWAC,10,Thalia Cordero-Moreno,So,OH,5-9,31,30,102,NA,244,143,824,0.123,19,20,17,261,22,1,8,1,NA,269,1,NA,318,NA,NA,NA,NA
2021-2022,Texas Southern,SWAC,12,Danielle Lilley,So,OH,5-10,30,28,99,NA,212,129,714,0.116,7,26,33,232,36,3,12,4,NA,247,1,NA,274,NA,NA,NA,NA
2021-2022,Texas Southern,SWAC,18,Kaitlyn Scroggins,So,RS,5-7,25,0,73,NA,6,4,49,0.041,38,17,4,222,28,NA,NA,NA,NA,23,4,NA,222,NA,NA,NA,NA
2021-2022,Texas Southern,SWAC,20,Indyah Rideaux,So,MB,6-1,9,7,24,NA,22,12,66,0.152,1,NA,NA,7,1,2,8,3,NA,28,NA,NA,NA,NA,NA,NA,NA
2021-2022,Chattanooga,SoCon,4,Makenzie Jordan,So,L/DS,5-10,15,2,57,NA,2,1,6,0.167,7,7,5,104,26,NA,NA,NA,NA,9,NA,NA,169,NA,NA,NA,NA
2021-2022,Chattanooga,SoCon,7,Coniah Davis,So,RS,6-0,20,15,70,NA,129,57,398,0.181,1,NA,NA,33,NA,4,47,2,NA,156.5,NA,NA,2,NA,NA,NA,NA
2021-2022,ETSU,SoCon,2,Jenna Forster,So,RS,6-0,27,9,84,NA,192,96,499,0.192,4,6,10,35,3,3,32,8,NA,217,NA,NA,84,NA,NA,NA,NA
2021-2022,ETSU,SoCon,5,Anna Mayer,So,S,5-6,13,0,31,NA,1,2,8,-0.125,83,NA,NA,26,NA,NA,NA,NA,NA,1,4,NA,3,NA,NA,NA,NA
2021-2022,ETSU,SoCon,7,Asia Mattress,So,MB,6-1,22,13,56,NA,70,40,213,0.141,3,3,8,24,NA,7,26,7,NA,93,1,NA,63,NA,NA,NA,NA
2021-2022,ETSU,SoCon,17,Samantha Shafer,So,OH,5-11,18,0,52,NA,73,33,307,0.13,NA,NA,NA,44,NA,2,8,3,NA,79,1,NA,2,NA,NA,NA,NA
2021-2022,Furman,SoCon,3,Ella Abraham,So,S,5-8,29,2,103,NA,22,5,63,0.27,391,26,26,162,NA,1,NA,1,NA,49,18,NA,352,NA,NA,NA,NA
2021-2022,Furman,SoCon,5,Maya Mrus,So,OH,5-11,29,20,92,NA,147,98,490,0.1,12,25,21,276,33,1,11,NA,NA,178.5,NA,NA,292,NA,NA,NA,NA
2021-2022,Furman,SoCon,11,Sydney Tanner,So,OPP,5-11,25,8,82,NA,104,67,315,0.117,1,6,4,31,NA,11,39,5,NA,140.5,1,NA,42,NA,NA,NA,NA
2021-2022,Furman,SoCon,12,Mikaela Schultz,So,OH,5-11,18,2,46,NA,87,39,238,0.202,1,3,3,36,6,1,8,3,NA,95,NA,NA,21,NA,NA,NA,NA
2021-2022,Furman,SoCon,14,Kaeli Braswell,So,OH,5-7,10,0,19,NA,0,2,14,-0.143,2,5,3,12,NA,NA,NA,NA,NA,5,NA,NA,48,NA,NA,NA,NA
2021-2022,Furman,SoCon,17,Kelsey Watkins,So,MB,5-11,27,26,98,NA,54,34,216,0.093,3,NA,NA,25,3,20,67,12,NA,107.5,NA,NA,NA,NA,NA,NA,NA
2021-2022,Mercer,SoCon,13,Rachel Friedholm,So,L/DS,5-7,14,1,19,NA,0,0,1,0,1,2,2,10,3,NA,NA,NA,NA,2,NA,NA,35,NA,NA,NA,NA
2021-2022,Samford,SoCon,3,Sarah Hayes Farley,So,OH,6-0,25,18,85,NA,210,85,563,0.222,48,10,14,95,18,2,26,6,NA,235,5,NA,123,NA,NA,NA,NA
2021-2022,Samford,SoCon,6,Andie Salasky,So,L/DS,5-6,23,10,79,NA,1,0,3,0.333,24,23,39,178,17,NA,NA,NA,NA,24,NA,NA,274,NA,NA,NA,NA
2021-2022,Samford,SoCon,17,Emily Naubert,So,L/DS,5-9,29,12,102,NA,1,3,12,-0.167,23,39,36,249,27,NA,NA,NA,NA,40,NA,NA,395,NA,NA,NA,NA
2021-2022,The Citadel,SoCon,8,Jaelynn Elgert,So,L,5-8,7,0,14,NA,0,0,0,NA,1,1,3,28,NA,NA,NA,NA,NA,1,NA,NA,20,NA,NA,NA,NA
2021-2022,The Citadel,SoCon,12,Kathleen Bula,So,OH,5-11,7,0,15,NA,2,0,7,0.286,NA,4,6,5,1,NA,NA,NA,NA,6,NA,NA,43,NA,NA,NA,NA
2021-2022,The Citadel,SoCon,22,Brooke Shively,So,L,5-6,19,0,48,NA,0,0,0,NA,5,7,15,22,NA,NA,NA,NA,NA,7,NA,NA,147,NA,NA,NA,NA
2021-2022,UNC Greensboro,SoCon,3,Taylor Robertson,So,OH,6-0,17,3,39,NA,69,39,197,0.152,2,NA,NA,14,4,NA,9,3,NA,73.5,NA,NA,NA,NA,NA,NA,NA
2021-2022,UNC Greensboro,SoCon,10,Valeria Calderon,So,DS,5-6,6,1,14,NA,0,1,2,-0.5,NA,5,6,25,3,NA,NA,NA,NA,5,NA,NA,44,NA,NA,NA,NA
2021-2022,Western Caro.,SoCon,2,Destinee Dorsey,So,L,5-6,28,0,105,NA,1,0,14,0.071,117,20,22,535,34,NA,NA,NA,NA,21,1,NA,351,NA,NA,NA,NA
2021-2022,Western Caro.,SoCon,3,Brooklyn Poling,So,OH,6-1,4,0,7,NA,12,3,24,0.375,1,NA,NA,1,NA,NA,2,NA,NA,13,NA,NA,NA,NA,NA,NA,NA
2021-2022,Western Caro.,SoCon,5,Julia Gardon,So,OH,5-10,28,18,94,NA,181,96,611,0.139,7,6,11,115,19,5,33,6,NA,208.5,NA,NA,126,NA,NA,NA,NA
2021-2022,Western Caro.,SoCon,11,Erin Carpenter,So,S,5-9,2,0,2,NA,0,0,0,NA,2,NA,NA,3,NA,NA,NA,NA,NA,NA,NA,NA,NA,NA,NA,NA,NA
2021-2022,Western Caro.,SoCon,16,Livi Weidmann,So,RS,5-11,19,13,59,NA,108,42,275,0.24,1,NA,NA,33,NA,10,35,4,NA,135.5,NA,NA,1,NA,NA,NA,NA
2021-2022,Western Caro.,SoCon,17,Eden Punch,So,MB,5-10,15,8,42,NA,48,11,128,0.289,2,1,4,22,NA,11,24,5,NA,72,NA,NA,30,NA,NA,NA,NA
2021-2022,Wofford,SoCon,6,Sarah Barham,So,MB,6-1,31,30,115,NA,260,95,587,0.281,13,15,26,35,1,48,90,6,NA,368,3,NA,190,NA,NA,NA,NA
2021-2022,Wofford,SoCon,11,Kaitlyn Brown,So,DS,5-4,27,0,90,NA,3,2,14,0.071,44,12,9,301,22,NA,1,NA,NA,15.5,NA,NA,283,NA,NA,NA,NA
2021-2022,Wofford,SoCon,13,Emily Hodsdon,So,S,5-11,31,31,116,NA,57,13,214,0.206,1149,38,15,239,NA,5,47,2,NA,123.5,12,NA,474,NA,NA,NA,NA
2021-2022,Wofford,SoCon,15,Millie Loehr,So,MH,6-5,13,2,27,NA,45,11,92,0.37,1,NA,NA,2,NA,4,9,1,NA,53.5,NA,NA,2,NA,NA,NA,NA
2021-2022,Wofford,SoCon,20,Abbey Richman,So,L/DS,5-5,22,5,72,NA,1,1,3,0,29,15,19,150,22,NA,NA,NA,NA,16,NA,NA,205,NA,NA,NA,NA
2021-2022,Wofford,SoCon,21,Addison Foote,So,OH,6-0,28,24,97,NA,130,76,459,0.118,22,16,30,203,30,1,12,1,NA,153,1,NA,307,NA,NA,NA,NA
2021-2022,A&M-Corpus Christi,Southland,16,Ella Litterell,So,OH,6-2,23,5,57,NA,16,16,61,0,5,12,12,59,21,1,NA,NA,NA,29,NA,NA,132,NA,NA,NA,NA
2021-2022,Houston Christian,Southland,7,Sara Arroyo,So,OH,5-10,24,5,80,NA,167,55,478,0.234,16,NA,NA,61,14,1,27,3,NA,181.5,2,NA,1,NA,NA,NA,NA
2021-2022,Houston Christian,Southland,9,Kaley Feris,So,L/DS,5-8,27,0,93,NA,1,6,39,-0.128,53,19,29,418,18,NA,NA,1,NA,20,2,NA,396,NA,NA,NA,NA
2021-2022,Houston Christian,Southland,10,Ashlen Jennings,So,RS,6-2,6,1,12,NA,3,5,24,-0.083,NA,NA,NA,2,NA,NA,5,NA,NA,5.5,NA,NA,NA,NA,NA,NA,NA
2021-2022,McNeese,Southland,5,Ashley Acuna,So,L,5-5,4,0,4,NA,0,0,0,NA,NA,NA,NA,1,NA,NA,NA,NA,NA,NA,NA,NA,2,NA,NA,NA,NA
2021-2022,McNeese,Southland,8,Ceci Harness,So,S,5-8,29,18,104,NA,4,3,44,0.023,624,23,32,161,1,NA,3,NA,NA,28.5,15,NA,398,NA,NA,NA,NA
2021-2022,McNeese,Southland,9,Lizzy Low,So,L,5-6,29,0,97,NA,2,3,43,-0.023,114,26,41,392,22,NA,NA,NA,NA,28,2,NA,348,NA,NA,NA,NA
2021-2022,McNeese,Southland,11,Macee Krpec,So,OPP,6-2,29,15,99,NA,226,107,542,0.22,5,NA,1,46,1,6,36,1,NA,250,2,NA,6,NA,NA,NA,NA
2021-2022,McNeese,Southland,14,Baylee Laskoskie,So,S,6-0,26,11,94,NA,1,6,43,-0.116,442,21,32,168,NA,NA,1,NA,NA,22.5,20,NA,322,NA,NA,NA,NA
2021-2022,McNeese,Southland,31,Bria Plante,So,MB,6-4,29,26,96,NA,58,12,133,0.346,2,2,7,11,2,15,83,2,NA,116.5,1,NA,31,NA,NA,NA,NA
2021-2022,New Orleans,Southland,1,Sheilah Purcell,So,L/DS,5-5,20,0,74,NA,4,3,12,0.083,65,2,14,361,22,NA,NA,NA,NA,6,2,NA,241,NA,NA,NA,NA
2021-2022,New Orleans,Southland,2,Trinity Jackson,So,OH,5-9,23,18,80,NA,207,124,699,0.119,7,11,30,249,25,4,23,2,NA,233.5,NA,NA,251,NA,NA,NA,NA
2021-2022,New Orleans,Southland,4,Rita Zecchin,So,OH,5-11,23,12,79,NA,86,64,323,0.068,19,9,23,184,22,1,8,1,NA,100,1,NA,246,NA,NA,NA,NA
2021-2022,New Orleans,Southland,9,Tara Goolsby,So,OPP,6-0,22,10,72,NA,51,17,177,0.192,307,8,21,110,NA,2,23,1,NA,72.5,9,NA,185,NA,NA,NA,NA
2021-2022,New Orleans,Southland,11,Lucie Pokorna,So,S,5-8,8,7,29,NA,14,3,55,0.2,210,3,5,66,NA,NA,2,NA,NA,18,3,NA,104,NA,NA,NA,NA
2021-2022,New Orleans,Southland,12,Sh'Diamond Holly,So,MB,6-0,22,17,70,NA,145,38,352,0.304,4,11,27,46,NA,19,58,5,NA,204,NA,NA,180,NA,NA,NA,NA
2021-2022,Nicholls,Southland,13,Jhayla Bolden,So,MB,5-9,10,3,13,NA,22,15,56,0.125,1,NA,NA,4,NA,1,8,NA,NA,27,NA,NA,NA,NA,NA,NA,NA
2021-2022,Nicholls,Southland,19,Yani Johnson,So,RS,6-2,18,6,43,NA,58,28,157,0.191,2,NA,1,12,NA,4,12,NA,NA,68,NA,NA,2,NA,NA,NA,NA
2021-2022,Northwestern St.,Southland,4,Ragan Ward,So,S,5-6,20,7,46,NA,8,4,31,0.129,152,8,12,94,NA,NA,NA,NA,NA,16,2,NA,137,NA,NA,NA,NA
2021-2022,Northwestern St.,Southland,10,Audrey Quesnel,So,MB,6-0,26,20,74,NA,90,25,242,0.269,11,8,7,20,NA,6,38,3,NA,123,NA,NA,98,NA,NA,NA,NA
2021-2022,Southeastern La.,Southland,7,Ansley Tullis,So,DS,5-8,16,0,67,NA,1,0,14,0.071,70,14,9,275,20,NA,NA,NA,NA,15,1,NA,221,NA,NA,NA,NA
2021-2022,Southeastern La.,Southland,12,Calli Collins,So,DS,5-3,27,8,106,NA,6,3,24,0.125,38,24,46,271,22,NA,NA,NA,NA,30,5,NA,303,NA,NA,NA,NA
2021-2022,UIW,Southland,8,Britney Ong,So,DS,5-2,21,4,49,NA,2,1,5,0.2,10,7,7,105,23,NA,NA,NA,NA,9,NA,NA,155,NA,NA,NA,NA
2021-2022,UIW,Southland,9,Allison Palmi,So,OH,5-7,28,13,88,NA,185,99,541,0.159,7,3,9,85,11,3,36,6,NA,209,NA,NA,59,NA,NA,NA,NA
2021-2022,UIW,Southland,10,Jacqueline Arrington,So,OH,6-0,30,30,111,NA,151,64,444,0.196,3,6,18,35,NA,18,97,3,NA,223.5,NA,NA,156,NA,NA,NA,NA
2021-2022,UIW,Southland,11,Mariela Nieto,So,L,5-4,15,1,32,NA,1,0,1,1,7,3,12,48,8,NA,NA,NA,NA,4,1,NA,67,NA,NA,NA,NA
2021-2022,UIW,Southland,12,Zoe Menendez,So,RS,5-10,14,3,30,NA,31,25,131,0.046,2,5,8,47,NA,NA,11,1,NA,41.5,NA,NA,39,NA,NA,NA,NA
2021-2022,UIW,Southland,14,Annamarie Alvarez,So,MB,6-2,27,23,108,NA,223,76,563,0.261,4,10,33,56,NA,7,69,4,NA,274.5,2,NA,149,NA,NA,NA,NA
2021-2022,UIW,Southland,16,Audrey Patton,So,OH,5-7,17,4,44,NA,1,0,4,0.25,10,2,6,88,6,NA,NA,NA,NA,3,NA,NA,97,NA,NA,NA,NA
2021-2022,Denver,Summit League,3,Ryen Wilkens,So,L/DS,5-5,27,4,85,NA,2,2,6,0,5,20,28,102,6,NA,NA,NA,NA,22,NA,NA,261,NA,NA,NA,NA
2021-2022,Denver,Summit League,16,Gemma Tipping,So,MB,6-3,2,0,2,NA,0,0,1,0,NA,NA,NA,NA,NA,NA,NA,NA,NA,NA,NA,NA,NA,NA,NA,NA,NA
2021-2022,Denver,Summit League,17,Gianna Bartalo,So,L/DS,5-7,29,0,104,NA,3,0,5,0.6,106,26,36,390,26,NA,NA,NA,NA,29,NA,NA,342,NA,NA,NA,NA
2021-2022,Kansas City,Summit League,4,Emma Crouch,So,RS,5-11,3,1,6,NA,2,2,6,0,NA,NA,NA,NA,NA,NA,4,NA,NA,4,NA,NA,NA,NA,NA,NA,NA
2021-2022,Kansas City,Summit League,9,Garionna Pearl,So,RS,5-8,2,0,2,NA,0,0,0,NA,NA,NA,NA,1,NA,NA,NA,NA,NA,NA,NA,NA,NA,NA,NA,NA,NA
2021-2022,Kansas City,Summit League,13,Carly Gillen,So,MB,6-1,31,31,116,NA,143,50,365,0.255,4,NA,1,20,NA,10,86,6,NA,196,3,NA,5,NA,NA,NA,NA
2021-2022,Kansas City,Summit League,16,Odyssey Warren,So,OH,5-10,31,26,109,NA,266,128,846,0.163,6,NA,4,88,27,3,40,1,NA,289,NA,NA,6,NA,NA,NA,NA
2021-2022,North Dakota,Summit League,4,Elizabeth Norris,So,S,5-11,22,13,75,NA,9,3,38,0.158,289,5,16,141,NA,NA,1,NA,NA,14.5,5,NA,192,NA,NA,NA,NA
2021-2022,North Dakota,Summit League,12,Sofia Hedqvist,So,OH,6-0,13,3,20,NA,26,26,118,0,1,2,6,38,12,NA,3,3,NA,29.5,NA,NA,32,NA,NA,NA,NA
2021-2022,North Dakota,Summit League,13,Taylor Pribyl,So,OH,6-0,22,16,63,NA,91,58,359,0.092,NA,7,14,61,23,1,16,2,NA,107,NA,NA,153,NA,NA,NA,NA
2021-2022,North Dakota,Summit League,15,Claire Wagner,So,L/DS,5-0,2,0,2,NA,0,0,0,NA,NA,NA,NA,NA,NA,NA,NA,NA,NA,NA,NA,NA,NA,NA,NA,NA,NA
2021-2022,North Dakota,Summit League,16,Alexa Albinson,So,MH,6-3,17,4,47,NA,52,30,193,0.114,2,NA,2,12,NA,1,20,NA,NA,63,NA,NA,3,NA,NA,NA,NA
2021-2022,North Dakota,Summit League,17,McCallister Gayle,So,RS,6-2,27,14,92,NA,120,80,461,0.087,1,1,1,41,NA,4,59,6,NA,154.5,2,NA,4,NA,NA,NA,NA
2021-2022,North Dakota St.,Summit League,6,Taylor Quan,So,L/DS,5-6,30,1,109,NA,1,2,7,-0.143,37,15,23,311,23,NA,NA,NA,NA,16,NA,NA,368,NA,NA,NA,NA
2021-2022,North Dakota St.,Summit League,7,Ali Hinze,So,OH,6-0,30,30,108,NA,370,210,1170,0.137,22,28,37,291,41,6,32,17,NA,420,3,NA,333,NA,NA,NA,NA
2021-2022,North Dakota St.,Summit League,11,Alex Lyle,So,OH,6-1,7,0,9,NA,2,0,6,0.333,NA,NA,1,1,1,NA,2,NA,NA,3,NA,NA,10,NA,NA,NA,NA
2021-2022,North Dakota St.,Summit League,17,Allison Scheiwiller,So,MB,6-2,14,6,36,NA,37,22,122,0.123,2,NA,NA,9,1,2,16,NA,NA,47,NA,NA,1,NA,NA,NA,NA
2021-2022,Omaha,Summit League,1,Olivia Curry,So,S,5-10,2,0,5,NA,0,1,2,-0.5,18,1,2,6,NA,NA,NA,NA,NA,1,2,NA,15,NA,NA,NA,NA
2021-2022,Omaha,Summit League,4,McKenna Ruch,So,OH,6-2,22,13,62,NA,138,39,308,0.321,3,15,31,35,2,6,53,1,NA,185.5,1,NA,180,NA,NA,NA,NA
2021-2022,Omaha,Summit League,5,Kenedy Schaecher,So,DS,5-4,18,0,54,NA,0,1,3,-0.333,2,5,14,22,1,NA,NA,NA,NA,5,NA,NA,126,NA,NA,NA,NA
2021-2022,Omaha,Summit League,9,Abby Plouzek,So,MB,6-3,3,0,4,NA,6,3,17,0.176,NA,NA,NA,1,NA,NA,1,NA,NA,6.5,NA,NA,NA,NA,NA,NA,NA
2021-2022,Omaha,Summit League,23,Marriah Buss,So,OH,6-0,30,29,106,NA,315,128,839,0.223,2,NA,NA,39,12,NA,38,1,NA,334,1,NA,4,NA,NA,NA,NA
2021-2022,Oral Roberts,Summit League,6,Kaia Dunford,So,OH,5-11,27,19,82,NA,211,87,630,0.197,17,8,15,178,15,NA,24,3,NA,231,3,NA,229,NA,NA,NA,NA
2021-2022,Oral Roberts,Summit League,7,Jaxie Wakley,So,MB,6-0,29,29,106,NA,216,72,509,0.283,7,17,21,75,1,27,79,14,NA,299.5,2,NA,305,NA,NA,NA,NA
2021-2022,Oral Roberts,Summit League,11,Mackenzie Edwards,So,OH,5-11,7,0,9,NA,8,1,17,0.412,NA,NA,1,NA,NA,NA,2,1,NA,9,NA,NA,1,NA,NA,NA,NA
2021-2022,Oral Roberts,Summit League,14,Bryanne Soares,So,S,5-7,29,28,104,NA,79,16,207,0.304,1007,27,25,279,NA,1,38,1,NA,126,21,NA,429,NA,NA,NA,NA
2021-2022,Oral Roberts,Summit League,17,Chloe Salcedo,So,DS,5-4,12,1,33,NA,0,0,1,0,3,3,3,25,2,NA,NA,NA,NA,3,NA,NA,58,NA,NA,NA,NA
2021-2022,South Dakota,Summit League,5,Mattie Johnson,So,OH,6-0,5,0,6,NA,4,4,15,0,NA,NA,2,NA,NA,NA,NA,NA,NA,4,NA,NA,5,NA,NA,NA,NA
2021-2022,South Dakota,Summit League,8,Evelyn Diederich,So,OH,5-8,13,0,18,NA,2,1,3,0.333,NA,3,6,3,NA,NA,NA,NA,NA,5,NA,NA,34,NA,NA,NA,NA
2021-2022,South Dakota,Summit League,12,Brooklyn Schram,So,S,5-11,30,0,109,NA,0,0,1,0,5,24,36,40,NA,NA,NA,NA,NA,24,NA,NA,339,NA,NA,NA,NA
2021-2022,South Dakota,Summit League,16,Laura Petterson,So,DS,5-6,20,0,51,NA,0,0,0,NA,1,6,20,12,NA,NA,NA,NA,NA,6,NA,NA,95,NA,NA,NA,NA
2021-2022,St. Thomas (MN),Summit League,1,Ellie Dammann,So,MB,6-0,28,27,95,NA,100,61,323,0.121,5,1,23,31,1,7,71,10,NA,143.5,1,NA,113,NA,NA,NA,NA
2021-2022,St. Thomas (MN),Summit League,8,Emma Honsa,So,OH,6-1,8,2,14,NA,2,2,22,0,3,1,3,8,NA,1,5,NA,NA,6.5,NA,NA,20,NA,NA,NA,NA
2021-2022,St. Thomas (MN),Summit League,11,Claire Ricard,So,OH,5-11,28,26,95,NA,128,90,425,0.089,4,NA,NA,34,1,1,34,4,NA,146,3,NA,1,NA,NA,NA,NA
2021-2022,Western Ill.,Summit League,8,Ashley Poland,So,L/DS,5-5,14,0,33,NA,2,1,4,0.25,3,7,14,51,15,1,NA,NA,NA,10,NA,NA,75,NA,NA,NA,NA
2021-2022,Western Ill.,Summit League,14,Isabella Biesterfeld,So,OH,6-1,9,0,13,NA,7,8,51,-0.02,NA,NA,NA,4,1,NA,4,NA,NA,9,NA,NA,1,NA,NA,NA,NA
2021-2022,Western Ill.,Summit League,15,Kennedy Davis,So,MB,6-1,29,29,108,NA,251,71,600,0.3,5,21,11,75,2,12,54,6,NA,311,1,NA,297,NA,NA,NA,NA
2021-2022,Western Ill.,Summit League,20,Kaitlyn Morgan,So,RS,6-2,8,0,10,NA,3,6,15,-0.2,NA,NA,NA,2,NA,1,3,NA,NA,5.5,NA,NA,NA,NA,NA,NA,NA
2021-2022,Western Ill.,Summit League,21,Kalynn Davis,So,MH,6-1,29,16,103,NA,159,69,543,0.166,6,10,9,72,1,1,49,3,NA,194.5,1,NA,150,NA,NA,NA,NA
2021-2022,App State,Sun Belt,3,Alec Quinn,So,L/DS,5-2,1,0,1,NA,0,0,0,NA,1,NA,NA,2,NA,NA,NA,NA,NA,NA,NA,NA,5,NA,NA,NA,NA
2021-2022,App State,Sun Belt,11,Caroline Reeder,So,OH,6-2,12,3,27,NA,12,19,82,-0.085,NA,NA,1,9,NA,3,8,NA,NA,19,NA,NA,1,NA,NA,NA,NA
2021-2022,App State,Sun Belt,20,Sophie Cain,So,S,5-10,22,12,66,NA,16,8,66,0.121,444,20,19,120,NA,1,9,1,NA,41.5,19,NA,228,NA,NA,NA,NA
2021-2022,App State,Sun Belt,21,Madison Baldridge,So,OH,5-10,16,2,33,NA,62,43,190,0.1,NA,1,4,10,1,3,7,2,NA,69.5,NA,NA,20,NA,NA,NA,NA
2021-2022,Arkansas St.,Sun Belt,15,Brianna Hollingshed,So,MB,5-11,25,21,90,NA,118,27,255,0.357,5,NA,11,20,NA,18,69,10,NA,170.5,NA,NA,64,NA,NA,NA,NA
2021-2022,Arkansas St.,Sun Belt,17,Kendahl Davenport,So,MB,6-3,26,24,96,NA,143,55,332,0.265,3,2,15,28,NA,21,88,14,NA,210,NA,NA,81,NA,NA,NA,NA
2021-2022,Coastal Carolina,Sun Belt,7,Madison Lowery,So,MH,6-2,23,16,69,NA,75,26,150,0.327,2,8,19,22,NA,8,56,4,NA,119,NA,NA,125,NA,NA,NA,NA
2021-2022,Coastal Carolina,Sun Belt,9,Nyla Shepherd,So,MH,6-2,20,8,47,NA,47,13,102,0.333,3,10,9,24,NA,7,37,2,NA,82.5,1,NA,88,NA,NA,NA,NA
2021-2022,Coastal Carolina,Sun Belt,24,Jasmine Rivest,So,OH,5-11,22,4,56,NA,96,54,254,0.165,3,1,1,28,1,3,15,2,NA,107.5,NA,NA,16,NA,NA,NA,NA
2021-2022,Ga. Southern,Sun Belt,6,Rebekah Farthing,So,OH,5-9,28,12,102,NA,1,2,10,-0.1,23,18,25,265,26,NA,NA,NA,NA,19,NA,NA,339,NA,NA,NA,NA
2021-2022,Ga. Southern,Sun Belt,8,Ainsley Clifford,So,DS,5-8,20,0,41,NA,0,0,0,NA,NA,3,15,19,1,NA,NA,NA,NA,3,NA,NA,83,NA,NA,NA,NA
2021-2022,Ga. Southern,Sun Belt,9,Chamblee Russell,So,OH,6-1,16,7,39,NA,84,42,277,0.152,NA,NA,2,26,7,6,5,NA,NA,92.5,NA,NA,4,NA,NA,NA,NA
2021-2022,Ga. Southern,Sun Belt,16,Grace Slader,So,S,5-8,14,10,50,NA,28,9,93,0.204,435,19,21,74,1,1,22,2,NA,59,11,NA,177,NA,NA,NA,NA
2021-2022,Georgia St.,Sun Belt,6,Erin Wyatt,So,OH,5-11,22,19,79,NA,181,116,573,0.113,13,12,24,213,32,16,26,6,NA,222,2,NA,255,NA,NA,NA,NA
2021-2022,Georgia St.,Sun Belt,8,Ava Vlkovic,So,L/DS,5-7,28,0,98,NA,2,3,29,-0.034,99,25,29,394,32,NA,NA,NA,NA,27,NA,NA,339,NA,NA,NA,NA
2021-2022,Georgia St.,Sun Belt,9,Katie Strickland,So,OH,6-2,4,0,4,NA,2,0,3,0.667,NA,NA,NA,NA,NA,NA,NA,NA,NA,2,1,NA,NA,NA,NA,NA,NA
2021-2022,Georgia St.,Sun Belt,19,Clara Bednarek,So,MB,6-1,21,18,71,NA,134,68,382,0.173,1,NA,2,49,NA,1,32,9,NA,151,NA,NA,8,NA,NA,NA,NA
2021-2022,Little Rock,Sun Belt,5,Nicole Medlin,So,MB,6-0,29,29,99,NA,184,53,437,0.3,1,NA,NA,25,NA,4,89,2,NA,232.5,1,NA,2,NA,NA,NA,NA
2021-2022,Little Rock,Sun Belt,9,Amna Osmankovic,So,OH,6-1,11,0,28,NA,1,0,1,1,1,3,8,10,NA,NA,NA,NA,NA,4,NA,NA,78,NA,NA,NA,NA
2021-2022,Little Rock,Sun Belt,10,Zanobia Willis,So,MB,6-0,29,29,104,NA,103,52,294,0.173,2,NA,NA,11,1,12,98,4,NA,164,1,NA,1,NA,NA,NA,NA
2021-2022,Little Rock,Sun Belt,11,Nejra Hanic,So,OH,6-0,29,2,79,NA,174,90,483,0.174,2,1,1,31,NA,3,36,6,NA,196,NA,NA,9,NA,NA,NA,NA
2021-2022,Little Rock,Sun Belt,15,Lauren Shea,So,RS,6-1,3,0,3,NA,1,2,11,-0.091,NA,NA,NA,1,NA,NA,NA,NA,NA,1,NA,NA,NA,NA,NA,NA,NA
2021-2022,Louisiana,Sun Belt,4,Brianna Franklin,So,DS,5-5,9,0,28,NA,1,0,1,1,5,11,6,54,3,NA,NA,NA,NA,12,NA,NA,91,NA,NA,NA,NA
2021-2022,Louisiana,Sun Belt,10,Kara Barnes,So,MB,5-11,23,23,91,NA,180,64,374,0.31,4,1,2,44,NA,16,72,9,NA,233,1,NA,19,NA,NA,NA,NA
2021-2022,Louisiana,Sun Belt,13,Reka Kotorman,So,S,5-9,21,1,71,NA,6,3,30,0.1,337,14,14,113,1,NA,2,NA,NA,21,9,NA,158,NA,NA,NA,NA
2021-2022,Louisiana,Sun Belt,16,Emery Judkins,So,RS,6-0,26,18,95,NA,189,70,547,0.218,4,NA,NA,40,1,5,28,5,NA,208,NA,NA,NA,NA,NA,NA,NA
2021-2022,Louisiana,Sun Belt,18,Chinelo Ogogor,So,MB,6-0,25,12,86,NA,103,50,286,0.185,5,NA,NA,31,NA,6,56,6,NA,137,1,NA,NA,NA,NA,NA,NA
2021-2022,Louisiana,Sun Belt,23,Coco Gillett,So,OH,5-11,25,24,93,NA,294,108,848,0.219,5,24,17,196,36,1,20,3,NA,329,1,NA,99,NA,NA,NA,NA
2021-2022,Louisiana,Sun Belt,24,Jordan Valley,So,DS,5-6,25,1,87,NA,0,0,3,0,39,16,18,224,22,NA,NA,NA,NA,16,1,NA,193,NA,NA,NA,NA
2021-2022,South Alabama,Sun Belt,1,Juanita Monteiro-Pai,So,L/DS,5-8,14,0,34,NA,0,0,2,0,1,6,6,6,NA,NA,NA,NA,NA,6,NA,NA,65,NA,NA,NA,NA
2021-2022,South Alabama,Sun Belt,15,Carissa Bradford,So,OH,6-2,31,2,113,NA,344,132,918,0.231,6,NA,1,56,4,7,22,4,NA,362,NA,NA,3,NA,NA,NA,NA
2021-2022,South Alabama,Sun Belt,21,Lillie Simons,So,RS,5-11,1,0,1,NA,1,2,5,-0.2,NA,NA,NA,NA,NA,NA,NA,NA,NA,1,NA,NA,NA,NA,NA,NA,NA
2021-2022,Texas St.,Sun Belt,2,Emily Smylie,So,MB,6-1,1,0,1,NA,0,0,0,NA,NA,NA,NA,NA,NA,NA,NA,NA,NA,NA,NA,NA,NA,NA,NA,NA,NA
2021-2022,Texas St.,Sun Belt,14,Ryann Torres,So,S,5-10,30,8,91,NA,16,7,58,0.155,330,13,19,86,NA,NA,7,1,NA,32.5,1,NA,292,NA,NA,NA,NA
2021-2022,Texas St.,Sun Belt,15,Megan Woods,So,MB,6-4,1,0,1,NA,1,0,1,1,NA,NA,1,NA,NA,NA,NA,NA,NA,1,NA,NA,1,NA,NA,NA,NA
2021-2022,Troy,Sun Belt,4,Ashley Guenveur,So,OH,6-0,15,6,38,NA,49,24,152,0.164,3,5,4,63,12,NA,9,NA,NA,58.5,NA,NA,82,NA,NA,NA,NA
2021-2022,Troy,Sun Belt,7,Julia Brooks,So,MH,6-1,31,31,113,NA,353,120,768,0.303,1,1,NA,14,NA,27,76,7,NA,419,NA,NA,11,NA,NA,NA,NA
2021-2022,ULM,Sun Belt,5,Chloe Jordan,So,L/DS,5-6,28,3,78,NA,0,1,11,-0.091,17,3,12,144,20,NA,NA,NA,NA,3,NA,NA,172,NA,NA,NA,NA
2021-2022,ULM,Sun Belt,8,Emma McWhorter,So,MB,5-10,15,12,49,NA,40,15,106,0.236,9,15,16,29,2,1,17,3,NA,64.5,NA,NA,162,NA,NA,NA,NA
2021-2022,UT Arlington,Sun Belt,4,Devon Martinka,So,OH,6-2,20,7,52,NA,86,57,285,0.102,1,1,2,22,NA,2,25,1,NA,101.5,NA,NA,12,NA,NA,NA,NA
2021-2022,UT Arlington,Sun Belt,7,Alli Wells,So,L/DS,5-7,27,0,106,NA,5,2,29,0.103,109,15,12,534,24,NA,NA,NA,NA,20,1,NA,361,NA,NA,NA,NA
2021-2022,UT Arlington,Sun Belt,8,Nya Blair,So,OH,5-11,19,3,53,NA,75,38,246,0.15,1,NA,NA,12,1,NA,14,1,NA,82,1,NA,1,NA,NA,NA,NA
2021-2022,UT Arlington,Sun Belt,9,Jessica Stancliff,So,S,6-0,12,8,43,NA,14,2,35,0.343,255,7,10,78,NA,NA,9,NA,NA,25.5,9,NA,133,NA,NA,NA,NA
2021-2022,UT Arlington,Sun Belt,13,Meredith Fisher,So,OH,6-2,11,0,15,NA,8,4,36,0.111,NA,1,2,6,NA,NA,3,3,NA,10.5,NA,NA,10,NA,NA,NA,NA
2021-2022,Cincinnati,The American,6,Sarah Norcom,So,OH,5-10,22,0,64,NA,130,86,373,0.118,4,NA,1,31,5,1,12,NA,NA,137,NA,NA,4,NA,NA,NA,NA
2021-2022,East Carolina,The American,1,Sania McCoy,So,OH,5-11,15,5,46,NA,51,42,163,0.055,2,NA,NA,15,2,2,21,1,NA,63.5,NA,NA,NA,NA,NA,NA,NA
2021-2022,East Carolina,The American,7,Priscilla Jones,So,MB,6-0,16,13,50,NA,38,17,111,0.189,NA,1,8,11,NA,3,29,NA,NA,56.5,NA,NA,37,NA,NA,NA,NA
2021-2022,East Carolina,The American,10,Jennings Hall,So,RS,5-10,17,0,51,NA,1,1,3,0,NA,13,7,12,1,NA,NA,NA,NA,14,NA,NA,147,NA,NA,NA,NA
2021-2022,East Carolina,The American,16,Sariah Schulteis,So,L/DS,5-3,14,2,31,NA,0,1,2,-0.5,7,4,6,37,5,NA,NA,1,NA,4,NA,NA,73,NA,NA,NA,NA
2021-2022,Houston,The American,10,Grayson Schirpik,So,OH,5-10,21,0,46,NA,5,3,12,0.167,NA,10,7,12,2,NA,NA,NA,NA,15,NA,NA,99,NA,NA,NA,NA
2021-2022,Houston,The American,17,Kate Georgiades,So,L/DS,5-10,32,0,123,NA,2,2,41,0,114,30,22,663,27,NA,NA,NA,NA,32,1,NA,484,NA,NA,NA,NA
2021-2022,Houston,The American,18,Annie Cooke,So,S,5-11,31,31,118,NA,107,19,268,0.328,1189,41,42,262,1,NA,42,1,NA,169,12,NA,484,NA,NA,NA,NA
2021-2022,Houston,The American,22,Sarah Martinez,So,L/DS,5-4,24,1,62,NA,0,1,2,-0.5,12,8,10,70,8,NA,NA,NA,NA,8,NA,NA,120,NA,NA,NA,NA
2021-2022,Memphis,The American,1,Loren Robertson,So,S,5-8,22,8,54,NA,6,2,29,0.138,161,3,13,103,NA,NA,6,1,NA,12,2,NA,156,NA,NA,NA,NA
2021-2022,Memphis,The American,7,Addyson Huber,So,OH,6-2,10,1,19,NA,18,10,63,0.127,NA,NA,1,8,3,NA,4,NA,NA,20,NA,NA,20,NA,NA,NA,NA
2021-2022,Memphis,The American,10,Bailey Houlihan,So,L,5-5,32,0,119,NA,1,1,18,0,93,13,27,534,33,NA,NA,NA,NA,14,3,NA,369,NA,NA,NA,NA
2021-2022,Memphis,The American,14,Autumn Hamilton,So,RS,6-2,31,14,105,NA,240,124,673,0.172,2,NA,NA,59,NA,5,61,2,NA,275.5,NA,NA,1,NA,NA,NA,NA
2021-2022,Memphis,The American,17,Sarah Smith,So,L/DS,5-7,28,0,104,NA,0,0,3,0,9,16,13,59,NA,NA,NA,NA,NA,16,NA,NA,363,NA,NA,NA,NA
2021-2022,SMU,The American,13,Angel Jones,So,MB,6-1,7,1,15,NA,1,1,5,0,1,NA,NA,2,NA,NA,2,NA,NA,2,NA,NA,NA,NA,NA,NA,NA
2021-2022,SMU,The American,27,Zairyn Hemsley,So,S,5-11,24,14,80,NA,13,3,39,0.256,508,11,30,224,NA,NA,5,1,NA,26.5,3,NA,275,NA,NA,NA,NA
2021-2022,South Fla.,The American,2,Ally Barnhart,So,MB,6-4,28,14,96,NA,133,71,360,0.172,6,5,10,38,3,4,76,6,NA,180,NA,NA,29,NA,NA,NA,NA
2021-2022,South Fla.,The American,4,Makayla Washington,So,MB,6-0,1,1,1,NA,4,0,11,0.364,NA,NA,1,1,NA,NA,1,NA,NA,4.5,1,NA,2,NA,NA,NA,NA
2021-2022,South Fla.,The American,5,Madison Bragan,So,S,5-10,15,4,45,NA,1,1,4,0,105,10,15,71,1,NA,NA,NA,NA,11,8,NA,137,NA,NA,NA,NA
2021-2022,South Fla.,The American,17,Madison Sheffield,So,OH,5-10,16,0,41,NA,13,9,40,0.1,NA,2,9,11,1,NA,3,NA,NA,16.5,NA,NA,56,NA,NA,NA,NA
2021-2022,South Fla.,The American,21,Jac St. Cin,So,OH,6-3,10,0,23,NA,32,23,93,0.097,1,NA,2,2,5,1,8,NA,NA,37,NA,NA,2,NA,NA,NA,NA
2021-2022,South Fla.,The American,23,Kelsey O'Loughlin,So,S,5-9,31,16,117,NA,39,15,150,0.16,716,22,48,201,NA,1,15,NA,NA,69.5,14,NA,406,NA,NA,NA,NA
2021-2022,South Fla.,The American,24,Alexis Williams,So,L/DS,5-7,31,20,117,NA,6,1,17,0.294,34,37,22,293,18,NA,NA,NA,NA,43,1,NA,401,NA,NA,NA,NA
2021-2022,Temple,The American,6,Falanika Danielson,So,L/DS,5-5,31,0,118,NA,3,1,20,0.1,76,26,18,470,27,NA,NA,NA,NA,29,4,NA,452,NA,NA,NA,NA
2021-2022,Temple,The American,8,Nina-Symone Williams,So,MB,6-1,2,0,2,NA,0,1,3,-0.333,NA,NA,NA,NA,NA,NA,NA,NA,NA,NA,NA,NA,NA,NA,NA,NA,NA
2021-2022,Temple,The American,10,Nikki Shimao,So,DS,5-6,24,0,84,NA,1,1,14,0,136,8,16,141,8,NA,NA,NA,NA,9,15,NA,239,NA,NA,NA,NA
2021-2022,Temple,The American,14,Taylor Davenport,So,MB,6-0,31,30,111,NA,150,68,406,0.202,6,17,22,49,NA,23,103,13,NA,241.5,4,NA,318,NA,NA,NA,NA
2021-2022,Tulane,The American,4,Sophia Ervanian,So,L,5-6,32,1,120,NA,3,1,19,0.105,51,14,29,365,24,NA,NA,NA,NA,17,NA,NA,304,NA,NA,NA,NA
2021-2022,Tulane,The American,5,Mackenzie Martin,So,OH,5-11,15,1,43,NA,20,12,65,0.123,21,4,4,123,4,1,1,NA,NA,25.5,1,NA,93,NA,NA,NA,NA
2021-2022,Tulane,The American,8,Anna Davis,So,MH,6-1,32,32,119,NA,232,60,623,0.276,9,25,27,63,2,12,80,4,NA,309,1,NA,379,NA,NA,NA,NA
2021-2022,Tulsa,The American,12,Avery Kalsu,So,S,5-10,28,20,98,NA,49,12,172,0.215,653,20,16,275,NA,1,25,5,NA,82.5,7,NA,312,NA,NA,NA,NA
2021-2022,Tulsa,The American,18,Regan Pendleton,So,MB,5-11,4,0,5,NA,3,3,12,0,NA,NA,NA,NA,NA,NA,NA,NA,NA,3,NA,NA,1,NA,NA,NA,NA
2021-2022,UCF,The American,2,Chloe Scheer,So,L/DS,5-8,34,9,125,NA,0,2,13,-0.154,95,40,51,370,50,NA,NA,NA,NA,40,NA,NA,521,NA,NA,NA,NA
2021-2022,UCF,The American,8,Stella Gkiourda,So,OH,6-1,1,0,1,NA,0,0,0,NA,NA,NA,NA,NA,NA,NA,NA,NA,NA,NA,NA,NA,NA,NA,NA,NA,NA
2021-2022,UCF,The American,14,Emily Lawrence,So,S,6-0,13,0,33,NA,0,0,5,0,126,5,3,43,NA,NA,NA,1,NA,5,4,NA,83,NA,NA,NA,NA
2021-2022,UCF,The American,17,Mary Beth Headley,So,OH,5-11,3,0,6,NA,1,2,7,-0.143,NA,NA,1,2,NA,NA,NA,NA,NA,1,NA,NA,4,NA,NA,NA,NA
2021-2022,Wichita St.,The American,3,Brylee Kelly,So,OH,6-1,26,25,104,NA,368,129,992,0.241,6,37,34,131,16,16,23,3,NA,432.5,1,NA,361,NA,NA,NA,NA
2021-2022,Wichita St.,The American,4,Lily Liekweg,So,L/DS,5-5,29,0,117,NA,2,1,7,0.143,81,31,40,484,24,NA,NA,NA,NA,33,1,NA,459,NA,NA,NA,NA
2021-2022,Wichita St.,The American,5,Kayce Litzau,So,S,5-10,27,26,109,NA,72,38,231,0.147,1111,21,33,279,NA,8,57,7,NA,129.5,18,NA,440,NA,NA,NA,NA
2021-2022,Wichita St.,The American,20,Sophia Rohling,So,OPP,6-3,27,12,96,NA,217,99,594,0.199,5,2,8,50,NA,9,48,9,NA,252,1,NA,82,NA,NA,NA,NA
2021-2022,California Baptist,WAC,8,Victoria Goff,So,S,5-9,3,0,3,NA,0,0,0,NA,1,2,NA,1,NA,NA,NA,NA,NA,2,NA,NA,5,NA,NA,NA,NA
2021-2022,California Baptist,WAC,9,Ashlyn Nevrla,So,MB,6-0,14,8,32,NA,32,11,73,0.288,4,4,5,6,NA,1,18,NA,NA,46,NA,NA,52,NA,NA,NA,NA
2021-2022,California Baptist,WAC,10,Jennifer Blessing,So,L,5-8,13,0,21,NA,0,0,0,NA,4,8,1,14,2,NA,NA,NA,NA,8,NA,NA,52,NA,NA,NA,NA
2021-2022,California Baptist,WAC,11,Logan Manley,So,MB,6-1,5,2,9,NA,7,4,22,0.136,NA,NA,5,2,NA,NA,4,NA,NA,9,NA,NA,14,NA,NA,NA,NA
2021-2022,California Baptist,WAC,13,Sara Duran,So,DS,5-3,1,0,1,NA,0,0,0,NA,NA,NA,NA,NA,NA,NA,NA,NA,NA,NA,NA,NA,1,NA,NA,NA,NA
2021-2022,Chicago St.,WAC,2,Berenice Almeyda,So,MB,5-11,28,28,104,NA,209,63,445,0.328,22,23,26,70,1,12,50,3,NA,269,1,NA,367,NA,NA,NA,NA
2021-2022,Chicago St.,WAC,7,Laura Ilizastigui,So,OH,6-0,14,6,32,NA,35,15,120,0.167,7,6,6,23,1,1,14,1,NA,49,NA,NA,80,NA,NA,NA,NA
2021-2022,Chicago St.,WAC,20,Andrea Calderon,So,L,5-4,28,0,104,NA,2,3,22,-0.045,112,15,16,400,28,NA,NA,NA,NA,17,2,NA,369,NA,NA,NA,NA
2021-2022,Grand Canyon,WAC,4,Hope Hanak-Harper,So,OPP,6-0,14,7,34,NA,40,19,111,0.189,2,NA,NA,17,NA,2,9,2,NA,46.5,NA,NA,2,NA,NA,NA,NA
2021-2022,Grand Canyon,WAC,5,Ashley Lifgren,So,OH,6-0,23,21,75,NA,215,68,646,0.228,7,NA,1,122,10,5,19,11,NA,229.5,NA,NA,19,NA,NA,NA,NA
2021-2022,Grand Canyon,WAC,6,Mia Goulart,So,DS,5-4,14,4,43,NA,0,0,3,0,5,11,20,106,13,NA,NA,NA,NA,11,NA,NA,135,NA,NA,NA,NA
2021-2022,Grand Canyon,WAC,9,Ava Mason,So,S,5-9,22,5,48,NA,6,1,20,0.25,199,11,10,48,NA,NA,1,4,NA,17.5,7,NA,111,NA,NA,NA,NA
2021-2022,Grand Canyon,WAC,12,Giorgia Turri,So,OH,5-9,16,4,45,NA,76,45,250,0.124,5,11,20,91,9,NA,2,2,NA,88,NA,NA,165,NA,NA,NA,NA
2021-2022,Grand Canyon,WAC,16,Castan Sturm,So,L/DS,5-7,20,2,49,NA,0,1,2,-0.5,2,10,19,29,3,NA,NA,NA,NA,10,NA,NA,140,NA,NA,NA,NA
2021-2022,Lamar University,WAC,3,Giselle Santini,So,L/DS,5-5,23,2,80,NA,0,0,14,0,61,4,21,313,23,NA,NA,NA,NA,4,NA,NA,216,NA,NA,NA,NA
2021-2022,Lamar University,WAC,5,Hannah Waters,So,S,5-5,25,25,87,NA,10,10,51,0,464,9,8,215,NA,NA,NA,1,NA,19,5,NA,265,NA,NA,NA,NA
2021-2022,Lamar University,WAC,6,Tytiana Johnson,So,MB,5-10,5,4,15,NA,13,10,56,0.054,1,2,3,11,NA,3,9,3,NA,22.5,2,NA,30,NA,NA,NA,NA
2021-2022,Lamar University,WAC,7,Amber Johnson,So,OH,5-10,26,26,89,NA,167,76,495,0.184,2,NA,NA,50,4,4,31,22,NA,186.5,3,NA,5,NA,NA,NA,NA
2021-2022,New Mexico St.,WAC,1,Darian Markham,So,L,5-4,26,0,99,NA,3,0,11,0.273,81,20,32,418,17,NA,NA,NA,NA,23,1,NA,383,NA,NA,NA,NA
2021-2022,New Mexico St.,WAC,2,McKenna Peters,So,L/DS,-,7,0,13,NA,0,0,0,NA,2,1,1,4,1,NA,NA,NA,NA,1,NA,NA,24,NA,NA,NA,NA
2021-2022,New Mexico St.,WAC,3,Kaleigh Thomas,So,MB,6-0,1,0,1,NA,0,0,0,NA,NA,NA,NA,NA,NA,NA,NA,NA,NA,NA,NA,NA,NA,NA,NA,NA,NA
2021-2022,New Mexico St.,WAC,5,Lauryn Taylor,So,L/DS,-,17,0,52,NA,0,0,5,0,11,4,10,86,9,NA,NA,NA,NA,4,NA,NA,127,NA,NA,NA,NA
2021-2022,New Mexico St.,WAC,6,Alexi Brown,So,L/DS,-,4,0,4,NA,0,0,0,NA,NA,NA,1,NA,1,NA,NA,NA,NA,NA,NA,NA,5,NA,NA,NA,NA
2021-2022,New Mexico St.,WAC,9,Kalli Schoening,So,MB,6-2,10,9,30,NA,22,9,52,0.25,1,NA,1,6,NA,6,21,3,NA,38.5,1,NA,5,NA,NA,NA,NA
2021-2022,New Mexico St.,WAC,12,Victoria Barrett,So,OH,5-9,12,11,38,NA,90,65,273,0.092,6,18,21,97,8,4,9,3,NA,116.5,2,NA,148,NA,NA,NA,NA
2021-2022,New Mexico St.,WAC,13,Keke Holloway,So,L/DS,5-4,27,0,66,NA,0,0,0,NA,8,7,14,21,1,NA,NA,NA,NA,7,NA,NA,155,NA,NA,NA,NA
2021-2022,New Mexico St.,WAC,22,Kaitlin Espiritu,So,RS,6-0,3,0,3,NA,0,0,0,NA,NA,NA,NA,1,NA,NA,NA,NA,NA,NA,NA,NA,NA,NA,NA,NA,NA
2021-2022,New Mexico St.,WAC,24,Jessica Skemp,So,S,-,4,0,4,NA,0,0,0,NA,1,NA,1,1,NA,NA,NA,NA,NA,NA,NA,NA,6,NA,NA,NA,NA
2021-2022,New Mexico St.,WAC,35,Mari Sharp,So,OH,5-9,27,21,94,NA,171,66,555,0.189,7,9,23,183,35,2,12,3,NA,188,NA,NA,270,NA,NA,NA,NA
2021-2022,SFA,WAC,6,Hailey Hunt,So,OH,5-10,14,2,33,NA,52,17,138,0.254,1,NA,1,15,1,NA,16,NA,NA,60,NA,NA,5,NA,NA,NA,NA
2021-2022,SFA,WAC,8,Leah Powell,So,OH,5-9,29,25,96,NA,263,61,752,0.269,6,5,13,202,14,7,35,4,NA,292.5,NA,NA,141,NA,NA,NA,NA
2021-2022,SFA,WAC,10,Ashley Procious,So,MB,6-1,13,5,29,NA,32,14,80,0.225,1,NA,NA,8,NA,4,21,3,NA,46.5,2,NA,NA,NA,NA,NA,NA
2021-2022,SFA,WAC,11,Emily Ah Leong,So,DS,5-9,1,0,3,NA,0,2,7,-0.286,NA,NA,NA,2,NA,NA,NA,NA,NA,NA,NA,NA,1,NA,NA,NA,NA
2021-2022,SFA,WAC,12,Maddy Bourque,So,S,5-10,29,11,103,NA,14,4,53,0.189,506,14,32,155,NA,NA,1,4,NA,28.5,8,NA,351,NA,NA,NA,NA
2021-2022,SFA,WAC,15,Bryli Contreras,So,DS,-,27,2,86,NA,1,2,14,-0.071,38,19,26,196,9,NA,NA,NA,NA,20,NA,NA,304,NA,NA,NA,NA
2021-2022,SFA,WAC,16,Ielan Bradley,So,MB,6-0,28,8,86,NA,169,87,458,0.179,3,NA,NA,31,NA,8,40,1,NA,197,NA,NA,NA,NA,NA,NA,NA
2021-2022,Sam Houston,WAC,1,Morgan Janda,So,S,5-10,28,28,108,NA,69,22,231,0.203,1022,21,24,284,1,2,20,5,NA,102,11,NA,400,NA,NA,NA,NA
2021-2022,Sam Houston,WAC,5,Sam Rodgers,So,RS,5-11,14,0,30,NA,21,16,62,0.081,NA,NA,NA,8,NA,NA,12,2,NA,27,NA,NA,NA,NA,NA,NA,NA
2021-2022,Sam Houston,WAC,10,De'Janae Gilmore,So,MB,5-10,28,28,108,NA,156,62,392,0.24,13,13,14,88,NA,13,72,11,NA,218,NA,NA,341,NA,NA,NA,NA
2021-2022,Sam Houston,WAC,15,McKenzie Morvant,So,MB,6-0,28,28,99,NA,127,45,347,0.236,9,NA,NA,19,2,20,91,8,NA,192.5,NA,NA,NA,NA,NA,NA,NA
2021-2022,Sam Houston,WAC,18,Catherine Krieger,So,OH,6-0,28,26,108,NA,291,119,800,0.215,8,2,7,69,14,NA,19,2,NA,302.5,NA,NA,32,NA,NA,NA,NA
2021-2022,Seattle U,WAC,3,Kylie Waters,So,L/DS,5-3,22,1,69,NA,1,2,6,-0.167,26,13,15,165,12,NA,NA,NA,NA,14,1,NA,236,NA,NA,NA,NA
2021-2022,Seattle U,WAC,10,Sophia Bertotti Metoyer,So,MB,6-2,3,3,11,NA,8,5,24,0.125,1,1,4,1,NA,1,6,NA,NA,13,NA,NA,14,NA,NA,NA,NA
2021-2022,Tarleton St.,WAC,3,Isabel Gonzaba,So,DS,5-4,23,9,69,NA,1,1,12,0,25,8,6,107,14,NA,NA,NA,NA,9,NA,NA,176,NA,NA,NA,NA
2021-2022,Tarleton St.,WAC,5,Melina Maldonado,So,S,5-9,29,0,93,NA,9,2,50,0.14,307,22,18,110,1,NA,NA,NA,NA,31,19,NA,297,NA,NA,NA,NA
2021-2022,Tarleton St.,WAC,14,Matti Theurer,So,DS,5-7,15,5,37,NA,1,1,8,0,7,1,6,49,1,NA,NA,NA,NA,2,NA,NA,70,NA,NA,NA,NA
2021-2022,UTRGV,WAC,7,Luisa Silva Dos Santos,So,MB,6-0,27,27,104,NA,212,82,528,0.246,27,29,19,73,NA,15,85,7,NA,298.5,NA,NA,389,NA,NA,NA,NA
2021-2022,UTRGV,WAC,11,Ioanna Charitonidi,So,L,5-11,28,28,105,NA,173,74,575,0.172,16,19,23,237,31,6,18,2,NA,207,NA,NA,336,NA,NA,NA,NA
2021-2022,UTRGV,WAC,13,Maria Eduarda Rodrigues,So,RS,6-3,17,1,49,NA,65,35,234,0.128,3,NA,NA,10,NA,1,22,NA,NA,77,1,NA,NA,NA,NA,NA,NA
2021-2022,Utah Tech,WAC,5,Bridgett Talia,So,OH,5-11,16,3,54,NA,90,51,294,0.133,1,NA,5,23,5,5,23,2,NA,106.5,2,NA,17,NA,NA,NA,NA
2021-2022,Utah Tech,WAC,7,Mykenna Nelson,So,L,5-8,22,0,82,NA,5,2,36,0.083,65,12,14,373,15,NA,NA,NA,NA,17,1,NA,257,NA,NA,NA,NA
2021-2022,Utah Tech,WAC,11,Chayse Daugherty,So,OH,5-9,17,5,51,NA,77,37,291,0.137,2,4,12,70,4,NA,11,1,NA,86.5,1,NA,94,NA,NA,NA,NA
2021-2022,Utah Tech,WAC,17,Taela Laufiso,So,S,6-0,15,1,44,NA,13,3,40,0.25,156,1,5,54,NA,NA,NA,NA,NA,14,15,NA,35,NA,NA,NA,NA
2021-2022,Utah Valley,WAC,1,Ke'ilani Sedrick,So,L/DS,5-3,21,0,43,NA,0,0,0,NA,1,3,5,11,NA,NA,NA,NA,NA,3,NA,NA,66,NA,NA,NA,NA
2021-2022,Utah Valley,WAC,4,Abbie Medeiros,So,S,5-8,29,29,114,NA,21,8,76,0.171,629,34,28,183,1,NA,2,NA,NA,56,13,NA,459,NA,NA,NA,NA
2021-2022,Utah Valley,WAC,14,Bryton Nixon,So,L/DS,5-5,29,0,114,NA,0,0,21,0,125,29,31,457,44,NA,NA,NA,NA,29,2,NA,436,NA,NA,NA,NA
2021-2022,Utah Valley,WAC,17,Kendra Nock,So,MB,6-4,29,26,100,NA,143,62,361,0.224,2,NA,NA,14,2,15,111,6,NA,213.5,2,NA,NA,NA,NA,NA,NA
2021-2022,BYU,WCC,10,Erin Livingston,So,OH,6-2,29,25,97,NA,242,70,629,0.273,3,NA,1,33,NA,1,31,3,NA,258.5,1,NA,8,NA,NA,NA,NA
2021-2022,BYU,WCC,14,Aria McComber,So,L/DS,5-6,32,6,105,NA,1,0,4,0.25,27,16,11,157,19,NA,NA,NA,NA,17,NA,NA,250,NA,NA,NA,NA
2021-2022,BYU,WCC,18,Madi Allen,So,L,5-8,30,0,100,NA,4,0,11,0.364,117,31,30,305,15,NA,NA,NA,NA,35,1,NA,444,NA,NA,NA,NA
2021-2022,Gonzaga,WCC,1,Alisa Kim,So,DS,5-3,28,2,91,NA,1,0,3,0.333,40,16,28,167,19,NA,NA,NA,NA,17,1,NA,316,NA,NA,NA,NA
2021-2022,Gonzaga,WCC,2,Rhea Jansen,So,DS,5-9,13,0,28,NA,0,0,1,0,1,NA,7,5,NA,NA,NA,NA,NA,NA,NA,NA,62,NA,NA,NA,NA
2021-2022,Gonzaga,WCC,3,Zoe Thiros,So,OH,5-11,29,19,84,NA,118,74,369,0.119,7,10,16,93,13,2,16,5,NA,138,1,NA,165,NA,NA,NA,NA
2021-2022,Gonzaga,WCC,10,Viktoriya Ivanova,So,DS,5-7,29,2,96,NA,1,0,2,0.5,28,27,28,265,19,NA,1,NA,NA,28.5,2,NA,322,NA,NA,NA,NA
2021-2022,Gonzaga,WCC,13,Danielle Batenhorst,So,OH,6-1,26,4,81,NA,6,7,32,-0.031,3,21,18,25,1,NA,6,2,NA,30,NA,NA,216,NA,NA,NA,NA
2021-2022,LMU (CA),WCC,13,Rose Booth,So,OH,6-1,26,17,81,NA,206,91,542,0.212,8,29,57,82,32,5,30,4,NA,255,2,NA,186,NA,NA,NA,NA
2021-2022,LMU (CA),WCC,17,Emmelyn Walters,So,MB,6-3,27,22,97,NA,108,47,258,0.236,6,6,15,30,NA,11,62,3,NA,156,NA,NA,193,NA,NA,NA,NA
2021-2022,Pacific,WCC,1,Alexa Edwards,So,OH,5-11,30,30,112,NA,413,205,1210,0.172,10,18,43,268,35,17,39,4,NA,467.5,2,NA,360,NA,NA,NA,NA
2021-2022,Pacific,WCC,4,Sammie Sheppard,So,L/DS,5-6,2,0,2,NA,0,0,0,NA,NA,NA,NA,NA,NA,NA,NA,NA,NA,NA,NA,NA,1,NA,NA,NA,NA
2021-2022,Pacific,WCC,7,Ramonni Cook,So,MB,6-2,30,29,109,NA,213,143,560,0.125,6,NA,NA,45,1,NA,42,6,NA,234,1,NA,1,NA,NA,NA,NA
2021-2022,Pacific,WCC,15,Darina Kumanova,So,OH,6-0,30,30,112,NA,275,203,835,0.086,11,36,43,250,54,3,17,2,NA,322.5,4,NA,418,NA,NA,NA,NA
2021-2022,Pacific,WCC,19,Miranda Baptista,So,S,5-8,11,0,21,NA,2,0,3,0.667,35,8,4,9,NA,NA,NA,NA,NA,10,NA,NA,64,NA,NA,NA,NA
2021-2022,Pepperdine,WCC,8,Calista Wright,So,MB,5-10,1,0,1,NA,0,0,0,NA,NA,NA,NA,NA,NA,NA,NA,NA,NA,NA,NA,NA,1,NA,NA,NA,NA
2021-2022,Pepperdine,WCC,11,Emma Ammerman,So,OH,6-3,28,22,104,NA,199,98,518,0.195,4,3,2,46,NA,NA,45,6,NA,224.5,NA,NA,34,NA,NA,NA,NA
2021-2022,Pepperdine,WCC,12,Meg Brown,So,MB,6-3,25,25,96,NA,220,76,473,0.304,16,26,25,60,1,6,75,15,NA,289.5,NA,NA,350,NA,NA,NA,NA
2021-2022,Pepperdine,WCC,13,Kennedi Steele,So,DS,5-8,4,0,5,NA,0,0,0,NA,NA,NA,NA,2,NA,NA,NA,NA,NA,NA,NA,NA,1,NA,NA,NA,NA
2021-2022,Portland,WCC,1,Jiana Lawson,So,MB,5-9,22,20,68,NA,78,27,228,0.224,1,13,24,26,NA,8,50,8,NA,124,1,NA,153,NA,NA,NA,NA
2021-2022,Portland,WCC,3,Nevaeh Bray,So,MB,6-2,13,6,35,NA,30,19,97,0.113,1,9,13,14,NA,1,16,2,NA,48,NA,NA,71,NA,NA,NA,NA
2021-2022,Portland,WCC,9,Ryann Gregg,So,OH,6-0,5,4,17,NA,45,24,116,0.181,NA,NA,NA,5,3,NA,1,NA,NA,45.5,NA,NA,NA,NA,NA,NA,NA
2021-2022,Portland,WCC,11,Chelsey McCurdy,So,MB,6-3,22,22,78,NA,108,31,246,0.313,1,4,5,13,1,6,42,9,NA,139,1,NA,42,NA,NA,NA,NA
2021-2022,Saint Mary's (CA),WCC,1,Makenna Joyce,So,OH,5-7,7,1,22,NA,0,0,1,0,NA,5,6,19,NA,NA,NA,NA,NA,5,NA,NA,49,NA,NA,NA,NA
2021-2022,Saint Mary's (CA),WCC,13,Trinity Durfee,So,MB,6-2,20,12,59,NA,61,19,130,0.323,3,NA,1,11,NA,7,35,2,NA,85.5,NA,NA,1,NA,NA,NA,NA
2021-2022,Saint Mary's (CA),WCC,18,Ella Sandt,So,S,6-0,27,18,101,NA,5,2,16,0.188,489,15,14,161,NA,NA,NA,1,NA,20,6,NA,308,NA,NA,NA,NA
2021-2022,San Diego,WCC,3,Kylie Pries,So,OH,6-2,22,18,73,NA,163,58,487,0.216,6,9,4,68,20,1,21,3,NA,183.5,NA,NA,92,NA,NA,NA,NA
2021-2022,San Diego,WCC,4,Alex Hoglund,So,S,5-6,24,0,77,NA,0,0,1,0,3,10,11,26,NA,NA,NA,NA,NA,10,NA,NA,245,NA,NA,NA,NA
2021-2022,San Diego,WCC,7,Leyla Blackwell,So,MB,6-4,28,27,102,NA,132,45,293,0.297,9,NA,NA,14,NA,29,104,11,NA,213,3,NA,NA,NA,NA,NA,NA
2021-2022,San Diego,WCC,12,Isadora Tercariol,So,S,6-0,27,23,88,NA,32,11,103,0.204,802,15,6,196,NA,5,45,2,NA,74.5,4,NA,336,NA,NA,NA,NA
2021-2022,San Diego,WCC,14,Elly Schraeder,So,MB,6-2,10,3,21,NA,11,4,26,0.269,NA,NA,NA,1,NA,4,14,NA,NA,22,NA,NA,NA,NA,NA,NA,NA
2021-2022,San Francisco,WCC,17,Kellen Martins,So,RS,6-2,14,10,37,NA,59,41,205,0.088,1,NA,2,16,NA,1,10,1,NA,65,NA,NA,6,NA,NA,NA,NA
2021-2022,Santa Clara,WCC,3,Casey Campbell,So,OH,6-0,7,0,10,NA,0,0,0,NA,NA,NA,NA,1,NA,NA,NA,NA,NA,NA,NA,NA,20,NA,NA,NA,NA
2021-2022,Santa Clara,WCC,4,Nani Spaar,So,OH,6-0,16,5,32,NA,46,31,154,0.097,2,4,12,17,6,NA,5,3,NA,52.5,2,NA,78,NA,NA,NA,NA
2021-2022,Santa Clara,WCC,9,Katerina Georgiadis,So,L/DS,5-7,27,0,102,NA,4,2,18,0.111,90,8,25,412,29,NA,NA,NA,NA,12,1,NA,310,NA,NA,NA,NA
2021-2022,Santa Clara,WCC,19,Sophia Tulino,So,OH,6-0,27,21,91,NA,275,122,729,0.21,11,31,54,140,36,3,22,6,NA,320,2,NA,296,NA,NA,NA,NA
2021-2022,Santa Clara,WCC,21,Elena Radeff,So,OPP,6-0,10,1,11,NA,4,6,18,-0.111,NA,NA,NA,NA,NA,NA,3,2,NA,5.5,NA,NA,1,NA,NA,NA,NA
2021-2022,Santa Clara,WCC,22,Lexi Poppinga,So,MB,6-2,12,3,24,NA,11,2,19,0.474,1,NA,2,2,NA,1,8,1,NA,16,NA,NA,15,NA,NA,NA,NA
2022-2023,Boston College,ACC,6,Jenna Pollock,So,MB,6-2,36,17,122,NA,260,124,708,0.192,8,15,24,96,15,8,66,1,52.5,316,2,NA,NA,172,NA,NA,NA
2022-2023,Boston College,ACC,17,Cornelia Roach,So,MB,6-2,4,0,4,NA,3,1,6,0.333,NA,NA,1,NA,NA,NA,2,NA,1,4,NA,NA,NA,NA,NA,NA,NA
2022-2023,Boston College,ACC,19,Jane Petrie,So,S,5-8,27,0,53,NA,0,1,4,-0.25,169,7,15,39,NA,NA,NA,NA,NA,7,8,NA,NA,3,NA,NA,NA
2022-2023,Boston College,ACC,21,Nikki Steinheiser,So,OH,6-0,22,2,49,NA,21,11,77,0.13,NA,1,7,47,12,NA,5,1,3.5,24.5,3,NA,NA,127,NA,NA,NA
2022-2023,Boston College,ACC,23,Julia Haggerty,So,MB,6-2,37,35,134,NA,146,26,276,0.435,2,NA,NA,33,1,22,133,6,113.5,234.5,2,NA,NA,25,NA,NA,NA
2022-2023,Clemson,ACC,2,Kyla Solis,So,MB,6-3,1,0,1,NA,1,0,5,0.2,NA,NA,NA,NA,NA,NA,NA,NA,NA,1,NA,NA,NA,NA,NA,NA,NA
2022-2023,Clemson,ACC,5,Jacyn Bamis,So,MB,6-1,17,15,56,NA,81,38,183,0.235,2,NA,NA,10,NA,12,30,3,30,108,1,NA,NA,2,NA,NA,NA
2022-2023,Clemson,ACC,7,Aźyah Dailey,So,OH,6-2,18,3,50,NA,86,37,251,0.195,NA,NA,1,32,NA,5,10,3,12.5,96,NA,NA,NA,4,NA,NA,NA
2022-2023,Clemson,ACC,16,Devan Taylor,So,L/DS,5-9,31,0,122,NA,3,2,40,0.025,122,28,27,489,43,NA,NA,NA,NA,31,NA,NA,NA,777,NA,NA,NA
2022-2023,Duke,ACC,3,Rachel Richardson,So,OH,5-9,28,19,101,NA,205,157,713,0.067,17,21,39,199,39,3,23,NA,17,240.5,1,NA,NA,538,NA,NA,NA
2022-2023,Duke,ACC,6,Rylie Kadel,So,MB,6-0,29,29,112,NA,211,89,466,0.262,2,28,32,64,NA,18,104,4,82,309,1,NA,NA,9,NA,NA,NA
2022-2023,Duke,ACC,13,Nikki Underwood,So,OH,5-11,29,0,112,NA,5,2,15,0.2,87,23,63,423,20,NA,NA,NA,NA,28,2,NA,NA,544,NA,NA,NA
2022-2023,Duke,ACC,17,Ngozi Iloh,So,MB,6-2,7,1,11,NA,5,8,25,-0.12,1,NA,1,4,NA,NA,NA,NA,NA,5,NA,NA,NA,NA,NA,NA,NA
2022-2023,Florida St.,ACC,1,Skye Ekes,So,MB,6-1,20,1,52,NA,71,29,179,0.235,2,NA,NA,14,NA,1,17,NA,10.5,80.5,NA,NA,NA,2,NA,NA,NA
2022-2023,Florida St.,ACC,2,Addi Hultquist,So,L,5-4,8,1,16,NA,0,0,1,0,3,2,1,14,2,NA,NA,NA,NA,2,NA,NA,NA,30,NA,NA,NA
2022-2023,Florida St.,ACC,4,Audrey Koenig,So,OH,6-3,30,29,110,NA,321,114,921,0.225,8,35,52,253,35,5,42,2,28.5,382,NA,NA,NA,604,NA,NA,NA
2022-2023,Florida St.,ACC,5,Emery Dupes,So,L,5-6,27,0,94,NA,3,0,13,0.231,70,15,28,287,23,NA,NA,NA,NA,18,NA,NA,NA,388,NA,NA,NA
2022-2023,Florida St.,ACC,8,Khori Louis,So,MB,6-3,30,30,110,NA,237,67,476,0.357,1,NA,NA,21,NA,14,87,8,73.5,294.5,2,NA,NA,2,NA,NA,NA
2022-2023,Florida St.,ACC,18,Ava Pitchford,So,S,5-9,24,1,86,NA,2,12,29,-0.345,413,19,22,127,NA,NA,3,1,3,22.5,5,NA,NA,3,NA,NA,NA
2022-2023,Georgia Tech,ACC,4,Lauren Sanden,So,L/DS,5-9,1,0,1,NA,0,0,0,NA,NA,NA,NA,NA,NA,NA,NA,NA,NA,NA,NA,NA,NA,NA,NA,NA,NA
2022-2023,Georgia Tech,ACC,5,Bianca Bertolino,So,OH,6-0,29,29,103,NA,202,89,629,0.18,35,29,15,356,20,11,26,3,31,255,2,NA,NA,695,NA,NA,NA
2022-2023,Georgia Tech,ACC,12,Leia Harper,So,OH,6-2,10,0,20,NA,15,15,53,0,1,NA,NA,7,2,1,6,1,5,19,NA,NA,NA,4,NA,NA,NA
2022-2023,Georgia Tech,ACC,18,Laura Fischer,So,RS,6-3,20,1,42,NA,11,6,40,0.125,1,NA,NA,8,NA,NA,10,2,8,16,NA,NA,NA,NA,NA,NA,NA
2022-2023,Louisville,ACC,5,Elle Glock,So,S,6-1,7,1,10,NA,1,1,3,0,53,1,1,8,NA,NA,3,1,2.5,3.5,1,NA,NA,1,NA,NA,NA
2022-2023,Louisville,ACC,13,Cara Cresse,So,MB,6-6,20,11,51,NA,58,23,122,0.287,NA,2,2,10,NA,6,51,9,40,91.5,NA,NA,NA,2,NA,NA,NA
2022-2023,Louisville,ACC,16,Paige Morningstar,So,S,6-0,11,0,12,NA,0,0,0,NA,6,NA,1,7,NA,NA,NA,NA,NA,NA,NA,NA,NA,NA,NA,NA,NA
2022-2023,Louisville,ACC,19,Elena Scott,So,L/DS,5-9,34,0,119,NA,4,1,11,0.273,126,41,37,467,16,NA,NA,NA,NA,45,1,NA,NA,401,NA,NA,NA
2022-2023,Miami (FL),ACC,3,Hanna Bissler,So,DS,5-9,9,1,17,NA,0,0,1,0,1,1,1,11,3,NA,NA,NA,NA,1,NA,NA,NA,22,NA,NA,NA
2022-2023,Miami (FL),ACC,4,Ashley Carr,So,MB,6-0,1,0,1,NA,2,0,3,0.667,1,NA,NA,NA,NA,NA,1,NA,0.5,2.5,NA,NA,NA,NA,NA,NA,NA
2022-2023,Miami (FL),ACC,7,Yaidaliz Rosado,So,DS,5-8,29,1,101,NA,2,2,10,0,63,23,30,308,12,NA,NA,NA,NA,25,3,NA,NA,364,NA,NA,NA
2022-2023,Miami (FL),ACC,11,Alanys Viera,So,S,5-5,22,1,60,NA,1,0,4,0.25,23,4,4,95,1,NA,NA,NA,NA,5,NA,NA,NA,130,NA,NA,NA
2022-2023,Miami (FL),ACC,16,Nyah Anderson,So,OH,6-0,19,4,39,NA,81,34,221,0.213,1,1,2,19,5,1,14,2,9,90,NA,NA,NA,80,NA,NA,NA
2022-2023,Miami (FL),ACC,19,Peyman Yardimci,So,NA,6-0,30,28,104,NA,222,82,580,0.241,12,26,26,146,5,5,78,6,55.5,292,1,NA,NA,41,NA,NA,NA
2022-2023,NC State,ACC,1,Madison Williams,So,OH,6-2,18,2,54,NA,115,50,389,0.167,3,2,4,41,8,7,13,2,15,130.5,NA,NA,NA,119,NA,NA,NA
2022-2023,NC State,ACC,14,Martyna Leoniak,So,OH,6-3,25,22,77,NA,201,101,612,0.163,11,13,39,189,22,10,31,4,32.5,239.5,2,NA,NA,476,NA,NA,NA
2022-2023,NC State,ACC,16,Jada Allen,So,MB,6-1,29,29,106,NA,144,51,332,0.28,7,3,11,27,NA,12,109,4,80,213.5,NA,NA,NA,19,NA,NA,NA
2022-2023,NC State,ACC,17,Amanda Rice,So,OPP,6-1,29,13,103,NA,241,116,586,0.213,3,9,7,69,NA,5,43,7,38.5,276.5,NA,NA,NA,5,NA,NA,NA
2022-2023,North Carolina,ACC,9,Mabrey Shaffmaster,So,OH,6-1,28,28,104,NA,407,182,1092,0.206,26,30,53,284,19,8,32,6,33,461,4,NA,NA,591,NA,NA,NA
2022-2023,North Carolina,ACC,24,Marissa Meyerhoefer,So,L/DS,5-7,8,0,12,NA,0,0,0,NA,NA,NA,NA,1,NA,NA,NA,NA,NA,NA,NA,NA,NA,2,NA,NA,NA
2022-2023,Notre Dame,ACC,19,Phyona Schrader,So,S,6-0,28,28,108,NA,151,39,408,0.275,877,18,37,333,NA,6,42,7,36.5,196,13,2,NA,7,NA,NA,NA
2022-2023,Notre Dame,ACC,20,Paris Thompson,So,OH,6-1,23,11,63,NA,148,83,527,0.123,6,4,12,71,5,3,15,2,13.5,162.5,NA,NA,NA,130,NA,NA,NA
2022-2023,Pittsburgh,ACC,7,Julianna Dalton,So,OH,6-5,32,30,109,NA,234,120,691,0.165,17,16,16,186,33,4,53,11,41.5,280.5,4,NA,NA,674,NA,NA,NA
2022-2023,Pittsburgh,ACC,10,Rachel Fairbanks,So,S,6-0,35,34,125,NA,144,72,420,0.171,880,39,31,290,NA,2,49,2,36.5,209.5,3,2,NA,7,NA,NA,NA
2022-2023,Pittsburgh,ACC,12,Emmy Klika,So,L/DS,5-7,32,1,88,NA,1,0,1,1,54,3,8,164,16,NA,NA,NA,NA,4,NA,NA,NA,343,NA,NA,NA
2022-2023,Syracuse,ACC,4,Riley Hoffman,So,S,5-5,25,8,90,NA,3,2,37,0.027,415,15,16,182,NA,NA,NA,1,1,18,4,NA,NA,6,NA,NA,NA
2022-2023,Syracuse,ACC,22,Raina Hughes,So,MB,6-1,28,23,103,NA,87,37,239,0.209,9,12,20,17,1,10,100,13,76.5,159,2,NA,NA,4,NA,NA,NA
2022-2023,Virginia,ACC,2,Brooklyn Borum,So,OH,6-0,25,22,84,NA,115,74,422,0.097,20,15,15,155,26,2,16,4,15.5,140,1,NA,NA,472,NA,NA,NA
2022-2023,Virginia,ACC,3,Abby Tadder,So,MB,6-2,29,27,115,NA,244,86,475,0.333,7,18,34,37,NA,10,104,19,88,324,1,NA,NA,17,NA,NA,NA
2022-2023,Virginia,ACC,5,Ashley Le,So,S,5-9,29,14,100,NA,1,1,7,0,359,9,25,158,NA,NA,NA,NA,NA,10,7,NA,NA,3,NA,NA,NA
2022-2023,Virginia,ACC,17,Heyli Velasquez,So,L/DS,5-5,28,2,94,NA,0,0,6,0,31,7,26,139,19,NA,NA,NA,NA,7,NA,NA,NA,290,NA,NA,NA
2022-2023,Virginia Tech,ACC,14,Elayna Duprey,So,OH,5-11,22,4,59,NA,109,78,327,0.095,3,3,5,31,7,1,7,8,11,116.5,NA,NA,NA,51,NA,NA,NA
2022-2023,Virginia Tech,ACC,19,Reagan Goeke,So,MB,6-2,3,1,3,NA,0,0,1,0,NA,NA,NA,NA,NA,NA,1,NA,0.5,0.5,NA,NA,NA,3,NA,NA,NA
2022-2023,Wake Forest,ACC,5,Kendall Phillips,So,DS,5-5,15,1,40,NA,0,0,1,0,2,7,16,55,4,NA,NA,NA,NA,7,NA,NA,NA,125,NA,NA,NA
2022-2023,Wake Forest,ACC,19,Kalani Whillock,So,OH,5-10,27,18,100,NA,19,10,72,0.125,10,22,21,188,18,NA,NA,1,1,41,NA,NA,NA,465,NA,NA,NA
2022-2023,Austin Peay,ASUN,10,Jaida Clark,So,MB,6-1,27,26,104,NA,222,89,520,0.256,9,2,4,41,NA,22,53,6,57.5,272.5,3,NA,NA,24,NA,NA,NA
2022-2023,Austin Peay,ASUN,11,Marlayna Bullington,So,RS,6-1,25,19,89,NA,166,97,574,0.12,21,21,18,236,42,9,14,4,21.5,203,NA,NA,NA,703,NA,NA,NA
2022-2023,Austin Peay,ASUN,27,Elizabeth Wheat,So,OH,5-9,23,8,73,NA,113,75,325,0.117,7,3,1,77,13,9,14,1,17.5,132,NA,NA,NA,137,NA,NA,NA
2022-2023,Bellarmine,ASUN,4,Macie Garrison,So,S,5-10,20,9,50,NA,36,11,107,0.234,364,4,14,99,NA,1,10,2,7.5,46,26,NA,NA,3,NA,NA,NA
2022-2023,Bellarmine,ASUN,8,Jayda Harris,So,MB,6-3,23,19,87,NA,140,44,302,0.318,5,5,12,27,1,17,44,4,42.5,184,NA,NA,NA,13,NA,NA,NA
2022-2023,Bellarmine,ASUN,13,Hallie Westmeyer,So,MB,6-0,3,0,3,NA,0,1,1,-1,NA,NA,NA,NA,NA,NA,NA,NA,NA,NA,NA,NA,NA,NA,NA,NA,NA
2022-2023,Bellarmine,ASUN,18,Ashley Nordmann,So,MH,6-0,13,10,38,NA,43,15,115,0.243,1,NA,1,5,1,9,17,3,20.5,60.5,1,NA,NA,2,NA,NA,NA
2022-2023,Central Ark.,ASUN,3,Jamiryana Hall,So,OH,5-9,28,11,91,NA,274,129,769,0.189,3,NA,NA,51,11,1,14,NA,9.5,282,NA,NA,NA,100,NA,NA,NA
2022-2023,Central Ark.,ASUN,5,Shelbi Owens,So,L/DS,5-3,5,0,9,NA,0,0,0,NA,2,NA,3,10,1,NA,NA,NA,NA,NA,NA,NA,NA,18,NA,NA,NA
2022-2023,Central Ark.,ASUN,12,Marissa McKelvey,So,S,5-9,11,3,28,NA,11,1,34,0.294,123,8,7,41,NA,NA,3,1,2.5,20.5,1,NA,NA,NA,NA,NA,NA
2022-2023,Central Ark.,ASUN,13,Lilly Taylor,So,OH,6-1,18,6,45,NA,77,53,246,0.098,6,14,11,68,10,3,10,NA,8,99,1,NA,NA,207,NA,NA,NA
2022-2023,Central Ark.,ASUN,15,Mackenzie Vernon,So,RS,5-11,25,15,91,NA,243,109,580,0.231,3,NA,NA,29,NA,5,48,6,36.5,272,1,NA,NA,NA,NA,NA,NA
2022-2023,Central Ark.,ASUN,18,Allison Holloway,So,MB,6-1,20,13,61,NA,79,18,175,0.349,5,9,18,42,1,4,36,2,24,110,NA,NA,NA,8,NA,NA,NA
2022-2023,Eastern Ky.,ASUN,4,Megan Duffy,So,MB,6-1,3,0,3,NA,0,1,4,-0.25,NA,NA,NA,NA,NA,NA,NA,NA,NA,NA,NA,NA,NA,NA,NA,NA,NA
2022-2023,Eastern Ky.,ASUN,5,Kali Walker,So,OH,5-7,16,0,37,NA,9,8,38,0.026,3,6,13,19,1,NA,NA,NA,NA,15,NA,NA,NA,13,NA,NA,NA
2022-2023,Eastern Ky.,ASUN,6,Anna Purichia,So,OH,5-10,14,0,30,NA,27,29,94,-0.021,NA,NA,NA,9,NA,NA,10,3,8,32,NA,NA,NA,2,NA,NA,NA
2022-2023,Eastern Ky.,ASUN,18,Miya Carmichael,So,S,5-8,28,0,105,NA,3,3,33,0,409,14,6,139,NA,NA,NA,NA,NA,17,18,NA,NA,4,NA,NA,NA
2022-2023,FGCU,ASUN,17,Claire Ertel,So,L/DS,5-9,33,0,101,NA,1,0,2,0.5,21,18,11,142,14,NA,1,NA,1,19.5,NA,NA,NA,259,NA,NA,NA
2022-2023,FGCU,ASUN,18,Skylar English,So,OH,5-11,9,9,31,NA,75,29,191,0.241,8,16,30,50,7,1,23,3,17.5,103.5,NA,NA,NA,84,NA,NA,NA
2022-2023,FGCU,ASUN,33,Shelby Kent,So,OH,6-1,13,0,21,NA,10,7,22,0.136,NA,1,7,7,NA,NA,5,NA,2.5,13.5,NA,NA,NA,10,NA,NA,NA
2022-2023,Jacksonville,ASUN,0,Kyndaal Stansberry,So,OH,5-8,6,0,6,NA,5,3,20,0.1,NA,NA,NA,1,1,NA,1,1,1.5,5.5,NA,NA,NA,11,NA,NA,NA
2022-2023,Jacksonville St.,ASUN,7,Brooklyn Schiffli,So,DS,5-7,30,0,109,NA,2,1,3,0.333,27,18,18,250,13,NA,NA,NA,NA,20,NA,NA,NA,365,NA,NA,NA
2022-2023,Jacksonville St.,ASUN,9,Courtney Glotzbach,So,OH,5-11,30,30,104,NA,236,116,697,0.172,13,11,12,169,28,13,29,4,32,274.5,NA,NA,NA,331,NA,NA,NA
2022-2023,Kennesaw St.,ASUN,3,Caroline Cole,So,DS,5-6,28,16,99,NA,2,1,14,0.071,31,8,14,190,25,NA,NA,NA,NA,10,NA,NA,NA,465,NA,NA,NA
2022-2023,Liberty,ASUN,6,Kate Gammer,So,OH,6-0,32,31,119,NA,352,158,893,0.217,19,19,24,313,52,4,44,3,29.5,397,1,NA,NA,724,NA,NA,NA
2022-2023,Liberty,ASUN,7,Julia Mangum,So,MB,6-2,20,13,54,NA,84,35,214,0.229,1,NA,NA,15,NA,4,38,2,30.5,107,NA,NA,NA,1,NA,NA,NA
2022-2023,Liberty,ASUN,17,Kennedi Sutter,So,RS,5-11,9,0,17,NA,1,0,1,1,NA,1,5,3,NA,NA,NA,NA,NA,2,NA,NA,NA,NA,NA,NA,NA
2022-2023,Liberty,ASUN,22,Leah Kodat,So,L/DS,5-4,7,0,17,NA,0,0,0,NA,1,NA,1,13,1,NA,NA,NA,NA,NA,NA,NA,NA,17,NA,NA,NA
2022-2023,Liberty,ASUN,23,Madison Blane,So,MB,6-2,29,22,99,NA,175,50,376,0.332,3,NA,NA,12,NA,10,108,10,85,239,2,NA,NA,5,NA,NA,NA
2022-2023,Lipscomb,ASUN,0,Cora ter Kuile,So,OH,6-1,8,0,17,NA,12,8,47,0.085,NA,1,1,7,1,NA,NA,1,1,13,NA,NA,NA,3,NA,NA,NA
2022-2023,Lipscomb,ASUN,4,Libby Steinhart,So,L/DS,5-7,23,0,69,NA,0,0,1,0,9,16,33,78,9,NA,NA,NA,NA,16,NA,NA,NA,66,NA,NA,NA
2022-2023,Lipscomb,ASUN,7,Addi Pelham,So,RS,6-1,29,25,102,NA,287,116,726,0.236,3,1,10,39,NA,6,69,4,50.5,328.5,NA,NA,NA,1,NA,NA,NA
2022-2023,Lipscomb,ASUN,17,Jade Zaleski,So,DS,5-10,16,0,30,NA,0,0,0,NA,NA,6,6,5,NA,NA,NA,NA,NA,6,NA,NA,NA,NA,NA,NA,NA
2022-2023,North Ala.,ASUN,3,Tatum Fouche,So,L/DS,5-8,23,4,73,NA,1,3,16,-0.125,4,9,11,101,12,NA,NA,NA,NA,10,NA,NA,NA,192,NA,NA,NA
2022-2023,North Ala.,ASUN,7,Elif Ozsoy,So,S,6-2,20,16,64,NA,18,11,88,0.08,568,10,19,166,NA,1,37,3,23.5,47.5,12,NA,NA,1,NA,NA,NA
2022-2023,North Ala.,ASUN,12,Katy Floyd,So,OH,6-0,19,15,59,NA,147,72,538,0.139,3,15,17,104,17,NA,12,3,7.5,168,NA,NA,NA,186,NA,NA,NA
2022-2023,North Ala.,ASUN,19,Mary Kate Stasevich,So,MH,6-2,1,0,1,NA,0,0,2,0,NA,NA,NA,NA,NA,NA,1,1,1.5,0.5,NA,NA,NA,NA,NA,NA,NA
2022-2023,North Florida,ASUN,6,Janelly Ceopa,So,OH,5-11,1,0,1,NA,0,0,1,0,NA,NA,NA,NA,NA,NA,NA,NA,NA,NA,NA,NA,NA,NA,NA,NA,NA
2022-2023,North Florida,ASUN,9,Anna Butler,So,MB,5-11,15,3,28,NA,22,23,88,-0.011,NA,NA,NA,8,4,1,6,2,6.5,26,NA,NA,NA,43,NA,NA,NA
2022-2023,North Florida,ASUN,12,Amy Burkhardt,So,OH,5-11,24,5,72,NA,79,27,232,0.224,1,8,15,48,5,1,13,2,11,94.5,NA,NA,NA,30,NA,NA,NA
2022-2023,North Florida,ASUN,13,Annie Antar,So,S,5-11,1,0,3,NA,0,0,0,NA,NA,NA,NA,NA,NA,NA,NA,NA,NA,NA,NA,NA,NA,NA,NA,NA,NA
2022-2023,Queens (NC),ASUN,2,Jesse George,So,OH,5-9,29,0,102,NA,2,2,4,0,65,21,21,394,45,NA,NA,NA,NA,23,NA,NA,NA,590,NA,NA,NA
2022-2023,Queens (NC),ASUN,6,Jordyn Johnson,So,OH,5-9,25,22,87,NA,155,57,668,0.147,14,19,8,254,22,3,17,2,13.5,185.5,NA,NA,NA,464,NA,NA,NA
2022-2023,Queens (NC),ASUN,11,Kaylin Dowling,So,OH,5-9,29,6,101,NA,25,20,187,0.027,17,27,22,221,25,NA,NA,NA,NA,52,NA,NA,NA,409,NA,NA,NA
2022-2023,Queens (NC),ASUN,15,Alleigh Johnson,So,S,5-8,29,28,101,NA,316,177,1004,0.138,12,23,21,196,30,5,20,6,22.5,354,3,NA,NA,461,NA,NA,NA
2022-2023,Queens (NC),ASUN,19,Kayla McDuffie,So,MH,5-10,21,17,65,NA,79,29,233,0.215,8,11,20,28,2,19,29,4,42.5,123.5,3,NA,NA,7,NA,NA,NA
2022-2023,Queens (NC),ASUN,20,Kendall Buish,So,S,5-9,28,24,93,NA,22,7,66,0.227,600,11,20,211,1,1,10,3,10.5,39,11,NA,NA,8,NA,NA,NA
2022-2023,Stetson,ASUN,3,Lauren Vargo,So,L/DS,5-4,26,1,75,NA,0,0,6,0,45,20,12,173,13,NA,NA,NA,NA,20,NA,NA,NA,208,NA,NA,NA
2022-2023,Stetson,ASUN,5,Nyah Molina,So,S,5-8,29,29,107,NA,96,33,248,0.254,792,24,11,338,11,6,26,5,25.5,139,8,NA,NA,216,NA,NA,NA
2022-2023,Stetson,ASUN,8,Beatriz Vossen,So,RS,5-9,13,0,20,NA,18,10,47,0.17,3,1,4,19,1,NA,2,NA,1,20,NA,NA,NA,9,NA,NA,NA
2022-2023,Stetson,ASUN,23,Leilani Vitale,So,OH,6-1,29,28,106,NA,213,100,611,0.185,20,34,24,186,20,9,47,5,39.5,279.5,NA,NA,NA,228,NA,NA,NA
2022-2023,Binghamton,America East,2,Sydney Aguirre,So,DS,5-10,26,12,94,NA,11,7,41,0.098,30,17,19,201,29,NA,2,2,2,29,NA,NA,NA,391,NA,NA,NA
2022-2023,Bryant,America East,7,Miranda Jantzen,So,OH,5-10,8,0,11,NA,9,7,27,0.074,1,3,2,13,4,NA,1,NA,0.5,12.5,NA,NA,NA,31,NA,NA,NA
2022-2023,Bryant,America East,8,Gianna Grigaliunas,So,L,5-7,5,0,6,NA,0,0,0,NA,1,2,2,3,NA,NA,NA,NA,NA,2,NA,NA,NA,7,NA,NA,NA
2022-2023,Bryant,America East,9,Carolina Camacho,So,S,5-8,23,0,67,NA,10,6,39,0.103,275,4,11,115,NA,NA,NA,2,NA,14,5,NA,NA,8,NA,NA,NA
2022-2023,Bryant,America East,12,Morgan Smith,So,MB,6-1,5,0,6,NA,8,3,17,0.294,NA,NA,1,NA,1,1,4,NA,3,11,NA,NA,NA,2,NA,NA,NA
2022-2023,Bryant,America East,18,Aubrey Lapour,So,OH,5-11,27,16,78,NA,189,88,505,0.2,2,NA,NA,61,9,1,40,2,25.5,210,NA,NA,NA,158,NA,NA,NA
2022-2023,NJIT,America East,1,Asher Vallone,So,OH,5-11,27,24,75,NA,185,113,594,0.121,8,10,18,163,33,2,13,3,12,203.5,1,NA,NA,485,NA,NA,NA
2022-2023,NJIT,America East,7,Cami Augustine,So,OH,5-10,17,7,42,NA,92,57,298,0.117,3,13,10,60,21,1,12,1,8,112,NA,NA,NA,217,NA,NA,NA
2022-2023,NJIT,America East,8,Campbell Walker,So,L/DS,5-9,18,0,42,NA,1,1,3,0,4,NA,2,56,9,NA,NA,NA,NA,1,1,NA,NA,97,NA,NA,NA
2022-2023,NJIT,America East,10,Ines Varela,So,MB,6-0,26,24,79,NA,135,48,371,0.235,14,21,24,46,1,18,68,9,62,208,2,NA,NA,19,NA,NA,NA
2022-2023,NJIT,America East,14,Kelle Anwander,So,MB,6-4,8,0,11,NA,3,5,26,-0.077,NA,NA,1,3,NA,NA,8,1,5,7,NA,NA,NA,NA,NA,NA,NA
2022-2023,NJIT,America East,17,Kylie Flynn,So,L,5-5,3,0,3,NA,0,0,1,0,NA,NA,NA,6,2,NA,NA,NA,NA,NA,NA,NA,NA,12,NA,NA,NA
2022-2023,New Hampshire,America East,23,Shea Purcell,So,OH,6-0,11,0,15,NA,12,13,53,-0.019,NA,1,2,10,3,NA,NA,NA,NA,13,NA,NA,NA,25,NA,NA,NA
2022-2023,New Hampshire,America East,24,Marisa Armer,So,RS,6-1,25,23,88,NA,167,64,465,0.222,4,NA,NA,37,NA,4,49,4,36.5,195.5,NA,NA,NA,7,NA,NA,NA
2022-2023,New Hampshire,America East,26,Nadia Goich,So,MB,6-0,4,0,6,NA,4,0,4,1,NA,NA,NA,1,NA,NA,NA,NA,NA,4,NA,NA,NA,NA,NA,NA,NA
2022-2023,UAlbany,America East,1,Alexa Harris,So,OH,5-8,27,24,96,NA,291,157,797,0.168,5,8,7,93,24,6,42,2,29.5,326,1,NA,NA,333,NA,NA,NA
2022-2023,UAlbany,America East,4,Shynelle Woroniuk,So,OH,6-0,17,10,57,NA,102,56,292,0.158,2,1,3,26,1,NA,23,2,13.5,114.5,NA,NA,NA,4,NA,NA,NA
2022-2023,UAlbany,America East,20,Zosia Szczotkiewicz,So,S,6-2,18,7,59,NA,8,5,24,0.125,329,12,31,65,NA,3,8,NA,7,27,8,NA,NA,2,NA,NA,NA
2022-2023,UAlbany,America East,21,Macey Salvione,So,L/DS,5-3,15,0,29,NA,0,0,0,NA,2,2,12,5,NA,NA,NA,NA,NA,2,NA,NA,NA,1,NA,NA,NA
2022-2023,UAlbany,America East,27,Anissia Wong,So,MB,6-3,25,20,79,NA,111,53,274,0.212,6,15,34,27,1,14,46,13,47.5,163,2,NA,NA,16,NA,NA,NA
2022-2023,UMBC,America East,5,Mia Bilusic,So,OH,6-2,26,26,102,NA,399,150,1070,0.233,17,44,43,202,46,6,50,4,41,474,3,NA,NA,731,NA,NA,NA
2022-2023,UMBC,America East,18,Mila Ilieva,So,OH,6-0,26,26,102,NA,163,48,388,0.296,15,27,21,49,1,4,123,7,84.5,255.5,3,NA,NA,14,NA,NA,NA
2022-2023,Davidson,Atlantic 10,1,Xuan Nguyen,So,S,5-5,32,18,114,NA,4,2,22,0.091,591,16,27,200,NA,NA,NA,2,1,20,6,NA,NA,2,NA,NA,NA
2022-2023,Davidson,Atlantic 10,5,Isabella Perry,So,OH,5-11,6,0,6,NA,0,0,2,0,NA,NA,2,2,NA,NA,NA,NA,NA,NA,NA,NA,NA,1,NA,NA,NA
2022-2023,Davidson,Atlantic 10,10,Isabel Decker,So,MB,6-0,34,32,117,NA,332,171,1101,0.146,15,32,36,317,30,2,27,3,20.5,379.5,1,NA,NA,655,NA,NA,NA
2022-2023,Dayton,Atlantic 10,1,Brooke Smith,So,OH,6-2,19,6,62,NA,123,68,343,0.16,3,7,4,20,NA,NA,35,2,23.5,147.5,NA,NA,NA,34,NA,NA,NA
2022-2023,Dayton,Atlantic 10,4,Lexie Almodovar,So,OH,5-8,28,27,103,NA,408,146,1133,0.231,25,41,46,240,31,2,38,7,27,470,NA,NA,NA,713,NA,NA,NA
2022-2023,Dayton,Atlantic 10,8,Alyssa Miller,So,S,5-10,32,14,90,NA,45,18,135,0.2,548,22,26,127,1,1,28,9,25.5,82,20,NA,NA,4,NA,NA,NA
2022-2023,Dayton,Atlantic 10,10,Taylor Russell,So,OH,6-2,21,14,70,NA,180,92,501,0.176,2,22,28,62,11,1,31,5,22.5,218.5,NA,NA,NA,71,NA,NA,NA
2022-2023,Dayton,Atlantic 10,17,Alayna Yates,So,MB,6-6,31,28,101,NA,163,49,378,0.302,3,NA,NA,8,NA,11,94,7,72,221,1,NA,NA,9,NA,NA,NA
2022-2023,Dayton,Atlantic 10,20,Lindsey Winner,So,MB,6-2,27,6,60,NA,34,9,89,0.281,NA,NA,NA,11,NA,2,17,2,12.5,44.5,NA,NA,NA,3,NA,NA,NA
2022-2023,Dayton,Atlantic 10,21,Anna Wuensch,So,L/DS,5-6,28,0,111,NA,2,0,10,0.2,96,36,29,380,33,NA,NA,NA,NA,38,NA,NA,NA,523,NA,NA,NA
2022-2023,Duquesne,Atlantic 10,1,Madison Floyd,So,MB,6-0,14,14,54,NA,67,21,169,0.272,5,8,16,17,1,14,36,9,41,107,NA,NA,NA,11,NA,NA,NA
2022-2023,Duquesne,Atlantic 10,2,Anna Shoemake,So,OH,6-4,15,8,40,NA,63,40,216,0.106,2,NA,4,28,1,2,22,1,14,76,NA,NA,NA,25,NA,NA,NA
2022-2023,Duquesne,Atlantic 10,3,Ellie Lund,So,S,5-10,5,0,9,NA,0,0,1,0,NA,NA,1,1,NA,NA,NA,NA,NA,NA,NA,NA,NA,NA,NA,NA,NA
2022-2023,Fordham,Atlantic 10,16,Ryan Naumann,So,L/DS,5-8,24,5,77,NA,0,0,2,0,4,13,16,124,23,NA,NA,NA,NA,13,NA,NA,NA,257,NA,NA,NA
2022-2023,Fordham,Atlantic 10,18,Audrey Hayes,So,MB,6-0,1,0,1,NA,1,1,3,0,NA,NA,NA,NA,NA,NA,1,NA,0.5,1.5,NA,NA,NA,NA,NA,NA,NA
2022-2023,George Mason,Atlantic 10,1,Morgan Nguyen,So,L/DS,5-1,13,3,30,NA,0,1,4,-0.25,2,2,2,32,11,NA,NA,NA,NA,2,NA,NA,NA,114,NA,NA,NA
2022-2023,George Mason,Atlantic 10,3,Damiana Bova-Ford,So,S,5-9,26,8,84,NA,7,2,24,0.208,392,13,20,146,NA,NA,NA,NA,NA,20,3,NA,NA,4,NA,NA,NA
2022-2023,George Mason,Atlantic 10,10,Katarina Teahen,So,MB,6-0,2,0,2,NA,0,3,9,-0.333,NA,1,1,NA,NA,NA,NA,NA,NA,1,NA,NA,NA,NA,NA,NA,NA
2022-2023,George Mason,Atlantic 10,16,BrookeLynn Sapp,So,MB,5-11,4,0,6,NA,9,6,29,0.103,NA,NA,NA,1,1,NA,NA,NA,NA,9,NA,NA,NA,9,NA,NA,NA
2022-2023,George Mason,Atlantic 10,19,Ewelina Gacek,So,OH,5-11,23,7,61,NA,58,22,200,0.18,8,5,12,75,18,1,7,1,6.5,67.5,NA,NA,NA,261,NA,NA,NA
2022-2023,George Mason,Atlantic 10,20,Camille Larkin,So,MB,6-1,29,28,106,NA,137,48,316,0.282,4,13,20,34,NA,10,70,2,52,195,NA,NA,NA,6,NA,NA,NA
2022-2023,George Mason,Atlantic 10,22,Olyvia Kennedy,So,RS,6-0,29,16,105,NA,258,117,656,0.215,1,3,4,41,1,NA,22,11,19,272,NA,NA,NA,2,NA,NA,NA
2022-2023,George Washington,Atlantic 10,1,Salem Yohannes,So,OH,5-10,22,20,86,NA,195,84,642,0.173,13,30,32,199,41,2,24,6,22,239,2,NA,NA,660,NA,NA,NA
2022-2023,George Washington,Atlantic 10,14,Brittany Myers,So,OH,5-9,33,20,120,NA,287,147,860,0.163,5,NA,6,85,20,8,51,8,45.5,320.5,NA,NA,NA,277,NA,NA,NA
2022-2023,George Washington,Atlantic 10,16,Grace Allread,So,S,5-9,33,26,127,NA,6,4,39,0.051,643,30,11,253,1,NA,NA,2,2,36,6,NA,NA,4,NA,NA,NA
2022-2023,George Washington,Atlantic 10,19,MC Daubendiek,So,OPP,6-2,32,6,120,NA,269,105,723,0.227,1,NA,2,25,NA,1,53,2,35,296.5,NA,NA,NA,NA,NA,NA,NA
2022-2023,Loyola Chicago,Atlantic 10,2,Bree Borum,So,S,6-0,34,34,129,NA,105,22,246,0.337,1076,47,44,357,NA,4,36,5,34,174,14,NA,NA,3,NA,NA,NA
2022-2023,Loyola Chicago,Atlantic 10,3,Olivia Lovett,So,OH,5-11,12,6,32,NA,61,32,152,0.191,7,7,11,70,7,1,3,NA,2.5,70.5,NA,NA,NA,138,NA,NA,NA
2022-2023,Loyola Chicago,Atlantic 10,6,Esma Ajanovic,So,RS,6-1,16,0,37,NA,65,23,142,0.296,1,NA,NA,9,1,NA,16,2,10.5,73,NA,NA,NA,1,NA,NA,NA
2022-2023,Rhode Island,Atlantic 10,5,Hannah Blaney,So,L/DS,5-5,28,0,103,NA,1,0,13,0.077,88,37,34,397,47,NA,NA,NA,NA,38,NA,NA,NA,596,NA,NA,NA
2022-2023,Rhode Island,Atlantic 10,18,Harper McDonald,So,OH,6-0,4,0,4,NA,1,0,1,1,NA,NA,1,NA,NA,NA,NA,NA,NA,1,NA,NA,NA,NA,NA,NA,NA
2022-2023,Rhode Island,Atlantic 10,21,Katie Butler,So,S,5-11,17,17,65,NA,41,8,127,0.26,490,10,13,122,1,NA,16,NA,13.5,59,16,NA,NA,3,NA,NA,NA
2022-2023,Saint Louis,Atlantic 10,7,Kate Aupperle,So,S,5-11,31,24,122,NA,11,9,46,0.043,803,34,26,220,1,1,8,5,10.5,50,8,NA,NA,4,NA,NA,NA
2022-2023,Saint Louis,Atlantic 10,11,Mak Hill,So,OH,5-9,24,14,76,NA,187,88,484,0.205,3,1,1,31,NA,2,32,11,32,206,1,NA,NA,3,NA,NA,NA
2022-2023,VCU,Atlantic 10,4,Christina Butera,So,L/DS,5-5,1,0,1,NA,0,0,0,NA,NA,NA,1,1,NA,NA,NA,NA,NA,NA,NA,NA,NA,2,NA,NA,NA
2022-2023,VCU,Atlantic 10,6,Taylor Aguano,So,S,5-8,25,7,93,NA,10,8,50,0.04,491,20,22,189,1,1,11,1,8,36.5,18,NA,NA,6,NA,NA,NA
2022-2023,VCU,Atlantic 10,8,Sarah Stratton,So,MB,6-0,30,30,123,NA,123,54,372,0.185,9,38,44,67,NA,17,123,7,100,239.5,NA,NA,NA,15,NA,NA,NA
2022-2023,VCU,Atlantic 10,22,Kialah Jefferson,So,OH,5-10,26,11,93,NA,108,77,340,0.091,16,10,20,265,22,2,10,4,11.5,125,1,NA,NA,479,NA,NA,NA
2022-2023,Baylor,Big 12,2,Lauren Briseno,So,L/DS,5-7,32,0,117,NA,2,2,26,0,105,35,42,393,20,NA,NA,NA,NA,37,1,NA,NA,484,NA,NA,NA
2022-2023,Baylor,Big 12,6,Faith Lynch,So,DS,5-7,7,0,11,NA,0,0,1,0,19,4,3,5,NA,NA,NA,NA,NA,4,1,NA,NA,NA,NA,NA,NA
2022-2023,Baylor,Big 12,9,Ava Grace Haggard,So,MB,6-1,5,0,5,NA,1,1,3,0,NA,NA,1,NA,NA,NA,NA,NA,NA,1,NA,NA,NA,NA,NA,NA,NA
2022-2023,Baylor,Big 12,13,Riley Simpson,So,OH,6-4,30,11,99,NA,143,69,362,0.204,5,24,51,58,2,1,25,2,20.5,180.5,2,NA,NA,65,NA,NA,NA
2022-2023,Baylor,Big 12,18,Alicia Andrew,So,MB,6-3,9,1,14,NA,8,2,11,0.545,NA,NA,1,3,NA,NA,1,1,1,8.5,NA,NA,NA,NA,NA,NA,NA
2022-2023,Baylor,Big 12,21,Elise McGhee,So,OPP,6-4,31,12,106,NA,274,120,702,0.219,3,NA,10,66,2,5,50,2,42.5,304,1,NA,NA,49,NA,NA,NA
2022-2023,Iowa St.,Big 12,7,Addison Heidemann,So,S,5-10,1,0,1,NA,0,0,0,NA,NA,NA,NA,1,NA,NA,NA,NA,NA,NA,NA,NA,NA,NA,NA,NA,NA
2022-2023,Iowa St.,Big 12,8,Brooke Stonestreet,So,L/DS,5-10,30,0,118,NA,6,0,14,0.429,107,27,44,515,33,NA,1,NA,1,33.5,NA,NA,NA,670,NA,NA,NA
2022-2023,Iowa St.,Big 12,11,Allie Petry,So,L/DS,5-7,24,1,76,NA,2,0,4,0.5,20,12,21,125,9,NA,NA,NA,NA,14,1,NA,NA,244,NA,NA,NA
2022-2023,Kansas,Big 12,14,Caroline Bien,So,OH,6-0,30,30,107,NA,274,142,819,0.161,30,10,16,244,27,10,22,11,31,305,1,NA,NA,569,NA,NA,NA
2022-2023,Kansas,Big 12,21,London Davis,So,OH,6-0,25,6,61,NA,109,37,247,0.291,NA,NA,NA,14,NA,1,25,5,22,122.5,NA,NA,NA,1,NA,NA,NA
2022-2023,Kansas,Big 12,22,Camryn Turner,So,S,5-8,30,30,111,NA,102,19,246,0.337,1025,23,41,287,NA,3,62,2,44,159,13,NA,NA,5,NA,NA,NA
2022-2023,Kansas,Big 12,25,Bryn McGehe,So,DS,5-6,24,2,53,NA,0,0,1,0,4,12,20,79,3,NA,NA,NA,NA,12,NA,NA,NA,73,NA,NA,NA
2022-2023,Kansas St.,Big 12,3,Molly Ramsey,So,L/DS,5-4,29,6,109,NA,1,0,5,0.2,13,20,15,192,11,NA,NA,NA,NA,21,1,NA,NA,225,NA,NA,NA
2022-2023,Oklahoma,Big 12,2,Payton Chamberlain,So,S,6-0,23,22,81,NA,26,9,96,0.177,795,9,36,167,NA,NA,51,5,33.5,60.5,4,NA,NA,4,NA,NA,NA
2022-2023,Oklahoma,Big 12,3,Megan Wilson,So,MB,6-4,28,28,101,NA,368,138,953,0.241,11,56,57,168,21,6,69,7,52,464.5,NA,NA,NA,295,NA,NA,NA
2022-2023,Oklahoma,Big 12,4,Peyton Dunn,So,S,5-11,7,6,24,NA,12,4,25,0.32,252,3,8,57,NA,NA,11,3,8.5,20.5,4,NA,NA,NA,NA,NA,NA
2022-2023,Oklahoma,Big 12,5,Kristen Birmingham,So,OH,6-1,2,0,3,NA,2,2,9,0,NA,NA,NA,2,NA,NA,1,NA,0.5,2.5,NA,NA,NA,NA,NA,NA,NA
2022-2023,Oklahoma,Big 12,10,Callie Kemohah,So,L/DS,5-6,28,0,104,NA,1,0,8,0.125,130,29,42,474,37,NA,NA,NA,NA,30,NA,NA,NA,660,NA,NA,NA
2022-2023,TCU,Big 12,1,Zoe Hall,So,MB,6-2,24,21,93,NA,162,79,404,0.205,4,2,10,34,NA,8,66,3,52.5,205,1,NA,NA,11,NA,NA,NA
2022-2023,TCU,Big 12,7,Lyric Stewart,So,OH,-,10,0,17,NA,5,4,16,0.063,NA,2,6,2,NA,NA,2,1,2,8,NA,NA,NA,NA,NA,NA,NA
2022-2023,TCU,Big 12,35,Cecily Bramschreiber,So,L/DS,5-9,5,5,18,NA,55,29,162,0.16,12,2,5,37,5,NA,3,2,2.5,58.5,NA,NA,NA,90,NA,NA,NA
2022-2023,Texas,Big 12,4,Melanie Parra,So,OH,5-11,21,3,45,NA,64,15,150,0.327,3,8,19,36,3,NA,8,NA,4,76,NA,NA,NA,50,NA,NA,NA
2022-2023,Texas,Big 12,6,Madisen Skinner,So,OH,6-3,28,13,94,NA,344,111,760,0.307,10,10,22,75,13,6,42,4,38,381,1,NA,NA,185,NA,NA,NA
2022-2023,Texas,Big 12,12,Keonilei Akana,So,L/DS,5-9,29,3,98,NA,0,0,1,0,35,34,28,170,17,NA,NA,NA,NA,34,1,NA,NA,318,NA,NA,NA
2022-2023,Texas,Big 12,19,Reilly Heinrich,So,DS,5-6,7,0,10,NA,0,0,0,NA,NA,1,3,5,NA,NA,NA,NA,NA,1,NA,NA,NA,6,NA,NA,NA
2022-2023,Texas Tech,Big 12,5,Madison Gilliland,So,MB,6-2,6,1,8,NA,4,0,15,0.267,1,NA,NA,NA,NA,1,5,NA,3.5,7.5,NA,NA,NA,NA,NA,NA,NA
2022-2023,Texas Tech,Big 12,9,Maddie Correa,So,L,5-6,29,1,109,NA,6,2,16,0.25,86,16,21,361,19,NA,NA,NA,NA,22,NA,NA,NA,415,NA,NA,NA
2022-2023,Texas Tech,Big 12,20,Lexie Collins,So,MB,6-1,5,0,5,NA,4,0,6,0.667,NA,NA,NA,NA,NA,NA,NA,1,1,4,NA,NA,NA,NA,NA,NA,NA
2022-2023,West Virginia,Big 12,3,Kamiah Gibson,So,S,6-1,29,25,105,NA,30,29,107,0.009,639,26,54,147,1,8,24,5,26,76,21,NA,NA,5,NA,NA,NA
2022-2023,West Virginia,Big 12,15,Madison Page,So,MB,6-0,19,11,47,NA,43,43,144,0,2,NA,NA,7,NA,7,32,3,30.5,66,NA,NA,NA,1,NA,NA,NA
2022-2023,West Virginia,Big 12,16,Brenna Tietz,So,OH,6-3,19,2,50,NA,47,24,160,0.144,NA,2,2,13,NA,NA,21,2,14.5,59.5,NA,NA,NA,1,NA,NA,NA
2022-2023,West Virginia,Big 12,21,Kristen McBride,So,DS,5-9,8,0,12,NA,0,0,0,NA,1,1,5,6,1,NA,NA,NA,NA,1,NA,NA,NA,28,NA,NA,NA
2022-2023,Butler,Big East,14,Grace Boggess,So,MB,6-3,23,9,44,NA,42,13,114,0.254,NA,1,8,7,NA,4,33,3,24,63.5,NA,NA,NA,4,NA,NA,NA
2022-2023,Butler,Big East,15,Jenna Splitt,So,S,5-10,26,4,73,NA,12,11,64,0.016,101,12,25,95,12,2,4,NA,4,28,1,NA,NA,94,NA,NA,NA
2022-2023,Butler,Big East,16,Daniella Russo-Lolas,So,L,5-10,5,0,5,NA,0,0,0,NA,2,NA,1,2,NA,NA,NA,NA,NA,NA,NA,NA,NA,1,NA,NA,NA
2022-2023,Butler,Big East,18,Destiny Cherry,So,OH,6-3,23,15,70,NA,102,51,283,0.18,3,2,5,14,NA,8,49,9,48,136.5,NA,NA,NA,12,NA,NA,NA
2022-2023,Butler,Big East,19,Mariah Grunze,So,OH,6-1,31,30,113,NA,379,160,1206,0.182,17,6,49,275,29,7,47,13,46,415.5,2,NA,NA,746,NA,NA,NA
2022-2023,Creighton,Big East,2,Norah Sis,So,OH,6-1,30,30,113,NA,489,165,1385,0.234,14,17,14,284,18,8,38,4,33,533,1,NA,NA,395,NA,NA,NA
2022-2023,Creighton,Big East,15,Kendra Wait,So,S,5-10,31,31,114,NA,119,19,277,0.361,1269,23,40,368,NA,8,66,8,56.5,183,11,NA,NA,8,NA,NA,NA
2022-2023,Creighton,Big East,23,Abbey Milner,So,MB,6-2,12,0,16,NA,11,7,37,0.108,NA,NA,1,1,NA,NA,5,3,6,13.5,NA,NA,NA,NA,NA,NA,NA
2022-2023,DePaul,Big East,2,Maggie Jones,So,S,5-11,30,14,118,NA,24,8,86,0.186,754,14,8,221,NA,NA,16,1,12,46,21,NA,NA,6,NA,NA,NA
2022-2023,DePaul,Big East,8,Ashley Cudiamat,So,S,5-5,27,16,96,NA,1,0,8,0.125,450,6,4,159,NA,NA,NA,NA,NA,7,11,NA,NA,NA,NA,NA,NA
2022-2023,DePaul,Big East,13,Aly Kindelberger,So,MB,6-1,27,27,107,NA,200,93,501,0.214,8,6,23,30,NA,14,87,9,69.5,263.5,3,NA,NA,10,NA,NA,NA
2022-2023,DePaul,Big East,15,Connie LeBel,So,OH,5-9,1,0,2,NA,0,0,0,NA,NA,NA,NA,2,NA,NA,NA,NA,NA,NA,NA,NA,NA,10,NA,NA,NA
2022-2023,Georgetown,Big East,11,Mary Grace Goyena,So,OH,6-1,29,29,108,NA,314,175,1135,0.122,15,20,48,213,50,2,35,5,26,353.5,NA,NA,NA,527,NA,NA,NA
2022-2023,Georgetown,Big East,14,Karis Park,So,L,5-0,29,2,108,NA,2,0,12,0.167,74,22,19,449,37,NA,NA,NA,NA,24,1,NA,NA,527,NA,NA,NA
2022-2023,Georgetown,Big East,18,Minnie Purcell,So,RS,6-3,15,3,46,NA,47,38,205,0.044,2,1,4,17,1,NA,20,NA,10,58,NA,NA,NA,13,NA,NA,NA
2022-2023,Georgetown,Big East,19,Lilly Costigan,So,S,6-2,15,13,44,NA,12,6,59,0.102,316,16,25,78,1,1,12,1,8,35,5,NA,NA,5,NA,NA,NA
2022-2023,Georgetown,Big East,21,Giselle Williams,So,OH,5-10,19,7,69,NA,164,69,513,0.185,3,NA,1,53,15,8,24,4,27.5,184,1,NA,NA,146,NA,NA,NA
2022-2023,Marquette,Big East,1,Yadhira Anchante,So,S,6-0,33,32,116,NA,116,18,264,0.371,1250,38,22,319,NA,2,38,2,26,175,4,1,NA,6,NA,NA,NA
2022-2023,Marquette,Big East,3,Anastasija Svetnik,So,MB,6-3,11,1,16,NA,9,2,13,0.538,NA,5,3,5,NA,NA,NA,1,1,14,NA,NA,NA,2,NA,NA,NA
2022-2023,Marquette,Big East,4,Jenna Reitsma,So,OH,5-11,33,33,115,NA,310,116,924,0.21,46,50,37,307,37,10,30,6,35,385,2,NA,NA,724,NA,NA,NA
2022-2023,Marquette,Big East,7,Ella Foti,So,S,6-0,33,15,115,NA,254,74,589,0.306,20,30,45,139,NA,2,38,10,32.5,305,NA,NA,NA,10,NA,NA,NA
2022-2023,Marquette,Big East,10,Aubrey Hamilton,So,OH,6-2,33,32,113,NA,390,139,1018,0.247,15,27,23,242,19,10,51,14,52,452.5,NA,NA,NA,295,NA,NA,NA
2022-2023,Marquette,Big East,11,Jadyn Garrison,So,DS,5-8,26,1,82,NA,0,0,0,NA,3,14,12,20,NA,NA,NA,NA,NA,14,NA,NA,NA,NA,NA,NA,NA
2022-2023,Marquette,Big East,12,Carsen Murray,So,MB,6-4,33,31,112,NA,255,51,490,0.416,6,NA,5,21,NA,21,100,18,96.5,326,2,NA,NA,14,NA,NA,NA
2022-2023,Marquette,Big East,22,Hattie Bray,So,MB,6-2,33,32,116,NA,250,70,508,0.354,10,4,11,44,NA,19,66,5,65.5,306,1,NA,NA,34,NA,NA,NA
2022-2023,Marquette,Big East,23,Samantha Naber,So,DS,5-7,33,16,113,NA,1,2,5,-0.2,46,2,NA,165,32,NA,NA,NA,NA,3,1,NA,NA,405,NA,NA,NA
2022-2023,Providence,Big East,0,Jiji Lykins,So,OH,5-9,27,7,94,NA,10,9,71,0.014,7,12,15,207,27,NA,NA,NA,NA,22,NA,NA,NA,386,NA,NA,NA
2022-2023,Providence,Big East,6,Niah Tucker,So,MB,6-0,8,0,9,NA,5,7,18,-0.111,NA,NA,1,NA,NA,1,1,NA,1.5,6.5,NA,NA,NA,NA,NA,NA,NA
2022-2023,Providence,Big East,14,Shaliyah Rhoden,So,OH,5-9,30,20,114,NA,274,140,988,0.136,7,NA,2,73,22,4,26,3,19.5,291,1,NA,NA,345,NA,NA,NA
2022-2023,Providence,Big East,16,Alicja Pokrzywa,So,DS,5-8,16,1,39,NA,0,0,0,NA,9,1,8,77,18,NA,NA,NA,NA,1,NA,NA,NA,172,NA,NA,NA
2022-2023,Providence,Big East,17,Kayla Grant,So,MB,6-2,30,30,114,NA,201,55,458,0.319,1,NA,NA,20,NA,16,78,8,67,256,1,NA,NA,10,NA,NA,NA
2022-2023,Seton Hall,Big East,2,Anna Holland,So,L/DS,5-7,19,0,74,NA,6,2,36,0.111,88,13,25,314,18,NA,NA,NA,NA,19,NA,NA,NA,481,NA,NA,NA
2022-2023,Seton Hall,Big East,3,Faith LaMacchia,So,S,5-7,15,0,30,NA,1,0,4,0.25,17,3,4,42,7,NA,NA,NA,NA,4,NA,NA,NA,59,NA,NA,NA
2022-2023,Seton Hall,Big East,10,Jenna Walsh,So,OH,5-11,30,26,110,NA,345,161,992,0.185,27,20,39,180,35,4,34,2,23.5,386,NA,NA,NA,478,NA,NA,NA
2022-2023,Seton Hall,Big East,11,Madison Klungel,So,S,5-11,30,11,110,NA,66,30,226,0.159,484,15,15,91,NA,5,42,3,30.5,107,14,NA,NA,2,NA,NA,NA
2022-2023,Seton Hall,Big East,22,Hanna Tulli,So,MB,6-2,17,6,38,NA,51,20,126,0.246,1,NA,NA,3,NA,1,15,NA,9.5,59.5,NA,NA,NA,3,NA,NA,NA
2022-2023,St. John's (NY),Big East,4,Bree Martin,So,L/DS,5-6,34,0,128,NA,2,1,14,0.071,32,41,48,437,49,NA,NA,NA,NA,43,2,NA,NA,748,NA,NA,NA
2022-2023,St. John's (NY),Big East,7,Wiktoria Kowalczyk,So,S,6-3,34,32,126,NA,45,6,151,0.258,1299,23,34,173,2,3,59,4,40,100.5,16,NA,NA,8,NA,NA,NA
2022-2023,St. John's (NY),Big East,12,Giorgia Walther,So,OH,6-2,34,31,126,NA,463,212,1157,0.217,8,32,49,195,26,4,49,10,39,523.5,3,NA,NA,507,NA,NA,NA
2022-2023,St. John's (NY),Big East,13,Ariana Robinson,So,MB,6-0,10,2,12,NA,3,1,8,0.25,1,NA,1,1,1,NA,10,1,6.5,8,NA,NA,NA,1,NA,NA,NA
2022-2023,UConn,Big East,3,Brooklyn Wiedenheft,So,DS,5-5,7,0,8,NA,0,0,0,NA,1,2,3,2,NA,NA,NA,NA,NA,2,NA,NA,NA,NA,NA,NA,NA
2022-2023,UConn,Big East,10,Carly Furlong,So,MB,6-3,1,1,2,NA,0,0,3,0,NA,NA,NA,NA,NA,NA,NA,NA,NA,NA,NA,NA,NA,NA,NA,NA,NA
2022-2023,Villanova,Big East,1,Elizabeth Feczko,So,DS,5-6,30,2,117,NA,2,2,25,0,40,19,47,422,37,NA,NA,NA,NA,21,2,NA,NA,628,NA,NA,NA
2022-2023,Villanova,Big East,2,Ellery Gray,So,S,6-0,7,3,18,NA,9,4,27,0.185,79,NA,2,9,NA,NA,11,NA,5.5,14.5,NA,NA,NA,NA,NA,NA,NA
2022-2023,Villanova,Big East,8,Rose Crist,So,OH,6-1,30,10,106,NA,292,148,863,0.167,1,NA,4,22,NA,1,33,1,19,309.5,NA,NA,NA,NA,NA,NA,NA
2022-2023,Villanova,Big East,15,Dani Ortiz,So,S,5-8,6,0,10,NA,0,0,0,NA,NA,NA,2,2,NA,NA,NA,NA,NA,NA,NA,NA,NA,NA,NA,NA,NA
2022-2023,Xavier,Big East,5,Logan Flaugh,So,S,5-10,20,6,69,NA,0,0,11,0,123,7,6,67,NA,NA,NA,NA,NA,7,4,NA,NA,2,NA,NA,NA
2022-2023,Xavier,Big East,8,Sarah Stevens,So,MB,6-3,1,0,1,NA,0,0,0,NA,NA,NA,NA,NA,NA,NA,NA,NA,NA,NA,NA,NA,NA,NA,NA,NA,NA
2022-2023,Xavier,Big East,10,Anna Taylor,So,OH,6-0,31,16,116,NA,243,100,606,0.236,2,NA,NA,33,1,2,39,7,34.5,264.5,NA,NA,NA,5,NA,NA,NA
2022-2023,Xavier,Big East,13,Emma Grace,So,OH,5-10,9,6,33,NA,68,33,214,0.164,2,5,9,58,4,1,2,1,3,75,NA,NA,NA,129,NA,NA,NA
2022-2023,Xavier,Big East,15,Lucia Corsaro,So,DS,5-2,29,0,115,NA,2,0,12,0.167,94,29,17,469,30,NA,NA,NA,NA,31,NA,NA,NA,558,NA,NA,NA
2022-2023,Eastern Wash.,Big Sky,2,Makenna Collins,So,L,5-4,29,0,110,NA,1,2,15,-0.067,80,18,46,359,20,NA,NA,NA,NA,19,2,NA,NA,491,NA,NA,NA
2022-2023,Eastern Wash.,Big Sky,3,Tanai Jenkins,So,MB,6-2,15,0,28,NA,19,9,49,0.204,NA,NA,NA,8,NA,NA,21,1,11.5,29.5,1,NA,NA,1,NA,NA,NA
2022-2023,Eastern Wash.,Big Sky,14,Adia Messenger,So,S,5-9,8,2,20,NA,1,0,5,0.2,6,1,4,22,NA,NA,NA,NA,NA,2,1,NA,NA,1,NA,NA,NA
2022-2023,Eastern Wash.,Big Sky,18,Alyssa Radke,So,RS,6-1,29,14,110,NA,318,156,810,0.2,5,NA,NA,41,NA,11,74,5,57,366,NA,NA,NA,11,NA,NA,NA
2022-2023,Eastern Wash.,Big Sky,27,Sadie Bacon,So,MB,6-2,29,29,110,NA,221,57,557,0.294,7,30,20,68,1,8,66,2,48,292,NA,NA,NA,12,NA,NA,NA
2022-2023,Idaho,Big Sky,17,Peyton Claus,So,DS,5-10,2,0,3,NA,0,0,0,NA,NA,NA,NA,NA,NA,NA,NA,NA,NA,NA,NA,NA,NA,2,NA,NA,NA
2022-2023,Idaho St.,Big Sky,8,Jamie Streit,So,OH,5-9,29,26,109,NA,262,125,903,0.152,21,35,18,249,26,4,18,NA,15,310,NA,NA,NA,489,NA,NA,NA
2022-2023,Idaho St.,Big Sky,10,Rachael Driskell,So,L/DS,5-8,24,2,65,NA,2,1,13,0.077,20,16,19,121,19,NA,NA,NA,NA,18,1,NA,NA,300,NA,NA,NA
2022-2023,Idaho St.,Big Sky,14,Sadie Bluth,So,OH,5-10,26,22,101,NA,295,160,906,0.149,6,23,20,164,33,12,26,4,30,343,NA,NA,NA,403,NA,NA,NA
2022-2023,Idaho St.,Big Sky,20,Asiah Sopoaga,So,L,5-8,29,0,104,NA,0,4,25,-0.16,86,12,24,407,53,NA,NA,NA,NA,12,NA,NA,NA,673,NA,NA,NA
2022-2023,Idaho St.,Big Sky,21,Aliyah Sopoaga,So,S,5-8,20,4,46,NA,0,0,3,0,4,2,6,69,2,NA,NA,NA,NA,2,NA,NA,NA,18,NA,NA,NA
2022-2023,Idaho St.,Big Sky,24,Kennedee Tracy,So,OH,5-9,19,6,44,NA,37,33,141,0.028,3,7,15,42,9,1,8,1,6,49,NA,NA,NA,102,NA,NA,NA
2022-2023,Montana,Big Sky,2,Paige Clark,So,OH,6-1,29,29,106,NA,410,181,1075,0.213,5,35,43,121,3,7,37,6,33.5,470.5,1,NA,NA,34,NA,NA,NA
2022-2023,Montana,Big Sky,21,Jena Kelly,So,DS,5-8,5,0,9,NA,0,0,0,NA,2,NA,1,6,NA,NA,NA,NA,NA,NA,NA,NA,NA,2,NA,NA,NA
2022-2023,Montana,Big Sky,22,Maddie Kremer,So,OH,5-10,18,0,27,NA,21,18,88,0.034,2,1,1,13,1,1,6,1,5,26,NA,NA,NA,10,NA,NA,NA
2022-2023,Montana St.,Big Sky,4,Maci Abshier,So,L/DS,5-7,16,5,56,NA,1,0,5,0.2,10,13,12,124,19,NA,NA,NA,NA,14,NA,NA,NA,224,NA,NA,NA
2022-2023,Montana St.,Big Sky,5,Audrey Hofer,So,S,5-8,28,23,105,NA,53,17,181,0.199,900,24,26,171,NA,1,32,1,18,94,26,NA,NA,6,NA,NA,NA
2022-2023,Montana St.,Big Sky,9,Jourdain Kamps,So,OH,6-1,30,23,122,NA,242,103,766,0.181,3,1,7,42,2,8,92,6,67.5,297,1,NA,NA,17,NA,NA,NA
2022-2023,Montana St.,Big Sky,10,Jordan Radick,So,MB,6-2,26,23,105,NA,235,76,511,0.311,4,NA,NA,27,NA,16,73,14,67.5,287.5,2,NA,NA,3,NA,NA,NA
2022-2023,Montana St.,Big Sky,21,Courtney Weatherby,So,OH,5-8,27,21,105,NA,207,115,682,0.135,19,30,39,255,41,8,11,5,18.5,250.5,NA,NA,NA,618,NA,NA,NA
2022-2023,Northern Colo.,Big Sky,6,Maddie Davies,So,MB,6-3,21,15,70,NA,103,34,219,0.315,2,NA,NA,15,1,5,53,5,47,134.5,NA,NA,NA,3,NA,NA,NA
2022-2023,Northern Colo.,Big Sky,10,Annette Baker,So,OH,6-0,16,4,45,NA,36,23,110,0.118,5,NA,6,67,11,1,1,NA,1.5,37.5,NA,NA,NA,167,NA,NA,NA
2022-2023,Portland St.,Big Sky,8,Teniyah Leuluai,So,S,5-10,5,0,13,NA,0,0,2,0,49,1,1,13,NA,NA,NA,NA,NA,1,3,NA,NA,NA,NA,NA,NA
2022-2023,Portland St.,Big Sky,12,Morgan Halady,So,MB,6-2,8,0,15,NA,8,2,21,0.286,NA,NA,NA,1,1,3,11,NA,9,16.5,NA,NA,NA,3,NA,NA,NA
2022-2023,Portland St.,Big Sky,13,Sophia Meyers,So,OH,5-11,31,29,115,NA,353,140,1035,0.206,14,35,28,289,47,4,18,2,16,401,2,NA,NA,694,NA,NA,NA
2022-2023,Portland St.,Big Sky,18,Ella Hartford,So,S,5-8,18,0,61,NA,1,0,5,0.2,92,1,9,46,NA,NA,NA,NA,NA,2,4,NA,NA,1,NA,NA,NA
2022-2023,Sacramento St.,Big Sky,11,Ellie Tisko,So,OPP,6-1,29,16,93,NA,125,79,363,0.127,11,24,23,114,16,4,33,7,35,169.5,NA,NA,NA,278,NA,NA,NA
2022-2023,Weber St.,Big Sky,4,Makayla Sorensen,So,OH,5-9,29,17,111,NA,105,44,430,0.142,62,21,29,436,10,4,18,5,22,139,1,NA,NA,538,NA,NA,NA
2022-2023,Weber St.,Big Sky,6,Kate Payne,So,S,5-8,29,29,111,NA,71,16,221,0.249,1089,33,15,365,NA,10,58,10,56,143,25,NA,NA,13,NA,NA,NA
2022-2023,Weber St.,Big Sky,7,Baylee Bodily,So,MB,5-11,29,29,100,NA,202,65,460,0.298,7,18,35,50,NA,10,93,8,78,276.5,NA,NA,NA,9,NA,NA,NA
2022-2023,Weber St.,Big Sky,14,Liana Woodley,So,MB,6-2,6,0,11,NA,7,5,25,0.08,NA,1,1,NA,NA,NA,8,NA,4.5,12,NA,NA,NA,NA,NA,NA,NA
2022-2023,Campbell,Big South,5,Emily Campe,So,RS,6-3,19,5,31,NA,26,19,83,0.084,NA,1,10,9,NA,NA,8,NA,4,31,NA,NA,NA,1,NA,NA,NA
2022-2023,Campbell,Big South,6,Jaden Tuttle,So,S,5-9,1,0,1,NA,0,0,0,NA,1,NA,NA,NA,NA,NA,NA,NA,NA,NA,NA,NA,NA,NA,NA,NA,NA
2022-2023,Campbell,Big South,7,Maggie Salisbury,So,MB,6-3,7,0,8,NA,2,0,5,0.4,1,NA,NA,NA,NA,NA,1,NA,0.5,2.5,NA,NA,NA,NA,NA,NA,NA
2022-2023,Campbell,Big South,9,Riley Dean,So,L/DS,5-10,24,0,74,NA,0,0,2,0,5,12,29,74,12,NA,NA,NA,NA,12,NA,NA,NA,125,NA,NA,NA
2022-2023,Gardner-Webb,Big South,1,Kayla Hawkins,So,L,5-9,28,16,95,NA,2,2,13,0,19,14,31,179,23,NA,NA,NA,NA,16,NA,NA,NA,296,NA,NA,NA
2022-2023,Gardner-Webb,Big South,16,Avery Cole,So,OH,6-0,25,9,95,NA,206,111,642,0.148,3,3,4,55,15,8,27,4,28.5,230.5,1,NA,NA,139,NA,NA,NA
2022-2023,High Point,Big South,8,Sydney Palazzolo,So,OH,6-3,32,31,111,NA,443,190,1305,0.194,25,42,42,321,29,4,24,4,21,501,NA,NA,NA,574,NA,NA,NA
2022-2023,High Point,Big South,35,Jenny Wessling,So,DS,5-7,30,0,105,NA,0,2,7,-0.286,87,20,21,462,23,NA,NA,NA,NA,20,NA,NA,NA,445,NA,NA,NA
2022-2023,Presbyterian,Big South,9,Rylee Moorhead,So,OH,5-10,28,28,106,NA,286,137,938,0.159,19,39,28,225,34,4,24,3,21,341,NA,NA,NA,598,NA,NA,NA
2022-2023,Presbyterian,Big South,12,Blair Jones,So,OH,5-11,21,0,47,NA,1,2,4,-0.25,2,9,5,29,3,NA,NA,NA,NA,10,NA,NA,NA,40,NA,NA,NA
2022-2023,Radford,Big South,4,Sophie Paspal,So,RS,6-2,24,22,81,NA,177,49,390,0.328,NA,NA,NA,9,NA,5,49,2,34.5,206.5,NA,NA,NA,25,NA,NA,NA
2022-2023,Radford,Big South,11,Taylor Jefferson,So,OH,5-11,26,21,79,NA,208,111,626,0.155,13,24,39,200,30,5,17,1,17,245.5,1,NA,NA,476,NA,NA,NA
2022-2023,Radford,Big South,14,Meredith Page,So,RS,6-2,9,1,21,NA,14,18,71,-0.056,NA,NA,1,3,NA,NA,5,1,3.5,16.5,NA,NA,NA,1,NA,NA,NA
2022-2023,UNC Asheville,Big South,16,Elle Thigpen,So,DS,5-2,10,1,12,NA,0,0,0,NA,2,1,NA,5,1,NA,NA,NA,NA,1,NA,NA,NA,30,NA,NA,NA
2022-2023,USC Upstate,Big South,1,Julia Gladhill,So,L/DS,5-9,27,1,84,NA,0,2,18,-0.111,46,17,9,263,23,NA,NA,1,1,17,NA,NA,NA,383,NA,NA,NA
2022-2023,USC Upstate,Big South,2,Kate Idrogo,So,RS,5-10,27,5,69,NA,49,38,226,0.049,7,1,5,106,11,NA,5,1,4,52.5,1,NA,NA,187,NA,NA,NA
2022-2023,USC Upstate,Big South,3,Sami Allen,So,L/DS,5-2,16,0,41,NA,1,0,5,0.2,6,2,3,91,14,NA,NA,NA,NA,3,NA,NA,NA,116,NA,NA,NA
2022-2023,USC Upstate,Big South,7,Kayla Spangler,So,S,5-10,17,0,46,NA,10,0,31,0.323,160,4,23,58,NA,NA,NA,1,1,14,5,NA,NA,NA,NA,NA,NA
2022-2023,USC Upstate,Big South,10,Ashleigh Nicoll,So,OH,6-1,29,28,97,NA,229,125,759,0.137,9,20,30,170,29,3,35,5,27.5,269.5,1,NA,NA,461,NA,NA,NA
2022-2023,USC Upstate,Big South,17,Kennedy Lauck,So,MB,6-1,2,1,3,NA,5,2,7,0.429,NA,NA,NA,NA,NA,NA,1,1,1.5,5.5,NA,NA,NA,1,NA,NA,NA
2022-2023,Winthrop,Big South,4,Jenna Calloway,So,DS,5-6,15,1,24,NA,0,0,2,0,1,3,3,28,3,NA,NA,NA,NA,3,1,NA,NA,25,NA,NA,NA
2022-2023,Winthrop,Big South,7,Megan Thoroman,So,OPP,5-11,2,0,2,NA,0,0,0,NA,NA,NA,NA,NA,NA,NA,NA,NA,NA,NA,NA,NA,NA,NA,NA,NA,NA
2022-2023,Winthrop,Big South,8,Karli Shepherd,So,OH,6-0,25,5,86,NA,150,66,542,0.155,3,11,15,76,9,1,30,3,27,177,1,NA,NA,110,NA,NA,NA
2022-2023,Winthrop,Big South,14,Rylie McMahen,So,DS,5-8,14,1,29,NA,0,0,0,NA,2,5,5,10,NA,NA,NA,NA,NA,5,NA,NA,NA,NA,NA,NA,NA
2022-2023,Winthrop,Big South,16,Isabella Murray,So,S,6-2,28,28,101,NA,68,25,215,0.2,1045,27,27,260,NA,3,53,5,47.5,124.5,34,NA,NA,2,NA,NA,NA
2022-2023,Illinois,Big Ten,7,Sarah Bingham,So,MB,6-3,7,1,9,NA,5,1,10,0.4,NA,NA,3,2,NA,1,3,NA,2.5,7.5,NA,NA,NA,1,NA,NA,NA
2022-2023,Illinois,Big Ten,9,Kayla Burbage,So,OPP,6-4,30,23,99,NA,192,94,524,0.187,7,4,35,77,NA,NA,59,3,34,225.5,2,NA,NA,1,NA,NA,NA
2022-2023,Illinois,Big Ten,10,Caroline Barnes,So,L/DS,5-11,30,0,109,NA,3,1,6,0.333,130,20,48,375,42,NA,NA,NA,NA,23,2,NA,NA,600,NA,NA,NA
2022-2023,Illinois,Big Ten,17,Becca Sakoda,So,L/DS,5-9,21,5,75,NA,0,0,0,NA,7,7,17,49,12,NA,NA,NA,NA,7,1,NA,NA,156,NA,NA,NA
2022-2023,Illinois,Big Ten,22,Brooke Mosher,So,S,6-0,30,17,109,NA,228,131,644,0.151,33,33,61,211,6,1,43,12,39,283.5,4,NA,NA,69,NA,NA,NA
2022-2023,Indiana,Big Ten,2,Carly Mills,So,L/DS,5-7,5,0,11,NA,0,0,0,NA,1,NA,1,8,NA,NA,NA,NA,NA,NA,NA,NA,NA,22,NA,NA,NA
2022-2023,Indiana,Big Ten,4,Mady Saris,So,OH,6-1,32,32,123,NA,427,220,1198,0.173,23,36,57,163,45,14,24,3,30,489,3,NA,NA,746,NA,NA,NA
2022-2023,Indiana,Big Ten,6,Kenzie Daffinee,So,OH,6-0,22,3,57,NA,2,2,10,0,NA,18,51,7,NA,NA,NA,NA,NA,20,NA,NA,NA,6,NA,NA,NA
2022-2023,Indiana,Big Ten,10,Camryn Haworth,So,S,5-10,32,32,123,NA,127,53,338,0.219,1111,49,68,290,NA,8,48,2,43,208,13,1,NA,7,NA,NA,NA
2022-2023,Iowa,Big Ten,5,Toyosi Onabanjo,So,OH,6-1,30,29,100,NA,183,109,484,0.153,10,19,32,61,1,5,42,4,32.5,228,NA,NA,NA,18,NA,NA,NA
2022-2023,Iowa,Big Ten,15,Michelle Urquhart,So,OH,6-0,31,31,113,NA,271,145,882,0.143,20,25,44,260,40,1,45,3,28.5,319.5,NA,NA,NA,692,NA,NA,NA
2022-2023,Iowa,Big Ten,22,Addie VanderWeide,So,OH,6-0,31,17,112,NA,164,81,579,0.143,9,13,14,169,22,4,20,3,18.5,191,NA,NA,NA,537,NA,NA,NA
2022-2023,Maryland,Big Ten,3,Erin Morrissey,So,OH,6-1,6,0,16,NA,15,13,51,0.039,NA,2,2,28,7,1,1,1,2,18.5,NA,NA,NA,94,NA,NA,NA
2022-2023,Maryland,Big Ten,10,Ellie Watson,So,MB,6-1,9,2,16,NA,19,11,45,0.178,NA,5,4,7,NA,3,14,1,11,34,1,NA,NA,5,NA,NA,NA
2022-2023,Maryland,Big Ten,12,Milan Gomillion,So,L/DS,5-6,32,0,119,NA,4,2,11,0.182,91,33,35,480,9,NA,NA,NA,NA,37,NA,NA,NA,341,NA,NA,NA
2022-2023,Maryland,Big Ten,13,Erin Engel,So,S,5-9,32,1,111,NA,0,0,2,0,22,27,17,42,NA,NA,NA,NA,NA,27,NA,NA,NA,NA,NA,NA,NA
2022-2023,Maryland,Big Ten,25,Zoe Huang,So,S,5-3,3,0,5,NA,0,0,0,NA,19,NA,1,4,NA,NA,NA,NA,NA,NA,NA,NA,NA,NA,NA,NA,NA
2022-2023,Michigan,Big Ten,8,Mira Chopra,So,MB,6-3,9,0,13,NA,0,2,4,-0.5,1,NA,NA,NA,NA,1,NA,NA,1,1,NA,NA,NA,NA,NA,NA,NA
2022-2023,Michigan,Big Ten,17,Jacque Boney,So,MB,6-4,30,30,106,NA,187,79,454,0.238,5,NA,1,35,1,12,98,10,79,248,1,NA,NA,14,NA,NA,NA
2022-2023,Michigan,Big Ten,19,Maddi Cuchran,So,DS,5-5,5,0,8,NA,0,0,1,0,1,1,NA,5,NA,NA,NA,NA,NA,1,NA,NA,NA,NA,NA,NA,NA
2022-2023,Michigan St.,Big Ten,3,Gracie Danziger,So,DS,5-7,11,0,27,NA,0,0,1,0,2,1,4,14,6,NA,NA,NA,NA,1,NA,NA,NA,33,NA,NA,NA
2022-2023,Michigan St.,Big Ten,8,Aubrey O'Gorman,So,MB,6-3,6,3,17,NA,13,11,41,0.049,NA,NA,3,2,NA,2,10,3,10,20,NA,NA,NA,2,NA,NA,NA
2022-2023,Michigan St.,Big Ten,11,Avery Horejsi,So,L/DS,5-4,26,6,86,NA,1,1,7,0,24,6,31,96,19,NA,NA,NA,NA,7,2,NA,NA,316,NA,NA,NA
2022-2023,Michigan St.,Big Ten,13,Aliyah Moore,So,OH,5-9,31,16,114,NA,322,172,870,0.172,5,NA,9,70,11,8,30,6,28,345,NA,NA,NA,237,NA,NA,NA
2022-2023,Michigan St.,Big Ten,15,Abby Olin,So,OH,6-3,7,0,9,NA,10,10,28,0,1,NA,NA,1,NA,1,1,NA,1.5,11.5,NA,NA,NA,13,NA,NA,NA
2022-2023,Michigan St.,Big Ten,16,Grace Kelly,So,OH,6-0,8,0,18,NA,23,21,81,0.025,1,NA,NA,9,NA,1,1,1,2.5,24.5,1,NA,NA,3,NA,NA,NA
2022-2023,Michigan St.,Big Ten,18,Rachel Muisenga,So,S,6-1,2,0,2,NA,0,0,0,NA,5,NA,1,4,NA,NA,NA,NA,NA,NA,NA,NA,NA,NA,NA,NA,NA
2022-2023,Michigan St.,Big Ten,25,Julia Bishop,So,S,5-11,22,10,74,NA,35,9,75,0.347,257,11,16,78,4,1,15,3,11.5,54.5,3,NA,NA,21,NA,NA,NA
2022-2023,Minnesota,Big Ten,12,Taylor Landfair,So,OH,6-5,31,31,110,NA,479,163,1231,0.257,28,25,43,179,33,1,71,9,51.5,540.5,1,NA,NA,505,NA,NA,NA
2022-2023,Minnesota,Big Ten,15,Skylar Gray,So,L/DS,5-10,2,0,2,NA,0,0,0,NA,1,NA,NA,NA,NA,NA,NA,NA,NA,NA,NA,NA,NA,5,NA,NA,NA
2022-2023,Minnesota,Big Ten,20,Arica Davis,So,MB,6-1,18,9,48,NA,56,20,126,0.286,NA,NA,NA,6,NA,4,55,1,51.5,87.5,NA,NA,NA,8,NA,NA,NA
2022-2023,Nebraska,Big Ten,8,Lexi Rodriguez,So,L/DS,5-5,32,0,109,NA,1,0,4,0.25,135,25,43,464,17,NA,NA,NA,NA,26,NA,NA,NA,458,NA,NA,NA
2022-2023,Nebraska,Big Ten,9,Kennedi Orr,So,S,6-0,18,11,54,NA,4,1,16,0.188,271,5,27,105,NA,1,11,2,7.5,15.5,21,NA,NA,2,NA,NA,NA
2022-2023,Nebraska,Big Ten,13,Whitney Lauenstein,So,OH,6-2,32,29,107,NA,297,114,768,0.238,8,28,39,99,NA,3,111,7,73.5,383.5,NA,NA,NA,4,NA,NA,NA
2022-2023,Nebraska,Big Ten,14,Ally Batenhorst,So,OH,6-5,26,14,72,NA,168,75,490,0.19,3,5,6,76,8,4,37,4,33,195.5,NA,NA,NA,104,NA,NA,NA
2022-2023,Nebraska,Big Ten,22,Lindsay Krause,So,OH,6-4,31,5,106,NA,239,73,617,0.269,9,NA,2,45,4,2,42,5,31.5,262,NA,NA,NA,54,NA,NA,NA
2022-2023,Northwestern,Big Ten,6,Ellee Stinson,So,L/DS,5-2,32,23,116,NA,1,0,3,0.333,40,16,35,322,15,NA,NA,NA,NA,17,NA,NA,NA,479,NA,NA,NA
2022-2023,Northwestern,Big Ten,11,Ariel Amaya,So,OH,6-0,16,0,33,NA,0,0,0,NA,1,4,12,7,NA,NA,NA,NA,NA,4,NA,NA,NA,NA,NA,NA,NA
2022-2023,Ohio St.,Big Ten,5,Sarah White,So,S,6-0,1,0,2,NA,0,0,0,NA,13,NA,NA,1,NA,NA,NA,NA,NA,NA,1,NA,NA,NA,NA,NA,NA
2022-2023,Ohio St.,Big Ten,11,Sydney Taylor,So,DS,5-9,8,0,16,NA,0,0,0,NA,1,4,3,17,6,NA,NA,NA,NA,4,NA,NA,NA,28,NA,NA,NA
2022-2023,Penn St.,Big Ten,8,Rikki Williams,So,MB,6-1,2,0,3,NA,4,5,11,-0.091,NA,NA,1,1,NA,NA,4,NA,2,6,NA,NA,NA,NA,NA,NA,NA
2022-2023,Penn St.,Big Ten,10,Anjelina Starck,So,OH,6-2,34,20,128,NA,145,81,501,0.128,20,13,26,184,32,4,14,5,17,169,NA,NA,NA,458,NA,NA,NA
2022-2023,Penn St.,Big Ten,12,Cassie Kuerschen,So,DS,5-9,33,8,123,NA,0,1,6,-0.167,29,24,33,245,14,NA,NA,NA,NA,24,2,NA,NA,404,NA,NA,NA
2022-2023,Penn St.,Big Ten,24,Quinn Menger,So,DS,5-9,10,0,13,NA,0,0,0,NA,NA,1,5,5,NA,NA,NA,NA,NA,1,1,NA,NA,3,NA,NA,NA
2022-2023,Purdue,Big Ten,7,Raven Colvin,So,MB,6-1,32,32,122,NA,269,98,599,0.285,6,43,59,74,1,22,151,19,131.5,409.5,1,NA,NA,17,NA,NA,NA
2022-2023,Purdue,Big Ten,9,Lourdes Myers,So,MB,6-3,16,1,29,NA,25,8,54,0.315,NA,NA,NA,3,NA,NA,16,3,13.5,33,NA,NA,NA,3,NA,NA,NA
2022-2023,Purdue,Big Ten,10,Ali Hornung,So,DS,5-10,32,29,122,NA,2,4,17,-0.118,29,28,26,303,15,NA,NA,1,1,30,NA,NA,NA,541,NA,NA,NA
2022-2023,Rutgers,Big Ten,0,Lucy Malone,So,L/DS,5-4,31,11,95,NA,1,0,2,0.5,41,9,17,202,28,NA,NA,NA,NA,10,NA,NA,NA,429,NA,NA,NA
2022-2023,Rutgers,Big Ten,1,Chelsea Harvey,So,S,5-10,2,0,3,NA,1,0,1,1,15,NA,NA,2,NA,NA,NA,NA,NA,1,1,NA,NA,NA,NA,NA,NA
2022-2023,Rutgers,Big Ten,9,Jaden Rice,So,OH,6-0,8,0,9,NA,4,6,20,-0.1,NA,NA,2,3,1,NA,NA,NA,NA,4,NA,NA,NA,3,NA,NA,NA
2022-2023,Wisconsin,Big Ten,14,Anna Smrek,So,MB,6-9,30,10,102,NA,169,54,362,0.318,8,1,1,32,NA,10,103,10,96.5,231.5,1,NA,NA,5,NA,NA,NA
2022-2023,Wisconsin,Big Ten,22,Julia Orzol,So,OH,6-0,32,32,115,NA,281,102,876,0.204,19,28,50,272,22,7,51,5,49,341.5,NA,NA,NA,527,NA,NA,NA
2022-2023,CSU Bakersfield,Big West,2,Ella Erteltova,So,S,5-10,25,0,73,NA,2,1,14,0.071,267,12,11,125,1,NA,1,NA,0.5,14.5,29,NA,NA,1,NA,NA,NA
2022-2023,CSU Bakersfield,Big West,5,Sophia Bertotti Metoyer,So,MB,6-2,25,20,70,NA,90,51,263,0.148,3,1,1,14,1,6,48,NA,30,121,2,NA,NA,10,NA,NA,NA
2022-2023,CSU Bakersfield,Big West,15,Sarah Martin,So,L/DS,5-8,17,2,37,NA,1,0,1,1,7,2,6,50,18,NA,NA,NA,NA,3,NA,NA,NA,131,NA,NA,NA
2022-2023,CSU Bakersfield,Big West,16,Samia Bhakta,So,RS,6-0,27,17,71,NA,86,45,273,0.15,4,NA,1,40,NA,NA,30,NA,19.5,101,1,NA,NA,3,NA,NA,NA
2022-2023,CSUN,Big West,3,Abigail Macias,So,MB,6-2,18,9,48,NA,26,15,87,0.126,3,2,3,18,NA,3,17,7,18,39.5,1,NA,NA,6,NA,NA,NA
2022-2023,CSUN,Big West,4,Emily Sparks,So,S,5-11,24,9,80,NA,6,6,30,0,338,17,30,127,NA,NA,NA,1,1,23,7,NA,NA,3,NA,NA,NA
2022-2023,CSUN,Big West,14,Taylor Hunter,So,MB,6-2,32,29,116,NA,162,79,406,0.204,6,NA,NA,48,NA,9,92,7,66.5,217,NA,NA,NA,3,NA,NA,NA
2022-2023,CSUN,Big West,22,Carisa Barron,So,S,5-11,32,31,123,NA,253,114,744,0.187,624,9,56,272,NA,10,47,5,45.5,295.5,16,6,NA,4,NA,NA,NA
2022-2023,CSUN,Big West,23,Magdalena Juric,So,OPP,6-4,29,15,103,NA,134,55,432,0.183,6,NA,NA,28,NA,12,46,3,40.5,169,NA,NA,NA,5,NA,NA,NA
2022-2023,CSUN,Big West,30,Layla Cederlind,So,DS,5-8,31,6,113,NA,1,0,4,0.25,17,30,43,186,31,NA,NA,NA,NA,31,NA,NA,NA,371,NA,NA,NA
2022-2023,Cal Poly,Big West,7,Kate Slack,So,MB,6-2,30,30,112,NA,115,43,264,0.273,12,NA,NA,25,1,13,84,10,71.5,170,2,NA,NA,19,NA,NA,NA
2022-2023,Cal Poly,Big West,9,Tommi Stockham,So,OH,6-2,30,29,105,NA,398,176,1055,0.21,34,20,42,235,64,4,30,5,26,437,NA,NA,NA,861,NA,NA,NA
2022-2023,Cal Poly,Big West,18,Kirra Kellerman,So,MB,6-2,1,0,1,NA,0,0,0,NA,NA,NA,NA,NA,NA,NA,NA,NA,NA,NA,NA,NA,NA,NA,NA,NA,NA
2022-2023,Cal Poly,Big West,22,Amy Hiatt,So,OH,6-3,19,5,45,NA,92,33,261,0.226,2,NA,NA,13,10,6,13,2,15,104.5,1,NA,NA,84,NA,NA,NA
2022-2023,Cal St. Fullerton,Big West,1,Marisse Turner,So,MB,6-0,9,8,33,NA,70,29,176,0.233,NA,1,8,13,NA,6,15,4,17.5,84.5,NA,NA,NA,1,NA,NA,NA
2022-2023,Cal St. Fullerton,Big West,6,Hailey Black,So,S,5-11,1,0,1,NA,0,0,0,NA,6,NA,NA,1,NA,NA,NA,NA,NA,NA,NA,NA,NA,NA,NA,NA,NA
2022-2023,Cal St. Fullerton,Big West,24,Lyla Traylor,So,OH,6-1,28,28,106,NA,313,165,1025,0.144,13,19,17,305,46,7,25,1,25,351.5,NA,NA,NA,607,NA,NA,NA
2022-2023,Hawaii,Big West,10,Kate Lang,So,S,5-10,29,29,107,NA,58,16,125,0.336,1102,24,26,224,3,2,40,9,31,104,5,NA,NA,9,NA,NA,NA
2022-2023,Hawaii,Big West,16,Tayli Ikenaga,So,L,5-5,26,0,94,NA,0,0,3,0,64,11,18,299,16,NA,NA,NA,NA,11,NA,NA,NA,274,NA,NA,NA
2022-2023,Hawaii,Big West,23,Annika De Goede,So,OPP,6-3,14,3,26,NA,17,16,48,0.021,NA,3,4,7,NA,NA,7,2,6,23.5,NA,NA,NA,1,NA,NA,NA
2022-2023,Long Beach St.,Big West,6,Kameron Bacon,So,MB,6-4,26,19,90,NA,114,35,298,0.265,5,1,1,12,1,4,81,2,53,159.5,1,NA,NA,9,NA,NA,NA
2022-2023,Long Beach St.,Big West,10,Savana Chacon,So,DS,5-8,23,5,91,NA,3,1,12,0.167,37,34,39,191,13,NA,NA,NA,NA,37,3,NA,NA,304,NA,NA,NA
2022-2023,Long Beach St.,Big West,13,Andie Stone,So,OH,5-10,1,0,1,NA,0,3,5,-0.6,NA,NA,NA,2,NA,NA,NA,NA,NA,NA,NA,NA,NA,1,NA,NA,NA
2022-2023,Long Beach St.,Big West,15,Kailia Lopez,So,OH,5-9,24,2,70,NA,0,0,0,NA,5,10,18,19,NA,NA,NA,NA,NA,10,NA,NA,NA,NA,NA,NA,NA
2022-2023,Long Beach St.,Big West,23,Jenna Giambi,So,L/DS,5-5,3,0,7,NA,0,0,0,NA,1,NA,1,7,NA,NA,NA,NA,NA,NA,NA,NA,NA,10,NA,NA,NA
2022-2023,Long Beach St.,Big West,28,Maura Hayes,So,RS,6-2,1,0,2,NA,1,1,2,0,NA,NA,NA,1,NA,NA,NA,NA,NA,1,NA,NA,NA,NA,NA,NA,NA
2022-2023,Long Beach St.,Big West,83,Natalie Glenn,So,OH,5-10,18,18,53,NA,138,76,390,0.159,12,17,42,127,11,2,23,2,18,168.5,NA,NA,NA,285,NA,NA,NA
2022-2023,UC Davis,Big West,1,Maddie Gleason,So,MB,6-2,2,0,2,NA,0,0,0,NA,NA,NA,NA,NA,NA,NA,NA,NA,NA,NA,NA,NA,NA,NA,NA,NA,NA
2022-2023,UC Davis,Big West,2,Casi Newman,So,S,5-10,30,30,119,NA,49,12,105,0.352,1052,20,28,223,NA,3,45,4,35.5,94.5,32,NA,NA,5,NA,NA,NA
2022-2023,UC Davis,Big West,3,Olivia Utterback,So,OPP,6-0,30,30,118,NA,265,112,801,0.191,24,35,55,266,41,1,69,4,47,335.5,5,NA,NA,472,NA,NA,NA
2022-2023,UC Davis,Big West,7,Julia Ng,So,L/DS,5-5,30,25,119,NA,3,0,18,0.167,16,20,16,226,28,NA,NA,NA,NA,23,NA,NA,NA,481,NA,NA,NA
2022-2023,UC Davis,Big West,8,Alexa Hogan,So,MB,6-1,13,5,24,NA,15,7,46,0.174,NA,NA,NA,NA,NA,4,8,1,9,23,NA,NA,NA,2,NA,NA,NA
2022-2023,UC Davis,Big West,9,Amara Aimufua,So,OH,5-11,1,0,1,NA,0,0,0,NA,NA,NA,NA,NA,NA,NA,NA,NA,NA,NA,NA,NA,NA,1,NA,NA,NA
2022-2023,UC Davis,Big West,17,Megan Lenn,So,OH,6-0,30,21,106,NA,179,101,660,0.118,12,32,31,217,22,4,39,5,33.5,234.5,7,NA,NA,484,NA,NA,NA
2022-2023,UC Irvine,Big West,5,Carly Richter,So,L/DS,5-3,16,0,40,NA,0,0,3,0,9,2,4,48,1,NA,NA,NA,NA,2,NA,NA,NA,78,NA,NA,NA
2022-2023,UC Irvine,Big West,7,Marianna Bertolone,So,OH,6-0,30,30,111,NA,239,103,732,0.186,6,7,20,223,30,5,36,1,26.5,269,NA,NA,NA,530,NA,NA,NA
2022-2023,UC Irvine,Big West,10,Emma Spindt,So,OH,6-1,21,17,65,NA,99,62,313,0.118,4,6,12,90,16,2,16,NA,10.5,115,1,NA,NA,368,NA,NA,NA
2022-2023,UC Irvine,Big West,14,Ellen Veargason,So,OPP,6-4,28,1,96,NA,124,55,389,0.177,2,NA,NA,34,NA,6,84,2,56,172,NA,NA,NA,NA,NA,NA,NA
2022-2023,UC Irvine,Big West,15,Ofure Iselen,So,RS,6-0,5,0,7,NA,4,0,7,0.571,1,NA,NA,NA,NA,NA,2,NA,2,5,NA,NA,NA,NA,NA,NA,NA
2022-2023,UC Irvine,Big West,20,Amanda Leinbach,So,L/DS,5-7,1,0,1,NA,0,0,0,NA,NA,NA,NA,NA,NA,NA,NA,NA,NA,NA,NA,NA,NA,NA,NA,NA,NA
2022-2023,UC Irvine,Big West,23,Indy DeSmet,So,S,5-8,30,1,104,NA,2,2,17,0,488,31,23,207,1,NA,NA,NA,NA,33,8,NA,NA,2,NA,NA,NA
2022-2023,UC Riverside,Big West,5,Kenzy Militar,So,L,5-9,27,2,85,NA,4,1,20,0.15,51,25,15,242,19,NA,1,NA,0.5,29.5,1,NA,NA,335,NA,NA,NA
2022-2023,UC Riverside,Big West,17,Shannon Dunkin,So,MB,6-2,6,6,22,NA,15,6,36,0.25,NA,NA,NA,1,NA,2,14,NA,15,24,NA,NA,NA,2,NA,NA,NA
2022-2023,UC Riverside,Big West,20,Coco Ikpe,So,MB,5-9,13,3,30,NA,49,30,179,0.106,2,NA,NA,9,9,2,4,4,8.5,53,NA,NA,NA,56,NA,NA,NA
2022-2023,UC San Diego,Big West,3,Juliette Bokor,So,MB,6-1,16,5,40,NA,41,14,107,0.252,3,1,4,16,NA,3,17,2,16,53.5,NA,NA,NA,4,NA,NA,NA
2022-2023,UC San Diego,Big West,4,Ava McInnes,So,OH,6-2,32,32,123,NA,469,176,1374,0.213,20,29,33,211,33,10,55,5,48,535.5,1,NA,NA,295,NA,NA,NA
2022-2023,UC San Diego,Big West,5,Sabire Karacaova,So,OH,5-10,20,1,52,NA,18,16,63,0.032,6,1,7,51,9,1,3,NA,3,21.5,NA,NA,NA,140,NA,NA,NA
2022-2023,UC San Diego,Big West,17,Emily McDaniel,So,MB,6-4,30,23,112,NA,217,99,574,0.206,5,NA,NA,24,5,24,67,3,69.5,274.5,3,NA,NA,33,NA,NA,NA
2022-2023,UC San Diego,Big West,20,Gabby Quach,So,S,5-9,1,0,1,NA,0,0,0,NA,NA,NA,NA,NA,NA,NA,NA,NA,NA,NA,NA,NA,NA,NA,NA,NA,NA
2022-2023,UC San Diego,Big West,33,Zaria Henderson,So,OH,5-10,32,32,121,NA,321,175,938,0.156,25,32,30,276,39,5,20,1,21.5,368,5,NA,NA,748,NA,NA,NA
2022-2023,UC Santa Barbara,Big West,11,Nia Correal,So,MB,6-4,30,30,105,NA,90,45,226,0.199,1,3,3,16,1,19,87,12,81,155.5,2,NA,NA,7,NA,NA,NA
2022-2023,UC Santa Barbara,Big West,16,Grace McIntosh,So,S,5-11,18,1,53,NA,1,3,8,-0.25,225,6,12,75,NA,NA,NA,1,NA,7,16,NA,NA,2,NA,NA,NA
2022-2023,Col. of Charleston,CAA,5,Emma Appleman,So,S,5-11,23,15,85,NA,18,3,73,0.205,493,20,15,170,NA,NA,3,1,2.5,39.5,1,NA,NA,2,NA,NA,NA
2022-2023,Col. of Charleston,CAA,8,Anna Smith,So,OH,5-9,25,24,90,NA,227,99,674,0.19,9,15,30,173,38,5,40,11,36,267,NA,NA,NA,439,NA,NA,NA
2022-2023,Col. of Charleston,CAA,9,Chandler Manusky,So,DS,5-7,25,0,72,NA,1,0,7,0.143,33,15,9,156,27,NA,NA,NA,NA,16,NA,NA,NA,253,NA,NA,NA
2022-2023,Col. of Charleston,CAA,12,Jasmin Goei,So,S,5-8,30,14,103,NA,17,3,48,0.292,579,12,11,175,NA,NA,5,2,4.5,31.5,1,NA,NA,3,NA,NA,NA
2022-2023,Col. of Charleston,CAA,15,Tynley Smeltzer,So,OH,5-10,26,1,94,NA,5,1,24,0.167,64,18,8,367,27,NA,NA,NA,NA,23,NA,NA,NA,423,NA,NA,NA
2022-2023,Delaware,CAA,3,Mackenzie Sobczyk,So,MB,5-11,7,4,14,NA,16,5,37,0.297,1,NA,NA,3,NA,1,10,1,9,22,NA,NA,NA,NA,NA,NA,NA
2022-2023,Delaware,CAA,19,Emily Chrysogelos,So,OH,6-0,4,0,4,NA,1,0,1,1,NA,3,NA,2,NA,NA,NA,NA,NA,4,NA,NA,NA,4,NA,NA,NA
2022-2023,Delaware,CAA,21,Hannah Wright,So,DS,5-5,28,1,106,NA,1,0,2,0.5,6,29,19,55,NA,NA,NA,NA,NA,30,NA,NA,NA,1,NA,NA,NA
2022-2023,Elon,CAA,2,Lily Barker,So,RS,6-1,16,3,36,NA,32,17,107,0.14,6,NA,1,16,NA,1,13,1,9.5,39.5,NA,NA,NA,14,NA,NA,NA
2022-2023,Elon,CAA,3,Caroline Doyle,So,L/DS,5-7,25,9,93,NA,1,2,18,-0.056,20,14,12,155,37,NA,NA,NA,NA,15,NA,NA,NA,349,NA,NA,NA
2022-2023,Elon,CAA,10,Sydney Love,So,OH,6-3,27,13,105,NA,266,119,722,0.204,4,NA,5,51,2,5,80,8,52.5,311,1,NA,NA,69,NA,NA,NA
2022-2023,Elon,CAA,17,Presly Austin,So,S,6-1,2,0,2,NA,1,1,2,0,NA,NA,NA,1,NA,NA,NA,NA,NA,1,NA,NA,NA,NA,NA,NA,NA
2022-2023,Hampton,CAA,2,Cortni Adams,So,MB,5-11,1,0,1,NA,0,0,0,NA,NA,NA,NA,NA,NA,NA,NA,NA,NA,NA,NA,NA,NA,NA,NA,NA,NA
2022-2023,Hampton,CAA,5,Leanna Caldwell,So,L/DS,5-4,19,0,68,NA,7,3,55,0.073,56,13,16,208,26,NA,NA,NA,NA,20,1,NA,NA,260,NA,NA,NA
2022-2023,Hampton,CAA,6,Madison Clark,So,RS,6-1,19,6,66,NA,117,61,354,0.158,9,7,9,46,12,2,17,4,16.5,134.5,NA,NA,NA,86,NA,NA,NA
2022-2023,Hofstra,CAA,7,Chiara Cucco,So,L/DS,5-6,29,0,108,NA,4,2,18,0.111,102,26,22,475,27,NA,NA,NA,NA,30,NA,NA,NA,600,NA,NA,NA
2022-2023,Hofstra,CAA,8,Florencia Wolkowyski,So,OH,6-1,16,2,34,NA,27,18,107,0.084,NA,6,5,26,8,NA,7,NA,3.5,36.5,NA,NA,NA,71,NA,NA,NA
2022-2023,Hofstra,CAA,10,Josie Fronczak,So,OH,6-1,24,0,76,NA,0,7,18,-0.389,3,11,9,34,2,NA,1,NA,0.5,11.5,NA,NA,NA,6,NA,NA,NA
2022-2023,Hofstra,CAA,12,Beatriz Alves,So,S,5-9,29,29,108,NA,100,30,265,0.264,1069,35,64,237,1,3,48,11,38,162,19,NA,NA,6,NA,NA,NA
2022-2023,N.C. A&T,CAA,2,Madison Sanabria,So,MB,6-0,12,0,27,NA,13,7,38,0.158,2,NA,NA,8,NA,2,16,4,15,23,1,NA,NA,3,NA,NA,NA
2022-2023,N.C. A&T,CAA,5,Maya Johnson,So,MB,6-0,26,25,103,NA,90,43,260,0.181,11,6,23,34,1,12,82,13,73.5,149,3,NA,NA,17,NA,NA,NA
2022-2023,N.C. A&T,CAA,7,Arie Walker,So,DS,5-8,1,0,1,NA,0,0,0,NA,NA,NA,NA,NA,NA,NA,NA,NA,NA,NA,NA,NA,NA,1,NA,NA,NA
2022-2023,N.C. A&T,CAA,11,Laurel Rogers,So,DS,5-8,5,0,9,NA,0,0,0,NA,2,NA,3,8,1,NA,NA,NA,NA,NA,NA,NA,NA,2,NA,NA,NA
2022-2023,N.C. A&T,CAA,16,Hannah Howell,So,OH,6-0,26,26,102,NA,251,131,808,0.149,25,24,25,205,55,4,30,3,23.5,294,4,NA,NA,628,NA,NA,NA
2022-2023,N.C. A&T,CAA,21,Naiya Sawtelle,So,OH,6-0,26,25,103,NA,429,209,1141,0.193,25,31,53,200,49,9,51,8,47,494.5,3,NA,NA,515,NA,NA,NA
2022-2023,Northeastern,CAA,13,Rafaella Lepenioti,So,OH,5-11,27,8,95,NA,5,4,38,0.026,16,34,14,126,20,NA,1,1,1,39.5,1,NA,NA,282,NA,NA,NA
2022-2023,Northeastern,CAA,16,Jessica Frannea,So,S,5-11,26,24,98,NA,40,8,107,0.299,966,33,23,191,2,NA,38,9,29,92,17,NA,NA,7,NA,NA,NA
2022-2023,Northeastern,CAA,18,Sahitya Krishnamurthy,So,OH,5-10,11,5,41,NA,7,3,33,0.121,4,3,10,67,5,NA,NA,NA,NA,10,NA,NA,NA,116,NA,NA,NA
2022-2023,Stony Brook,CAA,5,Saige Bradley,So,MB,6-2,20,16,68,NA,95,39,233,0.24,1,1,4,13,3,10,53,12,50,132.5,1,NA,NA,15,NA,NA,NA
2022-2023,Stony Brook,CAA,10,Erin Garr,So,MB,6-0,21,7,67,NA,114,47,338,0.198,1,2,2,26,10,NA,24,3,19,128,NA,NA,NA,48,NA,NA,NA
2022-2023,Stony Brook,CAA,11,Katie Hickey,So,MB,6-1,14,11,43,NA,41,20,139,0.151,2,NA,NA,12,NA,4,25,1,17.5,57.5,NA,NA,NA,3,NA,NA,NA
2022-2023,Towson,CAA,12,Victoria Barrett,So,OH,5-9,31,30,108,NA,329,127,791,0.255,17,31,68,230,36,13,57,6,51.5,401.5,2,NA,NA,664,NA,NA,NA
2022-2023,Towson,CAA,20,Maya Scott,So,OH,6-0,1,0,1,NA,2,0,3,0.667,NA,NA,NA,1,NA,NA,NA,NA,NA,2,NA,NA,NA,NA,NA,NA,NA
2022-2023,Towson,CAA,23,Irbe Lazda,So,MB,6-3,31,19,109,NA,259,98,661,0.244,10,NA,1,53,NA,4,95,10,71,310.5,2,NA,NA,8,NA,NA,NA
2022-2023,UNCW,CAA,1,Alexa Brezeault,So,OH,6-0,22,4,54,NA,55,44,212,0.052,1,NA,NA,22,5,6,16,1,15,69,NA,NA,NA,56,NA,NA,NA
2022-2023,UNCW,CAA,2,Quinn Manley,So,DS,5-3,17,0,55,NA,0,1,9,-0.111,36,7,13,141,24,NA,NA,1,1,7,NA,NA,NA,256,NA,NA,NA
2022-2023,UNCW,CAA,8,Margo Huff,So,MH,6-2,1,0,1,NA,0,0,0,NA,NA,NA,NA,NA,NA,NA,NA,NA,NA,NA,NA,NA,NA,NA,NA,NA,NA
2022-2023,UNCW,CAA,10,Caitlyn Callahan,So,OH,6-0,25,25,98,NA,163,56,371,0.288,3,1,5,30,NA,23,75,9,74,224.5,NA,NA,NA,7,NA,NA,NA
2022-2023,UNCW,CAA,11,Sydney Thaxton,So,L/DS,5-5,20,1,49,NA,0,2,6,-0.333,8,7,11,74,12,NA,NA,NA,NA,7,NA,NA,NA,166,NA,NA,NA
2022-2023,UNCW,CAA,12,Emily Hanlon,So,OH,6-3,10,3,34,NA,46,20,123,0.211,2,NA,NA,14,NA,NA,7,NA,5,49.5,NA,NA,NA,2,NA,NA,NA
2022-2023,UNCW,CAA,17,Emma Chappell,So,OH,5-10,7,0,15,NA,15,12,45,0.067,NA,1,2,6,NA,1,11,2,10,22.5,NA,NA,NA,1,NA,NA,NA
2022-2023,UNCW,CAA,18,Grace Melnick,So,MH,6-1,25,20,95,NA,163,84,444,0.178,5,1,10,37,NA,5,48,12,40,193,NA,NA,NA,5,NA,NA,NA
2022-2023,William & Mary,CAA,1,Amy Schwem,So,S,5-10,26,23,102,NA,3,1,25,0.08,561,17,22,192,NA,NA,1,NA,0.5,20.5,1,NA,NA,5,NA,NA,NA
2022-2023,William & Mary,CAA,5,Bella Easton,So,S,5-7,15,0,25,NA,0,0,0,NA,2,2,1,5,NA,NA,NA,NA,NA,2,NA,NA,NA,1,NA,NA,NA
2022-2023,William & Mary,CAA,21,Eleanor Stothoff,So,OH,6-2,24,20,89,NA,284,107,731,0.242,3,NA,NA,54,2,3,59,8,45,316.5,NA,NA,NA,9,NA,NA,NA
2022-2023,FIU,CUSA,15,Kira Givans,So,OH,6-3,15,4,34,NA,65,42,231,0.1,1,NA,2,20,6,2,4,NA,4,69,1,NA,NA,40,NA,NA,NA
2022-2023,FIU,CUSA,16,Paige Thibault,So,L,5-6,28,14,105,NA,47,28,216,0.088,14,23,30,221,21,1,7,NA,4.5,74.5,NA,NA,NA,466,NA,NA,NA
2022-2023,Fla. Atlantic,CUSA,2,Klara Zarnovicka,So,OH,6-2,26,23,94,NA,252,106,603,0.242,11,9,20,113,22,7,53,8,42,294.5,NA,NA,NA,319,NA,NA,NA
2022-2023,Fla. Atlantic,CUSA,3,Noelle Stephens,So,S,5-10,26,26,95,NA,44,9,117,0.299,858,19,15,170,NA,2,20,2,15,75,12,NA,NA,11,NA,NA,NA
2022-2023,Fla. Atlantic,CUSA,6,Katelynn Robine,So,OH,6-0,24,21,86,NA,256,106,705,0.213,6,44,77,138,15,4,10,NA,9,309,NA,NA,NA,200,NA,NA,NA
2022-2023,Fla. Atlantic,CUSA,7,Valeria Rosado,So,OH,6-1,26,26,95,NA,314,138,869,0.203,13,34,33,230,16,8,30,3,25.5,371,NA,NA,NA,470,NA,NA,NA
2022-2023,Louisiana Tech,CUSA,7,Chard'e Vanzandt,So,OH,5-10,29,17,89,NA,184,86,563,0.174,4,NA,NA,39,1,6,26,5,24.5,203,1,NA,NA,26,NA,NA,NA
2022-2023,Louisiana Tech,CUSA,11,Jaena Bell,So,RS,5-10,18,1,38,NA,24,19,97,0.052,1,1,NA,10,1,3,16,2,12.5,36,NA,NA,NA,3,NA,NA,NA
2022-2023,Louisiana Tech,CUSA,14,McKenzie Johnson,So,L/DS,5-6,29,0,105,NA,2,2,34,0,76,37,47,418,36,NA,NA,NA,NA,39,1,NA,NA,542,NA,NA,NA
2022-2023,Louisiana Tech,CUSA,18,Ashley Taylor,So,MB,6-0,21,16,65,NA,124,45,287,0.275,2,NA,4,24,1,29,29,11,53.5,167.5,NA,NA,NA,10,NA,NA,NA
2022-2023,Middle Tenn.,CUSA,7,Melisa Tore,So,MB,6-3,19,0,33,NA,7,0,12,0.583,NA,14,20,NA,NA,NA,5,1,3.5,23.5,NA,NA,NA,NA,NA,NA,NA
2022-2023,Middle Tenn.,CUSA,17,Melisa Nur Temiz,So,OH,6-2,21,5,51,NA,55,32,161,0.143,4,5,8,52,9,6,8,2,12,70,1,NA,NA,78,NA,NA,NA
2022-2023,North Texas,CUSA,2,Addison Corley,So,OPP,6-0,8,0,15,NA,14,9,51,0.098,NA,NA,NA,4,NA,1,3,1,3.5,16.5,NA,NA,NA,1,NA,NA,NA
2022-2023,North Texas,CUSA,7,Andrea Owens,So,OH,6-1,23,7,61,NA,66,37,231,0.126,1,NA,NA,22,5,6,14,2,15,79,2,NA,NA,95,NA,NA,NA
2022-2023,North Texas,CUSA,8,Ceci Harness,So,S,5-8,31,31,116,NA,10,6,43,0.093,777,24,17,200,NA,NA,7,NA,3.5,37.5,6,NA,NA,3,NA,NA,NA
2022-2023,North Texas,CUSA,13,Lauren Phillips,So,S,6-0,11,0,30,NA,0,3,10,-0.3,118,11,8,45,NA,NA,1,NA,0.5,11.5,4,NA,NA,2,NA,NA,NA
2022-2023,North Texas,CUSA,23,Aryn Johnson,So,OH,5-9,31,31,114,NA,353,196,935,0.168,10,28,32,220,58,8,44,3,35,411,3,NA,NA,860,NA,NA,NA
2022-2023,Rice,CUSA,17,Lola Foord,So,OH,5-11,29,5,66,NA,82,26,211,0.265,3,NA,NA,15,NA,1,21,5,17.5,93.5,NA,NA,NA,1,NA,NA,NA
2022-2023,UAB,CUSA,3,Kayla Hardy,So,L/DS,5-2,22,2,71,NA,0,0,4,0,8,6,13,92,7,NA,NA,NA,NA,6,NA,NA,NA,157,NA,NA,NA
2022-2023,UAB,CUSA,5,Avery Long,So,L/DS,5-8,5,0,12,NA,0,0,0,NA,NA,1,2,1,2,NA,NA,NA,NA,1,NA,NA,NA,4,NA,NA,NA
2022-2023,UAB,CUSA,6,Katy Schroeder,So,OH,6-0,12,1,32,NA,4,1,10,0.3,NA,NA,NA,3,NA,1,2,NA,2,6,NA,NA,NA,NA,NA,NA,NA
2022-2023,UAB,CUSA,21,Chloe Rodriguez,So,MB,6-2,27,26,105,NA,129,50,274,0.288,8,7,8,28,2,15,70,1,57.5,186,NA,NA,NA,6,NA,NA,NA
2022-2023,UAB,CUSA,24,Erin Powers,So,DS,5-7,27,0,105,NA,4,2,23,0.087,120,39,31,473,35,NA,NA,NA,NA,43,NA,NA,NA,552,NA,NA,NA
2022-2023,UTEP,CUSA,7,Gabriella Gregorski,So,DS,5-5,13,0,17,NA,0,0,0,NA,NA,1,2,5,NA,NA,NA,NA,NA,1,NA,NA,NA,1,NA,NA,NA
2022-2023,UTEP,CUSA,12,Madison Hill,So,L/DS,5-6,7,0,12,NA,0,0,0,NA,NA,NA,3,5,NA,NA,NA,NA,NA,NA,NA,NA,NA,1,NA,NA,NA
2022-2023,UTEP,CUSA,14,Ema Uskokovic,So,OH,6-0,13,2,37,NA,45,23,151,0.146,1,NA,3,12,2,3,23,NA,15,59.5,NA,NA,NA,18,NA,NA,NA
2022-2023,UTEP,CUSA,21,Ryley Frye,So,S,5-10,8,0,11,NA,0,0,0,NA,9,1,3,1,NA,NA,NA,NA,NA,1,NA,NA,NA,NA,NA,NA,NA
2022-2023,UTSA,CUSA,3,Courtney Aulbaugh,So,L/DS,5-6,15,3,38,NA,0,1,2,-0.5,11,4,7,51,11,NA,NA,NA,NA,4,NA,NA,NA,71,NA,NA,NA
2022-2023,UTSA,CUSA,4,Brooke Hirsch,So,L/DS,5-7,15,3,39,NA,0,0,0,NA,9,NA,NA,50,10,NA,NA,NA,NA,NA,NA,NA,NA,105,NA,NA,NA
2022-2023,UTSA,CUSA,10,Cheyenne Hlady,So,MB,6-2,12,9,38,NA,34,17,94,0.181,3,4,13,13,NA,4,27,NA,18.5,55.5,NA,NA,NA,6,NA,NA,NA
2022-2023,UTSA,CUSA,15,Makayla Smith,So,OPP,6-0,2,0,2,NA,0,0,0,NA,NA,NA,NA,NA,NA,NA,NA,NA,NA,NA,NA,NA,NA,NA,NA,NA,NA
2022-2023,UTSA,CUSA,44,Mekaila Aupiu,So,S,5-10,19,9,56,NA,28,11,91,0.187,329,9,17,92,NA,1,13,4,10.5,44.5,5,NA,NA,NA,NA,NA,NA
2022-2023,Western Ky.,CUSA,26,Katie Howard,So,OH,5-11,33,31,108,NA,77,43,254,0.134,18,50,69,181,10,1,11,3,10.5,133.5,1,NA,NA,91,NA,NA,NA
2022-2023,Western Ky.,CUSA,33,Kenadee Coyle,So,RS,6-1,33,32,109,NA,193,58,447,0.302,6,NA,NA,33,NA,5,74,10,52.5,235,1,NA,NA,NA,NA,NA,NA
2022-2023,Chicago St.,DI Independent,14,Yunju Lee,So,S,5-8,23,13,81,NA,12,3,40,0.225,365,16,22,165,NA,NA,1,NA,0.5,28.5,17,NA,NA,2,NA,NA,NA
2022-2023,Cleveland St.,Horizon,3,Liberty Torres,So,OH,6-0,29,0,89,NA,163,81,589,0.139,1,NA,NA,34,2,5,18,6,22.5,177,NA,NA,NA,21,NA,NA,NA
2022-2023,Cleveland St.,Horizon,4,Madison Olinger,So,MB,6-1,30,27,108,NA,144,47,320,0.303,5,NA,NA,17,1,27,100,8,89,221,1,NA,NA,11,NA,NA,NA
2022-2023,Cleveland St.,Horizon,6,Emma Walker,So,DS,5-5,31,1,120,NA,3,0,12,0.25,70,26,37,379,24,NA,NA,NA,NA,29,NA,NA,NA,493,NA,NA,NA
2022-2023,Cleveland St.,Horizon,10,Madison Quirino,So,OH,5-11,25,9,70,NA,94,59,361,0.097,8,5,6,66,8,2,16,5,15,109,NA,NA,NA,115,NA,NA,NA
2022-2023,Cleveland St.,Horizon,23,Halayna Kesling,So,DS,5-4,14,1,29,NA,0,0,0,NA,1,4,5,16,2,NA,NA,NA,NA,4,NA,NA,NA,37,NA,NA,NA
2022-2023,Green Bay,Horizon,1,Ellie Kurpeikis,So,MB,6-1,19,14,56,NA,51,36,133,0.113,1,6,10,25,NA,2,42,2,30,80,NA,NA,NA,2,NA,NA,NA
2022-2023,Green Bay,Horizon,7,Natalie Johanknecht,So,MB,6-0,3,0,3,NA,0,0,0,NA,NA,NA,NA,NA,NA,NA,NA,NA,NA,NA,NA,NA,NA,NA,NA,NA,NA
2022-2023,Green Bay,Horizon,8,Abby Gardner,So,L,5-7,34,8,117,NA,4,0,9,0.444,48,29,37,225,24,NA,NA,NA,NA,33,NA,NA,NA,457,NA,NA,NA
2022-2023,Green Bay,Horizon,14,Calli Gentry,So,S,5-9,34,33,119,NA,76,20,215,0.26,1230,41,30,311,NA,4,44,4,32,143,11,NA,NA,3,NA,NA,NA
2022-2023,Green Bay,Horizon,15,Cora Behnke,So,OH,6-1,33,22,116,NA,292,119,889,0.195,16,3,5,74,6,4,56,4,39,327,NA,NA,NA,93,NA,NA,NA
2022-2023,Green Bay,Horizon,20,Tiffany Paalman,So,MB,6-0,21,21,70,NA,199,38,434,0.371,2,5,11,40,1,12,66,9,54,249,NA,NA,NA,3,NA,NA,NA
2022-2023,IU Indy,Horizon,5,Emma Ashcraft,So,L,5-7,22,12,84,NA,1,1,4,0,4,24,31,183,35,NA,NA,NA,NA,25,NA,NA,NA,439,NA,NA,NA
2022-2023,IU Indy,Horizon,12,Addie Evans,So,L,5-10,25,0,98,NA,1,2,24,-0.042,74,23,36,419,29,NA,NA,1,1,24,2,NA,NA,451,NA,NA,NA
2022-2023,IU Indy,Horizon,15,Briana Brown,So,OH,5-11,30,27,114,NA,367,172,1192,0.164,13,23,33,244,56,3,22,NA,14.5,404,NA,NA,NA,722,NA,NA,NA
2022-2023,IU Indy,Horizon,16,Sidney Veatch,So,S,5-11,30,11,112,NA,46,21,135,0.185,514,8,14,77,NA,5,48,6,37.5,83,12,NA,NA,4,NA,NA,NA
2022-2023,Milwaukee,Horizon,1,Tatum Catalano,So,MB,6-0,20,4,43,NA,25,9,68,0.235,2,NA,NA,7,NA,1,15,3,11.5,33.5,1,NA,NA,7,NA,NA,NA
2022-2023,Milwaukee,Horizon,2,Bri Geurts,So,RS,6-0,30,29,106,NA,183,78,444,0.236,17,15,23,51,2,3,83,10,53,242.5,1,NA,NA,18,NA,NA,NA
2022-2023,Milwaukee,Horizon,3,Lakyn Graves,So,MB,6-1,5,1,10,NA,2,2,6,0,NA,NA,1,3,NA,1,8,NA,5,7,NA,NA,NA,NA,NA,NA,NA
2022-2023,Milwaukee,Horizon,14,Madi Malone,So,OH,6-0,30,30,106,NA,292,128,940,0.174,20,10,11,289,49,1,31,3,20,318.5,NA,NA,NA,789,NA,NA,NA
2022-2023,Northern Ky.,Horizon,6,Joy Banks,So,OH,5-10,31,25,113,NA,216,128,642,0.137,3,NA,NA,103,21,7,39,9,37,242.5,NA,NA,NA,478,NA,NA,NA
2022-2023,Northern Ky.,Horizon,10,Sequoia Hunt,So,MB,5-10,25,23,88,NA,116,36,272,0.294,2,4,12,34,2,5,100,7,70,175,NA,NA,NA,4,NA,NA,NA
2022-2023,Oakland,Horizon,4,Kennedy Dolmage,So,L/DS,5-4,26,17,78,NA,2,1,13,0.077,12,18,14,171,26,NA,NA,NA,NA,20,1,NA,NA,324,NA,NA,NA
2022-2023,Oakland,Horizon,6,Emily Wichmann,So,L/DS,5-3,30,0,112,NA,2,0,14,0.143,106,26,23,560,26,NA,NA,NA,NA,28,2,NA,NA,537,NA,NA,NA
2022-2023,Oakland,Horizon,10,Anna Nie,So,MB,6-1,25,16,70,NA,61,25,167,0.216,1,1,2,25,1,6,37,9,34,86.5,1,NA,NA,6,NA,NA,NA
2022-2023,Oakland,Horizon,12,Libby Smith,So,MB,6-0,30,8,111,NA,233,104,723,0.178,2,NA,1,58,3,8,42,NA,29.5,262,1,NA,NA,10,NA,NA,NA
2022-2023,Oakland,Horizon,17,Clarke Adams,So,L/DS,5-7,30,0,112,NA,235,127,716,0.151,1,2,4,96,23,10,6,6,19,250,NA,NA,NA,339,NA,NA,NA
2022-2023,Oakland,Horizon,21,Patti Cesarini,So,OH,5-11,30,30,112,NA,410,136,1332,0.206,11,27,22,296,39,9,20,7,27,456,3,NA,NA,624,NA,NA,NA
2022-2023,Purdue Fort Wayne,Horizon,13,Claire Pape,So,MB,5-11,1,0,3,NA,2,1,5,0.2,NA,1,3,2,NA,1,3,NA,4,5.5,NA,NA,NA,NA,NA,NA,NA
2022-2023,Purdue Fort Wayne,Horizon,15,Nicole Jones,So,S,5-9,17,2,37,NA,8,3,22,0.227,124,9,7,36,NA,NA,3,1,2.5,18.5,3,NA,NA,2,NA,NA,NA
2022-2023,Purdue Fort Wayne,Horizon,20,Taya Haffner,So,S,5-11,29,27,106,NA,65,21,154,0.286,922,18,54,201,1,5,19,1,16,97.5,7,NA,NA,4,NA,NA,NA
2022-2023,Robert Morris,Horizon,3,Jaidan Hockman,So,L/DS,5-5,21,2,55,NA,0,0,4,0,7,2,8,43,19,NA,NA,NA,NA,2,NA,NA,NA,194,NA,NA,NA
2022-2023,Robert Morris,Horizon,5,Tatum Otolski,So,MB,6-0,14,5,28,NA,15,8,61,0.115,NA,NA,NA,2,NA,1,13,NA,8,22.5,NA,NA,NA,NA,NA,NA,NA
2022-2023,Robert Morris,Horizon,6,Ally Christman,So,RS,5-10,28,13,71,NA,158,85,465,0.157,9,26,16,176,36,1,13,2,9.5,191.5,NA,NA,NA,402,NA,NA,NA
2022-2023,Robert Morris,Horizon,7,Ashleigh Wallin,So,S,5-10,19,17,71,NA,4,3,22,0.045,358,23,20,117,NA,NA,NA,1,1,27,12,NA,NA,3,NA,NA,NA
2022-2023,Robert Morris,Horizon,15,Page Gross,So,MB,6-2,26,21,79,NA,65,31,180,0.189,3,18,26,22,1,5,42,6,32.5,109,NA,NA,NA,6,NA,NA,NA
2022-2023,Robert Morris,Horizon,17,Abby Powers,So,MB,6-2,18,11,53,NA,67,34,174,0.19,1,4,3,29,NA,2,21,3,15.5,83.5,1,NA,NA,7,NA,NA,NA
2022-2023,Wright St.,Horizon,6,Jenny Morey,So,L/DS,5-7,32,6,118,NA,2,3,17,-0.059,17,36,17,263,14,NA,NA,NA,NA,38,NA,NA,NA,384,NA,NA,NA
2022-2023,Wright St.,Horizon,8,Camryn Hausler,So,OH,6-0,10,0,19,NA,1,1,4,0,NA,NA,7,4,NA,NA,2,NA,1.5,2,NA,NA,NA,3,NA,NA,NA
2022-2023,Youngstown St.,Horizon,8,Paula Guersching,So,OH,6-2,28,28,110,NA,576,169,1412,0.288,20,43,48,263,37,9,36,8,35,646,NA,NA,NA,632,NA,NA,NA
2022-2023,Youngstown St.,Horizon,20,Caitlyn Jones,So,DS,5-5,16,1,56,NA,0,0,2,0,3,10,14,30,2,NA,NA,NA,NA,10,2,NA,NA,39,NA,NA,NA
2022-2023,Youngstown St.,Horizon,24,Kiyah Franklin,So,RS,6-0,30,17,116,NA,151,98,455,0.116,3,NA,2,45,NA,2,37,9,28,171.5,2,NA,NA,7,NA,NA,NA
2022-2023,Brown,Ivy League,2,Victoria Vo,So,L/DS,5-7,25,0,97,NA,2,0,14,0.143,44,24,25,313,18,NA,NA,NA,NA,26,2,NA,NA,422,NA,NA,NA
2022-2023,Brown,Ivy League,13,Kayla Griebl,So,OH,6-0,20,14,63,NA,136,72,459,0.139,16,15,11,100,8,1,15,NA,9,159.5,NA,NA,NA,197,NA,NA,NA
2022-2023,Brown,Ivy League,16,Gabby Derrick,So,MB,5-11,23,22,88,NA,57,19,146,0.26,1,NA,NA,6,NA,15,84,6,66.5,114,2,NA,NA,2,NA,NA,NA
2022-2023,Brown,Ivy League,17,Beau Vanderlaan,So,MB,6-1,25,25,97,NA,228,48,475,0.379,10,24,33,48,NA,18,98,6,81,319,3,NA,NA,6,NA,NA,NA
2022-2023,Columbia,Ivy League,2,Harper Justema,So,MB,6-2,18,18,60,NA,79,26,219,0.242,1,1,8,16,NA,7,52,7,40,113,2,NA,NA,6,NA,NA,NA
2022-2023,Columbia,Ivy League,9,Hailee Watts,So,OH,5-11,5,1,6,NA,4,5,17,-0.059,1,NA,4,8,1,NA,1,NA,0.5,4.5,NA,NA,NA,22,NA,NA,NA
2022-2023,Columbia,Ivy League,24,Cadence Gronski,So,S,6-0,13,4,45,NA,7,1,17,0.353,200,7,20,39,NA,NA,2,2,2.5,15,2,NA,NA,NA,NA,NA,NA
2022-2023,Cornell,Ivy League,1,Brooke Cooper,So,OH,6-0,13,2,28,NA,62,26,177,0.203,3,5,1,28,4,1,4,NA,3,70,1,NA,NA,35,NA,NA,NA
2022-2023,Cornell,Ivy League,4,Sammie Engel,So,MB,6-2,18,15,52,NA,69,16,167,0.317,3,26,30,14,NA,3,26,4,20,111,1,NA,NA,6,NA,NA,NA
2022-2023,Cornell,Ivy League,12,Jackie Baker,So,L,5-8,20,0,64,NA,1,0,6,0.167,52,29,24,214,21,NA,NA,NA,NA,30,NA,NA,NA,502,NA,NA,NA
2022-2023,Cornell,Ivy League,19,Camryn Carlo,So,MB,6-2,17,14,54,NA,98,31,236,0.284,NA,NA,NA,9,NA,11,23,3,26,120.5,NA,NA,NA,5,NA,NA,NA
2022-2023,Cornell,Ivy League,22,Megan Bickel,So,L/DS,5-7,16,1,47,NA,1,0,3,0.333,19,11,25,107,14,NA,NA,NA,NA,12,NA,NA,NA,234,NA,NA,NA
2022-2023,Dartmouth,Ivy League,1,Tasman Mullins,So,S,6-1,3,0,5,NA,0,0,0,NA,13,NA,NA,4,NA,NA,NA,NA,NA,NA,1,NA,NA,NA,NA,NA,NA
2022-2023,Dartmouth,Ivy League,5,Piper Stevens,So,OH,5-11,18,2,37,NA,55,16,130,0.3,1,2,3,13,NA,3,13,1,12,66.5,NA,NA,NA,2,NA,NA,NA
2022-2023,Dartmouth,Ivy League,14,Emma Engstrom,So,L/DS,5-9,25,0,85,NA,6,1,32,0.156,75,32,14,352,12,NA,NA,NA,NA,38,NA,NA,NA,477,NA,NA,NA
2022-2023,Dartmouth,Ivy League,32,Emma Sinclair,So,OH,6-1,2,0,3,NA,7,4,16,0.188,NA,NA,2,1,2,NA,NA,NA,NA,7,NA,NA,NA,31,NA,NA,NA
2022-2023,Harvard,Ivy League,4,Lindsey Zhang,So,L/DS,5-6,16,4,59,NA,0,0,6,0,45,15,20,127,20,NA,NA,NA,NA,15,NA,NA,NA,277,NA,NA,NA
2022-2023,Harvard,Ivy League,7,Corinne Furey,So,OH,6-1,13,6,45,NA,72,26,239,0.192,1,5,NA,41,13,NA,8,NA,4,81,NA,NA,NA,94,NA,NA,NA
2022-2023,Harvard,Ivy League,17,Teia Piette,So,L,5-5,11,1,38,NA,2,0,4,0.5,21,9,12,122,16,NA,NA,NA,NA,11,NA,NA,NA,240,NA,NA,NA
2022-2023,Harvard,Ivy League,23,Rocky Aguirre,So,S,6-0,22,0,81,NA,11,4,46,0.152,324,19,19,108,1,NA,NA,NA,NA,30,2,NA,NA,3,NA,NA,NA
2022-2023,Penn,Ivy League,6,Kaya Johnson,So,MB,6-1,3,1,5,NA,3,4,14,-0.071,1,NA,4,NA,NA,NA,1,3,2,3.5,NA,NA,NA,5,NA,NA,NA
2022-2023,Penn,Ivy League,7,Kat Alexander,So,L/DS,5-8,23,7,79,NA,3,1,13,0.154,13,7,17,128,24,NA,NA,NA,NA,10,NA,NA,NA,377,NA,NA,NA
2022-2023,Penn,Ivy League,12,Ella Green,So,OH,6-1,22,11,80,NA,200,117,627,0.132,5,4,7,49,4,5,19,5,16.5,218.5,1,NA,NA,57,NA,NA,NA
2022-2023,Penn,Ivy League,16,Sydney Ormiston,So,S,6-0,4,2,10,NA,2,0,8,0.25,54,1,2,7,NA,NA,NA,NA,NA,3,NA,NA,NA,NA,NA,NA,NA
2022-2023,Princeton,Ivy League,11,Gracie Wood,So,S,5-10,9,2,14,NA,2,0,12,0.167,81,6,5,10,NA,NA,NA,NA,NA,8,3,NA,NA,1,NA,NA,NA
2022-2023,Princeton,Ivy League,14,Shelby Fulton,So,OH,6-1,7,1,10,NA,10,2,25,0.32,1,3,1,7,1,1,5,NA,3.5,16.5,NA,NA,NA,8,NA,NA,NA
2022-2023,Princeton,Ivy League,17,Nicole Dankinova,So,OH,6-3,3,0,5,NA,4,3,20,0.05,2,1,5,4,2,NA,2,NA,1,6,NA,NA,NA,14,NA,NA,NA
2022-2023,Princeton,Ivy League,23,Mariah Haislip,So,MB,6-0,23,23,80,NA,166,45,319,0.379,3,2,3,24,NA,11,27,4,29.5,192.5,1,NA,NA,5,NA,NA,NA
2022-2023,Yale,Ivy League,2,Fatima Samb,So,MH,6-2,26,26,89,NA,127,38,274,0.325,3,NA,NA,16,NA,12,60,10,55.5,169,2,NA,NA,5,NA,NA,NA
2022-2023,Yale,Ivy League,5,Emma Shadwick,So,OH,6-1,8,0,15,NA,4,1,15,0.2,NA,NA,1,1,NA,1,NA,NA,1,5,NA,NA,NA,14,NA,NA,NA
2022-2023,Yale,Ivy League,8,Gigi Barr,So,MH,6-1,26,26,93,NA,247,74,519,0.333,4,3,9,37,1,12,43,3,41.5,283.5,1,NA,NA,9,NA,NA,NA
2022-2023,Yale,Ivy League,12,Bella Chan,So,L,5-3,26,2,91,NA,2,0,9,0.222,19,19,20,125,7,NA,NA,NA,NA,21,1,NA,NA,157,NA,NA,NA
2022-2023,Yale,Ivy League,13,Mila Yarich,So,OH,6-0,26,26,93,NA,283,137,777,0.188,40,35,44,288,31,16,22,3,31.5,345,2,NA,NA,571,NA,NA,NA
2022-2023,Yale,Ivy League,18,Cara Shultz,So,OH,5-11,26,26,92,NA,218,89,647,0.199,19,59,75,244,21,5,14,1,15.5,289,NA,NA,NA,518,NA,NA,NA
2022-2023,Yale,Ivy League,21,Carly Diehl,So,S,5-11,26,26,93,NA,101,28,265,0.275,995,26,46,214,1,6,24,2,23,145,9,NA,NA,4,NA,NA,NA
2022-2023,Canisius,MAAC,8,Taylor Baldwin,So,OH,5-10,28,23,103,NA,301,155,845,0.173,12,26,47,181,40,9,28,3,28.5,350,NA,NA,NA,454,NA,NA,NA
2022-2023,Canisius,MAAC,11,Kara Zaucha,So,OH,5-10,20,18,68,NA,174,72,530,0.192,4,15,17,170,20,4,26,3,25,206,NA,NA,NA,211,NA,NA,NA
2022-2023,Canisius,MAAC,12,Avery Dole,So,S,6-0,4,1,10,NA,2,5,11,-0.273,1,NA,NA,5,NA,NA,2,NA,1,3,NA,NA,NA,NA,NA,NA,NA
2022-2023,Canisius,MAAC,18,Emma Mans,So,MB,6-4,20,12,59,NA,109,70,299,0.13,4,12,13,53,NA,4,33,2,26.5,141.5,2,NA,NA,NA,NA,NA,NA
2022-2023,Fairfield,MAAC,4,Blakely Montgomery,So,S,5-9,29,27,104,NA,64,13,183,0.279,795,30,34,221,1,NA,22,7,21.5,105,17,NA,NA,4,NA,NA,NA
2022-2023,Fairfield,MAAC,9,Mikayla Haut,So,OH,6-0,25,9,77,NA,170,99,483,0.147,7,2,3,54,9,4,32,9,29.5,192,1,NA,NA,118,NA,NA,NA
2022-2023,Iona,MAAC,1,Makenna Casper,So,MB,6-1,14,5,26,NA,11,8,38,0.079,1,NA,NA,6,NA,2,12,3,12,19,NA,NA,NA,2,NA,NA,NA
2022-2023,Iona,MAAC,11,Mackenzie Wiggins,So,OH,5-10,27,17,86,NA,208,112,686,0.14,11,29,18,201,22,4,17,2,14.5,249.5,NA,NA,NA,373,NA,NA,NA
2022-2023,Iona,MAAC,19,Nerin Valasakos,So,OH,5-10,20,11,56,NA,76,46,293,0.102,8,6,3,68,13,3,13,2,11.5,91.5,NA,NA,NA,232,NA,NA,NA
2022-2023,Manhattan,MAAC,7,Ananda Burgos,So,MH,5-9,28,27,85,NA,13,12,67,0.015,7,4,6,36,2,4,22,4,20,32,3,NA,NA,27,NA,NA,NA
2022-2023,Manhattan,MAAC,12,Sophia Lotto,So,S,5-6,24,0,75,NA,2,1,13,0.077,32,5,7,178,39,NA,1,NA,0.5,7.5,3,NA,NA,398,NA,NA,NA
2022-2023,Manhattan,MAAC,14,Bella Nascimento,So,DS,5-8,12,11,39,NA,30,20,112,0.089,5,4,11,38,2,3,6,NA,6,40,1,NA,NA,6,NA,NA,NA
2022-2023,Marist,MAAC,1,Jillian Hanna,So,L,5-9,25,3,73,NA,15,12,54,0.056,12,17,11,130,15,NA,1,NA,0.5,32.5,NA,NA,NA,234,NA,NA,NA
2022-2023,Marist,MAAC,2,Alyssa White,So,MH,6-0,29,29,102,NA,97,50,205,0.229,1,NA,NA,11,3,14,71,3,56,146.5,NA,NA,NA,4,NA,NA,NA
2022-2023,Marist,MAAC,4,Jaden Reasor,So,L,5-4,28,0,97,NA,0,0,2,0,3,20,22,44,1,NA,NA,NA,NA,20,NA,NA,NA,15,NA,NA,NA
2022-2023,Marist,MAAC,12,Claire Lewis,So,S,6-0,20,0,43,NA,14,2,26,0.462,128,4,5,52,NA,NA,NA,NA,NA,18,3,NA,NA,1,NA,NA,NA
2022-2023,Marist,MAAC,13,Jaya Bhagat,So,OH,5-10,9,1,14,NA,23,14,63,0.143,1,2,4,15,7,NA,4,NA,2,27,NA,NA,NA,30,NA,NA,NA
2022-2023,Marist,MAAC,19,Julianna Lavner,So,MB,6-0,3,0,6,NA,11,2,15,0.6,NA,NA,NA,NA,NA,1,2,NA,2,13,NA,NA,NA,NA,NA,NA,NA
2022-2023,Niagara,MAAC,2,Bella Peroni,So,L,5-5,27,1,87,NA,2,1,41,0.024,58,18,33,343,31,NA,NA,NA,NA,20,NA,NA,NA,496,NA,NA,NA
2022-2023,Niagara,MAAC,11,Jenna Vogen,So,OH,5-11,29,20,85,NA,152,77,527,0.142,9,4,11,114,13,3,26,7,23,172,1,NA,NA,190,NA,NA,NA
2022-2023,Niagara,MAAC,12,Kelly McArthur,So,S,6-2,27,15,85,NA,79,36,301,0.143,217,3,4,105,NA,3,29,3,23,99.5,7,NA,NA,1,NA,NA,NA
2022-2023,Niagara,MAAC,13,Laryssa Imbuzeiro,So,MB,5-10,30,30,100,NA,143,52,380,0.239,6,20,16,73,2,18,82,3,68,222,NA,NA,NA,15,NA,NA,NA
2022-2023,Quinnipiac,MAAC,3,Alexandra Tennon,So,MB,5-8,27,22,88,NA,249,148,738,0.137,9,10,9,168,5,2,34,2,24,278,3,NA,NA,31,NA,NA,NA
2022-2023,Quinnipiac,MAAC,6,Fa'avae Kimsel Moe,So,L,5-6,26,0,88,NA,1,1,6,0,45,26,25,308,34,NA,NA,1,NA,27,7,NA,NA,525,NA,NA,NA
2022-2023,Rider,MAAC,0,Jordan Taylor,So,OH,5-11,9,1,16,NA,21,17,76,0.053,NA,NA,NA,8,NA,NA,2,1,2,22,NA,NA,NA,27,NA,NA,NA
2022-2023,Rider,MAAC,7,Sydney Bond,So,S,5-8,29,10,97,NA,11,11,71,0,516,15,21,118,NA,NA,22,5,18,37,17,NA,NA,7,NA,NA,NA
2022-2023,Rider,MAAC,9,Nicole Wilkinson,So,MH,6-0,14,5,32,NA,45,16,105,0.276,4,1,2,12,NA,NA,15,3,10.5,53.5,NA,NA,NA,3,NA,NA,NA
2022-2023,Rider,MAAC,17,Christina Blount,So,MH,6-1,26,21,76,NA,115,60,301,0.183,2,NA,2,15,NA,5,47,7,36.5,143.5,NA,NA,NA,6,NA,NA,NA
2022-2023,Rider,MAAC,22,Julia Slivka,So,S,5-9,29,19,99,NA,16,3,47,0.277,529,30,10,197,2,1,10,3,8,52,6,NA,NA,27,NA,NA,NA
2022-2023,Siena,MAAC,5,Claire Isaksen,So,S,5-9,30,23,109,NA,67,7,197,0.305,810,29,33,220,NA,NA,28,3,18,110,7,NA,NA,8,NA,NA,NA
2022-2023,Siena,MAAC,6,Jenna Szabelski,So,S,5-5,2,0,3,NA,0,0,0,NA,4,NA,NA,1,NA,NA,NA,NA,NA,NA,NA,NA,NA,NA,NA,NA,NA
2022-2023,Siena,MAAC,7,Sara Wagner,So,OH,5-10,30,30,112,NA,346,168,1019,0.175,18,40,54,246,55,1,25,4,19.5,399.5,2,NA,NA,705,NA,NA,NA
2022-2023,Siena,MAAC,9,Olga Sawinska,So,RS,6-2,8,5,26,NA,54,28,167,0.156,NA,NA,NA,9,NA,NA,10,2,8,59,1,NA,NA,NA,NA,NA,NA
2022-2023,Siena,MAAC,13,Ece Emrullah,So,MB,6-3,28,27,104,NA,197,90,454,0.236,11,35,65,77,1,17,87,13,78,292.5,1,NA,NA,21,NA,NA,NA
2022-2023,Akron,MAC,3,Baylee Vought,So,S,6-0,27,15,96,NA,22,2,53,0.377,472,25,24,194,NA,NA,5,1,6,49.5,7,NA,NA,2,NA,NA,NA
2022-2023,Akron,MAC,6,Ellen Kinnaird,So,RS,5-11,29,28,108,NA,145,75,410,0.171,21,12,19,36,NA,4,57,4,40,189.5,NA,NA,NA,13,NA,NA,NA
2022-2023,Akron,MAC,17,Karleighana Jones,So,MB,6-3,29,19,102,NA,178,72,457,0.232,9,1,3,29,NA,9,52,3,40,214,NA,NA,NA,1,NA,NA,NA
2022-2023,Akron,MAC,21,Gia Padilla,So,OH,5-10,8,0,12,NA,12,11,53,0.019,2,NA,1,21,3,NA,1,NA,0.5,12.5,NA,NA,NA,54,NA,NA,NA
2022-2023,Akron,MAC,22,Lasi Danielson,So,OH,5-11,17,4,54,NA,74,49,249,0.1,4,NA,NA,26,NA,NA,8,NA,4.5,78,NA,NA,NA,NA,NA,NA,NA
2022-2023,Ball St.,MAC,15,Megan Wielonski,So,S,5-10,33,33,126,NA,81,23,254,0.228,1359,46,44,391,NA,3,35,7,27,147.5,7,NA,NA,5,NA,NA,NA
2022-2023,Ball St.,MAC,16,Kendall Seimet,So,DS,5-6,7,0,12,NA,0,0,0,NA,2,1,2,16,2,NA,NA,NA,NA,1,NA,NA,NA,23,NA,NA,NA
2022-2023,Bowling Green,MAC,3,Hannah Best,So,OH,5-9,4,0,5,NA,4,0,9,0.444,NA,NA,NA,1,NA,NA,NA,NA,NA,4,NA,NA,NA,7,NA,NA,NA
2022-2023,Bowling Green,MAC,8,Kat Mandly,So,OH,5-11,26,16,73,NA,195,94,575,0.176,2,4,15,53,18,NA,24,4,17.5,211,NA,NA,NA,218,NA,NA,NA
2022-2023,Bowling Green,MAC,9,Mia Tyler,So,OH,6-1,29,1,89,NA,201,76,589,0.212,3,NA,NA,33,3,3,40,1,29.5,224,NA,NA,NA,26,NA,NA,NA
2022-2023,Bowling Green,MAC,12,Lindsey LaPinta,So,DS,5-5,11,1,16,NA,0,0,1,0,NA,1,2,19,4,NA,NA,NA,NA,1,NA,NA,NA,44,NA,NA,NA
2022-2023,Buffalo,MAC,3,Mandy Leigh,So,S,6-0,30,28,108,NA,100,11,255,0.349,1132,15,17,268,NA,NA,56,4,36,143,15,NA,NA,12,NA,NA,NA
2022-2023,Buffalo,MAC,7,Katrin Trebichavska,So,OH,5-10,33,31,116,NA,317,208,986,0.111,36,64,116,368,27,5,33,6,31.5,402.5,1,NA,NA,563,NA,NA,NA
2022-2023,Buffalo,MAC,11,Maria Futey,So,OH,5-9,33,13,120,NA,62,25,210,0.176,69,23,24,420,16,1,6,NA,4,89,NA,NA,NA,689,NA,NA,NA
2022-2023,Buffalo,MAC,15,Julianna Lopez,So,DS,5-6,17,2,57,NA,0,0,4,0,14,12,8,104,11,NA,NA,NA,NA,12,NA,NA,NA,134,NA,NA,NA
2022-2023,Central Mich.,MAC,3,Lauren Schrock,So,OH,6-1,3,0,4,NA,3,2,10,0.1,NA,NA,NA,NA,1,NA,NA,NA,NA,3,NA,NA,NA,6,NA,NA,NA
2022-2023,Central Mich.,MAC,4,Emma Dukate,So,L/DS,5-6,3,0,3,NA,0,0,0,NA,NA,NA,NA,NA,NA,NA,NA,NA,NA,NA,NA,NA,NA,4,NA,NA,NA
2022-2023,Central Mich.,MAC,5,Krystina Kasson,So,OPP,6-2,11,1,20,NA,19,12,70,0.1,NA,NA,NA,7,NA,1,9,1,6.5,24.5,NA,NA,NA,NA,NA,NA,NA
2022-2023,Central Mich.,MAC,10,Aly Gurtiza,So,L/DS,5-7,32,0,117,NA,3,0,8,0.375,143,25,17,637,22,NA,NA,NA,NA,28,NA,NA,NA,528,NA,NA,NA
2022-2023,Central Mich.,MAC,15,Kayla Brandon,So,L/DS,5-8,27,0,70,NA,0,0,1,0,6,9,24,38,1,NA,1,NA,1,9.5,NA,NA,NA,27,NA,NA,NA
2022-2023,Central Mich.,MAC,19,Linnea Willer,So,OH,5-11,22,0,72,NA,8,12,41,-0.098,2,14,17,19,NA,NA,2,NA,1,23,NA,NA,NA,1,NA,NA,NA
2022-2023,Eastern Mich.,MAC,2,Kendall Burk,So,S,6-0,28,18,92,NA,29,8,79,0.266,649,17,19,128,1,2,15,1,10.5,55.5,19,NA,NA,6,NA,NA,NA
2022-2023,Eastern Mich.,MAC,4,Madeline Timmerman,So,MB,6-2,29,28,102,NA,127,47,349,0.229,6,21,28,40,NA,7,71,3,50.5,190.5,NA,NA,NA,5,NA,NA,NA
2022-2023,Eastern Mich.,MAC,7,Mackenzie Gross,So,OH,6-2,18,4,46,NA,41,41,184,0,2,NA,NA,9,NA,1,17,3,13,50.5,NA,NA,NA,3,NA,NA,NA
2022-2023,Eastern Mich.,MAC,11,Mekayla Koger,So,OH,5-8,13,4,33,NA,41,14,96,0.281,NA,NA,6,6,1,2,20,4,16.5,53,NA,NA,NA,2,NA,NA,NA
2022-2023,Eastern Mich.,MAC,13,Emily Surin,So,OH,5-11,2,0,2,NA,1,4,8,-0.375,NA,NA,NA,1,NA,NA,1,NA,0.5,1.5,NA,NA,NA,1,NA,NA,NA
2022-2023,Kent St.,MAC,2,Fabiana Mucciola,So,DS,5-5,14,2,30,NA,0,0,0,NA,3,NA,1,42,9,NA,NA,NA,NA,NA,NA,NA,NA,94,NA,NA,NA
2022-2023,Kent St.,MAC,5,Kasidy Blumenthal,So,OH,5-11,14,2,23,NA,5,8,42,-0.071,NA,4,1,4,NA,NA,1,NA,0.5,9.5,NA,NA,NA,1,NA,NA,NA
2022-2023,Kent St.,MAC,12,Ainsley Guse,So,MB,6-3,13,3,22,NA,22,2,58,0.345,1,NA,1,4,NA,4,10,NA,9,31,NA,NA,NA,1,NA,NA,NA
2022-2023,Kent St.,MAC,19,Kiersten Kraus,So,S,5-11,16,0,31,NA,11,7,37,0.108,90,3,3,40,NA,1,5,1,4.5,17.5,5,NA,NA,1,NA,NA,NA
2022-2023,Miami (OH),MAC,6,Brooke Cirigliano,So,MH,6-2,16,3,33,NA,19,10,67,0.134,NA,1,4,4,NA,2,14,1,10.5,29,NA,NA,NA,2,NA,NA,NA
2022-2023,Miami (OH),MAC,9,Lydia Harper,So,S,6-2,25,4,78,NA,23,9,83,0.169,301,6,7,49,NA,5,24,4,21,46,5,NA,NA,3,NA,NA,NA
2022-2023,Miami (OH),MAC,12,Margo Lawson,So,L,5-5,25,0,61,NA,1,1,4,0,25,11,10,132,23,NA,NA,NA,NA,12,NA,NA,NA,215,NA,NA,NA
2022-2023,Miami (OH),MAC,14,Caroline Cermack,So,DS,5-11,22,3,44,NA,40,32,129,0.062,4,2,7,58,14,3,3,1,5,46.5,1,NA,NA,150,NA,NA,NA
2022-2023,Miami (OH),MAC,17,Gracie Norris,So,S,5-10,19,3,31,NA,2,3,7,-0.143,104,1,7,33,NA,NA,NA,NA,NA,3,3,NA,NA,NA,NA,NA,NA
2022-2023,Miami (OH),MAC,18,Sylvia Koenig,So,MH,6-1,10,1,14,NA,7,2,23,0.217,NA,NA,NA,7,NA,NA,3,NA,2.5,8.5,NA,NA,NA,NA,NA,NA,NA
2022-2023,NIU,MAC,3,Francesca Bertucci,So,DS,5-5,28,0,99,NA,4,1,14,0.214,46,23,31,586,25,NA,NA,NA,NA,27,1,NA,NA,480,NA,NA,NA
2022-2023,NIU,MAC,8,Stella Barr,So,MB,6-1,4,1,7,NA,3,3,13,0,NA,NA,NA,NA,NA,2,1,1,3.5,5.5,NA,NA,NA,2,NA,NA,NA
2022-2023,NIU,MAC,9,Jada Cerniglia,So,DS,5-3,14,0,19,NA,0,0,0,NA,NA,1,6,1,NA,NA,NA,NA,NA,1,NA,NA,NA,NA,NA,NA,NA
2022-2023,NIU,MAC,11,Charli Atiemo,So,MB,5-11,28,28,99,NA,264,51,595,0.358,25,14,18,66,NA,17,79,6,67.5,334.5,4,NA,NA,7,NA,NA,NA
2022-2023,NIU,MAC,16,Sophie Hurt,So,S,5-7,28,0,97,NA,2,2,12,0,77,19,39,169,1,NA,1,NA,0.5,21.5,NA,NA,NA,5,NA,NA,NA
2022-2023,NIU,MAC,21,Nikolette Nedic,So,OH,6-1,21,2,52,NA,105,48,324,0.176,NA,NA,3,21,7,3,12,1,11,114,NA,NA,NA,66,NA,NA,NA
2022-2023,Ohio,MAC,5,Makenna Schafer,So,OH,6-1,7,0,9,NA,3,2,6,0.167,NA,NA,NA,3,NA,NA,1,1,1.5,3.5,1,NA,NA,1,NA,NA,NA
2022-2023,Ohio,MAC,6,Karsyn Raines,So,L/DS,-,22,0,57,NA,0,1,4,-0.25,6,3,8,65,5,NA,NA,NA,NA,3,NA,NA,NA,57,NA,NA,NA
2022-2023,Ohio,MAC,15,Caroline Clippard,So,OH,6-0,32,12,108,NA,310,158,819,0.186,2,1,2,58,3,5,13,6,13.5,322.5,1,NA,NA,17,NA,NA,NA
2022-2023,Western Mich.,MAC,1,Madison Merz,So,MB,6-1,28,16,95,NA,114,53,297,0.205,2,26,19,45,1,6,32,5,29.5,162,1,NA,NA,4,NA,NA,NA
2022-2023,Western Mich.,MAC,13,Kennedy Hogan,So,MB,6-2,14,8,36,NA,32,13,78,0.244,NA,NA,NA,2,NA,2,20,1,13,44,NA,NA,NA,NA,NA,NA,NA
2022-2023,Western Mich.,MAC,16,Julia Marr,So,OH,6-2,21,13,68,NA,198,101,549,0.177,9,10,20,149,14,2,8,1,8.5,214,NA,NA,NA,229,NA,NA,NA
2022-2023,Coppin St.,MEAC,1,Genesis Hernandez,So,DS,5-2,29,1,74,NA,0,0,1,0,1,12,24,30,2,NA,NA,NA,NA,12,1,NA,NA,13,NA,NA,NA
2022-2023,Coppin St.,MEAC,2,Ahzhi Coleman,So,MH,5-11,33,24,103,NA,162,71,364,0.25,5,NA,NA,12,1,5,66,7,54.5,200,NA,NA,NA,7,NA,NA,NA
2022-2023,Coppin St.,MEAC,7,Hope Casel,So,OH,5-10,32,16,100,NA,211,124,578,0.151,2,1,3,47,1,4,32,2,23,232,1,NA,NA,21,NA,NA,NA
2022-2023,Delaware St.,MEAC,6,Kelsie Dawson,So,MB,6-1,31,30,112,NA,142,48,289,0.325,1,NA,NA,9,1,20,79,7,77,201.5,1,NA,NA,14,NA,NA,NA
2022-2023,Delaware St.,MEAC,10,Destiny Stewart,So,OPP,5-7,2,0,2,NA,0,0,0,NA,NA,1,NA,NA,NA,NA,NA,NA,NA,1,NA,NA,NA,NA,NA,NA,NA
2022-2023,Delaware St.,MEAC,13,Zahra Flowers,So,OH,5-7,4,0,5,NA,3,0,3,1,NA,1,3,NA,NA,NA,NA,NA,NA,4,NA,NA,NA,NA,NA,NA,NA
2022-2023,Delaware St.,MEAC,15,Valeria Otero,So,OH,5-9,31,31,112,NA,240,127,732,0.154,22,25,31,255,31,6,21,2,21,281.5,NA,NA,NA,435,NA,NA,NA
2022-2023,Delaware St.,MEAC,19,Alondra Maldonado,So,MB,6-1,31,31,111,NA,321,105,647,0.334,7,NA,2,44,1,5,75,5,56.5,363.5,NA,NA,NA,17,NA,NA,NA
2022-2023,Howard,MEAC,2,Taylor Johnson,So,L,5-2,20,3,33,NA,0,0,0,NA,2,3,4,30,1,NA,NA,NA,NA,3,NA,NA,NA,54,NA,NA,NA
2022-2023,Howard,MEAC,3,Bria Woodard,So,OH,6-3,29,16,84,NA,142,72,540,0.13,6,9,22,88,16,1,18,NA,11,161,NA,NA,NA,390,NA,NA,NA
2022-2023,Howard,MEAC,6,Maya Gerlach,So,MB,6-4,20,11,49,NA,78,22,146,0.384,1,NA,3,3,NA,12,36,5,36.5,108,2,NA,NA,4,NA,NA,NA
2022-2023,Howard,MEAC,12,Grace Metcalf,So,S,5-8,7,0,9,NA,0,0,0,NA,3,3,3,NA,NA,NA,NA,NA,NA,3,NA,NA,NA,NA,NA,NA,NA
2022-2023,Howard,MEAC,17,Cimone Woodard,So,MB,6-3,26,23,89,NA,192,55,371,0.369,3,20,31,52,NA,11,48,9,44,247,NA,NA,NA,4,NA,NA,NA
2022-2023,Howard,MEAC,28,Dami Awojobi,So,OH,6-1,26,1,63,NA,146,85,386,0.158,1,4,8,35,10,2,13,5,13.5,158.5,2,NA,NA,82,NA,NA,NA
2022-2023,Howard,MEAC,41,Colleen Temple,So,MB,6-3,12,3,23,NA,35,16,97,0.196,NA,NA,1,10,NA,1,8,1,6.5,40,NA,NA,NA,NA,NA,NA,NA
2022-2023,Morgan St.,MEAC,4,Trinity Carruthers,So,S,5-9,27,8,81,NA,21,12,66,0.136,324,6,19,95,NA,2,14,NA,12,36,4,NA,NA,5,NA,NA,NA
2022-2023,Morgan St.,MEAC,19,Madison Grace,So,OH,5-10,28,22,87,NA,181,152,647,0.045,4,13,37,103,45,5,17,4,17.5,207.5,NA,NA,NA,289,NA,NA,NA
2022-2023,Morgan St.,MEAC,20,Kayla Gaddy-Middleton,So,OH,6-0,9,2,19,NA,7,7,44,0,NA,NA,NA,1,4,1,1,NA,1.5,8.5,NA,NA,NA,15,NA,NA,NA
2022-2023,N.C. Central,MEAC,2,Azra Osmanovic,So,S,5-9,21,0,55,NA,3,1,22,0.091,61,14,17,61,NA,NA,NA,1,1,17,4,NA,NA,2,NA,NA,NA
2022-2023,N.C. Central,MEAC,9,Loren Johnson,So,DS,5-6,26,0,92,NA,0,0,14,0,80,39,39,341,34,NA,NA,NA,NA,39,2,NA,NA,332,NA,NA,NA
2022-2023,N.C. Central,MEAC,15,Vanila Pulu-Suliafu,So,S,5-9,26,26,92,NA,55,18,202,0.183,606,17,34,202,NA,2,20,8,23,84,19,NA,NA,3,NA,NA,NA
2022-2023,N.C. Central,MEAC,16,Lejla Viteskic,So,MB,6-1,3,0,4,NA,0,0,4,0,NA,NA,NA,NA,NA,NA,3,NA,1.5,1.5,NA,NA,NA,NA,NA,NA,NA
2022-2023,N.C. Central,MEAC,20,Kennedy Clark,So,MB,6-0,17,4,40,NA,19,11,59,0.136,1,NA,NA,1,NA,3,11,NA,11.5,27.5,NA,NA,NA,1,NA,NA,NA
2022-2023,Norfolk St.,MEAC,3,Kylah Hunter,So,L/DS,5-1,24,0,84,NA,0,0,1,0,2,10,19,25,NA,NA,NA,NA,NA,10,NA,NA,NA,3,NA,NA,NA
2022-2023,Norfolk St.,MEAC,4,Christian Wilson,So,OH,5-9,2,0,4,NA,4,4,10,0,NA,3,1,NA,NA,NA,NA,NA,NA,7,NA,NA,NA,1,NA,NA,NA
2022-2023,Norfolk St.,MEAC,9,Shachia Lamb,So,MB,5-10,18,1,30,NA,27,9,62,0.29,NA,NA,NA,3,NA,1,20,1,13.5,38,NA,NA,NA,1,NA,NA,NA
2022-2023,Norfolk St.,MEAC,19,Calyce Jones,So,S,5-7,3,0,3,NA,1,0,1,1,3,NA,NA,NA,NA,NA,NA,NA,NA,1,1,NA,NA,NA,NA,NA,NA
2022-2023,South Carolina St.,MEAC,3,Kiarra Rosales,So,L,5-3,26,2,77,NA,1,3,19,-0.105,19,10,30,131,42,NA,NA,NA,NA,11,2,NA,NA,194,NA,NA,NA
2022-2023,South Carolina St.,MEAC,15,Delaney Davis,So,MB,5-10,14,2,20,NA,1,3,12,-0.167,31,1,5,10,NA,NA,5,NA,4.5,4.5,6,NA,NA,NA,NA,NA,NA
2022-2023,UMES,MEAC,3,Isil Yilmaz,So,L,5-4,26,5,97,NA,3,4,33,-0.03,67,24,23,298,38,NA,NA,NA,NA,27,1,NA,NA,439,NA,NA,NA
2022-2023,UMES,MEAC,8,Charlize Williams,So,MB,6-0,25,25,94,NA,148,44,366,0.284,4,NA,NA,10,2,28,60,10,77,206,2,NA,NA,10,NA,NA,NA
2022-2023,UMES,MEAC,22,Shanti Ramdeen,So,MB,5-10,13,3,26,NA,7,3,20,0.2,NA,2,7,9,NA,1,6,3,7,13,NA,NA,NA,NA,NA,NA,NA
2022-2023,UMES,MEAC,23,Ranyla Griggs,So,OH,5-8,26,12,83,NA,158,96,446,0.139,7,7,12,49,21,2,17,5,16.5,175.5,1,NA,NA,186,NA,NA,NA
2022-2023,UMES,MEAC,35,Soleil Cotton,So,MB,6-0,24,16,84,NA,53,31,159,0.138,1,5,20,16,NA,7,35,8,35.5,82.5,1,NA,NA,3,NA,NA,NA
2022-2023,Belmont,MVC,4,Peyton O'Brien,So,S,6-0,30,25,112,NA,82,16,244,0.27,928,9,18,213,1,4,53,8,42.5,121.5,11,NA,NA,5,NA,NA,NA
2022-2023,Belmont,MVC,17,Elizabeth Godfrey,So,L/DS,5-9,31,10,113,NA,1,2,16,-0.063,26,23,32,165,34,NA,NA,NA,NA,24,NA,NA,NA,406,NA,NA,NA
2022-2023,Belmont,MVC,18,Erina Shin,So,S,5-10,4,1,8,NA,0,1,1,-1,30,1,1,7,NA,NA,2,NA,1,2,NA,NA,NA,NA,NA,NA,NA
2022-2023,Belmont,MVC,19,Missy Sterkel,So,OH,6-0,10,1,15,NA,10,10,47,0,NA,NA,NA,8,NA,NA,5,2,5.5,12.5,NA,NA,NA,5,NA,NA,NA
2022-2023,Bradley,MVC,2,Karina Simatos,So,L/DS,5-7,26,10,77,NA,0,0,0,NA,8,14,34,128,8,NA,NA,NA,NA,14,NA,NA,NA,67,NA,NA,NA
2022-2023,Bradley,MVC,12,McKenna Scheib,So,MB,6-0,2,0,2,NA,1,0,2,0.5,NA,NA,NA,1,NA,NA,NA,NA,NA,1,NA,NA,NA,NA,NA,NA,NA
2022-2023,Bradley,MVC,13,Kaylenn Hunt,So,OH,6-0,6,0,12,NA,19,11,55,0.145,2,NA,NA,5,NA,NA,6,NA,4,22,NA,NA,NA,6,NA,NA,NA
2022-2023,Bradley,MVC,23,Silan Demirkol,So,OH,5-11,25,21,88,NA,199,93,744,0.142,13,14,13,306,17,2,21,4,20.5,225.5,NA,NA,NA,417,NA,NA,NA
2022-2023,Drake,MVC,11,Thea Rotto,So,OH,5-11,13,1,26,NA,14,9,56,0.089,2,7,11,27,3,2,2,1,4.5,24,NA,NA,NA,34,NA,NA,NA
2022-2023,Drake,MVC,13,Ashlynn Kuhn,So,MB,5-11,38,35,126,NA,213,58,470,0.33,1,NA,2,33,NA,20,83,6,79,274.5,1,NA,NA,16,NA,NA,NA
2022-2023,Drake,MVC,14,Addie Schmierer,So,DS,5-3,37,10,122,NA,1,1,3,0,14,18,17,234,31,NA,NA,NA,NA,19,NA,NA,NA,450,NA,NA,NA
2022-2023,Drake,MVC,16,Zeynep Gur,So,OH,5-11,4,0,4,NA,2,1,5,0.2,1,NA,1,NA,1,NA,NA,NA,NA,2,NA,NA,NA,8,NA,NA,NA
2022-2023,Drake,MVC,21,Audrey Dennison,So,MB,6-1,4,0,5,NA,1,3,6,-0.333,NA,NA,NA,1,NA,NA,2,NA,1,2,NA,NA,NA,NA,NA,NA,NA
2022-2023,Evansville,MVC,7,Blakeley Freeman,So,L/DS,5-5,35,0,132,NA,2,1,6,0.167,104,21,23,281,54,NA,NA,NA,NA,23,NA,NA,NA,774,NA,NA,NA
2022-2023,Evansville,MVC,12,Giulia Cardona,So,RS,5-11,35,35,132,NA,574,269,1581,0.193,19,65,105,285,8,3,64,2,46.5,674,NA,NA,NA,56,NA,NA,NA
2022-2023,Evansville,MVC,15,Madisyn Steele,So,MB,6-2,35,35,132,NA,226,57,488,0.346,2,3,13,22,1,15,81,6,69,284.5,NA,NA,NA,18,NA,NA,NA
2022-2023,Illinois St.,MVC,2,Katelyn Lefler,So,S,6-0,10,8,37,NA,16,3,47,0.277,263,7,13,87,2,NA,9,1,6,27.5,6,NA,NA,5,NA,NA,NA
2022-2023,Illinois St.,MVC,12,Maggi Weller,So,L/DS,5-4,19,2,43,NA,1,1,3,0,9,8,5,52,6,NA,1,NA,0.5,9.5,NA,NA,NA,104,NA,NA,NA
2022-2023,Indiana St.,MVC,3,Emma Kaelin,So,S,5-8,25,22,87,NA,51,13,136,0.279,556,10,14,188,NA,NA,13,2,10,67.5,11,NA,NA,6,NA,NA,NA
2022-2023,Indiana St.,MVC,17,Storm Suhre,So,MB,6-2,26,26,93,NA,193,57,474,0.287,7,11,10,33,NA,15,74,5,63.5,256,NA,NA,NA,6,NA,NA,NA
2022-2023,Missouri St.,MVC,11,Maddy Bushnell,So,MB,6-2,18,15,68,NA,150,52,372,0.263,6,12,16,19,NA,7,39,1,30.5,188.5,NA,NA,NA,2,NA,NA,NA
2022-2023,Missouri St.,MVC,15,Morgan Sprague,So,S,5-10,30,30,121,NA,69,19,211,0.237,1146,32,24,300,NA,2,54,NA,31.5,130,5,NA,NA,5,NA,NA,NA
2022-2023,Missouri St.,MVC,16,Deja Bickers,So,OH,6-1,27,7,88,NA,201,108,667,0.139,8,2,8,93,17,1,16,2,12.5,212,NA,NA,NA,159,NA,NA,NA
2022-2023,Missouri St.,MVC,18,Kate Owen,So,DS,5-8,30,0,121,NA,0,2,10,-0.2,93,31,10,469,40,NA,NA,NA,NA,31,NA,NA,NA,676,NA,NA,NA
2022-2023,Murray St.,MVC,3,Bella Dearinger,So,S,5-9,12,2,43,NA,4,0,11,0.364,93,6,14,82,NA,1,3,NA,2.5,12.5,NA,NA,NA,5,NA,NA,NA
2022-2023,Murray St.,MVC,17,Bailey DeMier,So,S,6-0,27,27,106,NA,80,11,211,0.327,1085,40,43,251,NA,NA,32,NA,18.5,136,3,1,NA,4,NA,NA,NA
2022-2023,Southern Ill.,MVC,10,Averi Vanderzille,So,MH,6-0,4,0,7,NA,2,2,12,0,NA,NA,NA,2,NA,NA,1,NA,0.5,2.5,NA,NA,NA,NA,NA,NA,NA
2022-2023,Southern Ill.,MVC,12,Anna Jaworski,So,S,5-8,31,31,121,NA,34,8,98,0.265,1387,45,20,279,1,NA,19,2,15.5,88.5,8,NA,NA,13,NA,NA,NA
2022-2023,UIC,MVC,5,Kayanna Jones,So,MB,6-2,9,1,12,NA,8,6,21,0.095,NA,NA,NA,1,NA,NA,6,4,8,11,NA,NA,NA,1,NA,NA,NA
2022-2023,UIC,MVC,14,Liza Garrido,So,MH,6-2,7,0,7,NA,3,2,11,0.091,NA,NA,NA,1,NA,NA,1,NA,1,3.5,NA,NA,NA,NA,NA,NA,NA
2022-2023,UNI,MVC,4,Olivia Tjernagel,So,MB,6-0,29,24,104,NA,225,88,479,0.286,2,NA,1,48,NA,3,70,3,52.5,263,NA,NA,NA,6,NA,NA,NA
2022-2023,UNI,MVC,5,Grace Mikota,So,DS,5-8,3,0,4,NA,0,0,0,NA,NA,NA,1,10,NA,NA,NA,NA,NA,NA,NA,NA,NA,3,NA,NA,NA
2022-2023,UNI,MVC,6,Tayler Alden,So,S,6-0,35,35,130,NA,192,62,432,0.301,1325,26,33,278,NA,1,52,8,39.5,245,29,1,NA,6,NA,NA,NA
2022-2023,UNI,MVC,9,Kira Fallert,So,OH,6-0,35,35,130,NA,360,184,1119,0.157,35,34,47,301,42,13,34,3,36.5,424,1,NA,NA,807,NA,NA,NA
2022-2023,UNI,MVC,11,Megan Witte,So,OH,5-11,9,0,10,NA,21,8,61,0.213,NA,NA,1,10,1,NA,NA,NA,NA,21,1,NA,NA,7,NA,NA,NA
2022-2023,Valparaiso,MVC,21,Elise Swistek,So,OH,5-9,21,17,73,NA,149,94,534,0.103,16,20,26,273,10,1,18,4,14,179,NA,NA,NA,413,NA,NA,NA
2022-2023,Valparaiso,MVC,30,Abby Boyle,So,L/DS,5-6,19,0,27,NA,0,0,0,NA,4,1,5,19,1,NA,NA,NA,NA,1,NA,NA,NA,18,NA,NA,NA
2022-2023,Air Force,Mountain West,5,Murphy Riggs,So,L/DS,5-4,30,1,118,NA,5,1,12,0.333,75,28,53,286,42,NA,NA,NA,NA,33,3,NA,NA,606,NA,NA,NA
2022-2023,Air Force,Mountain West,16,Ella Tschuor,So,OH,6-2,22,18,75,NA,132,69,386,0.163,6,1,8,26,1,3,45,4,34,158.5,NA,NA,NA,33,NA,NA,NA
2022-2023,Air Force,Mountain West,17,Ellie Eichhorn,So,S,5-11,16,0,38,NA,12,0,28,0.429,134,8,7,42,NA,NA,NA,NA,NA,20,3,NA,NA,NA,NA,NA,NA
2022-2023,Air Force,Mountain West,21,Mekayla Dedo,So,OH,5-10,2,0,2,NA,0,0,0,NA,NA,NA,1,NA,NA,NA,NA,NA,NA,NA,NA,NA,NA,2,NA,NA,NA
2022-2023,Air Force,Mountain West,25,Mac Russ,So,MB,6-0,30,18,120,NA,221,87,542,0.247,10,NA,NA,32,NA,18,87,11,75.5,282.5,NA,NA,NA,20,NA,NA,NA
2022-2023,Boise St.,Mountain West,2,Jordan Miller,So,OH,6-0,26,10,85,NA,202,106,582,0.165,4,NA,1,46,20,3,30,4,26.5,220,NA,NA,NA,233,NA,NA,NA
2022-2023,Boise St.,Mountain West,21,Paige Bartsch,So,OPP,6-3,27,27,106,NA,419,192,1016,0.223,13,19,24,235,5,10,68,16,61.5,482,2,NA,NA,62,NA,NA,NA
2022-2023,Colorado St.,Mountain West,1,Malaya Jones,So,OH,6-0,26,9,90,NA,238,112,597,0.211,2,NA,NA,42,8,6,30,7,32.5,259,NA,NA,NA,50,NA,NA,NA
2022-2023,Colorado St.,Mountain West,18,Kate Yoshimoto,So,DS,5-2,29,0,111,NA,1,0,14,0.071,86,18,24,352,26,NA,NA,NA,NA,19,2,NA,NA,498,NA,NA,NA
2022-2023,Fresno St.,Mountain West,2,Brooke Cowie,So,S,5-11,24,14,91,NA,29,7,71,0.31,551,13,31,161,2,3,27,1,22.5,58.5,6,NA,NA,5,NA,NA,NA
2022-2023,Fresno St.,Mountain West,3,Preslee Lillard,So,OH,6-2,19,2,56,NA,51,36,153,0.098,2,NA,NA,11,1,NA,20,3,13,61,NA,NA,NA,3,NA,NA,NA
2022-2023,Fresno St.,Mountain West,7,Sydney Gazzaniga,So,L/DS,5-5,30,0,115,NA,3,0,19,0.158,86,19,36,370,40,NA,NA,1,1,22,NA,NA,NA,543,NA,NA,NA
2022-2023,Fresno St.,Mountain West,8,Ella Rud,So,OH,6-0,30,30,114,NA,393,160,1053,0.221,23,36,23,225,58,6,36,4,27.5,453,NA,NA,NA,746,NA,NA,NA
2022-2023,Fresno St.,Mountain West,21,Maja Malczewska,So,OH,6-0,12,1,28,NA,22,13,82,0.11,NA,NA,4,11,3,1,12,NA,8,29,NA,NA,NA,12,NA,NA,NA
2022-2023,Nevada,Mountain West,10,Sia Liilii,So,OPP,6-1,17,9,49,NA,49,38,220,0.05,5,NA,NA,22,1,NA,40,3,27.5,69,1,NA,NA,1,NA,NA,NA
2022-2023,Nevada,Mountain West,16,Jaclyn Sanchez,So,S,5-11,2,0,2,NA,0,0,0,NA,3,NA,NA,1,NA,NA,NA,NA,NA,NA,NA,NA,NA,NA,NA,NA,NA
2022-2023,New Mexico,Mountain West,19,Elizabeth Woods,So,MB,6-2,20,6,47,NA,23,13,89,0.112,NA,NA,NA,12,NA,1,13,4,11.5,30.5,NA,NA,NA,3,NA,NA,NA
2022-2023,San Diego St.,Mountain West,6,Jordyn Goldsmith,So,OPP,6-1,8,0,15,NA,10,12,38,-0.053,NA,NA,NA,3,NA,NA,6,NA,6,13,NA,NA,NA,1,NA,NA,NA
2022-2023,San Diego St.,Mountain West,9,Sara Mukaj,So,MB,6-3,4,0,9,NA,2,0,13,0.154,2,1,NA,3,NA,NA,1,2,1,3.5,NA,NA,NA,1,NA,NA,NA
2022-2023,San Diego St.,Mountain West,14,Reagan Merk,So,OH,5-11,20,0,42,NA,17,15,58,0.034,5,5,11,45,9,NA,1,1,0.5,22.5,NA,NA,NA,99,NA,NA,NA
2022-2023,San Diego St.,Mountain West,15,Mikela Labno,So,OH,6-2,26,9,95,NA,204,106,559,0.175,9,NA,2,44,12,4,21,NA,21,218.5,NA,NA,NA,174,NA,NA,NA
2022-2023,San Diego St.,Mountain West,20,Elly Schraeder,So,MB,6-2,30,30,108,NA,152,48,357,0.291,8,NA,NA,16,NA,19,99,17,107.5,220.5,2,NA,NA,14,NA,NA,NA
2022-2023,San Jose St.,Mountain West,2,Brooke Bryant,So,MB,5-11,27,10,56,NA,51,34,153,0.111,2,NA,5,14,NA,2,23,4,20,64.5,1,NA,NA,2,NA,NA,NA
2022-2023,San Jose St.,Mountain West,3,Blaire Fleming,So,OH,6-1,27,27,106,NA,311,158,663,0.231,7,NA,7,44,NA,4,57,7,46,343.5,NA,NA,NA,4,NA,NA,NA
2022-2023,San Jose St.,Mountain West,12,Alyssa Bjork,So,MB,6-3,5,0,6,NA,1,0,2,0.5,NA,NA,NA,NA,NA,NA,1,NA,1,1.5,NA,NA,NA,NA,NA,NA,NA
2022-2023,San Jose St.,Mountain West,16,Alessia Buffagni,So,L,5-6,7,0,8,NA,0,0,0,NA,1,NA,1,4,1,NA,NA,NA,NA,NA,NA,NA,NA,6,NA,NA,NA
2022-2023,San Jose St.,Mountain West,28,Madeline Boerstra,So,OH,6-1,21,5,49,NA,46,16,108,0.278,1,NA,5,8,NA,NA,28,1,19,60,NA,NA,NA,2,NA,NA,NA
2022-2023,UNLV,Mountain West,2,Dakota Quinlan,So,MB,5-10,29,21,79,NA,128,33,281,0.338,2,3,5,31,1,7,59,11,50.5,167.5,1,NA,NA,6,NA,NA,NA
2022-2023,UNLV,Mountain West,4,Livvy Setla,So,L,5-5,25,0,70,NA,0,0,4,0,5,11,16,14,NA,NA,NA,NA,NA,11,NA,NA,NA,4,NA,NA,NA
2022-2023,UNLV,Mountain West,5,Chloe Thomas,So,RS,6-1,31,30,107,NA,217,95,563,0.217,6,NA,NA,55,NA,8,72,18,64.5,261,1,NA,NA,2,NA,NA,NA
2022-2023,UNLV,Mountain West,6,VaiLin Tagaloa,So,S,5-11,4,0,6,NA,1,0,2,0.5,3,NA,NA,NA,NA,NA,1,NA,0.5,1.5,NA,NA,NA,NA,NA,NA,NA
2022-2023,UNLV,Mountain West,7,Alyssa Muraoka,So,L,5-6,26,0,70,NA,2,1,9,0.111,9,8,8,95,4,NA,NA,NA,NA,10,NA,NA,NA,160,NA,NA,NA
2022-2023,UNLV,Mountain West,16,Madi Kelly,So,OH,6-1,7,0,13,NA,0,0,1,0,NA,2,2,2,NA,NA,NA,NA,NA,2,NA,NA,NA,1,NA,NA,NA
2022-2023,UNLV,Mountain West,20,Isha Knight,So,L,5-7,30,0,101,NA,1,1,15,0,11,18,22,194,19,NA,NA,NA,NA,19,NA,NA,NA,263,NA,NA,NA
2022-2023,UNLV,Mountain West,21,Keyana Cruse,So,OH,6-1,7,0,9,NA,10,3,20,0.35,NA,NA,2,3,NA,1,1,1,2.5,11.5,NA,NA,NA,2,NA,NA,NA
2022-2023,Utah St.,Mountain West,1,Jordi Holdaway,So,L/DS,5-7,33,0,122,NA,3,4,11,-0.091,121,28,29,437,37,NA,NA,NA,NA,31,3,NA,NA,635,NA,NA,NA
2022-2023,Utah St.,Mountain West,6,Kalia Thunstrom,So,S,5-10,3,0,3,NA,0,0,0,NA,9,NA,NA,4,NA,NA,NA,NA,NA,NA,1,NA,NA,1,NA,NA,NA
2022-2023,Utah St.,Mountain West,9,Katie Langford,So,OPP,6-3,5,0,8,NA,2,6,16,-0.25,1,NA,NA,1,NA,NA,NA,NA,NA,2,NA,NA,NA,NA,NA,NA,NA
2022-2023,Utah St.,Mountain West,16,Adna Mehmedovic,So,OH,6-1,16,12,57,NA,154,68,321,0.268,2,NA,1,31,NA,5,31,3,32,174.5,NA,NA,NA,1,NA,NA,NA
2022-2023,Utah St.,Mountain West,20,Beatriz Rodrigues,So,S,5-11,33,3,125,NA,5,1,12,0.333,646,42,34,197,NA,NA,NA,1,1,47,11,NA,NA,5,NA,NA,NA
2022-2023,Wyoming,Mountain West,3,Kendal Rivera,So,L/DS,5-7,15,2,44,NA,0,0,1,0,4,7,9,68,11,NA,NA,NA,NA,7,NA,NA,NA,123,NA,NA,NA
2022-2023,Wyoming,Mountain West,12,Kayla Mazzocca,So,MB,6-0,19,18,66,NA,69,31,183,0.208,3,12,26,20,NA,10,57,3,46.5,119.5,1,NA,NA,7,NA,NA,NA
2022-2023,Wyoming,Mountain West,17,Teresa Garza,So,OH,5-11,26,11,75,NA,139,77,468,0.132,8,11,32,119,24,7,17,1,18,165.5,NA,NA,NA,362,NA,NA,NA
2022-2023,Wyoming,Mountain West,20,Kasia Partyka,So,S,6-1,30,30,120,NA,87,21,219,0.301,1184,25,41,245,NA,7,53,4,39.5,145.5,20,NA,NA,7,NA,NA,NA
2022-2023,Central Conn. St.,NEC,1,Tori Boulay,So,S,5-6,26,25,92,NA,15,4,57,0.193,482,13,26,153,NA,NA,NA,NA,NA,28,16,NA,NA,4,NA,NA,NA
2022-2023,Central Conn. St.,NEC,2,Kaylin Hadley,So,MH,6-2,2,2,4,NA,7,1,11,0.545,NA,NA,NA,1,NA,NA,1,1,1.5,7.5,NA,NA,NA,NA,NA,NA,NA
2022-2023,Central Conn. St.,NEC,3,Mia Lombardo,So,OH,6-0,23,0,79,NA,119,43,328,0.232,7,NA,NA,40,NA,8,39,4,31.5,146.5,3,NA,NA,2,NA,NA,NA
2022-2023,Central Conn. St.,NEC,4,Rachel Picha,So,OH,5-11,22,0,76,NA,1,1,19,0,59,33,16,310,20,NA,NA,NA,NA,34,NA,NA,NA,299,NA,NA,NA
2022-2023,Central Conn. St.,NEC,7,Isabella Bratzke,So,OH,5-10,26,23,79,NA,127,58,379,0.182,16,21,9,153,19,4,40,5,32.5,172,1,NA,NA,292,NA,NA,NA
2022-2023,Central Conn. St.,NEC,10,Nyjha Marcelin,So,OPP,5-7,26,25,92,NA,224,112,594,0.189,10,NA,NA,74,1,6,50,7,39.5,255,1,NA,NA,10,NA,NA,NA
2022-2023,Central Conn. St.,NEC,11,Margaret Nolan,So,L/DS,5-8,18,0,38,NA,2,2,10,0,8,5,5,63,9,NA,NA,NA,NA,7,NA,NA,NA,95,NA,NA,NA
2022-2023,Central Conn. St.,NEC,13,Madison Massaro-Cook,So,OH,5-8,9,0,10,NA,2,0,4,0.5,2,NA,1,10,NA,NA,1,NA,0.5,2.5,NA,NA,NA,30,NA,NA,NA
2022-2023,Central Conn. St.,NEC,18,Lauren Milani,So,OH,5-10,25,23,84,NA,213,115,671,0.146,13,23,22,204,33,4,30,5,27,255,NA,NA,NA,600,NA,NA,NA
2022-2023,Central Conn. St.,NEC,21,Alexis Neider,So,MB,5-10,1,0,1,NA,0,0,0,NA,NA,NA,NA,NA,2,NA,NA,NA,NA,NA,NA,NA,NA,3,NA,NA,NA
2022-2023,FDU,NEC,2,Megan Bushnell,So,S,5-11,29,1,96,NA,6,4,30,0.067,371,22,9,124,1,NA,NA,NA,NA,28,8,NA,NA,3,NA,NA,NA
2022-2023,FDU,NEC,10,Hannah Schmidt,So,S,5-10,33,32,116,NA,32,13,116,0.164,688,32,46,218,1,2,10,3,11.5,71,11,NA,NA,7,NA,NA,NA
2022-2023,FDU,NEC,11,Emily Van O'Linda,So,L/DS,5-7,22,0,71,NA,2,1,8,0.125,16,8,17,117,25,NA,NA,NA,NA,10,NA,NA,NA,279,NA,NA,NA
2022-2023,FDU,NEC,22,Anaya Prince,So,MB,5-11,12,0,15,NA,13,8,29,0.172,1,NA,1,6,NA,2,4,NA,4,17,NA,NA,NA,2,NA,NA,NA
2022-2023,LIU,NEC,7,Rumur Rouille,So,MB,6-4,26,19,70,NA,84,19,203,0.32,3,NA,1,19,NA,10,85,7,64.5,136.5,NA,NA,NA,5,NA,NA,NA
2022-2023,LIU,NEC,8,Olivia Lucia,So,MB,6-1,27,24,72,NA,80,32,201,0.239,5,5,11,22,1,6,56,1,41,119,NA,NA,NA,9,NA,NA,NA
2022-2023,LIU,NEC,17,Katie Berg,So,MB,6-4,22,9,53,NA,58,31,165,0.164,3,1,7,15,NA,NA,17,2,11.5,67.5,NA,NA,NA,NA,NA,NA,NA
2022-2023,LIU,NEC,19,Celine Mukura,So,OH,6-5,24,7,52,NA,67,30,203,0.182,4,NA,NA,9,NA,5,27,6,28.5,85.5,1,NA,NA,1,NA,NA,NA
2022-2023,LIU,NEC,20,Sophie Young,So,S,5-8,26,9,70,NA,12,7,39,0.128,337,12,13,82,NA,NA,7,4,7.5,27.5,25,NA,NA,1,NA,NA,NA
2022-2023,LIU,NEC,22,Jordan MacDonald,So,OH,5-10,12,0,23,NA,10,6,37,0.108,3,5,8,19,1,NA,NA,NA,NA,15,NA,NA,NA,30,NA,NA,NA
2022-2023,Merrimack,NEC,2,Lauryn Mattiucci,So,L,5-6,23,0,72,NA,3,6,33,-0.091,33,11,25,170,41,NA,NA,NA,NA,14,NA,NA,NA,410,NA,NA,NA
2022-2023,Merrimack,NEC,4,Annie Taylor,So,DS,5-5,13,1,23,NA,0,0,2,0,2,4,7,23,8,NA,NA,NA,NA,4,NA,NA,NA,57,NA,NA,NA
2022-2023,Merrimack,NEC,5,Sophia McGonagle,So,OH,5-11,5,0,10,NA,0,0,1,0,2,2,5,3,3,NA,NA,NA,NA,2,NA,NA,NA,13,NA,NA,NA
2022-2023,Merrimack,NEC,6,Avery Brown,So,OH,5-11,25,19,74,NA,76,59,306,0.056,3,NA,NA,30,4,8,12,5,20.5,90,1,NA,NA,32,NA,NA,NA
2022-2023,Merrimack,NEC,13,Sydney Green,So,RS,5-10,23,22,76,NA,171,95,466,0.163,4,NA,NA,44,5,15,21,3,28.5,196.5,1,NA,NA,48,NA,NA,NA
2022-2023,Merrimack,NEC,17,Julz Carlat,So,MB,6-0,20,18,64,NA,169,79,435,0.207,13,6,18,105,19,14,19,3,27.5,198.5,NA,NA,NA,245,NA,NA,NA
2022-2023,Merrimack,NEC,20,Mia Ardila,So,S,5-7,25,21,72,NA,10,6,56,0.071,387,13,36,69,1,NA,NA,2,2,23,11,NA,NA,4,NA,NA,NA
2022-2023,Merrimack,NEC,22,Maalese Wallace,So,RS,5-10,19,6,42,NA,61,38,225,0.102,1,NA,NA,12,4,2,2,1,4,64,1,NA,NA,24,NA,NA,NA
2022-2023,Sacred Heart,NEC,4,Camryn Luginbuhl,So,OH,6-0,31,28,116,NA,313,160,816,0.188,26,19,39,205,37,4,42,7,36,357,1,NA,NA,374,NA,NA,NA
2022-2023,Sacred Heart,NEC,10,Cristina Montanez,So,MB,6-3,8,2,18,NA,16,3,44,0.295,NA,NA,NA,NA,NA,1,15,NA,9.5,24.5,1,NA,NA,1,NA,NA,NA
2022-2023,Saint Francis,NEC,3,Emma Fenton,So,S,5-7,28,25,103,NA,14,9,54,0.093,976,34,39,257,1,NA,23,2,15.5,59.5,30,NA,NA,4,NA,NA,NA
2022-2023,Saint Francis,NEC,7,Drew Wallech,So,MH,6-0,28,28,105,NA,92,36,227,0.247,13,1,3,35,2,3,42,4,31,117,NA,NA,NA,6,NA,NA,NA
2022-2023,Saint Francis,NEC,10,Maggie Hogan,So,OH,5-10,28,22,107,NA,242,145,752,0.129,28,52,57,278,29,2,20,5,18,306,NA,NA,NA,663,NA,NA,NA
2022-2023,Saint Francis,NEC,24,Christine Covello,So,S,5-11,2,0,3,NA,2,0,4,0.5,9,NA,NA,2,1,NA,NA,NA,NA,2,2,NA,NA,2,NA,NA,NA
2022-2023,St. Francis Brooklyn,NEC,3,Alasha Colon,So,L/DS,5-6,25,0,85,NA,3,1,18,0.111,75,15,26,413,23,NA,NA,NA,NA,18,NA,NA,NA,485,NA,NA,NA
2022-2023,St. Francis Brooklyn,NEC,4,Giulia Cefalu,So,S,5-9,27,2,76,NA,0,0,7,0,114,32,32,45,NA,1,NA,NA,1,33,3,NA,NA,1,NA,NA,NA
2022-2023,St. Francis Brooklyn,NEC,8,Izabella Santiago,So,L/DS,5-3,31,6,100,NA,2,1,15,0.067,27,13,16,151,14,NA,NA,NA,NA,15,1,NA,NA,179,NA,NA,NA
2022-2023,St. Francis Brooklyn,NEC,11,Elaina Vaughan,So,MB,6-2,29,26,88,NA,121,57,269,0.238,6,NA,NA,19,NA,25,51,20,71.5,171.5,NA,NA,NA,19,NA,NA,NA
2022-2023,St. Francis Brooklyn,NEC,14,Cristal Paulino Rubel,So,MB,6-0,30,19,98,NA,142,55,341,0.255,8,NA,NA,35,NA,13,58,14,58,184,NA,NA,NA,5,NA,NA,NA
2022-2023,St. Francis Brooklyn,NEC,16,Simone Jackson,So,MB,5-10,6,0,12,NA,5,9,30,-0.133,NA,NA,NA,3,NA,2,2,NA,3,8,NA,NA,NA,NA,NA,NA,NA
2022-2023,St. Francis Brooklyn,NEC,19,Camelia Melendez,So,OH,5-11,30,30,103,NA,398,182,1152,0.188,18,33,17,229,48,6,13,1,13.5,443.5,1,NA,NA,629,NA,NA,NA
2022-2023,St. Francis Brooklyn,NEC,22,Naomi Hockless,So,MB,6-0,9,0,13,NA,17,10,40,0.175,NA,1,NA,1,NA,1,3,1,3.5,20.5,NA,NA,NA,2,NA,NA,NA
2022-2023,St. Francis Brooklyn,NEC,23,Monica Vargo,So,S,5-11,25,10,69,NA,19,5,52,0.269,316,14,9,85,NA,1,6,2,6,37,5,NA,NA,1,NA,NA,NA
2022-2023,St. Francis Brooklyn,NEC,24,Amber Phillips,So,MB,6-2,3,0,4,NA,4,1,8,0.375,NA,NA,NA,NA,NA,1,1,1,2.5,5.5,NA,NA,NA,NA,NA,NA,NA
2022-2023,Stonehill,NEC,6,Leah Michalowski,So,MB,5-10,13,5,24,NA,23,15,54,0.148,1,1,1,10,1,NA,11,NA,8,29.5,NA,NA,NA,3,NA,NA,NA
2022-2023,Stonehill,NEC,8,Bianca Fitch,So,DS,5-7,25,3,50,NA,3,5,19,-0.105,4,17,31,51,26,NA,NA,NA,NA,20,NA,NA,NA,170,NA,NA,NA
2022-2023,Stonehill,NEC,9,Hannah Kemmerer,So,MB,5-10,14,1,19,NA,8,12,35,-0.114,2,NA,2,8,NA,NA,2,1,2,9,NA,NA,NA,10,NA,NA,NA
2022-2023,Stonehill,NEC,12,Isabella Arcidiacono,So,S,5-9,6,0,6,NA,0,0,1,0,10,NA,2,5,NA,NA,NA,NA,NA,NA,NA,NA,NA,NA,NA,NA,NA
2022-2023,Stonehill,NEC,18,Emma Graves,So,OH,6-0,21,12,57,NA,102,41,244,0.25,NA,1,NA,7,NA,1,20,4,15.5,114,NA,NA,NA,2,NA,NA,NA
2022-2023,Stonehill,NEC,25,Lindsey Peirson,So,MB,6-2,26,6,63,NA,63,47,234,0.068,1,NA,1,10,1,5,29,4,26,82.5,1,NA,NA,4,NA,NA,NA
2022-2023,Eastern Ill.,OVC,3,Anna Moster,So,OH,6-1,4,0,5,NA,2,0,2,1,NA,NA,NA,NA,NA,NA,NA,NA,NA,2,NA,NA,NA,NA,NA,NA,NA
2022-2023,Eastern Ill.,OVC,11,Kaitlyn Flynn,So,OH,6-2,26,25,93,NA,381,186,968,0.201,10,26,26,192,28,8,24,6,21.5,427,1,NA,NA,473,NA,NA,NA
2022-2023,Eastern Ill.,OVC,18,TaKenya Stafford,So,OH,5-11,2,0,2,NA,0,2,2,-1,NA,NA,NA,NA,NA,NA,NA,NA,NA,NA,NA,NA,NA,1,NA,NA,NA
2022-2023,Lindenwood,OVC,2,Nyah Wilson,So,OH,5-9,27,27,103,NA,233,99,737,0.182,15,29,25,288,37,2,29,4,21,278.5,1,NA,NA,774,NA,NA,NA
2022-2023,Lindenwood,OVC,4,Abby VanBuskirk,So,S,5-10,26,26,102,NA,55,20,190,0.184,973,35,68,249,1,2,36,8,26.5,110,11,NA,NA,7,NA,NA,NA
2022-2023,Lindenwood,OVC,5,Taylor Gentemann,So,OH,6-0,26,23,102,NA,250,131,726,0.164,6,49,63,88,8,1,19,1,11.5,309.5,NA,NA,NA,88,NA,NA,NA
2022-2023,Lindenwood,OVC,8,Madilyn Dement,So,OH,6-0,27,27,104,NA,246,118,759,0.169,18,21,46,243,17,NA,49,6,33,291.5,NA,NA,NA,239,NA,NA,NA
2022-2023,Little Rock,OVC,8,Sophia Reynolds,So,S,5-9,9,9,30,NA,2,2,12,0,143,8,4,46,NA,NA,1,NA,0.5,10.5,1,NA,NA,2,NA,NA,NA
2022-2023,Little Rock,OVC,15,Jeila Fullerton,So,OH,5-9,31,19,112,NA,187,99,644,0.137,6,9,5,164,29,3,54,9,39.5,226,NA,NA,NA,414,NA,NA,NA
2022-2023,Little Rock,OVC,16,Laure Jansen,So,OH,5-11,27,24,101,NA,250,148,814,0.125,8,18,30,295,22,3,42,2,27.5,292,2,NA,NA,523,NA,NA,NA
2022-2023,Morehead St.,OVC,1,Peighton Isley,So,DS,5-6,30,0,107,NA,0,3,19,-0.158,91,19,49,384,35,NA,NA,NA,NA,19,1,NA,NA,662,NA,NA,NA
2022-2023,Morehead St.,OVC,2,Kinsey McAfee,So,OH,6-1,26,4,55,NA,54,29,164,0.152,1,NA,2,22,1,NA,13,NA,10.5,60.5,NA,NA,NA,6,NA,NA,NA
2022-2023,Morehead St.,OVC,7,Maycie Welborn,So,RS,6-3,26,26,93,NA,265,128,620,0.221,1,NA,NA,44,1,6,67,6,47,304.5,NA,NA,NA,9,NA,NA,NA
2022-2023,Morehead St.,OVC,11,Brenna Bommer,So,S,5-10,15,0,23,NA,0,0,0,NA,11,1,2,2,NA,NA,NA,NA,NA,1,NA,NA,NA,NA,NA,NA,NA
2022-2023,Morehead St.,OVC,16,Irene Wogenstahl,So,MB,6-1,30,30,104,NA,212,55,547,0.287,7,NA,2,17,NA,16,99,11,83,277.5,2,NA,NA,7,NA,NA,NA
2022-2023,Morehead St.,OVC,18,McKenzee Wagener,So,MB,6-5,11,10,31,NA,45,31,128,0.109,2,1,7,13,NA,7,13,3,16.5,59.5,NA,NA,NA,NA,NA,NA,NA
2022-2023,Morehead St.,OVC,22,Shea Hefner,So,L/DS,5-6,30,2,107,NA,1,1,10,0,21,23,39,262,38,NA,NA,NA,NA,24,NA,NA,NA,467,NA,NA,NA
2022-2023,SIUE,OVC,4,Julia Treichel,So,OH,5-9,28,21,107,NA,215,123,688,0.134,18,20,25,200,25,2,32,12,32.5,253,NA,NA,NA,443,NA,NA,NA
2022-2023,SIUE,OVC,5,Priscilla Jones,So,MB,6-0,30,29,117,NA,224,96,561,0.228,12,20,36,69,3,17,82,15,75.5,302,3,NA,NA,18,NA,NA,NA
2022-2023,SIUE,OVC,6,Alyse Drifka,So,S,5-9,28,8,103,NA,14,6,71,0.113,421,18,32,200,1,NA,NA,2,2,32,9,NA,NA,5,NA,NA,NA
2022-2023,SIUE,OVC,7,Ainsley Ranstead,So,OH,6-2,29,16,105,NA,214,97,663,0.176,7,6,10,87,21,7,45,8,40,249.5,3,NA,NA,278,NA,NA,NA
2022-2023,SIUE,OVC,8,Sydney Hummert,So,OH,6-0,30,30,117,NA,318,130,968,0.194,30,27,27,266,35,6,32,8,31.5,367,2,NA,NA,690,NA,NA,NA
2022-2023,SIUE,OVC,10,Jenna Taphorn,So,OH,5-11,8,2,15,NA,7,10,33,-0.091,1,NA,NA,3,NA,NA,7,1,4.5,10.5,NA,NA,NA,3,NA,NA,NA
2022-2023,SIUE,OVC,11,Grace Beekman,So,S,5-10,12,0,25,NA,8,5,30,0.1,42,1,9,27,NA,NA,NA,1,1,9,4,NA,NA,5,NA,NA,NA
2022-2023,SIUE,OVC,13,Gabi Andrade,So,DS,5-3,25,2,76,NA,0,0,6,0,9,12,12,70,9,NA,NA,NA,NA,12,NA,NA,NA,184,NA,NA,NA
2022-2023,SIUE,OVC,20,Monica LaFleur,So,MB,6-2,18,16,59,NA,67,33,197,0.173,NA,NA,NA,8,1,4,39,3,27,90.5,NA,NA,NA,2,NA,NA,NA
2022-2023,Southeast Mo. St.,OVC,18,Avery Torrey,So,RS,6-2,20,5,62,NA,55,42,208,0.063,3,NA,NA,21,NA,1,32,5,20.5,72,1,NA,NA,NA,NA,NA,NA
2022-2023,Southern Ind.,OVC,1,Paris Downing,So,MH,5-9,27,25,93,NA,106,46,273,0.22,4,1,NA,30,NA,11,81,2,58.5,158.5,1,NA,NA,19,NA,NA,NA
2022-2023,Southern Ind.,OVC,2,Anna Ballengee,So,DS,5-9,27,1,86,NA,1,0,2,0.5,21,13,17,89,14,NA,NA,NA,NA,14,NA,NA,NA,198,NA,NA,NA
2022-2023,Southern Ind.,OVC,8,Abby Weber,So,OH,5-10,29,21,102,NA,189,89,717,0.139,11,15,17,262,23,2,19,1,14.5,215.5,1,NA,NA,650,NA,NA,NA
2022-2023,Southern Ind.,OVC,9,Abby Bednar,So,OH,6-0,29,27,107,NA,250,128,836,0.146,10,22,62,207,9,1,56,3,34.5,301,1,NA,NA,71,NA,NA,NA
2022-2023,Southern Ind.,OVC,10,Lauren O'Neill,So,MB,6-1,22,18,66,NA,42,25,124,0.137,3,NA,NA,9,1,5,49,11,44.5,71.5,1,NA,NA,11,NA,NA,NA
2022-2023,Southern Ind.,OVC,16,Evie Duncan,So,RS,6-0,11,6,25,NA,45,20,162,0.154,NA,4,4,30,7,NA,4,1,3,51,NA,NA,NA,91,NA,NA,NA
2022-2023,Southern Ind.,OVC,18,Carly Sobieralski,So,S,5-10,25,13,81,NA,22,10,91,0.132,512,7,6,202,1,NA,13,NA,8.5,35.5,24,NA,NA,3,NA,NA,NA
2022-2023,Tennessee St.,OVC,9,Hadley Pride,So,L/DS,5-5,35,19,133,NA,2,7,51,-0.098,17,26,22,247,13,1,NA,NA,1,29,NA,NA,NA,548,NA,NA,NA
2022-2023,Tennessee St.,OVC,14,Storm White,So,OPP,5-11,31,7,77,NA,66,46,209,0.096,NA,NA,NA,18,3,1,14,6,14,74,NA,NA,NA,37,NA,NA,NA
2022-2023,Tennessee St.,OVC,15,Kennedy Davis,So,MB,6-1,35,35,136,NA,285,66,606,0.361,5,1,2,32,1,26,113,8,100.5,368.5,NA,NA,NA,48,NA,NA,NA
2022-2023,Tennessee Tech,OVC,5,Brooke Amann,So,OH,6-0,30,26,115,NA,77,47,349,0.086,12,25,31,241,34,3,20,1,14.5,115,1,NA,NA,532,NA,NA,NA
2022-2023,Tennessee Tech,OVC,6,Jazmine Yamilkoski,So,S,5-9,11,2,18,NA,3,1,14,0.143,111,NA,1,28,NA,NA,8,NA,4,7,1,NA,NA,NA,NA,NA,NA
2022-2023,Tennessee Tech,OVC,7,Olivia Taylor,So,L,5-6,31,0,90,NA,0,0,0,NA,7,10,21,37,1,NA,NA,NA,NA,10,NA,NA,NA,6,NA,NA,NA
2022-2023,Tennessee Tech,OVC,9,Aleeya Jones,So,L,5-7,31,17,114,NA,1,4,18,-0.167,9,22,39,245,14,NA,NA,NA,NA,23,NA,NA,NA,302,NA,NA,NA
2022-2023,Tennessee Tech,OVC,17,Emma Pabon,So,MB,6-0,3,0,4,NA,0,2,2,-1,NA,NA,NA,NA,NA,NA,1,1,1.5,0.5,NA,NA,NA,NA,NA,NA,NA
2022-2023,Tennessee Tech,OVC,20,Madolyn Isringhausen,So,OH,5-11,31,31,118,NA,368,208,1098,0.146,17,40,55,252,45,4,47,3,32.5,435.5,3,NA,NA,563,NA,NA,NA
2022-2023,Tennessee Tech,OVC,21,McKenna Young,So,L,5-4,31,0,118,NA,2,3,24,-0.042,101,34,51,431,39,NA,NA,NA,NA,36,NA,NA,NA,684,NA,NA,NA
2022-2023,UT Martin,OVC,1,Dylan Mott,So,L/DS,5-8,35,0,132,NA,5,7,55,-0.036,88,28,10,574,24,NA,NA,NA,NA,33,NA,NA,NA,442,NA,NA,NA
2022-2023,UT Martin,OVC,11,Kambree Lucas,So,OH,5-11,34,31,127,NA,217,158,737,0.08,44,24,29,300,45,1,29,11,26.5,256.5,NA,NA,NA,894,NA,NA,NA
2022-2023,UT Martin,OVC,12,Angel Baylark,So,MB,5-10,35,35,129,NA,254,99,586,0.265,6,NA,NA,26,2,23,95,15,91,324.5,1,NA,NA,12,NA,NA,NA
2022-2023,UT Martin,OVC,15,Mary Leslie Cranford,So,OH,6-0,1,0,2,NA,0,1,4,-0.25,NA,NA,NA,NA,1,NA,NA,NA,NA,NA,NA,NA,NA,6,NA,NA,NA
2022-2023,UT Martin,OVC,22,Addy Vaughn,So,S,6-0,33,3,118,NA,82,25,286,0.199,395,NA,2,33,1,1,36,2,23.5,101,7,NA,NA,5,NA,NA,NA
2022-2023,Arizona,Pac-12,1,Madison Ellman,So,L/DS,5-8,17,1,61,NA,0,0,0,NA,11,2,2,90,9,NA,NA,NA,NA,2,NA,NA,NA,229,NA,NA,NA
2022-2023,Arizona,Pac-12,10,Puk Stubbe,So,OPP,6-0,28,22,90,NA,158,69,513,0.173,19,14,20,143,13,5,27,1,25.5,190.5,NA,NA,NA,156,NA,NA,NA
2022-2023,Arizona,Pac-12,14,Ava Tortorello,So,S,5-8,11,0,16,NA,1,1,2,0,27,NA,NA,9,NA,NA,NA,NA,NA,1,1,NA,NA,NA,NA,NA,NA
2022-2023,Arizona,Pac-12,17,China Rai Crouch,So,MB,6-6,2,0,3,NA,0,0,0,NA,NA,NA,NA,NA,NA,NA,NA,NA,NA,NA,NA,NA,NA,NA,NA,NA,NA
2022-2023,Arizona,Pac-12,19,Haven Wray,So,L/DS,5-6,19,0,33,NA,0,0,0,NA,1,1,3,11,6,NA,1,NA,1,1.5,NA,NA,NA,38,NA,NA,NA
2022-2023,Arizona,Pac-12,22,Nicole Briggs,So,MB,6-2,11,2,14,NA,8,7,30,0.033,NA,NA,NA,NA,NA,NA,5,2,3.5,10.5,NA,NA,NA,NA,NA,NA,NA
2022-2023,Arizona,Pac-12,32,Alayna Johnson,So,MB,6-3,31,29,118,NA,187,61,420,0.3,3,NA,NA,19,2,6,90,2,66.5,238,NA,NA,NA,24,NA,NA,NA
2022-2023,Arizona St.,Pac-12,1,Allie Gray,So,S,5-11,6,0,14,NA,0,1,2,-0.5,38,2,NA,10,NA,NA,NA,NA,NA,2,3,NA,NA,1,NA,NA,NA
2022-2023,Arizona St.,Pac-12,3,Jaden Ravnsborg,So,L,5-7,30,3,94,NA,2,0,6,0.333,59,6,14,256,16,NA,NA,NA,NA,8,NA,NA,NA,370,NA,NA,NA
2022-2023,Arizona St.,Pac-12,12,Geli Cyr,So,OH,5-10,31,30,119,NA,225,115,722,0.152,42,16,27,245,14,6,12,4,16,253,NA,NA,NA,431,NA,NA,NA
2022-2023,Arizona St.,Pac-12,20,Andi Kreiling,So,MB,6-3,22,17,76,NA,62,19,149,0.289,2,NA,NA,10,1,7,39,1,28.5,88.5,NA,NA,NA,14,NA,NA,NA
2022-2023,Arizona St.,Pac-12,24,Meadow Cooper,So,L/DS,5-7,28,1,59,NA,0,0,1,0,2,7,18,30,5,NA,NA,NA,NA,7,NA,NA,NA,52,NA,NA,NA
2022-2023,California,Pac-12,9,Ellie Hamm,So,MB,6-4,4,2,9,NA,0,3,5,-0.6,NA,NA,NA,NA,NA,1,5,NA,5.5,3.5,1,NA,NA,NA,NA,NA,NA
2022-2023,California,Pac-12,10,Sarah Schrag,So,L,5-9,16,1,52,NA,0,0,2,0,5,NA,5,55,9,NA,NA,NA,NA,NA,1,NA,NA,165,NA,NA,NA
2022-2023,California,Pac-12,17,Annalea Maeder,So,S,6-1,30,26,108,NA,52,22,158,0.19,846,41,22,263,4,3,27,5,26,109.5,25,NA,NA,9,NA,NA,NA
2022-2023,California,Pac-12,22,Ava Mehrten,So,OPP,6-1,4,0,4,NA,1,1,6,0,NA,NA,NA,NA,NA,NA,NA,NA,NA,1,NA,NA,NA,NA,NA,NA,NA
2022-2023,Colorado,Pac-12,12,Taylor Simpson,So,S,5-11,31,22,114,NA,32,14,130,0.138,897,32,43,220,NA,2,31,6,23,81.5,9,NA,NA,2,NA,NA,NA
2022-2023,Oregon,Pac-12,2,Becca Morse,So,L/DS,5-6,6,1,19,NA,0,0,0,NA,7,1,10,28,3,NA,NA,NA,NA,1,NA,NA,NA,73,NA,NA,NA
2022-2023,Oregon,Pac-12,4,Daley McClellan,So,OH,5-11,24,2,93,NA,2,1,5,0.2,17,12,37,135,26,NA,NA,1,NA,14,NA,NA,NA,353,NA,NA,NA
2022-2023,Oregon,Pac-12,19,Elise Agi,So,OH,5-11,28,0,109,NA,7,5,27,0.074,4,27,43,53,1,NA,NA,NA,NA,34,2,NA,NA,61,NA,NA,NA
2022-2023,Oregon,Pac-12,25,Kiari Robey,So,MB,6-2,29,25,102,NA,156,27,296,0.436,1,NA,NA,20,2,13,94,7,79,216,1,NA,NA,22,NA,NA,NA
2022-2023,Oregon St.,Pac-12,1,Emma Villaluz,So,L/DS,5-5,30,9,103,NA,1,0,5,0.2,22,5,17,194,31,NA,NA,NA,NA,6,1,NA,NA,381,NA,NA,NA
2022-2023,Oregon St.,Pac-12,4,Emily Bourne,So,OH,6-0,8,0,13,NA,7,9,41,-0.049,2,NA,NA,3,NA,1,1,NA,2,8.5,NA,NA,NA,NA,NA,NA,NA
2022-2023,Oregon St.,Pac-12,5,Aliyah McDonald,So,MB,6-1,27,17,77,NA,95,49,260,0.177,4,NA,1,13,NA,8,59,16,52.5,132.5,NA,NA,NA,15,NA,NA,NA
2022-2023,Oregon St.,Pac-12,6,Mychael Vernon,So,OH,5-11,29,27,107,NA,353,154,923,0.216,6,7,3,94,23,12,45,3,40.5,394.5,NA,NA,NA,406,NA,NA,NA
2022-2023,Oregon St.,Pac-12,12,Ryan White,So,L/DS,5-6,30,0,110,NA,8,1,32,0.219,85,16,26,361,32,NA,NA,NA,NA,24,NA,NA,NA,452,NA,NA,NA
2022-2023,Oregon St.,Pac-12,13,Vivian Light,So,OH,6-1,13,8,46,NA,122,64,366,0.158,NA,2,5,53,8,10,11,5,17.5,139.5,NA,NA,NA,170,NA,NA,NA
2022-2023,Oregon St.,Pac-12,15,Izzi Szulczewski,So,S,5-7,30,25,104,NA,228,156,679,0.106,169,19,32,299,1,7,38,11,36.5,273,2,2,NA,15,NA,NA,NA
2022-2023,Oregon St.,Pac-12,16,DiLara Unal,So,MB,6-4,28,19,78,NA,75,24,203,0.251,5,8,14,22,2,7,46,5,37.5,113,2,NA,NA,12,NA,NA,NA
2022-2023,Oregon St.,Pac-12,20,Kateryna Tkachenko,So,OH,5-10,29,10,95,NA,210,117,575,0.162,6,1,2,60,20,2,25,2,18,225.5,1,NA,NA,212,NA,NA,NA
2022-2023,Oregon St.,Pac-12,34,Iris Coba,So,L/DS,5-7,19,6,54,NA,2,0,2,1,9,4,9,56,18,NA,NA,NA,NA,6,NA,NA,NA,209,NA,NA,NA
2022-2023,Southern California,Pac-12,11,Katie Smith,So,MB,6-3,18,9,56,NA,79,23,182,0.308,1,4,17,19,3,3,29,6,24.5,100.5,NA,NA,NA,10,NA,NA,NA
2022-2023,Southern California,Pac-12,91,Mia Tuaniga,So,S,5-9,31,30,118,NA,67,19,179,0.268,1308,58,89,211,1,7,45,4,35,154.5,14,1,NA,7,NA,NA,NA
2022-2023,Stanford,Pac-12,2,Kami Miner,So,S,6-0,32,31,117,NA,92,10,178,0.461,1336,22,44,259,1,4,55,8,47.5,145.5,2,NA,NA,8,NA,NA,NA
2022-2023,Stanford,Pac-12,4,Taylor Beaven,So,DS,5-8,32,0,108,NA,0,0,0,NA,5,1,5,51,NA,NA,NA,NA,NA,1,NA,NA,NA,NA,NA,NA,NA
2022-2023,Stanford,Pac-12,17,Sami Francis,So,OH,6-6,17,17,63,NA,125,30,253,0.375,2,NA,NA,13,1,7,85,9,71,174.5,NA,NA,NA,8,NA,NA,NA
2022-2023,UCLA,Pac-12,3,Charitie Luper,So,OH,5-9,21,19,78,NA,256,80,727,0.242,4,10,12,184,18,11,12,3,21,283,1,NA,NA,407,NA,NA,NA
2022-2023,UCLA,Pac-12,6,Peyton Dueck,So,L/DS,5-7,25,11,80,NA,0,4,8,-0.5,17,18,34,149,10,1,NA,NA,1,19,3,NA,NA,264,NA,NA,NA
2022-2023,UCLA,Pac-12,8,Katie McCarthy,So,L/DS,5-6,24,1,64,NA,0,0,0,NA,4,15,9,83,11,NA,NA,NA,NA,15,NA,NA,NA,178,NA,NA,NA
2022-2023,UCLA,Pac-12,17,Francesca Alupei,So,MB,6-4,15,13,47,NA,76,34,165,0.255,1,9,20,18,NA,12,60,3,48.5,127,1,NA,NA,8,NA,NA,NA
2022-2023,Utah,Pac-12,2,Abby Karich,So,OH,6-0,25,4,59,NA,80,47,252,0.131,2,11,6,69,21,NA,4,NA,2.5,93,NA,NA,NA,225,NA,NA,NA
2022-2023,Utah,Pac-12,7,Lauren Jardine,So,OH,6-2,31,22,106,NA,268,153,766,0.15,1,3,3,40,5,3,37,2,24.5,292.5,1,NA,NA,28,NA,NA,NA
2022-2023,Utah,Pac-12,11,Kamry Bailey,So,OH,6-0,31,1,106,NA,0,0,7,0,31,15,29,254,25,NA,NA,NA,NA,15,1,NA,NA,478,NA,NA,NA
2022-2023,Utah,Pac-12,12,Courtney Oilar,So,OH,6-0,5,0,7,NA,4,2,9,0.222,NA,NA,NA,NA,NA,NA,2,NA,1,5,NA,NA,NA,NA,NA,NA,NA
2022-2023,Utah,Pac-12,15,Grace Hammond,So,S,6-2,22,3,41,NA,4,0,20,0.2,133,1,13,28,NA,NA,8,NA,7.5,9,3,NA,NA,NA,NA,NA,NA
2022-2023,Washington,Pac-12,2,Maeve Griffin,So,L,5-8,6,0,8,NA,0,0,0,NA,NA,5,8,4,NA,NA,NA,NA,NA,5,NA,NA,NA,NA,NA,NA,NA
2022-2023,Washington,Pac-12,4,Emoni Bush,So,OH,6-3,24,15,84,NA,263,110,629,0.243,7,22,40,47,4,3,36,4,27.5,306,1,NA,NA,33,NA,NA,NA
2022-2023,Washington,Pac-12,14,Olivia Mikkelsen,So,S,5-10,22,2,66,NA,1,1,3,0,14,2,8,84,1,NA,NA,NA,NA,3,NA,NA,NA,1,NA,NA,NA
2022-2023,Washington,Pac-12,18,Madi Endsley,So,OH,6-2,13,8,44,NA,123,48,296,0.253,3,15,13,45,NA,1,19,2,12.5,148.5,NA,NA,NA,1,NA,NA,NA
2022-2023,Washington,Pac-12,20,Lauren Bays,So,L,5-8,28,0,107,NA,1,0,2,0.5,112,30,28,324,33,NA,NA,NA,NA,31,NA,NA,NA,543,NA,NA,NA
2022-2023,Washington,Pac-12,22,Sophia Summers,So,MB,6-3,31,31,116,NA,158,47,310,0.358,6,1,4,17,1,11,90,12,77.5,215,NA,NA,NA,11,NA,NA,NA
2022-2023,Washington St.,Pac-12,8,Katy Ryan,So,OPP,6-5,33,33,119,NA,294,109,674,0.274,5,NA,NA,38,NA,3,95,4,69.5,344.5,3,NA,NA,1,NA,NA,NA
2022-2023,Washington St.,Pac-12,17,Michelle Zhao,So,S,5-8,6,0,11,NA,1,0,1,1,4,1,7,12,1,NA,NA,NA,NA,2,1,NA,NA,6,NA,NA,NA
2022-2023,Washington St.,Pac-12,20,Mackensi Meluskey,So,L/DS,5-8,4,0,4,NA,0,0,0,NA,NA,2,1,1,NA,NA,NA,NA,NA,2,NA,NA,NA,1,NA,NA,NA
2022-2023,American,Patriot,6,Bridget Javitch,So,L/DS,5-7,29,5,103,NA,2,1,5,0.2,57,24,46,310,21,NA,NA,NA,NA,26,NA,NA,NA,500,NA,NA,NA
2022-2023,American,Patriot,9,Lilou Stegeman,So,MB,6-2,1,0,2,NA,0,0,1,0,NA,NA,NA,NA,NA,NA,NA,NA,NA,NA,NA,NA,NA,NA,NA,NA,NA
2022-2023,American,Patriot,11,Megan Tamisiea,So,OH,6-1,15,3,27,NA,28,22,127,0.047,3,5,1,18,6,2,5,6,10.5,37.5,NA,NA,NA,40,NA,NA,NA
2022-2023,American,Patriot,17,Esma Sipahi,So,S,6-0,26,17,78,NA,44,9,110,0.318,396,17,26,173,NA,4,38,4,27,84,10,NA,NA,4,NA,NA,NA
2022-2023,Army West Point,Patriot,1,Diana Ethridge,So,S,5-10,27,27,103,NA,44,12,130,0.246,1055,27,16,258,1,NA,27,1,17,84.5,28,NA,NA,2,NA,NA,NA
2022-2023,Army West Point,Patriot,3,Kailey Walker,So,S,5-11,4,0,4,NA,0,0,0,NA,1,NA,NA,1,NA,NA,NA,NA,NA,NA,1,NA,NA,NA,NA,NA,NA
2022-2023,Army West Point,Patriot,21,Julia Johnson,So,OH,5-10,23,9,60,NA,120,83,388,0.095,NA,5,7,56,13,4,12,6,16,135,NA,NA,NA,173,NA,NA,NA
2022-2023,Army West Point,Patriot,25,Kingsley Wallace,So,OPP,6-4,12,1,24,NA,26,13,98,0.133,1,NA,NA,9,NA,NA,18,1,11.5,35,NA,NA,NA,NA,NA,NA,NA
2022-2023,Bucknell,Patriot,4,Jordan Hardy,So,L,5-7,26,0,104,NA,4,2,14,0.143,91,30,21,591,12,NA,NA,NA,NA,34,NA,NA,NA,524,NA,NA,NA
2022-2023,Bucknell,Patriot,11,Amanda Tesserot,So,L,5-8,22,2,65,NA,2,0,4,0.5,9,12,23,121,12,NA,NA,NA,NA,14,NA,NA,NA,243,NA,NA,NA
2022-2023,Bucknell,Patriot,12,Jen Sivak,So,MB,6-0,20,13,57,NA,47,21,135,0.193,6,7,4,18,NA,6,52,4,39,86,NA,NA,NA,2,NA,NA,NA
2022-2023,Colgate,Patriot,8,Abby Shadwick,So,OH,6-2,29,29,102,NA,315,88,865,0.262,21,30,68,223,19,6,29,9,34,365.5,NA,NA,NA,625,NA,NA,NA
2022-2023,Colgate,Patriot,9,Lilly Saleeby,So,DS,5-11,15,0,20,NA,0,1,1,-1,NA,1,4,3,NA,NA,NA,NA,NA,1,NA,NA,NA,NA,NA,NA,NA
2022-2023,Colgate,Patriot,10,Caroline Altergott,So,OH,5-10,16,2,35,NA,27,19,90,0.089,9,5,12,48,3,NA,4,NA,2,34,NA,NA,NA,126,NA,NA,NA
2022-2023,Colgate,Patriot,13,Sydney Jones,So,S,5-9,29,16,100,NA,23,6,91,0.187,517,14,17,182,NA,1,2,1,3,39,6,NA,NA,7,NA,NA,NA
2022-2023,Colgate,Patriot,18,Hristina Georgieva,So,MB,6-7,1,0,2,NA,0,0,0,NA,NA,NA,NA,NA,NA,NA,NA,NA,NA,NA,NA,NA,NA,NA,NA,NA,NA
2022-2023,Colgate,Patriot,21,Greta Hoogstra,So,MB,6-2,9,0,15,NA,16,4,29,0.414,NA,NA,NA,3,NA,3,6,NA,6,22,NA,NA,NA,NA,NA,NA,NA
2022-2023,Holy Cross,Patriot,1,Mia Hofacker,So,RS,5-10,27,0,81,NA,112,79,334,0.099,3,NA,NA,18,NA,2,30,3,20.5,129,NA,NA,NA,3,NA,NA,NA
2022-2023,Holy Cross,Patriot,3,Sarah Stokes,So,S,5-11,6,0,10,NA,1,0,5,0.2,20,2,3,15,NA,NA,NA,NA,NA,3,NA,NA,NA,NA,NA,NA,NA
2022-2023,Holy Cross,Patriot,6,Abbie Lane,So,OH,6-0,24,23,81,NA,196,114,656,0.125,13,19,19,231,78,1,12,4,11,222,1,NA,NA,724,NA,NA,NA
2022-2023,Holy Cross,Patriot,9,Lauren Halverson,So,MB,5-10,22,16,53,NA,36,17,124,0.153,NA,6,10,18,1,5,38,5,29,66,NA,NA,NA,10,NA,NA,NA
2022-2023,Holy Cross,Patriot,20,Rian Millership,So,MB,6-0,24,16,59,NA,32,28,132,0.03,1,1,1,10,NA,2,36,3,24.5,53,2,NA,NA,6,NA,NA,NA
2022-2023,Lafayette,Patriot,7,Carson Grace Toomer,So,L,5-4,21,1,74,NA,0,0,4,0,14,12,10,99,12,NA,NA,NA,NA,12,NA,NA,NA,225,NA,NA,NA
2022-2023,Lafayette,Patriot,10,Phoebe Glass,So,OH,6-0,10,8,29,NA,59,35,208,0.115,2,NA,NA,19,4,NA,6,NA,3,62,NA,NA,NA,34,NA,NA,NA
2022-2023,Lafayette,Patriot,12,Anna Penman,So,S,5-9,11,7,34,NA,18,6,46,0.261,286,12,4,72,NA,NA,7,2,5.5,33.5,10,NA,NA,1,NA,NA,NA
2022-2023,Lafayette,Patriot,13,Natasha Zorbas,So,MB,5-11,3,2,9,NA,13,8,36,0.139,1,1,NA,1,NA,3,6,NA,6,20,NA,NA,NA,2,NA,NA,NA
2022-2023,Lafayette,Patriot,17,Elizabeth Flynn,So,DS,5-9,17,3,49,NA,1,1,3,0,9,3,5,74,5,NA,NA,NA,NA,4,NA,NA,NA,138,NA,NA,NA
2022-2023,Lafayette,Patriot,21,Abby Nieporte,So,OH,6-1,23,20,82,NA,256,127,711,0.181,4,61,61,56,8,3,16,1,12,328,1,NA,NA,53,NA,NA,NA
2022-2023,Lafayette,Patriot,27,Nina Kernan,So,OH,6-0,7,0,11,NA,11,5,28,0.214,NA,NA,1,9,NA,NA,3,NA,1.5,12.5,NA,NA,NA,NA,NA,NA,NA
2022-2023,Lehigh,Patriot,7,Gracie Kiser,So,OH,6-0,15,1,35,NA,29,24,103,0.049,NA,10,13,59,7,NA,5,1,3.5,41.5,NA,NA,NA,101,NA,NA,NA
2022-2023,Lehigh,Patriot,9,Makena Smith,So,S,6-0,28,28,107,NA,75,19,230,0.243,932,27,59,227,NA,5,81,7,54.5,147.5,35,NA,NA,9,NA,NA,NA
2022-2023,Lehigh,Patriot,15,Kyleigh Brown,So,L/DS,5-6,27,0,104,NA,5,3,43,0.047,76,24,27,437,30,NA,NA,NA,NA,29,3,NA,NA,556,NA,NA,NA
2022-2023,Lehigh,Patriot,16,Emily Stewart,So,MB,6-2,27,26,100,NA,197,53,412,0.35,7,17,28,48,NA,8,125,11,84.5,284.5,NA,NA,NA,1,NA,NA,NA
2022-2023,Lehigh,Patriot,22,Megan Schulte,So,OH,6-2,27,26,95,NA,324,128,905,0.217,11,23,36,176,36,4,35,4,26,368.5,NA,NA,NA,400,NA,NA,NA
2022-2023,Loyola Maryland,Patriot,1,Sophie Brenner,So,OH,5-11,15,8,44,NA,115,62,328,0.162,2,NA,NA,24,1,NA,9,4,8.5,119.5,NA,NA,NA,3,NA,NA,NA
2022-2023,Loyola Maryland,Patriot,11,Kacy Sekunda,So,S,5-10,9,8,34,NA,29,12,105,0.162,299,3,5,68,1,3,14,2,13.5,42,10,NA,NA,2,NA,NA,NA
2022-2023,Loyola Maryland,Patriot,15,Rose McDermott,So,L/DS,5-6,23,12,83,NA,0,1,3,-0.333,13,17,30,183,17,NA,NA,NA,NA,17,NA,NA,NA,285,NA,NA,NA
2022-2023,Loyola Maryland,Patriot,17,Maya Dudockin,So,MB,6-0,2,0,2,NA,1,1,2,0,NA,NA,NA,NA,NA,NA,NA,NA,NA,1,NA,NA,NA,NA,NA,NA,NA
2022-2023,Navy,Patriot,1,Hannah Hoover,So,L/DS,5-8,28,0,112,NA,2,0,8,0.25,68,39,45,390,39,NA,NA,NA,NA,41,NA,NA,NA,601,NA,NA,NA
2022-2023,Navy,Patriot,15,Katie Jackowski,So,MB,6-1,8,1,19,NA,13,7,35,0.171,NA,NA,NA,NA,NA,2,10,NA,8,20,NA,NA,NA,NA,NA,NA,NA
2022-2023,Navy,Patriot,24,Doris Nelson,So,OPP,6-0,18,4,46,NA,49,38,132,0.083,3,9,6,22,NA,NA,11,5,9,63.5,1,NA,NA,1,NA,NA,NA
2022-2023,Alabama,SEC,5,Sydney Gholson,So,DS,5-5,24,0,87,NA,0,1,7,-0.143,49,19,41,155,13,NA,NA,NA,NA,19,NA,NA,NA,296,NA,NA,NA
2022-2023,Alabama,SEC,8,Laila Smith,So,MB,6-2,11,9,32,NA,55,24,130,0.238,4,NA,NA,6,NA,4,28,1,19.5,73,NA,NA,NA,6,NA,NA,NA
2022-2023,Alabama,SEC,9,Sami Jacobs,So,OH,6-0,20,15,56,NA,144,88,466,0.12,NA,13,20,61,4,NA,20,2,13,167,NA,NA,NA,96,NA,NA,NA
2022-2023,Alabama,SEC,10,Malia Moore,So,S,5-8,1,0,1,NA,0,0,0,NA,NA,NA,NA,NA,NA,NA,NA,NA,NA,NA,NA,NA,NA,NA,NA,NA,NA
2022-2023,Alabama,SEC,11,Maddy McCormick,So,OH,6-0,12,6,33,NA,53,37,189,0.085,1,1,13,13,NA,NA,11,1,10,59.5,NA,NA,NA,4,NA,NA,NA
2022-2023,Alabama,SEC,16,Brooke Slusser,So,S,5-11,13,13,48,NA,19,8,50,0.22,458,17,38,116,NA,NA,30,11,26.5,51,10,NA,NA,11,NA,NA,NA
2022-2023,Arkansas,SEC,2,Jada Lawson,So,OH,5-7,2,0,2,NA,5,2,13,0.231,NA,NA,NA,9,NA,NA,NA,NA,NA,5,NA,NA,NA,8,NA,NA,NA
2022-2023,Arkansas,SEC,14,Rosana Hicks,So,OH,6-1,2,0,2,NA,0,1,5,-0.2,NA,NA,NA,NA,NA,NA,1,NA,0.5,0.5,NA,NA,NA,NA,NA,NA,NA
2022-2023,Arkansas,SEC,15,Courtney Jackson,So,L,5-8,30,0,109,NA,0,1,10,-0.1,140,31,35,376,15,NA,NA,NA,NA,31,7,NA,NA,388,NA,NA,NA
2022-2023,Arkansas,SEC,18,Hannah Hogue,So,S,5-8,30,17,109,NA,1,0,10,0.1,617,21,22,278,NA,NA,1,2,2.5,22.5,10,NA,NA,NA,NA,NA,NA
2022-2023,Arkansas,SEC,44,Zoi Evans,So,MB,6-4,6,4,22,NA,12,2,28,0.357,4,NA,NA,5,NA,1,16,1,11,21,NA,NA,NA,1,NA,NA,NA
2022-2023,Auburn,SEC,4,Fallan Lanham,So,L,5-8,31,24,122,NA,1,1,13,0,15,35,33,198,28,NA,NA,NA,NA,36,NA,NA,NA,466,NA,NA,NA
2022-2023,Auburn,SEC,11,Jordan Sinness,So,S,5-10,14,5,49,NA,5,0,15,0.333,163,16,22,51,NA,2,13,1,9.5,29.5,NA,NA,NA,NA,NA,NA,NA
2022-2023,Florida,SEC,8,Trinity Adams,So,DS,5-9,31,21,111,NA,1,0,2,0.5,11,20,34,169,24,NA,NA,NA,NA,21,NA,NA,NA,537,NA,NA,NA
2022-2023,Florida,SEC,9,Bre Kelley,So,MB,6-4,31,31,110,NA,203,59,411,0.35,5,6,14,36,NA,14,110,9,113.5,278,NA,NA,NA,4,NA,NA,NA
2022-2023,Florida,SEC,10,Gabrielle Essix,So,MB,6-3,31,31,111,NA,177,51,364,0.346,2,NA,2,16,NA,11,126,12,133.5,251,NA,NA,NA,3,NA,NA,NA
2022-2023,Florida,SEC,13,Merritt Beason,So,OH,6-4,28,28,104,NA,348,131,832,0.261,24,38,52,200,5,6,86,NA,83.5,435,2,NA,NA,52,NA,NA,NA
2022-2023,Georgia,SEC,3,Abby Maesch,So,OH,5-11,13,2,37,NA,77,46,214,0.145,2,11,19,20,4,1,11,NA,6.5,94.5,NA,NA,NA,71,NA,NA,NA
2022-2023,Georgia,SEC,7,Bailey Cox,So,L/DS,5-8,31,0,120,NA,1,1,6,0,103,22,42,425,24,NA,NA,NA,NA,23,1,NA,NA,701,NA,NA,NA
2022-2023,Georgia,SEC,11,Mackenzie Norris,So,MB,6-2,25,21,89,NA,141,37,305,0.341,4,28,30,24,NA,4,78,4,57.5,212,1,NA,NA,NA,NA,NA,NA
2022-2023,Georgia,SEC,12,Clara Brower,So,S,5-9,31,30,119,NA,31,5,73,0.356,684,25,49,211,NA,NA,5,1,3.5,58.5,11,NA,NA,4,NA,NA,NA
2022-2023,Kentucky,SEC,3,Jordyn Williams,So,MB,6-2,5,1,7,NA,4,1,17,0.176,NA,2,1,4,NA,NA,4,NA,2,8,NA,NA,NA,3,NA,NA,NA
2022-2023,Kentucky,SEC,4,Emma Grome,So,S,5-9,30,30,106,NA,44,9,97,0.361,1282,34,55,229,NA,5,60,9,51.5,113,2,NA,NA,7,NA,NA,NA
2022-2023,Kentucky,SEC,6,Eleanor Beavin,So,L/DS,5-5,30,0,106,NA,0,1,13,-0.077,112,31,36,424,27,NA,NA,NA,NA,31,NA,NA,NA,503,NA,NA,NA
2022-2023,Kentucky,SEC,13,Erin Lamb,So,OH,6-3,23,8,76,NA,203,90,562,0.201,NA,NA,2,17,2,2,23,6,22,216.5,NA,NA,NA,39,NA,NA,NA
2022-2023,LSU,SEC,3,Ella Larkin,So,DS,5-10,30,0,119,NA,7,1,23,0.261,116,15,24,516,22,NA,NA,NA,NA,22,NA,NA,NA,578,NA,NA,NA
2022-2023,LSU,SEC,6,Madison Martin,So,DS,5-8,5,0,15,NA,0,0,0,NA,NA,1,1,6,NA,NA,NA,NA,NA,1,NA,NA,NA,NA,NA,NA,NA
2022-2023,Mississippi St.,SEC,6,Sania Petties,So,MB,6-1,26,23,95,NA,162,48,391,0.292,12,12,28,72,NA,6,51,4,38,205.5,NA,NA,NA,9,NA,NA,NA
2022-2023,Mississippi St.,SEC,15,Avery Fitzgerald,So,OH,6-0,1,0,2,NA,0,3,5,-0.6,NA,NA,NA,NA,NA,NA,NA,NA,NA,NA,NA,NA,NA,3,NA,NA,NA
2022-2023,Missouri,SEC,4,Jordan Iliff,So,RS,6-2,25,20,95,NA,227,99,598,0.214,4,1,5,35,NA,1,44,2,28,251,NA,NA,NA,3,NA,NA,NA
2022-2023,Missouri,SEC,5,Lauren Forbes,So,DS,5-8,24,15,86,NA,1,2,6,-0.167,21,15,14,161,17,NA,NA,NA,NA,16,1,NA,NA,310,NA,NA,NA
2022-2023,Missouri,SEC,6,Kaylee Cox,So,OH,6-2,28,27,107,NA,387,162,1104,0.204,64,37,29,309,28,20,41,1,47.5,464.5,2,NA,NA,633,NA,NA,NA
2022-2023,Missouri,SEC,9,Morgan Isenberg,So,MB,6-0,7,1,11,NA,2,3,12,-0.083,NA,NA,NA,1,NA,2,8,NA,7.5,8,NA,NA,NA,NA,NA,NA,NA
2022-2023,Missouri,SEC,17,Trista Strasser,So,MB,6-4,28,28,107,NA,112,59,304,0.174,7,14,17,42,NA,8,104,8,76,186,NA,NA,NA,9,NA,NA,NA
2022-2023,Ole Miss,SEC,3,Bria Samilton,So,L,5-8,6,3,16,NA,1,0,2,0.5,2,3,5,27,2,NA,NA,NA,NA,4,NA,NA,NA,45,NA,NA,NA
2022-2023,Ole Miss,SEC,10,Julia Dyess,So,OH,6-2,22,14,71,NA,59,34,217,0.115,10,7,16,109,15,NA,13,1,7,72.5,NA,NA,NA,315,NA,NA,NA
2022-2023,Ole Miss,SEC,13,Charlotte Rodgers,So,MB,6-0,1,1,3,NA,6,2,14,0.286,NA,NA,NA,NA,1,NA,3,NA,1.5,7.5,NA,NA,NA,1,NA,NA,NA
2022-2023,Ole Miss,SEC,16,Meauna Booth,So,MB,6-2,2,1,4,NA,2,2,10,0,NA,NA,NA,3,NA,NA,2,NA,1,3,NA,NA,NA,NA,NA,NA,NA
2022-2023,Ole Miss,SEC,17,Hayden McGee,So,OH,6-0,5,0,17,NA,2,2,21,0,2,2,4,8,4,NA,1,NA,0.5,4.5,NA,NA,NA,64,NA,NA,NA
2022-2023,Ole Miss,SEC,21,Katie Corelli,So,OH,6-1,23,15,81,NA,178,79,477,0.208,3,NA,NA,25,NA,6,45,2,35.5,206.5,NA,NA,NA,1,NA,NA,NA
2022-2023,South Carolina,SEC,1,Lauren McCutcheon,So,OH,6-1,28,23,104,NA,272,113,731,0.218,7,12,5,103,32,12,51,4,55.5,321.5,NA,NA,NA,381,NA,NA,NA
2022-2023,South Carolina,SEC,15,Claire Wilson,So,S,6-3,27,10,102,NA,2,1,7,0.143,504,24,44,131,NA,NA,2,1,3,27,7,NA,NA,2,NA,NA,NA
2022-2023,South Carolina,SEC,16,Oby Anadi,So,MB,6-3,28,28,106,NA,100,39,251,0.243,4,3,11,14,NA,20,100,19,105,173,NA,NA,NA,8,NA,NA,NA
2022-2023,South Carolina,SEC,22,Morgan Carter,So,DS,5-9,4,0,4,NA,0,0,0,NA,NA,1,3,1,NA,NA,NA,NA,NA,1,NA,NA,NA,3,NA,NA,NA
2022-2023,Tennessee,SEC,6,Erykah Lovett,So,OH,5-11,31,31,116,NA,379,167,1016,0.209,53,20,48,312,22,5,25,11,29.5,416.5,2,NA,NA,561,NA,NA,NA
2022-2023,Tennessee,SEC,10,Ashllyn King,So,OH,6-1,26,1,93,NA,10,8,29,0.069,78,13,25,299,41,NA,NA,1,1,23,1,NA,NA,541,NA,NA,NA
2022-2023,Tennessee,SEC,17,Emily Beeker,So,MB,6-5,10,3,20,NA,7,5,22,0.091,NA,NA,NA,2,NA,1,6,1,5,11,NA,NA,NA,2,NA,NA,NA
2022-2023,Tennessee,SEC,19,Klaudia Pawlik,So,MB,6-6,18,18,59,NA,63,12,125,0.408,2,NA,1,7,NA,6,61,5,41.5,99.5,NA,NA,NA,2,NA,NA,NA
2022-2023,Tennessee,SEC,29,Abby Ekeler,So,DS,5-10,20,0,72,NA,0,0,0,NA,4,9,23,22,NA,NA,NA,NA,NA,9,NA,NA,NA,NA,NA,NA,NA
2022-2023,Texas A&M,SEC,3,Brooke Frazier,So,L/DS,5-7,25,4,85,NA,0,0,1,0,12,13,15,69,8,NA,NA,NA,NA,13,NA,NA,NA,95,NA,NA,NA
2022-2023,Texas A&M,SEC,13,Nisa Buzlutepe,So,S,6-2,7,0,12,NA,3,1,9,0.222,90,2,6,20,NA,NA,3,1,3,6.5,3,NA,NA,NA,NA,NA,NA
2022-2023,Texas A&M,SEC,28,Faye Wilbricht,So,OH,5-10,7,0,10,NA,5,3,14,0.143,NA,NA,NA,2,NA,NA,1,NA,0.5,5.5,NA,NA,NA,4,NA,NA,NA
2022-2023,Texas A&M,SEC,31,Mia Johnson,So,OH,5-11,15,5,38,NA,89,42,265,0.177,5,6,11,43,8,NA,4,1,4,97,NA,NA,NA,166,NA,NA,NA
2022-2023,Alabama A&M,SWAC,7,Nilea Richardson,So,MB,-,2,0,3,NA,0,1,1,-1,NA,NA,NA,NA,NA,NA,NA,NA,NA,NA,NA,NA,NA,NA,NA,NA,NA
2022-2023,Alabama A&M,SWAC,10,Samaurya Mahone,So,MH,6-0,4,0,5,NA,0,0,1,0,NA,NA,NA,NA,NA,NA,NA,NA,NA,NA,NA,NA,NA,NA,NA,NA,NA
2022-2023,Alabama A&M,SWAC,21,Keyara Brooks,So,S,5-11,24,15,60,NA,11,9,63,0.032,263,7,15,90,NA,1,4,1,3.5,21,5,NA,NA,2,NA,NA,NA
2022-2023,Alabama A&M,SWAC,24,Ajanae Cressey,So,MB,5-11,23,12,60,NA,49,52,182,-0.016,8,NA,9,20,5,7,13,1,16.5,62.5,4,NA,NA,12,NA,NA,NA
2022-2023,Alabama A&M,SWAC,32,Ryann Tolbert,So,MH,6-0,18,14,47,NA,29,22,96,0.073,3,NA,2,7,1,3,23,6,20,43.5,1,NA,NA,10,NA,NA,NA
2022-2023,Alabama St.,SWAC,1,Taniya Jones,So,OH,6-0,27,5,88,NA,125,47,333,0.234,3,NA,NA,29,2,4,28,2,21.5,143,NA,NA,NA,6,NA,NA,NA
2022-2023,Alabama St.,SWAC,5,Maya Thompson,So,MB,6-1,29,17,77,NA,49,28,130,0.162,NA,NA,NA,12,NA,4,28,2,22,67,1,NA,NA,4,NA,NA,NA
2022-2023,Alabama St.,SWAC,12,Christyn Ashby,So,OH,6-0,25,8,56,NA,27,19,63,0.127,1,NA,NA,24,NA,3,10,2,11,35,NA,NA,NA,1,NA,NA,NA
2022-2023,Alabama St.,SWAC,21,Maya McCord,So,OH,6-0,3,0,3,NA,0,0,0,NA,NA,NA,NA,NA,NA,NA,NA,NA,NA,NA,NA,NA,NA,NA,NA,NA,NA
2022-2023,Alabama St.,SWAC,24,Kymesha Thompson,So,MB,6-1,6,0,8,NA,4,3,11,0.091,NA,NA,NA,2,NA,1,2,NA,2,6,NA,NA,NA,NA,NA,NA,NA
2022-2023,Ark.-Pine Bluff,SWAC,5,Laila Fortson,So,MB,5-10,27,26,98,NA,163,67,402,0.239,4,24,33,73,NA,20,38,2,41.5,226,3,NA,NA,8,NA,NA,NA
2022-2023,Ark.-Pine Bluff,SWAC,11,Ja’kira Brown,So,OH,5-9,19,3,47,NA,47,31,168,0.095,1,1,3,18,1,2,14,1,10,57,NA,NA,NA,33,NA,NA,NA
2022-2023,Ark.-Pine Bluff,SWAC,12,Zykia Jones,So,OH,5-8,26,25,93,NA,211,160,727,0.07,14,30,46,225,23,3,19,2,13.5,253.5,NA,NA,NA,488,NA,NA,NA
2022-2023,Bethune-Cookman,SWAC,1,Niara Hightower,So,MB,6-2,24,16,71,NA,82,38,234,0.188,5,1,2,24,1,21,32,4,45,120,NA,NA,NA,5,NA,NA,NA
2022-2023,Bethune-Cookman,SWAC,4,Alisha Callender,So,S,5-8,28,24,99,NA,90,38,308,0.169,602,32,42,230,3,4,33,4,23.5,142.5,10,NA,NA,19,NA,NA,NA
2022-2023,Bethune-Cookman,SWAC,8,Jacynta Williams,So,OH,5-10,26,2,84,NA,1,5,30,-0.133,16,8,10,169,15,NA,1,NA,0.5,9.5,NA,NA,NA,305,NA,NA,NA
2022-2023,Bethune-Cookman,SWAC,11,Madison Coates,So,S,5-8,27,8,95,NA,4,1,25,0.12,179,17,11,149,8,NA,NA,NA,NA,21,6,NA,NA,83,NA,NA,NA
2022-2023,Bethune-Cookman,SWAC,12,Ktyal Price,So,MB,6-2,22,18,67,NA,89,38,185,0.276,NA,NA,NA,12,NA,19,44,3,43.5,130,NA,NA,NA,2,NA,NA,NA
2022-2023,Bethune-Cookman,SWAC,13,Victoria Samedy,So,OH,5-9,8,2,11,NA,6,6,31,0,NA,NA,1,4,4,NA,1,NA,0.5,6.5,NA,NA,NA,27,NA,NA,NA
2022-2023,Bethune-Cookman,SWAC,15,Malina Spencer,So,OH,6-2,25,14,68,NA,84,33,222,0.23,2,NA,NA,31,NA,3,37,1,25,105.5,1,NA,NA,12,NA,NA,NA
2022-2023,Bethune-Cookman,SWAC,16,Jasmine Moore,So,OH,5-10,30,28,105,NA,262,175,800,0.109,6,7,19,123,46,2,31,6,25,286.5,NA,NA,NA,461,NA,NA,NA
2022-2023,Florida A&M,SWAC,2,Brooke Lynn Watts,So,OH,5-9,34,32,110,NA,321,151,884,0.192,20,30,23,252,26,5,26,7,25.5,369,3,NA,NA,513,NA,NA,NA
2022-2023,Florida A&M,SWAC,12,Kalia Todd,So,MB,6-0,25,13,68,NA,77,33,176,0.25,1,5,1,17,NA,12,41,9,42,114.5,NA,NA,NA,5,NA,NA,NA
2022-2023,Florida A&M,SWAC,17,Emerald Jacobs,So,OH,5-10,33,27,114,NA,210,89,562,0.215,25,14,18,168,20,5,41,3,31.5,249.5,1,NA,NA,250,NA,NA,NA
2022-2023,Florida A&M,SWAC,18,Jasmine Robinson,So,OH,5-11,18,2,37,NA,40,32,127,0.063,1,NA,2,19,2,NA,8,1,5,44,1,NA,NA,29,NA,NA,NA
2022-2023,Florida A&M,SWAC,20,Dominique Turner,So,L/DS,5-5,29,1,96,NA,1,0,5,0.2,14,29,19,51,NA,NA,NA,NA,NA,30,NA,NA,NA,24,NA,NA,NA
2022-2023,Grambling,SWAC,2,Ana Calderon,So,S,5-7,27,21,100,NA,20,9,96,0.115,564,38,28,183,1,NA,2,NA,1,59,7,NA,NA,7,NA,NA,NA
2022-2023,Grambling,SWAC,3,Jayden James,So,OH,5-9,27,25,96,NA,370,169,1014,0.198,27,33,47,302,37,2,15,5,16,412.5,1,NA,NA,567,NA,NA,NA
2022-2023,Grambling,SWAC,4,Simona Georgieva,So,S,5-8,5,0,12,NA,1,0,8,0.125,29,1,2,14,NA,NA,1,NA,0.5,2.5,1,NA,NA,NA,NA,NA,NA
2022-2023,Grambling,SWAC,9,Destiny Jones,So,MB,6-1,7,0,10,NA,6,2,16,0.25,1,NA,NA,NA,NA,NA,NA,NA,NA,6,NA,NA,NA,1,NA,NA,NA
2022-2023,Grambling,SWAC,12,Kai Williams,So,OH,5-11,23,13,78,NA,167,90,570,0.135,5,7,11,134,8,4,19,2,18,187.5,2,NA,NA,193,NA,NA,NA
2022-2023,Grambling,SWAC,18,Hillary English,So,OH,5-10,25,11,91,NA,38,32,148,0.041,336,17,22,155,NA,3,12,3,13,64,18,NA,NA,9,NA,NA,NA
2022-2023,Jackson St.,SWAC,3,Trinity Bryant,So,DS,5-4,30,2,93,NA,1,2,27,-0.037,29,18,31,221,18,NA,NA,NA,NA,19,1,NA,NA,346,NA,NA,NA
2022-2023,Jackson St.,SWAC,9,Morghan Chambers,So,OH,6-2,9,5,14,NA,20,12,58,0.138,1,NA,1,9,NA,NA,5,NA,4.5,22.5,NA,NA,NA,14,NA,NA,NA
2022-2023,Jackson St.,SWAC,15,Kennedy Shaw,So,OH,5-11,17,0,32,NA,31,17,82,0.171,NA,NA,1,9,NA,1,5,1,3.5,34.5,NA,NA,NA,16,NA,NA,NA
2022-2023,Jackson St.,SWAC,16,Olivia Flanagan,So,OH,5-11,30,18,96,NA,252,108,547,0.263,2,NA,NA,45,NA,3,32,1,24.5,271,NA,NA,NA,6,NA,NA,NA
2022-2023,Jackson St.,SWAC,22,Diamond Holliday,So,MB,6-0,2,0,2,NA,2,0,3,0.667,NA,NA,NA,NA,NA,NA,NA,NA,NA,2,NA,NA,NA,1,NA,NA,NA
2022-2023,Jackson St.,SWAC,23,Nevaeh Bray,So,MB,6-2,30,30,98,NA,144,68,404,0.188,9,9,12,65,NA,14,42,2,42.5,188,2,NA,NA,8,NA,NA,NA
2022-2023,Mississippi Val.,SWAC,1,Seerdyn James,So,DS,5-8,25,14,80,NA,27,36,207,-0.043,27,12,13,142,37,3,8,1,8,46,5,NA,NA,371,NA,NA,NA
2022-2023,Prairie View,SWAC,1,Yvonne MacKenzie,So,S,5-5,8,2,21,NA,0,1,5,-0.2,67,4,12,33,NA,NA,NA,NA,NA,4,3,NA,NA,NA,NA,NA,NA
2022-2023,Prairie View,SWAC,6,Kiersten Atkinson,So,MB,5-9,30,25,96,NA,149,75,417,0.177,5,4,10,24,1,8,69,2,50.5,195.5,NA,NA,NA,10,NA,NA,NA
2022-2023,Prairie View,SWAC,8,Taylor Jackson,So,MB,6-1,12,4,20,NA,7,6,29,0.034,NA,NA,NA,3,NA,1,4,2,5,10,NA,NA,NA,1,NA,NA,NA
2022-2023,Southern U.,SWAC,4,Elise Doomes,So,OH,5-11,1,0,1,NA,0,0,0,NA,NA,NA,NA,NA,NA,NA,NA,NA,NA,NA,NA,NA,NA,1,NA,NA,NA
2022-2023,Southern U.,SWAC,10,Trenity Lundy,So,L/DS,5-7,25,0,83,NA,5,6,54,-0.019,34,9,18,233,42,NA,1,NA,0.5,14.5,4,NA,NA,431,NA,NA,NA
2022-2023,Southern U.,SWAC,13,Kyla Carrier,So,S,5-7,28,18,90,NA,12,8,64,0.063,301,20,15,131,NA,NA,1,1,1.5,32.5,15,NA,NA,5,NA,NA,NA
2022-2023,Southern U.,SWAC,15,Marian Attaway,So,OH,5-5,28,13,77,NA,80,78,291,0.007,7,13,21,111,33,3,9,1,9,100.5,NA,NA,NA,325,NA,NA,NA
2022-2023,Texas Southern,SWAC,1,Chenise Cook,So,MB,5-11,26,21,81,NA,90,43,300,0.157,4,27,23,51,NA,23,26,5,41.5,153,2,NA,NA,12,NA,NA,NA
2022-2023,Texas Southern,SWAC,4,Katherine Betancourt,So,MB,5-11,4,0,4,NA,2,2,7,0,NA,NA,NA,NA,NA,NA,NA,NA,NA,2,NA,NA,NA,NA,NA,NA,NA
2022-2023,Texas Southern,SWAC,6,Tyra Williams,So,RS,5-9,15,1,29,NA,25,28,117,-0.026,2,NA,NA,11,NA,1,4,1,4,28,NA,NA,NA,1,NA,NA,NA
2022-2023,Texas Southern,SWAC,8,Amber Johnson,So,OH,5-8,27,17,70,NA,118,80,413,0.092,9,NA,NA,45,1,1,12,1,9,125,3,NA,NA,11,NA,NA,NA
2022-2023,Texas Southern,SWAC,13,Dallas Balanay-Flores,So,S,5-5,28,27,101,NA,13,7,97,0.062,487,18,19,215,NA,NA,1,NA,0.5,31.5,29,NA,NA,9,NA,NA,NA
2022-2023,Texas Southern,SWAC,15,Alaiyah Fields,So,S,5-10,24,0,85,NA,9,1,55,0.145,241,11,10,147,NA,NA,NA,NA,NA,20,14,NA,NA,5,NA,NA,NA
2022-2023,Texas Southern,SWAC,21,Britney Ong,So,DS,5-2,28,5,99,NA,2,0,28,0.071,6,12,5,165,15,NA,NA,NA,NA,14,NA,NA,NA,308,NA,NA,NA
2022-2023,Chattanooga,SoCon,1,Elaine Redman,So,S,6-1,29,16,93,NA,30,12,124,0.145,688,19,7,179,NA,4,23,2,21,64.5,11,NA,NA,4,NA,NA,NA
2022-2023,Chattanooga,SoCon,3,Paige Gallentine,So,L/DS,5-8,33,0,129,NA,6,3,28,0.107,100,28,11,596,40,NA,NA,NA,NA,34,1,NA,NA,546,NA,NA,NA
2022-2023,Chattanooga,SoCon,6,Kate Neill,So,MB,6-2,33,24,98,NA,168,65,428,0.241,4,14,12,31,1,8,62,6,48.5,221,NA,NA,NA,7,NA,NA,NA
2022-2023,Chattanooga,SoCon,9,Lauren Baker,So,OH,5-11,17,0,38,NA,29,17,105,0.114,1,2,3,39,4,NA,5,2,4.5,33.5,1,NA,NA,51,NA,NA,NA
2022-2023,Chattanooga,SoCon,12,Marcelle Baez-Carlo,So,MB,6-2,21,10,58,NA,66,20,166,0.277,3,3,3,18,1,8,45,2,33,99.5,NA,NA,NA,13,NA,NA,NA
2022-2023,Chattanooga,SoCon,13,Chloe Bryan,So,MB,6-2,32,8,103,NA,167,57,485,0.227,9,NA,NA,36,NA,7,57,1,39.5,202.5,1,NA,NA,3,NA,NA,NA
2022-2023,Chattanooga,SoCon,14,Grace Frigaard,So,OH,6-0,5,0,5,NA,1,1,2,0,NA,NA,1,3,3,NA,1,NA,0.5,1.5,NA,NA,NA,6,NA,NA,NA
2022-2023,Chattanooga,SoCon,19,Halle Olson,So,OH,6-1,33,31,120,NA,290,160,944,0.138,19,20,27,303,36,4,36,4,29.5,332,NA,NA,NA,634,NA,NA,NA
2022-2023,Chattanooga,SoCon,22,Aleya Kennedy,So,OH,6-1,28,13,55,NA,65,30,166,0.211,NA,NA,1,14,1,17,34,13,48.5,99,1,NA,NA,6,NA,NA,NA
2022-2023,Chattanooga,SoCon,25,Sophia Bossong,So,S,6-0,30,21,102,NA,60,12,179,0.268,539,24,6,223,NA,2,15,3,12.5,93.5,17,NA,NA,2,NA,NA,NA
2022-2023,ETSU,SoCon,4,Caroline Dykes,So,S,5-9,29,29,107,NA,33,6,132,0.205,974,42,50,260,NA,2,32,3,21.5,93,10,NA,NA,4,NA,NA,NA
2022-2023,ETSU,SoCon,5,Abbey Thomas,So,MB,5-10,22,15,60,NA,83,26,197,0.289,5,5,7,12,3,1,32,11,33,105,2,NA,NA,11,NA,NA,NA
2022-2023,ETSU,SoCon,8,McKenna Dietz,So,S,5-8,18,0,37,NA,1,0,5,0.2,93,2,5,40,NA,NA,NA,NA,NA,3,7,NA,NA,NA,NA,NA,NA
2022-2023,ETSU,SoCon,9,Haley Sanders,So,L,5-6,29,6,101,NA,8,1,21,0.333,65,14,12,325,17,NA,NA,NA,NA,22,1,NA,NA,426,NA,NA,NA
2022-2023,ETSU,SoCon,14,Ally Johnson,So,OH,6-0,2,0,4,NA,0,0,1,0,NA,NA,NA,NA,1,NA,NA,NA,NA,NA,NA,NA,NA,1,NA,NA,NA
2022-2023,ETSU,SoCon,15,Amanda Lowe,So,OH,6-2,29,13,89,NA,218,98,561,0.214,3,NA,NA,46,1,11,21,3,26,239.5,1,NA,NA,15,NA,NA,NA
2022-2023,ETSU,SoCon,16,Chloe Dupuis,So,OH,5-11,4,0,4,NA,0,2,3,-0.667,NA,NA,NA,2,NA,NA,1,NA,1,0.5,NA,NA,NA,NA,NA,NA,NA
2022-2023,Furman,SoCon,1,Chandler Parker,So,RS,6-0,20,4,50,NA,50,21,149,0.195,2,NA,NA,18,NA,NA,21,2,12.5,60.5,1,NA,NA,3,NA,NA,NA
2022-2023,Furman,SoCon,6,Nicole Swindle,So,OH,6-0,2,0,4,NA,4,4,15,0,NA,NA,NA,3,NA,2,NA,NA,2,6,NA,NA,NA,13,NA,NA,NA
2022-2023,Furman,SoCon,13,Ava Augustson,So,OH,5-11,23,15,63,NA,161,71,514,0.175,7,5,16,107,14,1,10,1,8,172,1,NA,NA,254,NA,NA,NA
2022-2023,Furman,SoCon,16,Genevieve Perry,So,MB,6-1,17,14,50,NA,74,30,200,0.22,1,NA,NA,10,NA,9,33,2,27.5,99.5,2,NA,NA,12,NA,NA,NA
2022-2023,Furman,SoCon,19,Lily Barnhill,So,OH,5-11,1,0,1,NA,0,0,0,NA,NA,NA,1,NA,NA,NA,NA,NA,NA,NA,NA,NA,NA,NA,NA,NA,NA
2022-2023,Mercer,SoCon,1,Emma Jose,So,S,5-9,20,3,34,NA,8,9,34,-0.029,40,2,2,12,NA,NA,3,2,3.5,11.5,2,NA,NA,1,NA,NA,NA
2022-2023,Mercer,SoCon,4,Mykole Morgan,So,OH,5-10,1,0,1,NA,0,0,0,NA,NA,NA,NA,NA,NA,NA,NA,NA,NA,NA,NA,NA,NA,NA,NA,NA,NA
2022-2023,Mercer,SoCon,8,Sadie Vente,So,S,5-10,29,18,91,NA,1,1,13,0,4,7,17,98,NA,NA,NA,1,1,8,NA,NA,NA,3,NA,NA,NA
2022-2023,Mercer,SoCon,11,Paige Wagers,So,MH,6-0,29,29,105,NA,219,94,503,0.249,8,NA,NA,25,1,28,64,17,77,279,3,NA,NA,12,NA,NA,NA
2022-2023,Samford,SoCon,7,Kate Morgan,So,L/DS,5-10,32,0,117,NA,0,1,19,-0.053,70,49,60,525,30,NA,NA,NA,NA,49,NA,NA,NA,639,NA,NA,NA
2022-2023,Samford,SoCon,8,Kaya Hood,So,MB,6-5,4,0,4,NA,2,0,2,1,NA,NA,NA,NA,NA,NA,1,NA,0.5,2.5,NA,NA,NA,NA,NA,NA,NA
2022-2023,Samford,SoCon,9,Kayla Keshock,So,S,6-1,32,32,115,NA,85,19,216,0.306,963,53,47,147,NA,4,45,4,32,164.5,9,NA,NA,10,NA,NA,NA
2022-2023,Samford,SoCon,10,Kate Wonus,So,MB,6-0,32,32,117,NA,203,70,446,0.298,9,7,23,56,1,9,78,16,68.5,258,NA,NA,NA,21,NA,NA,NA
2022-2023,Samford,SoCon,11,Gracie Lynn Butler,So,OH,6-1,32,32,117,NA,341,138,959,0.212,23,25,48,292,20,7,61,12,51.5,403.5,1,NA,NA,496,NA,NA,NA
2022-2023,Samford,SoCon,12,Audrey O'Brien,So,L,5-4,4,0,5,NA,0,0,0,NA,NA,NA,2,NA,NA,NA,NA,NA,NA,NA,NA,NA,NA,NA,NA,NA,NA
2022-2023,Samford,SoCon,15,Kenya McQuirter,So,OH,5-11,32,27,117,NA,445,184,1237,0.211,2,NA,NA,75,NA,9,32,5,32,470,1,NA,NA,10,NA,NA,NA
2022-2023,The Citadel,SoCon,1,Belle Hogan,So,S,5-11,30,30,108,NA,75,25,217,0.23,999,37,38,242,NA,4,39,4,29,135.5,5,1,NA,6,NA,NA,NA
2022-2023,The Citadel,SoCon,15,Sadie Gomez,So,MB,6-4,24,19,75,NA,110,64,347,0.133,2,NA,1,24,NA,9,39,6,34.5,138.5,1,NA,NA,5,NA,NA,NA
2022-2023,The Citadel,SoCon,18,Ali Ruffin,So,OH,5-11,30,30,112,NA,437,177,1332,0.195,23,38,19,382,19,12,34,4,33.5,504,1,NA,NA,469,NA,NA,NA
2022-2023,UNC Greensboro,SoCon,0,Denver Pugh,So,OH,6-0,6,0,7,NA,1,1,8,0,NA,NA,NA,4,NA,NA,2,NA,1,2,NA,NA,NA,2,NA,NA,NA
2022-2023,UNC Greensboro,SoCon,1,Avery Sziksai,So,L/DS,5-7,26,9,71,NA,2,2,6,0,18,12,24,118,8,NA,NA,NA,NA,14,NA,NA,NA,130,NA,NA,NA
2022-2023,UNC Greensboro,SoCon,2,Daija Jackson,So,MH,5-11,29,28,90,NA,185,63,403,0.303,NA,NA,1,11,1,11,51,8,43,221.5,NA,NA,NA,21,NA,NA,NA
2022-2023,UNC Greensboro,SoCon,5,Jocelyn Carter,So,OH,5-10,30,9,92,NA,137,66,451,0.157,4,NA,NA,53,1,1,45,6,31,160.5,NA,NA,NA,12,NA,NA,NA
2022-2023,UNC Greensboro,SoCon,13,America Anderson,So,OH,6-0,8,0,10,NA,4,6,26,-0.077,NA,NA,NA,2,2,NA,NA,NA,NA,4,NA,NA,NA,10,NA,NA,NA
2022-2023,Western Caro.,SoCon,4,Ollie Henderson,So,L,5-7,24,0,67,NA,0,0,0,NA,7,11,13,19,2,NA,NA,NA,NA,11,NA,NA,NA,12,NA,NA,NA
2022-2023,Western Caro.,SoCon,8,Bailey Hartsough,So,OH,5-10,31,30,110,NA,288,131,876,0.179,32,38,29,315,42,3,24,3,19.5,341,NA,NA,NA,680,NA,NA,NA
2022-2023,Western Caro.,SoCon,12,Sarah Janourova,So,S,5-9,33,0,122,NA,12,3,65,0.138,541,37,36,214,NA,NA,NA,NA,NA,49,12,NA,NA,4,NA,NA,NA
2022-2023,Wofford,SoCon,1,Mary Emily Morgan,So,OH,6-0,25,19,88,NA,115,67,441,0.109,19,19,35,233,32,4,15,NA,12.5,145.5,1,NA,NA,495,NA,NA,NA
2022-2023,Wofford,SoCon,3,Sarah MacLean,So,MB,6-0,29,9,103,NA,179,64,466,0.247,5,NA,NA,49,NA,5,49,3,35,208.5,NA,NA,NA,5,NA,NA,NA
2022-2023,A&M-Corpus Christi,Southland,4,Kayla White,So,L,5-4,21,9,77,NA,2,2,9,0,40,10,15,118,15,NA,NA,NA,NA,12,NA,NA,NA,401,NA,NA,NA
2022-2023,A&M-Corpus Christi,Southland,7,Leah Stolfus,So,MB,6-0,33,33,120,NA,383,88,830,0.355,32,5,16,113,3,16,42,4,42.5,425,2,NA,NA,52,NA,NA,NA
2022-2023,A&M-Corpus Christi,Southland,9,Kyndal Payne,So,OH,5-11,33,33,121,NA,479,185,1249,0.235,86,13,35,325,44,25,27,6,44.5,530.5,2,NA,NA,852,NA,NA,NA
2022-2023,A&M-Corpus Christi,Southland,15,Morgan Baese,So,OPP,6-3,29,5,65,NA,82,53,284,0.102,1,1,1,17,NA,4,2,2,7,88,NA,NA,NA,7,NA,NA,NA
2022-2023,East Texas A&M,Southland,1,Essence Allen,So,OH,5-8,34,31,116,NA,231,155,861,0.088,8,8,18,165,26,4,35,7,33,260.5,4,NA,NA,401,NA,NA,NA
2022-2023,East Texas A&M,Southland,5,Carley Spachman,So,MB,5-11,18,10,44,NA,54,24,142,0.211,1,1,1,13,NA,4,27,NA,17.5,72.5,NA,NA,NA,3,NA,NA,NA
2022-2023,East Texas A&M,Southland,6,Maddy Rashford,So,OH,5-10,34,34,126,NA,327,97,967,0.238,3,7,8,113,1,7,46,5,38,364,NA,NA,NA,14,NA,NA,NA
2022-2023,East Texas A&M,Southland,7,Reese Fetty,So,OH,6-0,33,26,116,NA,276,143,870,0.153,13,20,33,195,28,5,25,7,25,313.5,3,NA,NA,384,NA,NA,NA
2022-2023,East Texas A&M,Southland,14,Kayla Lucas,So,DS,5-5,32,2,104,NA,3,0,9,0.333,10,17,20,98,17,NA,NA,NA,NA,20,NA,NA,NA,227,NA,NA,NA
2022-2023,Houston Christian,Southland,1,Mollee Henicke,So,S,5-11,15,0,29,NA,5,1,14,0.286,118,4,9,39,NA,NA,1,NA,0.5,9.5,5,NA,NA,NA,NA,NA,NA
2022-2023,Houston Christian,Southland,3,Audrey Pearce,So,MB,6-3,34,34,126,NA,278,97,679,0.267,8,34,32,114,1,35,100,13,96,397,1,NA,NA,9,NA,NA,NA
2022-2023,Houston Christian,Southland,4,Tatiana Evans,So,L/DS,5-5,25,0,84,NA,1,1,13,0,11,1,9,171,20,NA,NA,NA,NA,2,2,NA,NA,319,NA,NA,NA
2022-2023,Houston Christian,Southland,6,Alexia Jones,So,OH,5-10,21,16,76,NA,2,2,33,0,21,15,24,213,10,NA,NA,NA,NA,17,1,NA,NA,291,NA,NA,NA
2022-2023,Lamar University,Southland,1,London Hatch,So,S,5-9,29,29,113,NA,40,23,196,0.087,1140,39,48,289,3,3,45,6,34,104.5,41,NA,NA,6,NA,NA,NA
2022-2023,Lamar University,Southland,4,Paige Dugan,So,OH,5-10,29,29,113,NA,345,153,1076,0.178,14,39,39,259,27,2,33,5,23.5,402.5,NA,NA,NA,741,NA,NA,NA
2022-2023,Lamar University,Southland,23,Nylah Encalade,So,OPP,6-0,16,12,53,NA,79,47,244,0.131,NA,1,2,23,NA,1,41,4,25.5,101.5,NA,NA,NA,2,NA,NA,NA
2022-2023,McNeese,Southland,6,McKenzie Moore,So,OH,6-1,33,33,127,NA,203,72,489,0.268,6,NA,1,35,1,15,100,7,77.5,268,1,NA,NA,19,NA,NA,NA
2022-2023,McNeese,Southland,10,Kendall Osgood,So,L,5-9,32,8,102,NA,2,1,25,0.04,25,23,17,241,29,NA,NA,NA,NA,25,2,NA,NA,556,NA,NA,NA
2022-2023,McNeese,Southland,12,Mikayla Christiansen,So,OH,6-1,26,8,86,NA,173,90,638,0.13,4,3,9,83,11,2,25,3,16.5,190.5,NA,NA,NA,115,NA,NA,NA
2022-2023,McNeese,Southland,16,Bailey Tillman,So,L,5-5,34,0,129,NA,2,3,47,-0.021,96,19,25,632,25,NA,NA,NA,NA,21,3,NA,NA,614,NA,NA,NA
2022-2023,New Orleans,Southland,3,Irene Kitson,So,OPP,6-2,12,5,31,NA,38,17,147,0.143,NA,1,1,13,NA,1,19,3,13.5,49.5,NA,NA,NA,1,NA,NA,NA
2022-2023,New Orleans,Southland,6,Claire Turner,So,S,5-9,27,2,90,NA,5,2,35,0.086,231,12,27,99,1,NA,1,NA,0.5,17.5,8,NA,NA,2,NA,NA,NA
2022-2023,New Orleans,Southland,7,Maite Solabarrieta,So,S,5-7,18,2,40,NA,0,0,1,0,86,18,15,24,NA,NA,1,NA,0.5,18.5,4,NA,NA,NA,NA,NA,NA
2022-2023,New Orleans,Southland,10,Micah Hall,So,L/DS,5-2,20,1,59,NA,0,0,4,0,10,13,29,115,11,NA,NA,NA,NA,13,NA,NA,NA,126,NA,NA,NA
2022-2023,New Orleans,Southland,15,Molly Kehoe,So,OH,5-11,11,1,22,NA,62,22,189,0.212,NA,5,5,16,1,NA,1,1,1.5,67.5,NA,NA,NA,28,NA,NA,NA
2022-2023,Nicholls,Southland,2,Trinity Vinzant,So,OH,5-11,30,29,111,NA,252,105,820,0.179,8,40,23,351,31,2,37,1,22,312.5,1,NA,NA,719,NA,NA,NA
2022-2023,Nicholls,Southland,4,Aspen Steele,So,OH,5-11,9,1,21,NA,15,13,54,0.037,1,NA,NA,7,NA,NA,2,NA,1,16,NA,NA,NA,3,NA,NA,NA
2022-2023,Nicholls,Southland,6,Kennedi Steele,So,DS,5-8,8,0,25,NA,0,1,1,-1,1,7,5,4,3,NA,NA,NA,NA,7,NA,NA,NA,12,NA,NA,NA
2022-2023,Nicholls,Southland,7,Kendall Battistella,So,S,5-2,21,1,63,NA,0,2,10,-0.2,207,4,4,64,1,NA,NA,NA,NA,4,2,NA,NA,1,NA,NA,NA
2022-2023,Nicholls,Southland,25,Kadie Becnel,So,DS,5-3,29,0,109,NA,4,2,26,0.077,78,24,13,437,39,NA,NA,NA,NA,28,1,NA,NA,689,NA,NA,NA
2022-2023,Northwestern St.,Southland,1,Olivia Stanley,So,L,5-4,7,1,17,NA,0,0,1,0,1,4,4,15,3,NA,NA,NA,NA,4,NA,NA,NA,23,NA,NA,NA
2022-2023,Northwestern St.,Southland,3,Breanna Burrell,So,OH,5-11,32,26,133,NA,338,207,1009,0.13,5,NA,NA,95,9,12,50,12,52,375,NA,NA,NA,91,NA,NA,NA
2022-2023,Northwestern St.,Southland,8,Piper Boydstun,So,S,5-6,30,18,122,NA,25,3,86,0.256,560,43,23,190,NA,NA,1,NA,0.5,68.5,14,NA,NA,11,NA,NA,NA
2022-2023,Northwestern St.,Southland,9,Amina Attra,So,S,5-8,32,14,133,NA,18,4,88,0.159,597,17,26,217,NA,NA,NA,NA,NA,35,7,NA,NA,9,NA,NA,NA
2022-2023,Northwestern St.,Southland,15,Ashlyn Svoboda,So,OH,5-9,29,0,123,NA,11,2,88,0.102,90,16,25,530,53,NA,NA,NA,NA,27,1,NA,NA,801,NA,NA,NA
2022-2023,Southeastern La.,Southland,2,Hannah Brewer,So,OH,5-10,32,32,111,NA,120,50,343,0.204,13,25,28,106,2,22,86,18,81.5,210,2,NA,NA,20,NA,NA,NA
2022-2023,Southeastern La.,Southland,5,Kibi Huggins,So,MB,5-10,17,11,43,NA,49,24,120,0.208,3,NA,NA,18,NA,4,18,9,22,62,1,NA,NA,8,NA,NA,NA
2022-2023,Southeastern La.,Southland,10,Gracie Duplechein,So,S,5-9,33,32,118,NA,24,4,89,0.225,759,23,38,256,NA,4,5,NA,6.5,53.5,6,NA,NA,3,NA,NA,NA
2022-2023,Southeastern La.,Southland,19,Lexi Gonzalez,So,S,5-7,18,0,31,NA,0,1,3,-0.333,2,7,1,18,1,NA,NA,NA,NA,7,NA,NA,NA,33,NA,NA,NA
2022-2023,Southeastern La.,Southland,20,Cicily Hidalgo,So,OH,6-0,29,26,102,NA,334,109,940,0.239,16,15,20,293,40,14,23,4,31,374.5,NA,NA,NA,762,NA,NA,NA
2022-2023,UIW,Southland,21,Ewa Kostera,So,S,5-11,10,1,14,NA,3,4,18,-0.056,41,1,2,21,NA,NA,1,NA,0.5,4.5,8,NA,NA,NA,NA,NA,NA
2022-2023,UIW,Southland,23,Natalie Kimmel,So,S,5-8,22,1,56,NA,4,3,22,0.045,191,6,25,58,NA,NA,NA,1,1,10,3,NA,NA,1,NA,NA,NA
2022-2023,UIW,Southland,24,Risa Sena,So,OH,6-0,24,22,88,NA,226,108,770,0.153,6,8,22,223,22,3,22,3,16,248,NA,NA,NA,605,NA,NA,NA
2022-2023,Denver,Summit League,2,Emma Ziegler,So,S,5-7,11,3,28,NA,2,6,22,-0.182,146,5,5,47,1,NA,2,NA,2,8,4,NA,NA,8,NA,NA,NA
2022-2023,Denver,Summit League,7,Jada Hamer,So,OPP,6-2,1,0,1,NA,0,0,1,0,NA,NA,NA,NA,NA,NA,NA,NA,NA,NA,NA,NA,NA,1,NA,NA,NA
2022-2023,Denver,Summit League,15,Margaret Newton,So,L/DS,5-3,6,0,8,NA,0,0,0,NA,NA,NA,NA,1,NA,NA,NA,NA,NA,NA,NA,NA,NA,1,NA,NA,NA
2022-2023,Denver,Summit League,20,Hailey Green,So,MB,6-2,23,15,86,NA,312,121,791,0.241,2,NA,NA,45,NA,5,30,5,25.5,332,1,NA,NA,5,NA,NA,NA
2022-2023,Kansas City,Summit League,10,Devynn Day,So,OH,6-0,3,0,5,NA,2,2,8,0,NA,NA,NA,2,1,NA,NA,NA,NA,2,NA,NA,NA,7,NA,NA,NA
2022-2023,Kansas City,Summit League,12,Leah Green,So,L/DS,5-6,24,21,92,NA,1,2,10,-0.1,22,17,23,255,17,NA,NA,NA,NA,18,NA,NA,NA,376,NA,NA,NA
2022-2023,North Dakota,Summit League,2,Maddy Hornyak,So,OH,5-10,30,23,110,NA,32,21,110,0.1,7,31,33,290,30,NA,2,NA,1.5,64,NA,NA,NA,385,NA,NA,NA
2022-2023,North Dakota,Summit League,8,Jocelyn Julson,So,DS,5-8,4,0,4,NA,0,0,0,NA,NA,NA,1,NA,2,NA,NA,NA,NA,NA,NA,NA,NA,4,NA,NA,NA
2022-2023,North Dakota,Summit League,9,Ashlyn Olson,So,RS,6-0,27,23,95,NA,241,121,671,0.179,3,NA,NA,39,NA,1,48,8,33.5,266,NA,NA,NA,2,NA,NA,NA
2022-2023,North Dakota St.,Summit League,2,Eke Denessen,So,S,5-10,9,0,13,NA,0,0,0,NA,22,1,2,6,NA,NA,NA,NA,NA,1,1,NA,NA,1,NA,NA,NA
2022-2023,North Dakota St.,Summit League,9,Alexis Boling,So,MB,6-0,33,33,126,NA,232,83,602,0.248,10,4,8,51,1,10,43,5,40,267.5,NA,NA,NA,1,NA,NA,NA
2022-2023,North Dakota St.,Summit League,10,Logan O'Brien,So,DS,5-6,33,1,127,NA,3,2,26,0.038,86,26,17,430,27,NA,NA,NA,NA,29,1,NA,NA,465,NA,NA,NA
2022-2023,North Dakota St.,Summit League,16,Morgan Middleton,So,OH,6-0,14,9,42,NA,59,26,162,0.204,2,NA,NA,23,NA,2,13,5,11.5,67.5,NA,NA,NA,11,NA,NA,NA
2022-2023,Omaha,Summit League,6,Brilee Wieseler,So,DS,5-8,31,15,117,NA,1,3,10,-0.2,16,21,41,256,24,NA,NA,1,1,22,1,NA,NA,394,NA,NA,NA
2022-2023,Omaha,Summit League,11,Shayla McCormick,So,OH,5-11,31,31,117,NA,438,163,1252,0.22,19,43,20,370,39,4,65,8,51,517.5,1,NA,NA,806,NA,NA,NA
2022-2023,Oral Roberts,Summit League,5,Breanna Rivas,So,L/DS,5-5,29,1,103,NA,3,0,13,0.231,68,23,28,353,32,NA,NA,NA,NA,26,4,NA,NA,520,NA,NA,NA
2022-2023,Oral Roberts,Summit League,12,Trinity Freeman,So,OH,6-0,30,29,113,NA,342,163,1006,0.178,11,5,9,136,13,5,55,5,39,379.5,1,NA,NA,194,NA,NA,NA
2022-2023,South Dakota,Summit League,3,Keyauna Linwood,So,MB,5-11,9,0,27,NA,3,1,11,0.182,NA,NA,NA,NA,NA,NA,5,NA,2.5,5.5,NA,NA,NA,1,NA,NA,NA
2022-2023,South Dakota,Summit League,10,Jadyn Jondle,So,DS,5-8,6,0,9,NA,0,0,0,NA,1,1,4,11,2,NA,NA,NA,NA,1,NA,NA,NA,14,NA,NA,NA
2022-2023,South Dakota,Summit League,11,Kylen Sealock,So,OH,6-0,12,0,24,NA,54,30,151,0.159,2,1,NA,14,1,4,13,NA,15.5,65.5,NA,NA,NA,21,NA,NA,NA
2022-2023,South Dakota St.,Summit League,1,Raegen Reilly,So,S,5-10,33,31,131,NA,62,15,182,0.258,1307,27,16,298,1,1,48,2,33,114,1,NA,NA,10,NA,NA,NA
2022-2023,South Dakota St.,Summit League,2,Faith Saewert,So,DS,5-8,25,1,60,NA,0,0,0,NA,11,13,6,97,12,NA,NA,NA,NA,13,NA,NA,NA,107,NA,NA,NA
2022-2023,South Dakota St.,Summit League,4,Ella Thompson,So,MB,6-1,30,30,116,NA,249,98,570,0.265,5,23,35,62,1,11,84,13,76,325,NA,NA,NA,17,NA,NA,NA
2022-2023,South Dakota St.,Summit League,12,Annalee Ventling-Brown,So,MB,6-1,8,5,18,NA,19,5,48,0.292,NA,NA,NA,3,NA,1,16,NA,9,28,NA,NA,NA,2,NA,NA,NA
2022-2023,South Dakota St.,Summit League,18,Elyse Winter,So,OH,6-0,31,15,117,NA,202,77,557,0.224,12,27,46,125,1,3,66,1,46.5,265,NA,NA,NA,15,NA,NA,NA
2022-2023,St. Thomas (MN),Summit League,2,Eva Fitzgerald,So,S,5-6,28,0,84,NA,11,3,31,0.258,238,12,17,135,1,NA,NA,NA,NA,23,12,NA,NA,8,NA,NA,NA
2022-2023,St. Thomas (MN),Summit League,4,Payton Willman,So,DS,5-7,21,0,37,NA,0,0,6,0,5,10,5,51,8,NA,NA,NA,NA,10,NA,NA,NA,92,NA,NA,NA
2022-2023,St. Thomas (MN),Summit League,6,Ella Wheatcraft,So,DS,5-7,30,3,83,NA,1,0,4,0.25,20,8,17,136,24,NA,NA,NA,NA,9,NA,NA,NA,333,NA,NA,NA
2022-2023,St. Thomas (MN),Summit League,9,Lauren Galvin,So,OH,5-10,30,30,106,NA,331,134,1100,0.179,19,23,31,247,39,2,28,2,20,370,NA,NA,NA,614,NA,NA,NA
2022-2023,St. Thomas (MN),Summit League,12,Libby Mattila,So,OH,5-10,29,13,84,NA,121,78,493,0.087,9,6,19,103,35,2,22,2,17.5,140,NA,NA,NA,297,NA,NA,NA
2022-2023,St. Thomas (MN),Summit League,17,Lander Friederichs,So,MB,6-1,10,2,20,NA,16,7,41,0.22,NA,NA,NA,2,NA,2,7,1,8,21.5,NA,NA,NA,NA,NA,NA,NA
2022-2023,St. Thomas (MN),Summit League,19,Isabella Halcomb,So,DS,5-6,16,2,28,NA,1,1,10,0,8,2,6,43,13,NA,NA,NA,NA,3,NA,NA,NA,104,NA,NA,NA
2022-2023,Western Ill.,Summit League,2,Maggie Craker,So,S,5-9,17,13,59,NA,7,5,48,0.042,353,14,9,127,NA,NA,6,3,4,24,3,NA,NA,3,NA,NA,NA
2022-2023,Western Ill.,Summit League,3,Karli Wenzel,So,L/DS,5-5,28,0,95,NA,2,1,27,0.037,105,21,12,431,17,NA,NA,NA,NA,23,NA,NA,NA,438,NA,NA,NA
2022-2023,Western Ill.,Summit League,4,Ella Godsell,So,L/DS,5-8,16,1,43,NA,0,1,3,-0.333,71,3,10,62,4,NA,NA,NA,NA,3,NA,NA,NA,31,NA,NA,NA
2022-2023,Western Ill.,Summit League,5,Grace Nichols,So,MB,5-11,9,8,29,NA,40,20,124,0.161,1,11,10,33,1,3,17,3,15,62.5,NA,NA,NA,6,NA,NA,NA
2022-2023,Western Ill.,Summit League,15,Julianna Schmidt,So,MB,6-0,27,25,87,NA,57,42,195,0.077,5,6,20,35,1,11,52,5,45,100,1,NA,NA,10,NA,NA,NA
2022-2023,Western Ill.,Summit League,17,Hailey Sperling,So,OH,5-10,24,5,64,NA,85,54,370,0.084,7,4,15,137,20,2,5,1,6,93.5,NA,NA,NA,370,NA,NA,NA
2022-2023,Western Ill.,Summit League,18,Brittany Wulf,So,OH,6-1,29,29,97,NA,304,161,1098,0.13,10,39,53,209,38,3,16,2,14,354,1,NA,NA,592,NA,NA,NA
2022-2023,App State,Sun Belt,1,Lulu Ambrose,So,OH,6-1,28,2,114,NA,285,121,842,0.195,3,8,9,77,26,3,27,NA,18,309.5,2,NA,NA,371,NA,NA,NA
2022-2023,App State,Sun Belt,6,Lauren Pledger,So,MB,6-1,7,6,25,NA,46,10,90,0.4,1,NA,NA,12,NA,NA,15,NA,7.5,53.5,NA,NA,NA,6,NA,NA,NA
2022-2023,App State,Sun Belt,13,Alexis Hardison,So,L/DS,5-8,7,0,8,NA,0,0,0,NA,1,NA,7,7,1,NA,NA,NA,NA,NA,NA,NA,NA,13,NA,NA,NA
2022-2023,App State,Sun Belt,16,Lily Harvey,So,MB,6-5,5,0,7,NA,6,6,16,0,NA,NA,NA,NA,NA,NA,4,1,3,8,NA,NA,NA,NA,NA,NA,NA
2022-2023,Arkansas St.,Sun Belt,1,Makayla Villarreal,So,L/DS,5-2,20,0,57,NA,0,1,2,-0.5,7,2,8,55,8,NA,NA,NA,NA,2,NA,NA,NA,86,NA,NA,NA
2022-2023,Arkansas St.,Sun Belt,3,Kassidy Reeves,So,S,5-8,29,15,102,NA,17,4,64,0.203,499,25,25,211,NA,3,4,1,6,47,8,NA,NA,1,NA,NA,NA
2022-2023,Arkansas St.,Sun Belt,21,Sarah Martinez,So,L/DS,5-4,31,0,118,NA,1,1,21,0,137,34,28,473,36,NA,NA,NA,NA,35,4,NA,NA,507,NA,NA,NA
2022-2023,Arkansas St.,Sun Belt,22,Ilayda Dincer,So,OH,6-0,23,15,72,NA,158,95,462,0.136,3,3,9,58,19,3,14,5,18,171,2,NA,NA,179,NA,NA,NA
2022-2023,Coastal Carolina,Sun Belt,2,Agata Lesiak,So,OPP,6-2,29,19,79,NA,141,64,445,0.173,8,19,16,94,NA,4,28,2,20,178,NA,NA,NA,6,NA,NA,NA
2022-2023,Coastal Carolina,Sun Belt,22,Kendall Harris,So,RS,5-10,26,7,73,NA,101,25,240,0.317,NA,NA,NA,15,2,2,13,NA,9,109.5,NA,NA,NA,2,NA,NA,NA
2022-2023,Coastal Carolina,Sun Belt,23,Jexsamarie Perez,So,S,5-5,27,3,79,NA,1,0,10,0.1,103,12,17,79,NA,NA,NA,1,1,13,2,NA,NA,5,NA,NA,NA
2022-2023,Ga. Southern,Sun Belt,1,Ashlyn Lovett,So,DS,5-8,27,0,99,NA,1,1,8,0,81,50,25,431,25,NA,NA,NA,NA,51,2,NA,NA,441,NA,NA,NA
2022-2023,Ga. Southern,Sun Belt,4,Jillian Gray,So,OH,6-1,6,3,10,NA,12,7,41,0.122,NA,NA,1,6,NA,NA,2,NA,1,13,NA,NA,NA,2,NA,NA,NA
2022-2023,Ga. Southern,Sun Belt,5,Jordan Christy,So,OH,6-0,21,7,67,NA,138,74,405,0.158,2,NA,NA,26,NA,4,37,3,31,160.5,1,NA,NA,NA,NA,NA,NA
2022-2023,Ga. Southern,Sun Belt,11,Megan Vickery,So,MB,6-1,5,4,13,NA,19,2,38,0.447,NA,NA,1,1,NA,2,9,NA,6.5,25.5,NA,NA,NA,NA,NA,NA,NA
2022-2023,Ga. Southern,Sun Belt,12,Paige Collins,So,DS,5-8,3,0,4,NA,0,0,1,0,1,1,1,9,3,NA,NA,NA,NA,1,NA,NA,NA,18,NA,NA,NA
2022-2023,Ga. Southern,Sun Belt,15,Robin Rosser,So,RS,6-1,14,8,35,NA,67,35,198,0.162,NA,NA,NA,7,NA,2,16,1,14,77,NA,NA,NA,NA,NA,NA,NA
2022-2023,Ga. Southern,Sun Belt,21,Paige Powers,So,OH,5-11,28,17,93,NA,240,98,698,0.203,4,2,2,82,6,5,12,8,18,253,1,NA,NA,143,NA,NA,NA
2022-2023,Ga. Southern,Sun Belt,22,Logan Jones,So,DS,5-6,13,0,23,NA,0,0,1,0,1,4,5,2,2,NA,NA,NA,NA,4,NA,NA,NA,2,NA,NA,NA
2022-2023,Georgia St.,Sun Belt,2,Livy Kowalkowski,So,DS,5-4,29,0,110,NA,1,0,17,0.059,70,18,11,472,45,NA,NA,NA,NA,19,NA,NA,NA,560,NA,NA,NA
2022-2023,Georgia St.,Sun Belt,9,Kayla Broom,So,MB,5-10,11,6,27,NA,33,9,69,0.348,NA,NA,6,4,NA,4,28,1,25,51,NA,NA,NA,2,NA,NA,NA
2022-2023,Georgia St.,Sun Belt,10,Evoni Lemons,So,OH,5-8,18,6,45,NA,81,56,285,0.088,5,7,21,81,19,4,12,NA,11,98,NA,NA,NA,302,NA,NA,NA
2022-2023,Georgia St.,Sun Belt,22,Jenna Brown,So,S,5-9,28,27,102,NA,9,4,27,0.185,583,34,41,161,2,1,NA,1,2,44,20,NA,NA,4,NA,NA,NA
2022-2023,James Madison,Sun Belt,1,Jaydyn Clemmer,So,DS,5-7,29,0,107,NA,2,0,13,0.154,109,20,20,360,31,NA,NA,NA,NA,22,1,NA,NA,578,NA,NA,NA
2022-2023,James Madison,Sun Belt,7,Emma Klanica,So,RS,6-1,3,0,3,NA,2,1,9,0.111,NA,NA,NA,2,NA,1,NA,NA,1,3,NA,NA,NA,1,NA,NA,NA
2022-2023,James Madison,Sun Belt,14,Annie Smith,So,MB,6-1,28,27,89,NA,124,46,293,0.266,7,NA,NA,18,NA,15,56,3,54,167,NA,NA,NA,3,NA,NA,NA
2022-2023,James Madison,Sun Belt,17,Madilyn O'Toole,So,DS,5-8,29,4,107,NA,2,1,10,0.1,31,44,45,220,1,NA,1,NA,1,46.5,NA,NA,NA,274,NA,NA,NA
2022-2023,James Madison,Sun Belt,20,Alexandra Kwasnik,So,MB,6-3,8,1,13,NA,9,7,34,0.059,NA,NA,1,4,NA,3,10,1,9,17,NA,NA,NA,NA,NA,NA,NA
2022-2023,Louisiana,Sun Belt,1,Siena DeCambra,So,S,5-8,28,4,109,NA,8,4,43,0.093,506,24,28,188,NA,NA,2,NA,2,33,10,NA,NA,NA,NA,NA,NA
2022-2023,Louisiana,Sun Belt,5,Carsen Young,So,DS,5-4,5,0,7,NA,0,0,0,NA,1,NA,1,3,1,NA,NA,NA,NA,NA,NA,NA,NA,1,NA,NA,NA
2022-2023,Louisiana,Sun Belt,8,Paige Guidry,So,OH,5-10,17,0,54,NA,8,5,47,0.064,32,10,13,162,9,1,NA,NA,1,19,NA,NA,NA,113,NA,NA,NA
2022-2023,Louisiana,Sun Belt,12,Cami Hicks,So,MB,6-0,27,26,105,NA,139,40,309,0.32,3,11,19,38,1,23,84,3,89.5,215,NA,NA,NA,3,NA,NA,NA
2022-2023,Louisiana,Sun Belt,23,Coco Gillett,So,OH,5-11,28,20,110,NA,227,99,765,0.167,45,33,27,370,43,5,22,2,24,276,1,NA,NA,513,NA,NA,NA
2022-2023,Marshall,Sun Belt,6,Brynn Brown,So,S,5-7,28,28,101,NA,132,39,348,0.267,786,9,15,246,NA,NA,41,3,24,161.5,15,3,NA,9,NA,NA,NA
2022-2023,Marshall,Sun Belt,8,Alayna Corwin,So,DS,5-8,13,3,24,NA,0,1,3,-0.333,20,1,6,32,4,NA,NA,NA,NA,1,NA,NA,NA,43,NA,NA,NA
2022-2023,Marshall,Sun Belt,20,Eden McElhaney,So,OH,5-10,20,2,58,NA,1,4,18,-0.167,15,10,17,86,19,NA,NA,NA,NA,11,1,NA,NA,193,NA,NA,NA
2022-2023,Old Dominion,Sun Belt,2,Valentina Culaciati,So,MH,6-2,1,1,1,NA,1,0,2,0.5,NA,NA,NA,NA,NA,NA,NA,NA,NA,1,NA,NA,NA,NA,NA,NA,NA
2022-2023,Old Dominion,Sun Belt,4,Anna Burkhardt,So,L/DS,5-8,23,1,82,NA,2,3,14,-0.071,60,15,22,259,25,NA,NA,NA,NA,17,3,NA,NA,365,NA,NA,NA
2022-2023,Old Dominion,Sun Belt,9,Teresa Atilano,So,S,6-1,28,26,104,NA,75,14,198,0.308,875,36,22,175,1,8,48,6,40,143,2,NA,NA,6,NA,NA,NA
2022-2023,Old Dominion,Sun Belt,10,Madeline Rudd,So,OH,6-2,15,5,35,NA,52,35,169,0.101,4,NA,NA,9,6,1,4,1,4.5,55,NA,NA,NA,59,NA,NA,NA
2022-2023,Old Dominion,Sun Belt,12,Camilla Tamburini,So,OH,6-0,19,1,43,NA,4,1,26,0.115,6,4,5,34,19,NA,1,NA,0.5,8.5,NA,NA,NA,111,NA,NA,NA
2022-2023,Old Dominion,Sun Belt,14,Jamie Bissmeyer,So,L/DS,5-5,28,6,102,NA,3,3,13,0,29,22,43,275,26,NA,NA,NA,NA,25,1,NA,NA,439,NA,NA,NA
2022-2023,Old Dominion,Sun Belt,15,Kira Smith,So,OH,5-10,9,5,16,NA,28,21,83,0.084,1,1,3,21,8,1,3,NA,2.5,31.5,NA,NA,NA,70,NA,NA,NA
2022-2023,Old Dominion,Sun Belt,16,Ashley Peroe,So,OH,6-1,26,19,89,NA,197,76,583,0.208,14,15,37,132,37,2,22,4,20.5,225,NA,NA,NA,318,NA,NA,NA
2022-2023,Old Dominion,Sun Belt,21,Olivia De Jesus,So,MB,6-0,9,2,20,NA,21,8,49,0.265,NA,NA,2,4,NA,2,25,1,15.5,35.5,1,NA,NA,NA,NA,NA,NA
2022-2023,Old Dominion,Sun Belt,22,Myah Conway,So,RS,6-3,28,28,105,NA,368,153,892,0.241,13,20,43,163,NA,8,68,6,50,430,NA,NA,NA,7,NA,NA,NA
2022-2023,South Alabama,Sun Belt,1,Juanita Monteiro-Pai,So,L/DS,5-8,3,0,4,NA,0,0,1,0,NA,1,1,NA,NA,NA,NA,NA,NA,1,NA,NA,NA,1,NA,NA,NA
2022-2023,South Alabama,Sun Belt,5,Paige Lynn,So,L/DS,5-4,31,20,118,NA,2,1,11,0.091,25,20,21,294,22,NA,NA,NA,NA,22,NA,NA,NA,522,NA,NA,NA
2022-2023,South Alabama,Sun Belt,8,Ezgi Karabulut,So,OH,5-10,11,0,19,NA,22,13,88,0.102,1,NA,1,7,NA,NA,1,NA,0.5,22.5,NA,NA,NA,35,NA,NA,NA
2022-2023,South Alabama,Sun Belt,21,Lillie Simons,So,RS,5-11,29,6,100,NA,103,52,287,0.178,2,NA,NA,35,NA,6,66,4,49,142,3,NA,NA,2,NA,NA,NA
2022-2023,South Alabama,Sun Belt,23,Richlyn Ross,So,OPP,6-5,7,0,7,NA,3,2,9,0.111,NA,NA,NA,NA,NA,NA,NA,NA,NA,3,NA,NA,NA,NA,NA,NA,NA
2022-2023,Southern Miss.,Sun Belt,1,Cara Atkinson,So,MH,6-2,32,32,120,NA,319,115,675,0.302,6,42,30,84,NA,17,66,13,67.5,411,1,NA,NA,14,NA,NA,NA
2022-2023,Southern Miss.,Sun Belt,3,Ari Barksdale,So,MH,6-0,27,14,67,NA,65,24,168,0.244,NA,NA,NA,16,2,5,32,4,25.5,86,NA,NA,NA,6,NA,NA,NA
2022-2023,Southern Miss.,Sun Belt,12,Izzy Kronenberg,So,RS,6-0,19,2,38,NA,58,29,162,0.179,2,4,7,10,NA,1,5,NA,4,65.5,NA,NA,NA,1,NA,NA,NA
2022-2023,Southern Miss.,Sun Belt,17,Kallie Siebrasse,So,OH,5-10,4,0,11,NA,0,0,1,0,1,2,2,11,NA,NA,NA,NA,NA,2,NA,NA,NA,22,NA,NA,NA
2022-2023,Southern Miss.,Sun Belt,20,Megan Harris,So,L/DS,5-4,33,0,127,NA,2,0,13,0.154,91,30,26,554,25,NA,NA,1,1,32,1,NA,NA,581,NA,NA,NA
2022-2023,Southern Miss.,Sun Belt,23,Mia Wesley,So,OH,5-11,33,32,127,NA,579,211,1635,0.225,20,77,92,306,27,13,27,12,36,682.5,2,NA,NA,522,NA,NA,NA
2022-2023,Texas St.,Sun Belt,7,Jacqueline Lee,So,DS,5-6,19,0,70,NA,1,1,16,0,61,16,29,255,16,NA,NA,NA,NA,17,1,NA,NA,250,NA,NA,NA
2022-2023,Texas St.,Sun Belt,21,Alyssa Ortega,So,DS,5-4,28,0,90,NA,1,0,5,0.2,42,27,20,214,17,NA,NA,NA,NA,28,NA,NA,NA,256,NA,NA,NA
2022-2023,Troy,Sun Belt,5,Caroline Darracott,So,DS,5-5,31,0,105,NA,1,1,5,0,34,12,21,205,46,NA,NA,NA,NA,13,NA,NA,NA,428,NA,NA,NA
2022-2023,Troy,Sun Belt,10,Tori Hester,So,OH,5-9,31,31,122,NA,522,232,1305,0.222,14,42,102,327,35,11,26,11,36.5,588,2,NA,NA,716,NA,NA,NA
2022-2023,Troy,Sun Belt,12,Savannah Poling,So,MH,6-1,31,31,117,NA,102,47,277,0.199,NA,NA,1,21,4,11,57,4,56.5,141.5,5,NA,NA,11,NA,NA,NA
2022-2023,Troy,Sun Belt,16,Janelle Stuempfig,So,S,6-0,6,0,11,NA,0,0,1,0,36,4,NA,15,NA,NA,2,NA,1,5,NA,NA,NA,NA,NA,NA,NA
2022-2023,Troy,Sun Belt,24,Sophie Sparks,So,OH,6-0,7,1,13,NA,12,11,51,0.02,NA,NA,NA,4,NA,NA,4,NA,3.5,14,NA,NA,NA,NA,NA,NA,NA
2022-2023,ULM,Sun Belt,2,Taylor Thomas,So,OH,5-11,31,29,117,NA,186,105,816,0.099,24,23,22,278,29,3,13,6,16,218.5,2,NA,NA,608,NA,NA,NA
2022-2023,ULM,Sun Belt,3,Logan Jeffus,So,MB,6-0,32,28,112,NA,211,59,536,0.284,10,NA,NA,45,1,24,33,3,45.5,251.5,2,NA,NA,10,NA,NA,NA
2022-2023,ULM,Sun Belt,10,Cameron Rogers,So,L/DS,5-5,32,4,122,NA,7,5,99,0.02,72,32,26,442,27,NA,NA,NA,NA,39,3,NA,NA,635,NA,NA,NA
2022-2023,ULM,Sun Belt,12,Madeline Villarreal,So,RS,6-1,14,7,38,NA,64,29,194,0.18,1,NA,NA,22,NA,1,9,NA,5.5,69.5,NA,NA,NA,2,NA,NA,NA
2022-2023,ULM,Sun Belt,15,Kailey Friedrich,So,S,5-9,26,3,78,NA,1,1,25,0,48,16,18,105,NA,NA,1,NA,0.5,17.5,NA,NA,NA,1,NA,NA,NA
2022-2023,ULM,Sun Belt,16,Emily Adams,So,OH,5-10,25,3,52,NA,17,9,90,0.089,5,3,12,72,12,NA,3,3,4.5,21.5,NA,NA,NA,179,NA,NA,NA
2022-2023,Cincinnati,The American,9,Emme Madden,So,S,6-0,10,9,36,NA,9,6,38,0.079,340,4,8,80,NA,1,16,1,14,22,NA,NA,NA,1,NA,NA,NA
2022-2023,Cincinnati,The American,12,Shaye Eggleston,So,OH,6-0,30,27,108,NA,229,101,739,0.173,28,33,27,269,32,7,26,1,23.5,282,NA,NA,NA,671,NA,NA,NA
2022-2023,Cincinnati,The American,24,Abby Walker,So,OPP,6-1,30,30,112,NA,281,77,659,0.31,1,22,30,55,NA,13,79,3,68.5,355.5,NA,NA,NA,NA,NA,NA,NA
2022-2023,Cincinnati,The American,30,Julie Wittekind,So,DS,5-8,2,0,3,NA,0,0,0,NA,NA,NA,NA,4,1,NA,NA,NA,NA,NA,NA,NA,NA,11,NA,NA,NA
2022-2023,Cincinnati,The American,33,Molly Harrison,So,DS,5-9,10,0,19,NA,0,0,0,NA,1,1,3,8,1,NA,NA,NA,NA,1,NA,NA,NA,2,NA,NA,NA
2022-2023,East Carolina,The American,2,Payton Evenstad,So,S,6-0,32,19,122,NA,22,4,54,0.333,620,36,35,206,NA,1,15,1,9,66.5,18,NA,NA,4,NA,NA,NA
2022-2023,East Carolina,The American,5,Izzy Marinelli,So,OH,5-11,32,24,118,NA,282,127,865,0.179,4,NA,1,44,7,1,50,2,32,308,3,NA,NA,98,NA,NA,NA
2022-2023,East Carolina,The American,6,Sophia Kruczko,So,RS,6-3,22,5,67,NA,84,37,274,0.172,2,NA,NA,31,NA,1,45,NA,25,107.5,NA,NA,NA,2,NA,NA,NA
2022-2023,East Carolina,The American,12,Alex Singleton,So,L/DS,5-7,20,2,60,NA,1,0,17,0.059,14,12,10,99,19,NA,NA,NA,NA,13,NA,NA,NA,206,NA,NA,NA
2022-2023,East Carolina,The American,17,Kenzie Beckham,So,S,5-10,31,0,117,NA,1,2,9,-0.111,98,25,52,450,48,NA,NA,NA,NA,26,1,NA,NA,805,NA,NA,NA
2022-2023,Houston,The American,3,Bryshanna Brown,So,L,5-8,26,8,61,NA,1,1,7,0,9,9,16,59,7,NA,NA,NA,NA,10,NA,NA,NA,181,NA,NA,NA
2022-2023,Houston,The American,7,Grace Wiley,So,OH,6-2,10,0,14,NA,11,5,29,0.207,NA,NA,NA,5,NA,NA,4,NA,2,13,NA,NA,NA,1,NA,NA,NA
2022-2023,Houston,The American,13,Barakat Rahmon,So,OH,6-1,8,1,11,NA,2,3,9,-0.111,NA,NA,1,1,NA,NA,7,2,5.5,5.5,NA,NA,NA,NA,NA,NA,NA
2022-2023,Houston,The American,25,Kellen Morin,So,MB,6-3,34,32,122,NA,156,45,319,0.348,3,NA,NA,24,NA,21,75,1,72,214.5,NA,NA,NA,10,NA,NA,NA
2022-2023,Memphis,The American,2,Tabytha Toelke,So,OH,6-0,32,29,121,NA,223,112,802,0.138,31,5,17,292,31,3,32,4,24.5,247,1,NA,NA,768,NA,NA,NA
2022-2023,Memphis,The American,3,Mackenzie Leach,So,DS,5-8,20,1,54,NA,0,0,0,NA,5,3,5,30,1,NA,NA,NA,NA,3,NA,NA,NA,14,NA,NA,NA
2022-2023,Memphis,The American,6,Halle Everett,So,OH,6-2,3,0,7,NA,5,10,27,-0.185,NA,1,2,4,NA,NA,1,NA,0.5,6.5,NA,NA,NA,7,NA,NA,NA
2022-2023,Memphis,The American,12,Alexis Lewis,So,MB,6-1,16,2,30,NA,47,19,139,0.201,3,1,3,13,NA,5,20,2,21.5,63,NA,NA,NA,NA,NA,NA,NA
2022-2023,Memphis,The American,24,Jasmyn Tate,So,OH,6-1,30,29,113,NA,288,137,888,0.17,16,27,51,235,7,1,60,10,43,346,1,NA,NA,73,NA,NA,NA
2022-2023,SMU,The American,3,Celia Cullen,So,S,6-1,32,31,113,NA,41,12,116,0.25,1148,18,27,253,NA,2,39,1,28.5,80.5,4,NA,NA,8,NA,NA,NA
2022-2023,SMU,The American,9,Kaitlyn Knobbe,So,MB,6-0,14,3,29,NA,26,12,60,0.233,2,NA,4,6,NA,NA,20,4,14.5,36,NA,NA,NA,4,NA,NA,NA
2022-2023,SMU,The American,15,Jamison Wheeler,So,OH,6-1,32,29,113,NA,385,150,1051,0.224,12,48,59,292,25,4,34,3,25,454,NA,NA,NA,655,NA,NA,NA
2022-2023,South Fla.,The American,6,Amanda DeWitt,So,RS,6-1,28,23,106,NA,234,95,647,0.215,4,NA,2,56,1,6,41,6,34,260.5,1,NA,NA,18,NA,NA,NA
2022-2023,South Fla.,The American,7,Ragan Kinard,So,OH,6-2,7,4,19,NA,18,11,56,0.125,NA,NA,6,6,NA,2,11,1,8.5,25.5,NA,NA,NA,NA,NA,NA,NA
2022-2023,South Fla.,The American,8,Tizi Puljiz,So,MB,5-9,23,17,75,NA,154,62,444,0.207,12,14,7,51,NA,3,43,6,30.5,192.5,NA,NA,NA,4,NA,NA,NA
2022-2023,South Fla.,The American,13,Marta Cvitkovic,So,OH,6-0,30,25,111,NA,282,143,783,0.178,18,34,38,161,42,8,33,8,34.5,340.5,2,NA,NA,495,NA,NA,NA
2022-2023,South Fla.,The American,18,Amiree Hendricks-Walker,So,MB,6-2,15,11,59,NA,68,17,138,0.37,NA,NA,NA,5,1,10,54,5,42,105,NA,NA,NA,7,NA,NA,NA
2022-2023,Temple,The American,9,Magdalena Rogalska,So,S,5-11,24,13,75,NA,18,4,60,0.233,433,13,15,75,NA,1,9,2,8,36.5,23,NA,NA,1,NA,NA,NA
2022-2023,Temple,The American,11,Patrycja Zielinska,So,S,5-10,28,18,102,NA,18,7,78,0.141,795,32,32,147,NA,NA,16,3,11,58,6,NA,NA,4,NA,NA,NA
2022-2023,Temple,The American,13,Chelci Banks,So,MB,6-1,15,3,29,NA,21,8,52,0.25,1,NA,3,1,NA,2,6,1,6.5,26,NA,NA,NA,1,NA,NA,NA
2022-2023,Temple,The American,15,Leonie Freytag,So,OH,5-11,1,1,1,NA,0,0,0,NA,NA,NA,NA,NA,NA,NA,NA,NA,NA,NA,NA,NA,NA,NA,NA,NA,NA
2022-2023,Temple,The American,16,Chudear Tut,So,MB,6-2,25,15,74,NA,97,38,264,0.223,1,8,8,19,NA,7,44,11,43,134,3,NA,NA,3,NA,NA,NA
2022-2023,Temple,The American,17,Jaaliyah Evans,So,OH,6-1,9,2,28,NA,33,24,132,0.068,NA,NA,NA,2,1,2,8,2,8,39,NA,NA,NA,5,NA,NA,NA
2022-2023,Tulane,The American,21,Skyler Bumpers,So,OH,6-0,26,25,90,NA,109,49,293,0.205,5,NA,NA,16,3,17,47,5,51.5,149.5,NA,NA,NA,34,NA,NA,NA
2022-2023,Tulsa,The American,13,Marta Pecalli,So,L,5-5,31,0,117,NA,2,0,14,0.143,155,33,68,573,23,NA,NA,NA,NA,35,NA,NA,NA,653,NA,NA,NA
2022-2023,Tulsa,The American,20,Bailey Rowe,So,OH,5-11,31,2,110,NA,225,103,587,0.208,2,NA,NA,57,NA,1,45,3,29.5,248.5,NA,NA,NA,1,NA,NA,NA
2022-2023,Tulsa,The American,21,Rachel Brown,So,MB,5-11,21,20,75,NA,92,25,247,0.271,8,NA,NA,20,NA,9,45,1,32.5,123.5,NA,NA,NA,10,NA,NA,NA
2022-2023,UCF,The American,11,Katelyn Grimes,So,L/DS,5-6,30,26,97,NA,1,1,17,0,21,27,41,185,25,NA,NA,1,1,28,NA,NA,NA,401,NA,NA,NA
2022-2023,UCF,The American,12,Heidi Bonde,So,OH,6-4,26,1,75,NA,176,58,433,0.273,6,NA,NA,37,12,5,14,6,19,188,NA,NA,NA,138,NA,NA,NA
2022-2023,UCF,The American,26,Emily Wilson,So,OH,6-3,13,3,29,NA,48,22,127,0.205,4,1,1,30,8,3,5,1,6.5,54.5,NA,NA,NA,148,NA,NA,NA
2022-2023,Wichita St.,The American,8,Lara Uyar,So,L/DS,5-2,27,4,91,NA,0,1,1,-1,22,7,13,216,18,NA,NA,NA,NA,7,NA,NA,NA,342,NA,NA,NA
2022-2023,Wichita St.,The American,9,Sophie Childs,So,RS,6-3,11,1,22,NA,13,11,61,0.033,NA,NA,NA,7,NA,1,5,2,5.5,16.5,NA,NA,NA,2,NA,NA,NA
2022-2023,Wichita St.,The American,10,Annalie Heliste,So,L/DS,5-5,22,3,64,NA,1,0,3,0.333,5,8,5,78,10,NA,NA,NA,NA,9,NA,NA,NA,144,NA,NA,NA
2022-2023,Wichita St.,The American,11,Natalie Foster,So,MB,6-4,31,31,120,NA,361,84,726,0.382,8,26,55,69,1,11,89,4,70.5,442.5,NA,NA,NA,9,NA,NA,NA
2022-2023,Wichita St.,The American,12,Lauren McMahon,So,MB,6-3,18,9,44,NA,47,16,122,0.254,1,NA,NA,10,NA,3,42,8,36.5,71,2,NA,NA,NA,NA,NA,NA
2022-2023,Wichita St.,The American,15,Morgan Stout,So,MB,6-1,29,22,90,NA,115,59,315,0.178,8,4,9,47,1,14,85,5,77,175.5,2,NA,NA,12,NA,NA,NA
2022-2023,Wichita St.,The American,17,Kylie Marneris,So,L,5-5,3,0,4,NA,0,0,0,NA,NA,NA,NA,1,NA,NA,NA,NA,NA,NA,NA,NA,NA,1,NA,NA,NA
2022-2023,Wichita St.,The American,22,Morgan Weber,So,OH,5-11,31,29,121,NA,174,79,684,0.139,23,18,18,375,32,7,28,4,27,213,2,NA,NA,684,NA,NA,NA
2022-2023,Wichita St.,The American,24,Hailey Plugge,So,S,6-0,6,0,7,NA,1,0,6,0.167,23,NA,1,4,NA,NA,1,1,1.5,1.5,1,NA,NA,NA,NA,NA,NA
2022-2023,Abilene Christian,WAC,1,Bryley Steinhilber,So,OH,5-10,26,24,99,NA,263,128,831,0.162,14,14,15,227,28,2,23,2,16,290.5,NA,NA,NA,719,NA,NA,NA
2022-2023,Abilene Christian,WAC,2,Andie Sheppard,So,OH,5-9,20,0,56,NA,1,1,10,0,32,8,13,129,10,NA,NA,NA,NA,9,NA,NA,NA,201,NA,NA,NA
2022-2023,Abilene Christian,WAC,4,Geneva Elliott,So,MB,6-2,1,0,1,NA,0,0,1,0,NA,NA,NA,NA,NA,NA,NA,NA,NA,NA,NA,NA,NA,6,NA,NA,NA
2022-2023,Abilene Christian,WAC,10,Madeline Guffy,So,S,5-6,26,16,103,NA,12,6,43,0.14,511,34,25,240,NA,NA,NA,NA,NA,46,7,NA,NA,8,NA,NA,NA
2022-2023,Abilene Christian,WAC,15,Braden Bossier,So,MB,6-2,26,26,103,NA,197,56,457,0.309,18,19,45,75,NA,7,78,12,56.5,262,NA,NA,NA,16,NA,NA,NA
2022-2023,Abilene Christian,WAC,17,Zoe Dalessandri,So,MB,6-2,5,0,6,NA,1,0,2,0.5,1,NA,NA,NA,NA,NA,1,NA,0.5,1.5,NA,NA,NA,1,NA,NA,NA
2022-2023,California Baptist,WAC,6,Mia Jerue,So,OH,5-9,18,7,41,NA,84,44,240,0.167,5,9,15,53,20,NA,4,1,3.5,95,NA,NA,NA,245,NA,NA,NA
2022-2023,California Baptist,WAC,12,Laura Walewska,So,MB,6-2,22,21,78,NA,96,52,243,0.181,2,NA,NA,11,NA,6,63,6,43.5,133.5,3,NA,NA,9,NA,NA,NA
2022-2023,California Baptist,WAC,14,Anna Jackson,So,OPP,6-1,12,0,41,NA,84,44,236,0.169,1,1,NA,13,NA,3,13,NA,10,94.5,NA,NA,NA,NA,NA,NA,NA
2022-2023,Grand Canyon,WAC,1,McKenzie Wise,So,OH,5-11,27,13,86,NA,188,88,567,0.176,13,24,37,131,29,7,8,1,12.5,223,NA,NA,NA,421,NA,NA,NA
2022-2023,Grand Canyon,WAC,10,Megan Liu,So,S,5-9,2,0,3,NA,0,0,0,NA,NA,NA,2,NA,NA,NA,NA,NA,NA,NA,NA,NA,NA,NA,NA,NA,NA
2022-2023,Grand Canyon,WAC,11,Alissa Uhlenhop,So,MB,6-1,19,8,45,NA,47,13,102,0.333,1,NA,NA,6,1,9,21,1,20.5,66.5,NA,NA,NA,10,NA,NA,NA
2022-2023,Grand Canyon,WAC,13,Katherine Schmitt,So,DS,5-6,20,0,67,NA,1,0,4,0.25,4,3,10,49,4,NA,NA,NA,NA,4,NA,NA,NA,23,NA,NA,NA
2022-2023,Grand Canyon,WAC,20,Sydney Reed,So,MB,6-1,17,12,48,NA,33,15,87,0.207,4,NA,3,14,1,3,30,2,20.5,51,1,NA,NA,4,NA,NA,NA
2022-2023,New Mexico St.,WAC,7,Sidney McIntosh,So,OH,5-9,8,0,12,NA,14,9,34,0.147,NA,NA,1,2,NA,NA,2,NA,1,15,NA,NA,NA,NA,NA,NA,NA
2022-2023,New Mexico St.,WAC,11,Kacia Brown,So,OH,6-1,12,1,16,NA,10,18,47,-0.17,NA,NA,NA,3,1,NA,4,1,3,12,NA,NA,NA,4,NA,NA,NA
2022-2023,New Mexico St.,WAC,12,Jayde Shelton,So,RS,6-2,26,2,76,NA,110,50,293,0.205,2,NA,NA,21,NA,2,30,8,27,127,NA,NA,NA,3,NA,NA,NA
2022-2023,New Mexico St.,WAC,14,Alana Embry,So,S,5-9,3,0,5,NA,1,0,2,0.5,6,NA,NA,1,NA,NA,NA,NA,NA,1,2,NA,NA,2,NA,NA,NA
2022-2023,New Mexico St.,WAC,24,Ryleigh Whitekettle,So,OH,6-5,24,17,76,NA,136,63,330,0.221,NA,NA,NA,32,1,5,36,11,36,159,1,NA,NA,6,NA,NA,NA
2022-2023,SFA,WAC,15,Evana Ramos,So,DS,5-1,5,0,10,NA,0,0,0,NA,NA,NA,2,1,NA,NA,NA,NA,NA,NA,NA,NA,NA,NA,NA,NA,NA
2022-2023,SFA,WAC,23,Trinity Funderburk,So,S,5-8,1,0,1,NA,0,0,0,NA,4,NA,1,4,NA,NA,NA,NA,NA,NA,NA,NA,NA,NA,NA,NA,NA
2022-2023,Sam Houston,WAC,3,Kenedi Miller,So,OH,5-7,16,0,34,NA,0,1,3,-0.333,NA,NA,1,27,6,NA,NA,NA,NA,NA,NA,NA,NA,95,NA,NA,NA
2022-2023,Sam Houston,WAC,6,Madeline McKinney,So,L/DS,5-6,21,0,72,NA,0,0,4,0,5,9,13,89,13,NA,NA,NA,NA,9,NA,NA,NA,234,NA,NA,NA
2022-2023,Sam Houston,WAC,11,Hannah Baker,So,L/DS,5-9,28,0,107,NA,2,3,28,-0.036,115,21,27,513,23,NA,NA,NA,NA,23,3,NA,NA,636,NA,NA,NA
2022-2023,Sam Houston,WAC,13,Alyssa Fielder,So,OH,5-11,27,26,100,NA,204,146,737,0.079,7,12,18,172,28,2,22,1,14,229,1,NA,NA,424,NA,NA,NA
2022-2023,Sam Houston,WAC,14,Jenna Roberson,So,S,5-8,14,2,32,NA,8,1,22,0.318,94,12,4,42,NA,NA,NA,NA,NA,20,5,NA,NA,NA,NA,NA,NA
2022-2023,Sam Houston,WAC,16,Elizabeth See,So,MB,6-1,28,11,93,NA,73,26,232,0.203,5,NA,NA,22,NA,8,66,3,44,114,NA,NA,NA,3,NA,NA,NA
2022-2023,Seattle U,WAC,6,Arianna Bilby,So,RS,5-9,20,20,72,NA,241,119,750,0.163,13,24,16,159,15,6,20,2,18,281,NA,NA,NA,337,NA,NA,NA
2022-2023,Seattle U,WAC,9,Katlyn Sipes,So,L/DS,5-2,11,0,41,NA,3,1,8,0.25,22,3,7,142,14,NA,NA,NA,NA,6,NA,NA,NA,227,NA,NA,NA
2022-2023,Seattle U,WAC,15,Erin Goya,So,DS,5-5,22,10,78,NA,1,3,6,-0.333,34,9,19,224,24,NA,1,NA,0.5,10.5,1,NA,NA,366,NA,NA,NA
2022-2023,Seattle U,WAC,19,Selin Isik,So,OH,6-1,2,2,6,NA,8,2,23,0.261,NA,NA,3,7,3,NA,3,NA,3,9.5,NA,NA,NA,32,NA,NA,NA
2022-2023,Southern Utah,WAC,2,Rachel Wieber,So,OH,5-11,3,2,7,NA,1,4,12,-0.25,NA,NA,1,10,3,NA,NA,NA,NA,1,NA,NA,NA,46,NA,NA,NA
2022-2023,Southern Utah,WAC,5,Carissa Richie,So,MB,6-0,24,19,82,NA,99,46,257,0.206,1,NA,4,19,NA,19,43,18,59.5,139.5,1,NA,NA,12,NA,NA,NA
2022-2023,Southern Utah,WAC,11,Rylee Achtzehn,So,OH,6-0,18,11,65,NA,147,65,404,0.203,6,2,8,63,9,4,20,9,26,163,1,NA,NA,120,NA,NA,NA
2022-2023,Southern Utah,WAC,22,Calli Johnson,So,L/DS,5-8,6,0,19,NA,1,0,3,0.333,17,NA,10,69,7,NA,NA,NA,NA,1,NA,NA,NA,119,NA,NA,NA
2022-2023,Southern Utah,WAC,23,Molly McDermott,So,S,6-0,22,21,82,NA,142,65,390,0.197,80,16,20,193,1,2,28,12,26,174,4,1,NA,6,NA,NA,NA
2022-2023,Tarleton St.,WAC,4,Haley Flanagan,So,MB,6-3,6,0,8,NA,5,2,10,0.3,NA,NA,NA,1,NA,NA,5,NA,2.5,7.5,NA,NA,NA,NA,NA,NA,NA
2022-2023,Tarleton St.,WAC,20,Megan Haynes,So,OH,6-0,26,19,95,NA,270,135,806,0.167,2,NA,NA,27,16,8,25,8,29,290.5,2,NA,NA,283,NA,NA,NA
2022-2023,UT Arlington,WAC,1,Kaylen Beaty,So,DS,5-9,22,0,66,NA,0,0,0,NA,3,15,10,40,2,NA,NA,NA,NA,15,NA,NA,NA,27,NA,NA,NA
2022-2023,UT Arlington,WAC,2,Mollie Blank,So,S,5-10,25,9,81,NA,25,4,63,0.333,316,14,11,156,NA,NA,NA,NA,NA,39,11,NA,NA,NA,NA,NA,NA
2022-2023,UT Arlington,WAC,3,Alyssa Duran,So,L/DS,5-6,27,12,109,NA,0,0,4,0,46,23,18,185,25,NA,NA,NA,NA,23,NA,NA,NA,336,NA,NA,NA
2022-2023,UT Arlington,WAC,5,Lauren Staruch,So,OH,6-0,2,0,2,NA,0,1,2,-0.5,NA,NA,NA,1,NA,NA,NA,NA,NA,NA,NA,NA,NA,3,NA,NA,NA
2022-2023,UT Arlington,WAC,10,Briana Brown,So,OH,5-9,26,13,80,NA,190,94,531,0.181,1,NA,NA,33,8,4,33,2,23.5,210.5,NA,NA,NA,106,NA,NA,NA
2022-2023,UT Arlington,WAC,11,Simara Peyton,So,MB,6-0,9,2,17,NA,17,7,53,0.189,2,NA,NA,4,NA,1,11,1,8.5,23.5,NA,NA,NA,NA,NA,NA,NA
2022-2023,UT Arlington,WAC,14,Brianna Ford,So,OH,6-0,26,25,104,NA,353,131,914,0.243,26,26,24,273,26,13,74,9,60.5,429,2,NA,NA,483,NA,NA,NA
2022-2023,UT Arlington,WAC,15,Kortney Puckett,So,MB,6-0,25,20,82,NA,106,32,258,0.287,7,9,3,55,NA,4,73,4,47,155.5,3,NA,NA,5,NA,NA,NA
2022-2023,UTRGV,WAC,1,Claudia Lupescu,So,OH,5-11,26,14,94,NA,243,86,707,0.222,10,11,17,137,12,13,35,1,36.5,284.5,NA,NA,NA,307,NA,NA,NA
2022-2023,UTRGV,WAC,2,Perris Key,So,OH,5-8,25,3,89,NA,175,79,525,0.183,7,3,2,91,2,3,44,1,32,203,NA,NA,NA,13,NA,NA,NA
2022-2023,UTRGV,WAC,3,Julia Abramo Rocha,So,S,5-7,1,0,2,NA,0,0,0,NA,NA,NA,NA,NA,NA,NA,NA,NA,NA,NA,NA,NA,NA,NA,NA,NA,NA
2022-2023,UTRGV,WAC,5,Ingridy Nicoleti Foltran,So,OH,6-0,16,7,42,NA,82,35,252,0.187,2,5,1,31,6,1,6,1,6,91,NA,NA,NA,95,NA,NA,NA
2022-2023,UTRGV,WAC,9,Luanna Emiliano,So,L,5-7,33,33,125,NA,70,16,191,0.283,1348,35,37,411,1,1,36,3,26.5,124,11,NA,NA,9,NA,NA,NA
2022-2023,UTRGV,WAC,17,Ada Bulgur,So,OH,6-1,10,1,21,NA,26,21,106,0.047,2,NA,1,12,NA,1,12,1,10.5,33,NA,NA,NA,3,NA,NA,NA
2022-2023,UTRGV,WAC,18,Margherita Giani,So,MB,5-10,34,34,128,NA,234,78,536,0.291,8,2,6,33,1,19,104,8,94,307,2,NA,NA,10,NA,NA,NA
2022-2023,Utah Tech,WAC,10,Pamela Durazo,So,MB,6-0,2,0,2,NA,0,0,1,0,NA,NA,NA,1,NA,NA,NA,NA,NA,NA,NA,NA,NA,NA,NA,NA,NA
2022-2023,Utah Tech,WAC,13,Peyton Michaelson,So,OH,6-2,15,6,37,NA,31,15,94,0.17,4,NA,2,12,1,NA,9,1,5.5,35.5,NA,NA,NA,1,NA,NA,NA
2022-2023,Utah Tech,WAC,18,Lauren Mena,So,S,5-10,5,0,10,NA,0,0,7,0,30,NA,2,10,NA,NA,NA,1,1,NA,2,NA,NA,1,NA,NA,NA
2022-2023,Utah Tech,WAC,20,Sunny Brown,So,MB,6-1,14,9,39,NA,35,19,84,0.19,4,NA,1,13,NA,7,26,NA,22,55,NA,NA,NA,3,NA,NA,NA
2022-2023,Utah Valley,WAC,6,Natalie Riggs,So,S,5-10,29,7,107,NA,31,5,84,0.31,526,36,47,180,2,NA,1,NA,0.5,67.5,5,NA,NA,5,NA,NA,NA
2022-2023,Utah Valley,WAC,7,Anna Johnson,So,OH,5-11,1,0,1,NA,0,0,0,NA,NA,NA,NA,NA,NA,NA,1,NA,0.5,0.5,NA,NA,NA,NA,NA,NA,NA
2022-2023,Utah Valley,WAC,10,Jules Fink,So,MB,6-2,15,14,48,NA,45,15,115,0.261,1,NA,NA,5,NA,8,45,1,31.5,75.5,NA,NA,NA,1,NA,NA,NA
2022-2023,BYU,WCC,5,Bri Albright,So,MB,6-3,2,0,2,NA,0,0,1,0,NA,NA,NA,NA,NA,NA,NA,NA,NA,NA,NA,NA,NA,NA,NA,NA,NA
2022-2023,BYU,WCC,9,Alyssa Erickson,So,OH,6-1,28,0,80,NA,0,0,1,0,4,20,17,30,NA,NA,NA,NA,NA,20,NA,NA,NA,2,NA,NA,NA
2022-2023,BYU,WCC,15,Elyse Stowell,So,OH,6-2,22,4,67,NA,131,50,332,0.244,5,NA,NA,25,7,5,19,3,18,145.5,NA,NA,NA,107,NA,NA,NA
2022-2023,BYU,WCC,22,Sophia Callahan,So,OH,6-2,16,0,23,NA,23,14,64,0.141,3,NA,3,8,NA,NA,10,1,6,28,NA,NA,NA,9,NA,NA,NA
2022-2023,Gonzaga,WCC,11,Avery Lowe,So,OH,6-0,1,0,1,NA,0,0,0,NA,NA,NA,NA,NA,NA,NA,NA,NA,NA,NA,NA,NA,NA,NA,NA,NA,NA
2022-2023,Gonzaga,WCC,16,Jody Smith,So,MB,6-2,1,0,1,NA,0,0,0,NA,NA,NA,NA,NA,NA,NA,NA,NA,NA,NA,NA,NA,NA,NA,NA,NA,NA
2022-2023,Gonzaga,WCC,17,Grace Ehler,So,OH,6-2,26,23,83,NA,64,28,178,0.202,3,7,12,22,1,7,42,9,38,99,2,NA,NA,9,NA,NA,NA
2022-2023,LMU (CA),WCC,1,Amanda Burns,So,S,6-1,26,0,76,NA,0,0,0,NA,NA,11,9,13,NA,NA,NA,NA,NA,11,NA,NA,NA,NA,NA,NA,NA
2022-2023,LMU (CA),WCC,4,Isabella Bareford,So,S,5-9,28,28,104,NA,27,9,98,0.184,1088,27,36,167,1,NA,33,2,20,70.5,21,NA,NA,12,NA,NA,NA
2022-2023,LMU (CA),WCC,5,Audrey Klemp,So,OPP,6-3,24,21,88,NA,202,80,426,0.286,5,1,9,37,9,4,53,8,37,233.5,1,NA,NA,66,NA,NA,NA
2022-2023,LMU (CA),WCC,7,Kari Geissberger,So,OH,6-7,28,27,104,NA,343,131,855,0.248,17,32,34,118,11,8,103,9,80.5,434.5,1,NA,NA,213,NA,NA,NA
2022-2023,LMU (CA),WCC,8,Phoebe Awoleye,So,MB,6-2,28,28,104,NA,222,47,462,0.379,3,6,37,30,NA,15,130,4,97,308,NA,NA,NA,2,NA,NA,NA
2022-2023,LMU (CA),WCC,11,Mary Shroll,So,DS,5-8,27,3,91,NA,1,3,8,-0.25,14,16,28,164,10,NA,NA,NA,NA,17,NA,NA,NA,339,NA,NA,NA
2022-2023,LMU (CA),WCC,12,Sam Hastings,So,L,5-8,26,0,98,NA,2,2,16,0,70,9,36,348,19,NA,NA,NA,NA,11,1,NA,NA,461,NA,NA,NA
2022-2023,LMU (CA),WCC,20,Jacquelyn Moore,So,MB,6-1,28,27,104,NA,238,57,458,0.395,6,1,4,15,1,14,73,8,64,289.5,4,NA,NA,3,NA,NA,NA
2022-2023,LMU (CA),WCC,22,Isabelle Refell,So,OH,6-0,13,4,33,NA,36,26,130,0.077,2,NA,NA,14,4,1,16,NA,15,45,NA,NA,NA,24,NA,NA,NA
2022-2023,Pacific,WCC,2,Jenna Heller,So,S,5-10,32,31,122,NA,87,21,210,0.314,1075,22,44,329,2,3,15,7,16,119.5,20,NA,NA,10,NA,NA,NA
2022-2023,Pacific,WCC,6,Sam Sublett,So,OH,6-2,8,4,18,NA,17,3,35,0.4,NA,1,4,5,NA,NA,7,2,5,21.5,1,NA,NA,1,NA,NA,NA
2022-2023,Pacific,WCC,9,Megan Nishimura,So,L,5-8,32,1,107,NA,3,1,12,0.167,48,9,17,183,19,NA,NA,NA,NA,12,NA,NA,NA,236,NA,NA,NA
2022-2023,Pacific,WCC,17,Abby Miller,So,OH,6-1,6,0,7,NA,1,2,6,-0.167,NA,NA,1,NA,NA,NA,NA,NA,NA,1,NA,NA,NA,1,NA,NA,NA
2022-2023,Pepperdine,WCC,1,Grace Chillingworth,So,OH,6-3,30,30,111,NA,318,112,960,0.215,30,40,37,251,28,6,61,5,51,394.5,NA,NA,NA,554,NA,NA,NA
2022-2023,Pepperdine,WCC,16,Trinity Stanger,So,L,5-6,23,2,81,NA,0,2,6,-0.333,19,7,17,144,16,NA,NA,NA,NA,7,NA,NA,NA,339,NA,NA,NA
2022-2023,Portland,WCC,1,Keilani Mumolo,So,DS,5-7,27,0,95,NA,5,0,10,0.5,16,15,31,159,24,NA,NA,NA,NA,20,NA,NA,NA,328,NA,NA,NA
2022-2023,Portland,WCC,10,Emma Swett,So,MB,6-1,18,18,68,NA,57,20,171,0.216,6,6,6,30,3,9,48,2,35,96,NA,NA,NA,31,NA,NA,NA
2022-2023,Portland,WCC,13,Griselda Memia,So,MB,6-5,5,1,6,NA,0,0,0,NA,NA,NA,NA,NA,1,NA,NA,NA,NA,NA,NA,NA,NA,1,NA,NA,NA
2022-2023,Saint Mary's (CA),WCC,2,Ashley Reed,So,OH,5-10,18,0,56,NA,47,32,163,0.092,NA,1,1,26,4,1,19,4,17.5,58.5,NA,NA,NA,20,NA,NA,NA
2022-2023,Saint Mary's (CA),WCC,5,Kristen Erland,So,MB,6-3,22,20,72,NA,134,41,337,0.276,3,4,7,14,1,3,64,2,41,173,NA,NA,NA,4,NA,NA,NA
2022-2023,Saint Mary's (CA),WCC,16,Megan Chandler Allred,So,OH,5-10,26,26,91,NA,117,62,395,0.139,14,15,34,190,38,NA,17,NA,9.5,140.5,3,NA,NA,521,NA,NA,NA
2022-2023,San Diego,WCC,5,Anna Jaworowski,So,L/DS,5-8,7,0,8,NA,0,0,0,NA,NA,NA,1,5,NA,NA,NA,NA,NA,NA,NA,NA,NA,15,NA,NA,NA
2022-2023,San Diego,WCC,8,Haylee Stoner,So,MB,6-1,32,31,110,NA,159,54,351,0.299,9,11,37,37,NA,12,98,1,77,231,NA,NA,NA,10,NA,NA,NA
2022-2023,San Diego,WCC,19,Madi Allen,So,L,5-8,33,23,117,NA,3,1,12,0.167,23,33,32,200,17,NA,NA,NA,NA,36,NA,NA,NA,304,NA,NA,NA
2022-2023,San Francisco,WCC,2,Aylen Ayub,So,S,6-0,24,19,87,NA,71,9,139,0.446,656,7,20,163,NA,1,32,3,21.5,95,9,NA,NA,6,NA,NA,NA
2022-2023,San Francisco,WCC,3,Shyia Richardson,So,OH,5-10,29,28,106,NA,261,156,793,0.132,28,19,31,187,38,5,23,3,20.5,296.5,NA,NA,NA,671,NA,NA,NA
2022-2023,San Francisco,WCC,5,Sara Denham,So,L/DS,5-3,28,0,81,NA,1,0,8,0.125,7,19,16,58,5,NA,NA,NA,NA,20,NA,NA,NA,67,NA,NA,NA
2022-2023,San Francisco,WCC,9,Maria Petkova,So,OH,5-11,27,27,101,NA,270,103,757,0.221,21,20,30,160,37,16,22,2,30.5,317,NA,NA,NA,468,NA,NA,NA
2022-2023,San Francisco,WCC,10,Letizia Aquilino,So,L,5-8,25,1,78,NA,4,1,11,0.273,6,12,18,64,10,NA,1,NA,1,16.5,NA,NA,NA,112,NA,NA,NA
2022-2023,San Francisco,WCC,16,Lauren Perri,So,MB,6-2,25,18,76,NA,59,18,163,0.252,13,8,15,28,NA,13,44,6,46,102,1,NA,NA,11,NA,NA,NA
2022-2023,San Francisco,WCC,18,Lana Kutakhina,So,OH,6-0,17,0,37,NA,43,23,117,0.171,2,NA,3,18,5,1,4,1,4.5,46,NA,NA,NA,46,NA,NA,NA
2022-2023,Santa Clara,WCC,5,Oren Abutbul,So,OH,6-0,16,10,38,NA,101,48,269,0.197,3,3,7,40,7,NA,9,1,5.5,108.5,1,NA,NA,83,NA,NA,NA
2022-2023,Santa Clara,WCC,13,Hayden Goodman,So,MB,6-2,10,2,21,NA,10,4,23,0.261,3,7,8,7,NA,NA,3,1,2.5,18.5,NA,NA,NA,3,NA,NA,NA
2022-2023,Santa Clara,WCC,14,Maggie Curtis,So,DS,5-7,9,0,17,NA,0,0,0,NA,NA,1,4,13,NA,NA,NA,NA,NA,1,NA,NA,NA,NA,NA,NA,NA
2022-2023,Santa Clara,WCC,15,Nive Tuileta,So,S,5-10,32,32,115,NA,32,11,146,0.144,1123,31,33,234,2,3,36,7,32.5,84,8,NA,NA,13,NA,NA,NA
2022-2023,Santa Clara,WCC,17,Anna Stucchi,So,MB,5-11,24,15,68,NA,74,17,140,0.407,11,16,17,26,1,1,34,1,23.5,108,1,NA,NA,3,NA,NA,NA
2023-2024,Boston College,ACC,7,Hanna Hoffman,So,S,6-0,9,0,13,NA,0,0,0,NA,15,1,2,7,NA,NA,NA,NA,NA,1,1,NA,NA,1,NA,NA,NA
2023-2024,Boston College,ACC,8,Grace Milliken,So,MB,6-1,19,14,54,NA,63,16,141,0.333,2,NA,8,9,NA,4,43,1,NA,88.5,NA,NA,NA,6,NA,NA,NA
2023-2024,Boston College,ACC,14,Anna Herrington,So,MB,6-0,11,0,13,NA,6,2,15,0.267,NA,NA,NA,2,NA,NA,3,NA,NA,7.5,NA,NA,NA,NA,NA,NA,NA
2023-2024,Clemson,ACC,8,Becca Micelle,So,L/DS,5-3,26,2,67,NA,0,0,1,0,15,9,17,87,13,NA,NA,NA,NA,9,NA,NA,NA,231,NA,NA,NA
2023-2024,Clemson,ACC,20,Sophie Catalano,So,OPP,5-10,8,0,15,NA,1,2,10,-0.1,NA,2,3,5,NA,NA,NA,NA,NA,3,NA,NA,NA,NA,NA,NA,NA
2023-2024,Clemson,ACC,22,Mia Moore,So,OPP,6-0,8,1,16,NA,22,15,63,0.111,NA,NA,NA,5,NA,1,5,NA,NA,25.5,NA,NA,NA,1,NA,NA,NA
2023-2024,Clemson,ACC,23,Mia McGrath,So,OH,5-11,32,28,113,NA,181,89,600,0.153,24,22,47,199,27,3,24,8,NA,218,NA,NA,NA,585,NA,NA,NA
2023-2024,Duke,ACC,4,Sydney Tomlak,So,OH,5-11,14,3,30,NA,0,0,3,0,3,NA,NA,32,5,NA,NA,NA,NA,NA,NA,NA,NA,119,NA,NA,NA
2023-2024,Duke,ACC,8,Taylor Atkinson,So,OH,6-4,4,0,5,NA,4,4,18,0,NA,NA,3,1,1,NA,2,NA,NA,5,NA,NA,NA,2,NA,NA,NA
2023-2024,Duke,ACC,11,Kerry Keefe,So,OH,6-3,29,28,106,NA,356,96,845,0.308,16,29,31,222,1,3,53,4,NA,414.5,NA,NA,NA,41,5,NA,NA
2023-2024,Duke,ACC,12,Millie Muir,So,S,6-1,15,0,23,NA,4,0,12,0.333,83,NA,1,25,NA,2,4,NA,NA,8,2,NA,NA,NA,NA,NA,NA
2023-2024,Duke,ACC,14,Christina Barrow,So,DS,5-8,27,0,77,NA,0,0,1,0,10,24,31,25,NA,NA,1,NA,NA,24.5,1,NA,NA,NA,NA,NA,NA
2023-2024,Florida St.,ACC,9,Audrey Rothman,So,OH,6-4,27,25,97,NA,225,85,624,0.224,15,20,35,205,29,8,45,8,NA,275.5,NA,NA,NA,594,7,NA,NA
2023-2024,Florida St.,ACC,14,Laila N'Diaye,So,MB,6-2,5,1,12,NA,5,0,11,0.455,NA,NA,NA,2,NA,NA,11,3,NA,10.5,NA,NA,NA,NA,NA,NA,NA
2023-2024,Florida St.,ACC,17,Greta Gelumbickas,So,MB,6-2,3,0,3,NA,0,0,1,0,NA,NA,NA,NA,NA,NA,NA,NA,NA,NA,NA,NA,NA,NA,NA,NA,NA
2023-2024,Georgia Tech,ACC,0,Liv Mogridge,So,MB,6-4,19,18,63,NA,128,21,247,0.433,10,19,25,34,1,12,47,4,NA,182.5,NA,NA,NA,10,NA,NA,NA
2023-2024,Georgia Tech,ACC,3,Anna Boezi,So,RS,6-2,20,13,53,NA,64,14,133,0.376,NA,NA,NA,9,NA,5,42,3,NA,90,NA,NA,NA,1,NA,NA,NA
2023-2024,Louisville,ACC,4,Charitie Luper,So,OH,5-9,32,32,115,NA,344,113,963,0.24,15,27,57,242,28,8,37,4,NA,397.5,1,NA,NA,534,5,NA,NA
2023-2024,Louisville,ACC,5,Elle Glock,So,S,6-1,32,31,113,NA,23,13,81,0.123,1130,19,15,188,NA,3,25,4,NA,57.5,6,NA,NA,6,5,NA,NA
2023-2024,Louisville,ACC,7,Alexis Finnvold,So,S,5-11,3,0,4,NA,0,0,0,NA,4,1,1,1,NA,NA,NA,NA,NA,1,NA,NA,NA,NA,NA,NA,NA
2023-2024,Louisville,ACC,8,Nina Moorer,So,OH,6-1,1,0,2,NA,3,0,3,1,NA,NA,NA,2,NA,NA,NA,NA,NA,3,NA,NA,NA,NA,NA,NA,NA
2023-2024,Louisville,ACC,11,Hannah Sherman,So,MB,6-1,10,3,19,NA,16,11,50,0.1,NA,NA,NA,3,NA,6,19,3,NA,31.5,NA,NA,NA,NA,NA,NA,NA
2023-2024,Miami (FL),ACC,2,Naylani Feliciano,So,L,5-7,27,0,83,NA,1,0,3,0.333,47,13,11,201,10,NA,NA,NA,NA,14,1,NA,NA,270,NA,NA,NA
2023-2024,Miami (FL),ACC,3,Cianna Tejada,So,OH,6-1,15,13,54,NA,53,12,113,0.363,1,2,4,7,NA,3,45,3,NA,80.5,NA,NA,NA,1,NA,NA,NA
2023-2024,Miami (FL),ACC,8,Milana Moisio,So,L,5-5,29,0,98,NA,0,0,2,0,29,19,23,109,11,NA,NA,NA,NA,19,NA,NA,NA,158,NA,NA,NA
2023-2024,Miami (FL),ACC,10,Flormarie Heredia Colon,So,OH,6-0,29,27,105,NA,341,170,869,0.197,15,26,61,200,25,6,48,4,NA,397,2,NA,NA,724,6,NA,NA
2023-2024,NC State,ACC,7,Ava Brizard,So,OH,6-1,29,28,109,NA,385,132,989,0.256,16,25,28,166,19,3,25,2,NA,425.5,1,NA,NA,400,4,NA,NA
2023-2024,NC State,ACC,12,Courtney Bryant,So,OH,5-11,13,11,43,NA,100,52,315,0.152,2,5,15,98,11,1,18,2,NA,115,NA,NA,NA,289,2,NA,NA
2023-2024,NC State,ACC,15,Lily Cropper,So,MB,6-3,10,6,29,NA,18,5,42,0.31,NA,NA,1,3,NA,1,24,NA,NA,31,NA,NA,NA,2,NA,NA,NA
2023-2024,NC State,ACC,24,Sydney Daniels,So,L/DS,5-6,29,4,101,NA,0,2,10,-0.2,52,3,5,135,16,NA,NA,NA,NA,3,NA,NA,NA,327,NA,NA,NA
2023-2024,NC State,ACC,31,Elaisa Villar,So,L/DS,5-8,7,0,9,NA,0,0,0,NA,1,NA,NA,6,1,NA,NA,NA,NA,NA,NA,NA,NA,7,NA,NA,NA
2023-2024,North Carolina,ACC,7,Sadie Swift,So,MH,6-3,27,26,102,NA,108,56,273,0.19,5,6,16,31,NA,12,92,11,NA,172,NA,NA,NA,12,NA,NA,NA
2023-2024,North Carolina,ACC,12,Anita Babic,So,S,6-0,21,15,74,NA,25,8,73,0.233,531,16,26,142,NA,1,14,3,NA,49,2,NA,NA,4,4,NA,NA
2023-2024,North Carolina,ACC,16,Ava Swain,So,OH,6-1,7,0,12,NA,0,1,2,-0.5,1,1,1,2,3,NA,NA,NA,NA,1,NA,NA,NA,23,NA,NA,NA
2023-2024,North Carolina,ACC,20,Carson Overbeck,So,L/DS,5-8,21,0,55,NA,0,0,1,0,4,9,24,33,3,NA,NA,NA,NA,9,NA,NA,NA,32,NA,NA,NA
2023-2024,North Carolina,ACC,25,Maddy May,So,L/DS,5-10,27,0,105,NA,2,5,11,-0.273,110,28,18,385,16,NA,NA,NA,NA,30,2,NA,NA,391,NA,NA,NA
2023-2024,North Carolina,ACC,36,Cadence Shea,So,OH,6-1,1,0,1,NA,0,1,3,-0.333,NA,NA,NA,NA,NA,NA,NA,NA,NA,NA,NA,NA,NA,1,NA,NA,NA
2023-2024,Notre Dame,ACC,2,Maisie Alexander,So,L/DS,5-4,21,0,72,NA,0,0,0,NA,NA,10,17,19,NA,NA,NA,NA,NA,10,NA,NA,NA,NA,NA,NA,NA
2023-2024,Notre Dame,ACC,3,Avery Ross,So,OH,5-9,4,0,9,NA,15,15,60,0,NA,NA,NA,7,NA,NA,NA,NA,NA,15,NA,NA,NA,9,NA,NA,NA
2023-2024,Notre Dame,ACC,5,Cailey Dockery,So,L/DS,5-8,22,2,76,NA,0,0,8,0,18,7,13,129,13,NA,NA,NA,NA,7,NA,NA,NA,239,NA,NA,NA
2023-2024,Notre Dame,ACC,6,Harmony Sample,So,S,5-11,8,1,18,NA,5,2,10,0.3,54,NA,NA,20,NA,NA,4,NA,NA,7,1,NA,NA,1,NA,NA,NA
2023-2024,Notre Dame,ACC,7,Lucy Trump,So,OH,6-0,24,14,78,NA,135,85,391,0.128,6,22,27,98,1,NA,26,5,NA,170,NA,NA,NA,4,1,NA,NA
2023-2024,Pittsburgh,ACC,6,Rachel Jepsen,So,MB,6-4,8,6,22,NA,33,9,56,0.429,1,NA,NA,1,NA,1,30,1,NA,49,NA,NA,NA,2,NA,NA,NA
2023-2024,Pittsburgh,ACC,16,Dillyn Griffin,So,L/DS,5-8,29,0,59,NA,0,0,0,NA,2,8,11,12,NA,NA,NA,NA,NA,8,1,NA,NA,1,NA,NA,NA
2023-2024,Syracuse,ACC,5,Ariana Joubert,So,OH,6-2,8,4,19,NA,43,33,133,0.075,2,2,5,14,11,2,4,NA,NA,49,NA,NA,NA,61,NA,NA,NA
2023-2024,Syracuse,ACC,16,Melina Brooking,So,DS,5-7,24,12,60,NA,4,8,32,-0.125,2,8,21,88,19,NA,4,NA,NA,14,1,NA,NA,179,NA,NA,NA
2023-2024,Virginia,ACC,8,Kate Johnson,So,L/DS,5-9,24,4,78,NA,0,0,2,0,16,20,27,126,13,NA,NA,NA,NA,20,NA,NA,NA,251,NA,NA,NA
2023-2024,Virginia Tech,ACC,0,Hanna Borer,So,S,6-0,28,26,100,NA,51,17,128,0.266,872,25,20,213,NA,NA,36,3,NA,94,6,NA,NA,3,7,NA,NA
2023-2024,Virginia Tech,ACC,1,Lauren Fowler,So,OH,6-3,4,0,6,NA,4,2,17,0.118,NA,NA,NA,1,NA,NA,NA,1,NA,4,NA,NA,NA,NA,NA,NA,NA
2023-2024,Virginia Tech,ACC,9,Sierra Cates,So,L/DS,5-9,26,4,87,NA,1,0,3,0.333,6,19,34,51,10,NA,NA,NA,NA,20,NA,NA,NA,105,NA,NA,NA
2023-2024,Virginia Tech,ACC,15,Jasmine Robinson,So,OH,6-1,15,7,36,NA,43,21,123,0.179,NA,2,NA,7,NA,1,24,4,NA,58,NA,NA,NA,1,NA,NA,NA
2023-2024,Virginia Tech,ACC,16,Sarah Malinowski,So,OH,6-3,7,0,17,NA,10,8,29,0.069,1,NA,NA,1,NA,NA,5,NA,NA,12.5,NA,NA,NA,NA,NA,NA,NA
2023-2024,Virginia Tech,ACC,18,Lucky Williams,So,OH,6-2,14,3,33,NA,25,13,86,0.14,3,5,13,46,3,1,5,1,NA,33.5,NA,NA,NA,66,NA,NA,NA
2023-2024,Virginia Tech,ACC,24,Ava Francis,So,OH,6-1,25,18,79,NA,214,100,599,0.19,4,4,21,86,13,2,21,8,NA,230.5,NA,NA,NA,204,NA,NA,NA
2023-2024,Wake Forest,ACC,10,Emma Farrell,So,DS,5-6,29,0,116,NA,2,0,18,0.111,116,16,8,434,22,NA,NA,NA,NA,18,NA,NA,NA,460,NA,NA,NA
2023-2024,Wake Forest,ACC,13,Paige Crawford,So,OH,6-0,29,29,116,NA,361,177,1061,0.173,15,31,50,202,49,4,34,4,NA,413,1,NA,NA,618,4,NA,NA
2023-2024,Wake Forest,ACC,17,Rian Baker,So,S,5-10,29,16,113,NA,49,10,124,0.315,943,29,41,190,2,2,32,6,NA,96,13,NA,NA,2,6,NA,NA
2023-2024,Austin Peay,ASUN,4,Payton Deidesheimer,So,MB,5-11,20,7,57,NA,109,72,309,0.12,3,NA,3,37,12,2,6,1,NA,114,NA,NA,NA,144,NA,NA,NA
2023-2024,Austin Peay,ASUN,8,Jamie Seward,So,RS,5-10,18,0,53,NA,75,42,218,0.151,1,NA,NA,15,NA,1,26,5,NA,89,NA,NA,NA,2,NA,NA,NA
2023-2024,Austin Peay,ASUN,22,Emma Loiars,So,DS,5-7,18,3,49,NA,2,2,10,0,4,6,8,92,15,NA,NA,NA,NA,8,NA,NA,NA,195,NA,NA,NA
2023-2024,Austin Peay,ASUN,23,Sarah Carnathan,So,OH,6-0,27,14,70,NA,125,69,372,0.151,5,4,15,72,26,5,18,9,NA,143,NA,NA,NA,288,NA,NA,NA
2023-2024,Austin Peay,ASUN,24,Jenna Salyer,So,MB,5-11,3,0,3,NA,0,0,1,0,NA,1,NA,NA,NA,NA,1,1,NA,1.5,1,NA,NA,NA,NA,NA,NA
2023-2024,Bellarmine,ASUN,3,Gabby Brissett,So,RS,5-10,29,28,100,NA,158,63,442,0.215,4,2,3,26,NA,5,30,1,NA,180,2,NA,NA,12,NA,NA,NA
2023-2024,Bellarmine,ASUN,6,Anna Purichia,So,OH,5-10,20,3,69,NA,107,55,296,0.176,3,NA,NA,24,2,3,13,6,NA,116.5,NA,NA,NA,22,NA,NA,NA
2023-2024,Bellarmine,ASUN,12,Kylie VanHoy,So,OPP,5-10,27,24,91,NA,186,80,539,0.197,326,14,43,129,1,5,30,7,NA,220,16,1,NA,16,7,NA,NA
2023-2024,Bellarmine,ASUN,17,Morgan Caba,So,L/DS,5-6,24,7,65,NA,3,1,9,0.222,9,13,24,99,19,NA,NA,NA,NA,16,NA,NA,NA,219,NA,NA,NA
2023-2024,Bellarmine,ASUN,19,Tessa Nauert,So,L/DS,5-4,29,3,95,NA,1,1,4,0,10,29,37,118,37,NA,NA,NA,NA,30,NA,NA,NA,314,NA,NA,NA
2023-2024,Central Ark.,ASUN,1,Laci Bohannan,So,OH,5-11,23,17,72,NA,255,116,746,0.186,5,15,19,143,16,4,19,5,NA,283.5,1,NA,NA,314,5,NA,NA
2023-2024,Central Ark.,ASUN,2,Trinity Hamilton,So,OH,5-7,14,2,44,NA,8,11,33,-0.091,NA,8,17,67,8,NA,NA,NA,NA,16,NA,NA,NA,136,NA,NA,NA
2023-2024,Central Ark.,ASUN,6,Caylan Koons,So,S,5-9,28,28,107,NA,54,4,148,0.338,1075,21,18,256,NA,2,32,4,NA,93,18,NA,NA,4,13,NA,NA
2023-2024,Central Ark.,ASUN,8,Emmie Tidwell,So,S,5-8,1,0,2,NA,0,0,0,NA,1,NA,NA,NA,NA,NA,NA,NA,NA,NA,NA,NA,NA,NA,NA,NA,NA
2023-2024,Central Ark.,ASUN,11,Samantha Cousins,So,OH,5-10,2,1,3,NA,2,4,20,-0.1,NA,NA,NA,3,NA,NA,1,NA,NA,2.5,NA,NA,NA,1,NA,NA,NA
2023-2024,Central Ark.,ASUN,22,Alexis McDaniel,So,L/DS,5-3,28,3,103,NA,3,1,27,0.074,70,21,14,343,21,NA,NA,NA,NA,24,1,NA,NA,416,NA,NA,NA
2023-2024,Eastern Ky.,ASUN,3,Molly Shomock,So,OH,5-10,6,0,17,NA,16,8,45,0.178,NA,NA,1,10,1,NA,2,3,NA,17,NA,NA,NA,9,NA,NA,NA
2023-2024,Eastern Ky.,ASUN,9,AG Vandagriff,So,RS,5-11,30,28,107,NA,305,92,678,0.314,4,NA,NA,56,NA,5,51,3,NA,335.5,NA,NA,NA,1,NA,NA,NA
2023-2024,Eastern Ky.,ASUN,17,Carson Ledford,So,MB,6-0,30,30,107,NA,226,60,497,0.334,5,26,36,59,NA,25,74,10,NA,314,NA,NA,NA,19,NA,NA,NA
2023-2024,Eastern Ky.,ASUN,19,Madi Tolzman,So,OH,5-9,18,9,43,NA,67,33,238,0.143,10,6,6,82,16,3,7,3,NA,79.5,NA,NA,NA,226,1,NA,NA
2023-2024,FGCU,ASUN,1,Nylah Raspberry,So,L/DS,5-6,27,0,59,NA,1,0,2,0.5,9,NA,1,55,13,NA,NA,NA,NA,1,NA,NA,NA,121,NA,NA,NA
2023-2024,FGCU,ASUN,3,Oreva Evivie,So,MB,6-0,20,6,40,NA,45,17,103,0.272,1,1,1,3,1,5,34,1,NA,68,NA,NA,NA,3,NA,NA,NA
2023-2024,FGCU,ASUN,15,Destiny Nelson,So,RS,5-8,18,4,32,NA,43,15,93,0.301,NA,1,3,3,NA,2,19,1,NA,55.5,NA,NA,NA,NA,NA,NA,NA
2023-2024,FGCU,ASUN,20,Iyanna Battle,So,MB,6-1,3,0,3,NA,4,0,5,0.8,NA,NA,NA,1,NA,NA,1,NA,NA,4.5,NA,NA,NA,NA,NA,NA,NA
2023-2024,Jacksonville,ASUN,4,Lizzie Kitchen,So,MB,6-1,1,0,1,NA,0,0,0,NA,NA,NA,NA,NA,NA,NA,NA,NA,NA,NA,NA,NA,NA,NA,NA,NA,NA
2023-2024,Jacksonville,ASUN,9,Lauren Young,So,S,5-11,9,2,17,NA,10,5,27,0.185,4,NA,NA,4,NA,NA,6,NA,NA,13,1,NA,NA,NA,NA,NA,NA
2023-2024,Jacksonville,ASUN,13,Lauren Nelson,So,OH,6-0,5,0,9,NA,19,11,57,0.14,NA,NA,NA,2,1,1,1,NA,NA,20.5,NA,NA,NA,14,NA,NA,NA
2023-2024,Jacksonville,ASUN,17,Cami Kelsay,So,OH,5-10,8,0,14,NA,25,10,63,0.238,NA,2,5,3,1,NA,NA,NA,NA,27,NA,NA,NA,20,NA,NA,NA
2023-2024,Jacksonville,ASUN,20,Kristina Nika,So,L/DS,5-5,28,2,105,NA,2,1,28,0.036,77,29,46,375,23,NA,NA,NA,NA,31,NA,NA,NA,499,NA,NA,NA
2023-2024,Jacksonville,ASUN,22,Myah Robinson,So,OPP,6-3,11,1,23,NA,16,13,43,0.07,NA,NA,NA,5,NA,NA,10,NA,NA,21,NA,NA,NA,NA,NA,NA,NA
2023-2024,Jacksonville,ASUN,23,Madison Clark,So,MB,6-3,3,0,4,NA,2,0,3,0.667,NA,NA,NA,NA,NA,NA,2,NA,NA,3,NA,NA,NA,NA,NA,NA,NA
2023-2024,Kennesaw St.,ASUN,1,Leah Freeman,So,DS,5-6,29,15,113,NA,0,0,1,0,17,4,8,200,33,NA,NA,NA,NA,4,NA,NA,NA,615,NA,NA,NA
2023-2024,Kennesaw St.,ASUN,13,Manu Johnsen,So,OH,5-11,29,28,110,NA,454,161,1190,0.246,21,37,30,259,1,5,29,2,NA,510.5,NA,NA,NA,20,13,NA,NA
2023-2024,Kennesaw St.,ASUN,18,Maggie Butkovich,So,RS,6-3,27,3,86,NA,160,104,481,0.116,6,6,16,48,8,4,28,2,NA,184,NA,NA,NA,57,NA,NA,NA
2023-2024,Lipscomb,ASUN,2,Courtney Jones,So,OH,5-11,29,24,110,NA,310,160,839,0.179,7,8,33,151,23,5,21,2,NA,333.5,NA,NA,NA,484,2,NA,NA
2023-2024,Lipscomb,ASUN,5,Sophia Hudepohl,So,S,5-8,29,29,117,NA,39,13,142,0.183,1243,21,40,258,NA,3,25,2,NA,75.5,3,NA,NA,3,11,NA,NA
2023-2024,Lipscomb,ASUN,9,Berkley Mischler,So,MB,6-1,28,28,112,NA,187,65,417,0.293,1,1,6,24,NA,13,65,9,NA,233.5,2,NA,NA,2,NA,NA,NA
2023-2024,Lipscomb,ASUN,12,Jada DiVita,So,OH,6-0,29,6,112,NA,328,135,780,0.247,3,NA,2,55,13,14,26,5,NA,355,NA,NA,NA,220,NA,NA,NA
2023-2024,North Ala.,ASUN,9,Lucy Wedding,So,OH,5-10,9,1,14,NA,11,2,31,0.29,NA,1,4,12,2,NA,2,NA,NA,13,NA,NA,NA,24,NA,NA,NA
2023-2024,North Ala.,ASUN,21,Hayley Martin,So,OH,5-11,20,9,63,NA,113,51,282,0.22,NA,NA,NA,12,NA,NA,25,4,NA,125.5,1,NA,NA,8,NA,NA,NA
2023-2024,North Florida,ASUN,6,Janelly Ceopa,So,OH,5-11,23,5,62,NA,24,14,88,0.114,4,11,10,68,9,NA,2,3,NA,36,NA,NA,NA,155,NA,NA,NA
2023-2024,North Florida,ASUN,8,Mackenzie Piester,So,OPP,6-3,15,0,21,NA,13,8,42,0.119,NA,NA,NA,4,2,NA,6,2,NA,16,NA,NA,NA,3,NA,NA,NA
2023-2024,North Florida,ASUN,13,Annie Antar,So,S,5-11,32,32,122,NA,95,17,270,0.289,936,30,20,219,NA,4,31,3,NA,144.5,19,NA,NA,4,6,NA,NA
2023-2024,North Florida,ASUN,14,Maymie Guthrie,So,DS,5-7,20,4,46,NA,0,1,1,-1,8,1,2,36,17,NA,NA,NA,NA,1,NA,NA,NA,134,NA,NA,NA
2023-2024,North Florida,ASUN,21,Kyla Solis,So,MB,6-3,18,1,27,NA,25,21,84,0.048,NA,NA,NA,3,NA,2,11,NA,NA,32.5,NA,NA,NA,2,NA,NA,NA
2023-2024,North Florida,ASUN,23,Kierstyn McFall,So,MB,6-4,32,32,122,NA,248,84,548,0.299,5,7,7,27,2,11,64,5,NA,298,1,NA,NA,8,NA,NA,NA
2023-2024,Queens (NC),ASUN,10,Ella Porter,So,OH,5-8,3,0,4,NA,0,0,0,NA,NA,NA,2,NA,NA,NA,NA,NA,NA,NA,NA,NA,NA,NA,NA,NA,NA
2023-2024,Queens (NC),ASUN,14,Ellis Sargent,So,OH,5-11,20,3,49,NA,78,40,274,0.139,NA,NA,NA,19,3,2,8,NA,NA,84,NA,NA,NA,11,NA,NA,NA
2023-2024,Stetson,ASUN,10,Selin Kalkan,So,OH,5-11,22,12,68,NA,75,39,249,0.145,11,10,14,87,20,4,25,3,NA,101.5,1,NA,NA,180,NA,NA,NA
2023-2024,Stetson,ASUN,14,Sophia Groom,So,MB,6-1,29,29,108,NA,233,59,553,0.315,5,14,8,66,NA,30,93,4,NA,323.5,NA,NA,NA,14,1,NA,NA
2023-2024,Binghamton,America East,1,Madison Konopka,So,DS,5-3,26,2,96,NA,0,1,6,-0.167,76,21,23,322,24,NA,NA,NA,NA,21,NA,NA,NA,510,NA,NA,NA
2023-2024,Binghamton,America East,3,Lottie Scully,So,S,5-10,21,19,80,NA,41,16,144,0.174,679,18,16,199,NA,NA,52,1,NA,85,28,NA,NA,5,7,NA,NA
2023-2024,Binghamton,America East,16,Kasey Tietjen,So,OH,5-11,2,0,2,NA,2,1,9,0.111,NA,NA,NA,NA,NA,NA,1,NA,NA,2.5,NA,NA,NA,5,NA,NA,NA
2023-2024,Bryant,America East,4,London Hunt,So,MB,5-10,25,18,77,NA,87,41,223,0.206,3,NA,5,19,1,1,66,3,NA,121,NA,NA,NA,9,NA,NA,NA
2023-2024,Bryant,America East,13,Miranda Jantzen,So,OH,5-10,19,2,45,NA,31,36,120,-0.042,5,8,4,43,6,NA,3,1,NA,40.5,NA,NA,NA,76,NA,NA,NA
2023-2024,Bryant,America East,14,Ana Fuertes-Brito,So,RS,5-11,7,0,18,NA,8,11,31,-0.097,2,2,6,26,3,NA,1,NA,NA,10.5,NA,NA,NA,31,NA,NA,NA
2023-2024,Bryant,America East,15,Arianna Ugolini,So,OH,6-0,31,30,114,NA,380,208,989,0.174,29,48,50,257,48,2,26,2,NA,443,NA,NA,NA,643,9,NA,NA
2023-2024,Bryant,America East,16,Melis Isik,So,S,6-1,19,0,49,NA,6,2,14,0.286,157,15,12,38,NA,NA,1,NA,NA,21.5,1,NA,NA,3,NA,NA,NA
2023-2024,Bryant,America East,17,Lea Mackey,So,OH,6-2,22,12,66,NA,69,62,207,0.034,3,NA,NA,20,NA,3,31,7,NA,87.5,NA,NA,NA,4,NA,NA,NA
2023-2024,NJIT,America East,1,Mariana Cova,So,OH,5-10,13,6,29,NA,56,23,146,0.226,5,6,11,45,9,NA,6,1,NA,65,NA,NA,NA,121,1,NA,NA
2023-2024,NJIT,America East,3,Maddie Dennis,So,S,5-11,26,1,81,NA,13,3,56,0.179,295,19,10,121,NA,1,4,NA,NA,35,6,NA,NA,NA,1,NA,NA
2023-2024,NJIT,America East,5,Taylor West,So,MB,6-2,22,22,74,NA,93,54,275,0.142,8,13,7,37,NA,10,50,12,NA,141,3,NA,NA,5,NA,NA,NA
2023-2024,NJIT,America East,9,Doga Emil,So,L,5-9,24,0,82,NA,4,0,13,0.308,104,22,27,304,29,NA,NA,NA,NA,26,NA,NA,NA,460,1,NA,NA
2023-2024,New Hampshire,America East,3,Lindsey Kriendler,So,OH,6-2,17,3,36,NA,42,25,114,0.149,NA,1,8,16,3,NA,7,1,NA,46.5,NA,NA,NA,31,NA,NA,NA
2023-2024,New Hampshire,America East,16,Meredith Hohnbaum,So,RS,6-1,26,10,93,NA,160,67,427,0.218,NA,NA,NA,32,1,2,54,5,NA,189,2,NA,NA,3,NA,NA,NA
2023-2024,New Hampshire,America East,20,Avery LePore,So,L/DS,5-6,22,0,71,NA,5,1,18,0.222,66,14,30,363,45,NA,NA,NA,NA,19,1,NA,NA,514,NA,NA,NA
2023-2024,New Hampshire,America East,25,Millie Grove,So,OH,5-11,13,2,24,NA,36,10,92,0.283,3,4,5,18,5,1,4,NA,NA,43,1,NA,NA,69,NA,NA,NA
2023-2024,UAlbany,America East,5,Gabriella Karman,So,MB,6-1,23,20,70,NA,100,33,212,0.316,4,12,36,37,NA,12,54,5,NA,151,2,NA,NA,18,NA,NA,NA
2023-2024,UAlbany,America East,7,Anna Myhal,So,OH,5-11,25,24,87,NA,155,89,540,0.122,28,16,13,184,39,2,23,1,NA,184.5,NA,NA,NA,611,2,NA,NA
2023-2024,UAlbany,America East,12,Tori Wilson,So,MB,6-0,22,19,62,NA,94,44,246,0.203,4,NA,3,12,2,8,36,4,NA,120,NA,NA,NA,9,NA,NA,NA
2023-2024,UMBC,America East,1,Laila Wooldridge,So,MB,6-1,8,0,12,NA,1,1,7,0,NA,NA,NA,NA,NA,NA,1,NA,NA,1.5,NA,NA,NA,NA,NA,NA,NA
2023-2024,UMBC,America East,2,Bird Alford,So,S,5-9,12,0,25,NA,0,0,4,0,69,1,2,31,NA,NA,NA,2,NA,1,4,NA,NA,NA,1,NA,NA
2023-2024,UMBC,America East,4,Serin Maden,So,S,5-10,25,12,89,NA,3,1,14,0.143,482,10,16,137,NA,NA,1,NA,NA,13.5,10,NA,NA,6,3,NA,NA
2023-2024,UMBC,America East,19,Emily Genau,So,OPP,5-11,9,0,13,NA,0,0,0,NA,1,1,3,5,NA,NA,NA,NA,NA,1,NA,NA,NA,NA,NA,NA,NA
2023-2024,Davidson,Atlantic 10,2,Jackie Bardin,So,OH,5-11,27,20,87,NA,218,103,697,0.165,2,7,9,82,27,3,25,4,NA,240.5,NA,NA,NA,354,NA,NA,NA
2023-2024,Davidson,Atlantic 10,6,Emma Slusser,So,OPP,6-1,26,16,92,NA,213,98,514,0.224,6,NA,NA,51,NA,1,45,1,NA,236.5,2,NA,NA,3,NA,NA,NA
2023-2024,Davidson,Atlantic 10,7,Jan Marie Duhaylungsod,So,S,5-2,4,0,6,NA,0,0,2,0,26,3,1,3,NA,NA,NA,NA,NA,3,NA,NA,NA,NA,NA,NA,NA
2023-2024,Davidson,Atlantic 10,12,Jordan Hummel,So,L/DS,5-6,23,4,65,NA,1,0,1,1,8,11,21,106,8,NA,NA,NA,NA,12,NA,NA,NA,201,NA,NA,NA
2023-2024,Davidson,Atlantic 10,16,Kayla Davis,So,MB,6-0,29,29,107,NA,158,39,324,0.367,3,10,14,32,2,19,81,15,NA,227.5,1,NA,NA,16,NA,NA,NA
2023-2024,Davidson,Atlantic 10,18,Anna Withee,So,OH,6-1,28,12,97,NA,201,84,582,0.201,3,NA,NA,55,NA,2,33,2,NA,219.5,NA,NA,NA,NA,NA,NA,NA
2023-2024,Dayton,Atlantic 10,9,Emily Young,So,L/DS,5-7,33,0,97,NA,0,0,0,NA,1,4,13,30,1,NA,NA,NA,NA,4,NA,NA,NA,8,NA,NA,NA
2023-2024,Dayton,Atlantic 10,10,Taylor Russell,So,OH,6-2,35,30,116,NA,358,98,904,0.288,6,52,70,112,17,4,47,4,NA,437.5,3,NA,NA,202,NA,NA,NA
2023-2024,Dayton,Atlantic 10,12,Liana Sarkissian,So,MH,6-4,34,16,100,NA,141,63,348,0.224,3,NA,1,34,1,1,67,2,NA,175.5,3,NA,NA,10,NA,NA,NA
2023-2024,Dayton,Atlantic 10,13,Mia Otten,So,RS,6-2,4,0,4,NA,3,2,13,0.077,NA,NA,NA,1,NA,NA,1,NA,NA,3.5,NA,NA,NA,NA,NA,NA,NA
2023-2024,Dayton,Atlantic 10,15,Brooke Nichols,So,S,5-10,17,0,28,NA,2,1,7,0.143,29,NA,NA,28,6,NA,2,1,NA,3,NA,NA,NA,50,NA,NA,NA
2023-2024,Dayton,Atlantic 10,21,Karissa Kaminski,So,L/DS,5-8,35,0,119,NA,5,2,20,0.15,132,40,32,547,36,NA,NA,NA,NA,45,1,NA,NA,619,1,NA,NA
2023-2024,Duquesne,Atlantic 10,4,Hanna Wilson,So,OH,6-1,18,0,67,NA,4,3,17,0.059,3,24,14,51,4,NA,NA,NA,NA,28,NA,NA,NA,59,NA,NA,NA
2023-2024,Duquesne,Atlantic 10,5,Ariel Helm,So,MB,6-0,20,20,76,NA,114,42,266,0.271,3,NA,NA,30,2,13,72,1,NA,163,4,NA,NA,8,NA,NA,NA
2023-2024,Duquesne,Atlantic 10,6,Carsyn Henschen,So,OH,6-1,24,23,95,NA,295,148,915,0.161,1,11,15,81,17,4,36,5,NA,328,NA,NA,NA,307,1,NA,NA
2023-2024,Duquesne,Atlantic 10,8,Maggie Colenbrander,So,DS,5-8,10,0,18,NA,0,0,1,0,4,NA,1,13,6,NA,NA,NA,NA,NA,NA,NA,NA,57,NA,NA,NA
2023-2024,Duquesne,Atlantic 10,10,Madison Grimm,So,DS,5-8,26,0,101,NA,2,0,5,0.4,79,14,16,370,39,NA,NA,NA,NA,16,1,NA,NA,525,NA,NA,NA
2023-2024,Fordham,Atlantic 10,4,Alexa Pyle,So,MB,6-3,2,0,2,NA,1,0,1,1,NA,NA,NA,1,NA,NA,NA,NA,NA,1,NA,NA,NA,NA,NA,NA,NA
2023-2024,Fordham,Atlantic 10,5,Zoe Talabong,So,OH,5-10,27,24,92,NA,226,131,832,0.114,12,24,20,232,32,3,41,8,NA,273.5,NA,NA,NA,575,6,NA,NA
2023-2024,Fordham,Atlantic 10,8,Mackenzie Colvin,So,S,5-9,19,0,58,NA,2,1,24,0.042,198,16,10,71,NA,NA,NA,NA,NA,18,6,NA,NA,1,1,NA,NA
2023-2024,Fordham,Atlantic 10,9,Audrey Brown,So,OH,6-1,28,27,107,NA,345,109,798,0.296,6,1,1,80,NA,3,63,6,NA,380.5,NA,NA,NA,7,NA,NA,NA
2023-2024,George Mason,Atlantic 10,2,Haley Graetz,So,MB,6-0,15,6,31,NA,28,22,91,0.066,3,1,4,4,NA,1,15,3,NA,37.5,1,NA,NA,6,NA,NA,NA
2023-2024,George Mason,Atlantic 10,6,Rachel Larsen,So,L,5-5,25,3,63,NA,0,0,1,0,8,NA,3,71,9,NA,NA,NA,NA,NA,1,NA,NA,195,NA,NA,NA
2023-2024,George Mason,Atlantic 10,15,Gabriella Gelfound,So,S,6-2,30,28,115,NA,209,107,564,0.181,497,17,41,223,NA,15,62,21,NA,272,14,2,NA,7,13,NA,NA
2023-2024,George Mason,Atlantic 10,16,Damiana Bova-Ford,So,S,5-9,23,14,82,NA,3,0,10,0.3,373,3,22,115,NA,NA,1,NA,NA,6.5,4,NA,NA,2,2,NA,NA
2023-2024,George Washington,Atlantic 10,2,Sydney Stewart,So,MB,6-1,28,26,96,NA,73,27,171,0.269,5,NA,NA,16,NA,8,67,8,NA,114.5,5,NA,NA,18,NA,NA,NA
2023-2024,George Washington,Atlantic 10,7,Dilara Elmacioglu,So,S,6-0,15,8,56,NA,2,3,15,-0.067,265,15,25,97,NA,NA,1,1,NA,17.5,9,NA,NA,3,2,NA,NA
2023-2024,George Washington,Atlantic 10,8,Maeve Loughran,So,S,6-0,29,21,107,NA,26,7,88,0.216,758,27,44,178,1,NA,18,2,NA,62,5,NA,NA,5,5,NA,NA
2023-2024,George Washington,Atlantic 10,9,Penelope Hiepler,So,L/DS,5-10,29,7,110,NA,3,3,13,0,48,20,22,227,26,NA,NA,NA,NA,23,NA,NA,NA,470,NA,NA,NA
2023-2024,George Washington,Atlantic 10,12,Amina Robinson,So,DS,5-6,29,2,108,NA,1,4,13,-0.231,64,24,33,346,59,NA,NA,NA,NA,25,1,NA,NA,631,NA,NA,NA
2023-2024,Loyola Chicago,Atlantic 10,14,Ella Ramsay,So,MB,6-1,7,5,17,NA,18,5,37,0.351,1,NA,1,5,1,2,15,1,NA,27.5,NA,NA,NA,7,NA,NA,NA
2023-2024,Rhode Island,Atlantic 10,1,Ryleigh Powers,So,L,5-6,28,4,88,NA,0,2,6,-0.333,33,17,35,164,52,NA,NA,NA,NA,17,1,NA,NA,437,NA,NA,NA
2023-2024,Rhode Island,Atlantic 10,10,Hope Passerello,So,S,6-0,26,19,82,NA,27,7,62,0.323,427,17,15,146,NA,1,14,NA,NA,52,6,NA,NA,3,5,NA,NA
2023-2024,Rhode Island,Atlantic 10,11,Karlee Pinell,So,OH,5-11,21,5,50,NA,71,64,274,0.026,2,NA,2,32,10,NA,12,NA,NA,77,1,NA,NA,90,NA,NA,NA
2023-2024,Rhode Island,Atlantic 10,15,Emma Vente,So,OH,6-1,25,5,69,NA,107,73,383,0.089,5,13,23,32,22,1,23,2,NA,132.5,NA,NA,NA,114,NA,NA,NA
2023-2024,Rhode Island,Atlantic 10,18,Aerin Bowman,So,RS,6-3,26,24,91,NA,148,80,481,0.141,2,NA,NA,28,NA,1,62,11,NA,180,2,NA,NA,3,NA,NA,NA
2023-2024,Saint Louis,Atlantic 10,3,Kayla Richardson,So,OH,6-0,30,25,119,NA,291,135,888,0.176,6,7,12,125,49,13,39,8,NA,330.5,1,NA,NA,376,1,NA,NA
2023-2024,Saint Louis,Atlantic 10,5,Addie Lyon,So,S,5-9,29,14,107,NA,11,6,42,0.119,686,32,43,173,NA,NA,26,6,NA,56,5,NA,NA,3,6,NA,NA
2023-2024,Saint Louis,Atlantic 10,9,Addy Polk,So,DS,5-4,29,0,72,NA,0,2,3,-0.667,17,11,15,21,1,NA,NA,NA,NA,11,NA,NA,NA,11,NA,NA,NA
2023-2024,Saint Louis,Atlantic 10,16,Vivian Kieffer,So,DS,5-6,32,7,127,NA,0,0,3,0,16,27,22,186,37,NA,NA,NA,NA,27,NA,NA,NA,465,NA,NA,NA
2023-2024,VCU,Atlantic 10,3,Sydney Harrington,So,S,5-10,3,0,3,NA,0,0,0,NA,6,NA,NA,2,NA,NA,NA,NA,NA,NA,1,NA,NA,NA,NA,NA,NA
2023-2024,BYU,Big 12,1,Kate Prior,So,OPP,6-4,32,3,104,NA,190,87,455,0.226,3,NA,NA,29,1,5,80,4,NA,235,NA,NA,NA,5,NA,NA,NA
2023-2024,BYU,Big 12,4,Hannah Billeter,So,L,5-11,32,23,104,NA,0,0,6,0,36,33,42,155,23,NA,NA,NA,NA,33,NA,NA,NA,351,NA,NA,NA
2023-2024,BYU,Big 12,8,Eden Bower,So,OH,6-3,26,2,60,NA,98,39,318,0.186,4,NA,1,32,12,2,26,4,NA,113,NA,NA,NA,101,NA,NA,NA
2023-2024,Baylor,Big 12,3,Averi Carlson,So,S,5-11,30,30,114,NA,27,9,84,0.214,1188,37,12,247,NA,1,29,4,NA,79.5,7,NA,NA,9,10,NA,NA
2023-2024,Baylor,Big 12,4,Allie Sczech,So,OPP,6-4,30,28,114,NA,256,106,726,0.207,12,7,19,84,1,3,78,9,NA,305,1,NA,NA,2,NA,NA,NA
2023-2024,Baylor,Big 12,8,Bri Denney,So,S,5-11,3,0,4,NA,0,0,0,NA,2,NA,1,NA,NA,NA,NA,NA,NA,NA,1,NA,NA,NA,NA,NA,NA
2023-2024,Baylor,Big 12,10,Sophia Keene,So,OH,6-2,30,4,114,NA,2,2,17,0,10,1,6,149,19,NA,NA,NA,NA,3,NA,NA,NA,442,NA,NA,NA
2023-2024,Baylor,Big 12,15,Alexis Dacosta,So,OH,5-11,30,23,114,NA,2,4,15,-0.133,9,18,34,196,18,NA,NA,NA,NA,20,NA,NA,NA,505,NA,NA,NA
2023-2024,Cincinnati,Big 12,3,Katelyn Lefler,So,S,6-0,28,28,106,NA,36,17,118,0.161,1011,12,19,283,1,5,48,4,NA,77,24,NA,NA,7,15,NA,NA
2023-2024,Cincinnati,Big 12,4,Carly Glendinning,So,OH,6-2,27,16,99,NA,194,112,656,0.125,11,16,11,147,24,6,35,5,NA,233.5,NA,NA,NA,351,3,NA,NA
2023-2024,Cincinnati,Big 12,8,Ligia Williams,So,OH,5-11,26,25,93,NA,153,61,369,0.249,2,NA,NA,15,NA,19,85,14,NA,214.5,2,NA,NA,13,NA,NA,NA
2023-2024,Cincinnati,Big 12,17,Paige Pickering,So,OH,5-10,10,1,26,NA,6,7,34,-0.029,4,1,1,18,9,NA,2,NA,NA,8,NA,NA,NA,63,NA,NA,NA
2023-2024,Houston,Big 12,2,Alana Torres-Rivera,So,L,5-5,22,1,43,NA,1,0,2,0.5,2,5,9,13,NA,NA,NA,NA,NA,6,NA,NA,NA,3,NA,NA,NA
2023-2024,Houston,Big 12,14,Ella Wendel,So,MB,6-1,2,1,2,NA,2,0,2,1,NA,NA,NA,NA,NA,NA,1,NA,NA,2.5,NA,NA,NA,NA,NA,NA,NA
2023-2024,Houston,Big 12,22,Kennedi Bray,So,OH,6-2,1,0,1,NA,1,0,2,0.5,NA,NA,NA,NA,NA,NA,NA,NA,NA,1,NA,NA,NA,NA,NA,NA,NA
2023-2024,Iowa St.,Big 12,2,Morgan Brandt,So,S,6-0,30,30,111,NA,92,26,262,0.252,1132,28,55,247,NA,1,48,7,NA,145,11,NA,NA,6,14,NA,NA
2023-2024,Iowa St.,Big 12,5,Maya Duckworth,So,OH,5-8,28,24,103,NA,316,129,908,0.206,18,23,28,207,10,11,35,10,NA,367.5,NA,NA,NA,260,7,NA,NA
2023-2024,Iowa St.,Big 12,7,Addison Heidemann,So,S,5-10,24,0,48,NA,0,0,0,NA,23,2,10,18,NA,NA,NA,NA,NA,2,NA,NA,NA,NA,NA,NA,NA
2023-2024,Iowa St.,Big 12,18,Kelsey Perry,So,MB,6-4,1,0,1,NA,0,0,0,NA,NA,NA,NA,NA,NA,NA,NA,NA,NA,NA,NA,NA,NA,NA,NA,NA,NA
2023-2024,Iowa St.,Big 12,19,Faith DeRonde,So,OH,5-11,28,3,84,NA,11,10,44,0.023,19,NA,1,82,12,NA,NA,NA,NA,11,NA,NA,NA,272,NA,NA,NA
2023-2024,Iowa St.,Big 12,21,Paula Krzeslak,So,L/DS,5-6,30,12,100,NA,0,0,6,0,26,10,10,165,17,NA,NA,NA,NA,10,1,NA,NA,391,NA,NA,NA
2023-2024,Kansas,Big 12,4,Rhian Swanson,So,OH,6-2,17,0,27,NA,29,16,78,0.167,NA,NA,NA,NA,NA,1,3,NA,NA,31.5,NA,NA,NA,1,NA,NA,NA
2023-2024,Kansas,Big 12,7,Katie Dalton,So,S,6-1,26,7,91,NA,3,3,22,0,72,16,23,215,10,NA,1,1,NA,19.5,2,NA,NA,301,NA,NA,NA
2023-2024,Kansas,Big 12,11,Toyosi Onabanjo,So,OH,6-1,30,30,110,NA,203,76,468,0.271,4,8,24,52,1,19,97,5,NA,278.5,NA,NA,NA,15,NA,NA,NA
2023-2024,Kansas,Big 12,20,Brynn Kirsch,So,L/DS,5-8,15,1,36,NA,0,1,1,-1,4,7,14,56,1,NA,NA,NA,NA,7,NA,NA,NA,129,NA,NA,NA
2023-2024,Kansas St.,Big 12,10,Dalia Wilson,So,OPP,6-3,7,0,7,NA,0,3,10,-0.3,NA,NA,NA,NA,NA,1,7,NA,NA,4.5,NA,NA,NA,1,NA,NA,NA
2023-2024,Kansas St.,Big 12,11,Ava LeGrand,So,S,6-0,7,0,10,NA,0,0,1,0,16,NA,3,10,NA,NA,NA,NA,NA,NA,1,NA,NA,NA,NA,NA,NA
2023-2024,Kansas St.,Big 12,14,Shaylee Myers,So,OH,6-0,21,10,68,NA,130,55,453,0.166,1,NA,1,19,7,8,32,4,NA,154,NA,NA,NA,92,NA,NA,NA
2023-2024,Kansas St.,Big 12,18,Brenna Schmidt,So,MB,6-6,24,17,73,NA,85,23,207,0.3,2,NA,NA,17,NA,8,51,5,NA,118.5,1,NA,NA,7,NA,NA,NA
2023-2024,Oklahoma,Big 12,12,Alexis Shelton,So,OH,6-2,25,21,94,NA,400,160,960,0.25,7,7,18,97,23,10,45,8,NA,439.5,1,NA,NA,246,2,NA,NA
2023-2024,Oklahoma,Big 12,23,Taylor Preston,So,OH,6-2,28,21,109,NA,354,166,981,0.192,2,3,22,33,13,8,46,1,NA,388,2,NA,NA,156,NA,NA,NA
2023-2024,Oklahoma,Big 12,24,Sydney Thompson,So,L/DS,5-9,28,9,99,NA,2,1,7,0.143,14,30,42,151,29,1,NA,NA,NA,33,NA,NA,NA,347,NA,NA,NA
2023-2024,Oklahoma,Big 12,25,Chloe Kaminski,So,DS,5-8,15,0,38,NA,0,0,1,0,5,3,3,43,5,NA,NA,NA,NA,3,NA,NA,NA,110,NA,NA,NA
2023-2024,TCU,Big 12,2,Riley Buckley,So,S,6-1,19,19,69,NA,34,13,100,0.21,617,3,3,180,NA,2,37,2,NA,57.5,14,NA,NA,3,7,NA,NA
2023-2024,TCU,Big 12,4,Sarah Sylvester,So,MB,6-3,32,32,119,NA,80,32,233,0.206,14,NA,NA,17,NA,13,125,7,NA,155.5,1,NA,NA,NA,NA,NA,NA
2023-2024,TCU,Big 12,5,Jalyn Gibson,So,OH,6-2,29,28,113,NA,366,113,977,0.259,18,27,38,262,2,2,70,5,NA,430,NA,NA,NA,13,11,NA,NA
2023-2024,TCU,Big 12,22,Ashlyn Bourland,So,S,5-9,5,0,8,NA,0,0,0,NA,NA,NA,1,3,NA,NA,NA,NA,NA,NA,NA,NA,NA,NA,NA,NA,NA
2023-2024,TCU,Big 12,33,Riley Weigelt,So,L/DS,5-9,23,2,70,NA,1,1,5,0,5,8,8,39,NA,NA,NA,NA,NA,9,NA,NA,NA,15,NA,NA,NA
2023-2024,Texas,Big 12,2,Emma Halter,So,L,5-5,32,0,114,NA,1,0,2,0.5,141,38,24,441,31,NA,NA,NA,NA,39,2,NA,NA,503,NA,NA,NA
2023-2024,Texas,Big 12,44,Devin Kahahawai,So,OH,6-4,17,1,33,NA,42,23,129,0.147,3,NA,NA,12,NA,2,15,3,NA,51.5,NA,NA,NA,21,NA,NA,NA
2023-2024,Texas Tech,Big 12,4,Brynn Williams,So,OH,5-10,30,28,108,NA,312,178,1003,0.134,13,14,64,245,42,11,29,7,NA,351.5,2,NA,NA,660,8,NA,NA
2023-2024,Texas Tech,Big 12,6,Currie Marusak,So,OH,6-0,9,1,14,NA,15,15,66,0,NA,NA,2,4,1,1,2,NA,NA,17,NA,NA,NA,10,NA,NA,NA
2023-2024,Texas Tech,Big 12,7,Paige Mooney,So,L,5-9,4,0,7,NA,0,0,0,NA,2,NA,1,6,3,NA,NA,NA,NA,NA,NA,NA,NA,13,NA,NA,NA
2023-2024,UCF,Big 12,1,Abby Schomers,So,S,6-0,29,29,104,NA,46,5,98,0.418,1073,20,34,188,NA,5,37,5,NA,89.5,5,NA,NA,1,6,NA,NA
2023-2024,UCF,Big 12,18,Renee Ralls,So,S,5-11,1,0,1,NA,0,0,0,NA,NA,NA,NA,NA,NA,NA,NA,NA,NA,NA,NA,NA,NA,NA,NA,NA,NA
2023-2024,UCF,Big 12,23,Britt Carlson,So,OH,6-4,12,4,27,NA,42,16,98,0.265,2,NA,2,7,NA,2,10,1,NA,49,NA,NA,NA,9,NA,NA,NA
2023-2024,West Virginia,Big 12,2,Bailey Miller,So,OH,6-3,31,30,112,NA,339,181,1048,0.151,26,13,39,209,39,6,34,11,NA,375,2,NA,NA,688,8,NA,NA
2023-2024,West Virginia,Big 12,4,Samiha Foster,So,DS,5-9,29,8,90,NA,0,2,6,-0.333,12,18,23,131,26,NA,NA,NA,NA,18,NA,NA,NA,345,NA,NA,NA
2023-2024,West Virginia,Big 12,8,Tierney Jackson,So,MB,6-4,30,20,103,NA,199,84,505,0.228,3,14,27,62,1,7,76,14,NA,258,NA,NA,NA,15,NA,NA,NA
2023-2024,West Virginia,Big 12,10,Quincey Coyle,So,OH,6-0,27,10,86,NA,9,16,42,-0.167,3,12,25,107,20,NA,2,NA,NA,22,2,NA,NA,306,NA,NA,NA
2023-2024,West Virginia,Big 12,11,Melanie McGann,So,OPP,6-3,12,2,23,NA,34,13,78,0.269,NA,NA,NA,7,NA,1,14,NA,NA,42,NA,NA,NA,NA,NA,NA,NA
2023-2024,West Virginia,Big 12,17,Lauren Bodily,So,OPP,6-4,7,3,22,NA,37,20,84,0.202,1,NA,NA,3,NA,1,12,1,NA,44,1,NA,NA,NA,NA,NA,NA
2023-2024,Butler,Big East,3,Cora Taylor,So,S,5-9,29,29,112,NA,78,20,267,0.217,1144,25,36,273,NA,3,54,9,NA,133,5,NA,NA,5,12,NA,NA
2023-2024,Butler,Big East,12,Rylie Tam,So,OH,6-0,20,3,65,NA,3,1,10,0.2,8,11,15,55,2,NA,NA,NA,NA,14,NA,NA,NA,116,NA,NA,NA
2023-2024,Creighton,Big East,3,Sky McCune,So,DS,5-7,34,8,115,NA,1,0,5,0.2,42,17,31,237,32,NA,NA,NA,NA,18,NA,NA,NA,415,NA,NA,NA
2023-2024,Creighton,Big East,4,Ann Marie Remmes,So,MB,6-1,18,16,62,NA,94,33,235,0.26,2,3,18,24,1,5,47,7,NA,125.5,1,NA,NA,5,NA,NA,NA
2023-2024,Creighton,Big East,8,Ava Martin,So,OH,6-1,34,32,116,NA,417,119,1063,0.28,26,23,42,229,32,3,30,1,NA,458,NA,NA,NA,447,3,NA,NA
2023-2024,DePaul,Big East,1,Grace Brooker,So,RS,6-2,5,2,13,NA,17,8,45,0.2,NA,NA,NA,3,NA,NA,9,NA,NA,21.5,NA,NA,NA,NA,NA,NA,NA
2023-2024,DePaul,Big East,16,Katelynn Oxley,So,MB,6-4,25,22,77,NA,80,23,207,0.275,4,NA,NA,13,NA,10,70,4,NA,125,1,NA,NA,8,NA,NA,NA
2023-2024,DePaul,Big East,17,Yagmur Yavuz,So,OH,6-1,7,2,12,NA,18,10,48,0.167,NA,NA,NA,3,NA,NA,2,1,NA,19,NA,NA,NA,2,NA,NA,NA
2023-2024,Georgetown,Big East,8,Vaughan Anoa'i,So,MB,6-2,5,0,6,NA,2,2,7,0,NA,NA,2,2,NA,NA,1,NA,NA,2.5,NA,NA,NA,NA,NA,NA,NA
2023-2024,Marquette,Big East,8,Adriana Studer,So,DS,5-8,21,1,36,NA,0,0,0,NA,2,NA,3,15,5,NA,NA,NA,NA,NA,NA,NA,NA,41,NA,NA,NA
2023-2024,Marquette,Big East,9,Sienna Ifill,So,OH,6-1,21,0,33,NA,21,7,45,0.311,2,NA,NA,5,1,1,5,2,NA,24.5,NA,NA,NA,3,NA,NA,NA
2023-2024,Marquette,Big East,16,Ella Holmstrom,So,OH,6-1,27,0,47,NA,31,14,82,0.207,1,NA,3,9,1,2,3,NA,NA,34.5,NA,NA,NA,32,NA,NA,NA
2023-2024,Marquette,Big East,18,Morgan Daugherty,So,MB,6-3,4,0,5,NA,3,0,7,0.429,NA,NA,NA,2,NA,NA,NA,1,NA,3,NA,NA,NA,NA,NA,NA,NA
2023-2024,Providence,Big East,8,Ava Enriquez,So,S,5-8,9,0,11,NA,0,0,0,NA,2,1,5,1,NA,NA,NA,NA,NA,1,NA,NA,NA,NA,NA,NA,NA
2023-2024,Seton Hall,Big East,1,Mason Woo,So,L/DS,5-6,8,0,15,NA,1,0,1,1,3,NA,2,15,2,NA,NA,NA,NA,1,1,NA,NA,41,NA,NA,NA
2023-2024,Seton Hall,Big East,7,Asli Subasili,So,MB,6-2,27,24,91,NA,78,43,236,0.148,19,29,43,35,1,7,88,5,NA,158,NA,NA,NA,14,NA,NA,NA
2023-2024,Seton Hall,Big East,8,Mackenzie Yoakum,So,RS,6-0,5,0,8,NA,9,2,15,0.467,1,NA,1,4,NA,NA,2,NA,NA,10,NA,NA,NA,NA,NA,NA,NA
2023-2024,Seton Hall,Big East,24,Hadlee Ackerman,So,L/DS,5-7,23,0,57,NA,1,1,3,0,10,10,8,74,10,NA,NA,NA,NA,11,NA,NA,NA,140,NA,NA,NA
2023-2024,St. John's (NY),Big East,3,Erin Jones,So,S,5-10,35,35,128,NA,446,180,1037,0.257,273,29,50,259,29,10,46,6,NA,508,7,1,NA,260,14,NA,NA
2023-2024,St. John's (NY),Big East,6,Ludovica Zola,So,MB,6-2,35,34,123,NA,138,48,361,0.249,10,27,27,44,2,11,100,7,NA,226,2,NA,NA,14,NA,NA,NA
2023-2024,St. John's (NY),Big East,8,Magda Stambrowska,So,MB,6-3,35,32,121,NA,195,66,426,0.303,10,6,4,33,NA,15,81,3,NA,256.5,3,NA,NA,4,NA,NA,NA
2023-2024,St. John's (NY),Big East,15,Lucrezia Lodi,So,OH,6-1,25,22,82,NA,246,118,629,0.203,13,19,20,164,43,4,24,9,NA,281,2,NA,NA,559,6,NA,NA
2023-2024,UConn,Big East,3,Jess Perry,So,RS,6-2,12,11,41,NA,75,37,177,0.215,NA,NA,1,28,NA,1,15,3,NA,83.5,NA,NA,NA,1,NA,NA,NA
2023-2024,UConn,Big East,4,Brenna Wyman,So,L/DS,5-9,10,1,37,NA,0,0,3,0,11,8,17,78,11,NA,NA,NA,NA,8,NA,NA,NA,160,NA,NA,NA
2023-2024,UConn,Big East,5,Ayva Cebollero,So,S,5-10,18,1,59,NA,16,6,52,0.192,189,NA,2,38,NA,5,16,2,NA,29,10,NA,NA,NA,NA,NA,NA
2023-2024,UConn,Big East,7,Eli Adams,So,OH,6-2,10,2,24,NA,16,13,55,0.055,NA,NA,1,14,NA,2,8,1,NA,22,NA,NA,NA,1,NA,NA,NA
2023-2024,UConn,Big East,10,Carly Furlong,So,MB,6-3,19,17,64,NA,69,19,190,0.263,1,NA,NA,11,NA,6,31,5,NA,90.5,NA,NA,NA,4,NA,NA,NA
2023-2024,UConn,Big East,12,Emma Werkmeister,So,OH,5-11,30,29,111,NA,340,180,1068,0.15,35,29,57,224,36,7,33,3,NA,392.5,2,NA,NA,682,7,NA,NA
2023-2024,Villanova,Big East,5,Tara Garvey,So,OH,5-11,5,1,11,NA,18,18,64,0,NA,NA,NA,6,1,NA,3,NA,NA,19.5,NA,NA,NA,7,NA,NA,NA
2023-2024,Villanova,Big East,12,Skylar Gerhardt,So,OH,6-0,31,31,118,NA,295,132,908,0.18,7,43,42,235,35,4,20,12,NA,352,NA,NA,NA,776,3,NA,NA
2023-2024,Villanova,Big East,19,Faith Tyson,So,S,6-0,6,0,17,NA,0,0,0,NA,2,3,11,4,NA,NA,NA,NA,NA,3,NA,NA,NA,NA,NA,NA,NA
2023-2024,Xavier,Big East,1,Caroline Speelman,So,OH,6-0,25,11,74,NA,133,85,418,0.115,7,1,6,30,16,10,11,2,NA,149.5,NA,NA,NA,231,NA,NA,NA
2023-2024,Eastern Wash.,Big Sky,2,Jannie Blake,So,S,5-7,26,5,86,NA,1,1,10,0,288,20,13,123,NA,NA,NA,NA,NA,21,11,NA,NA,4,2,NA,NA
2023-2024,Eastern Wash.,Big Sky,3,Tanai Jenkins,So,MB,6-2,25,18,75,NA,84,39,244,0.184,3,NA,NA,14,NA,15,57,9,NA,127.5,1,NA,NA,3,NA,NA,NA
2023-2024,Eastern Wash.,Big Sky,5,Morgan Blazzard,So,DS,5-8,25,4,45,NA,2,3,11,-0.091,2,6,11,54,3,NA,1,NA,NA,8.5,NA,NA,NA,46,NA,NA,NA
2023-2024,Idaho,Big Sky,2,Taryn Vrieling,So,OH,6-0,25,18,79,NA,219,116,667,0.154,9,16,21,138,23,NA,11,3,NA,240.5,1,NA,NA,424,2,NA,NA
2023-2024,Idaho,Big Sky,3,Duru Vardan,So,L,5-7,23,0,58,NA,1,1,11,0,6,8,18,91,20,NA,NA,NA,NA,9,NA,NA,NA,183,NA,NA,NA
2023-2024,Idaho,Big Sky,4,Rana Kamis,So,OH,5-11,23,10,69,NA,41,32,212,0.042,15,11,19,114,17,1,5,NA,NA,55.5,NA,NA,NA,301,NA,NA,NA
2023-2024,Idaho,Big Sky,6,Aine Doty,So,L,5-7,26,1,86,NA,0,1,10,-0.1,45,14,17,400,23,NA,NA,NA,NA,14,1,NA,NA,475,NA,NA,NA
2023-2024,Idaho,Big Sky,7,Taylor Brickey,So,OH,5-11,24,10,67,NA,120,79,386,0.106,2,7,16,47,6,2,13,2,NA,135.5,NA,NA,NA,104,NA,NA,NA
2023-2024,Idaho,Big Sky,8,Julia Dickeson,So,MB,6-0,9,3,17,NA,9,5,27,0.148,NA,NA,1,2,1,3,5,2,NA,14.5,NA,NA,NA,4,NA,NA,NA
2023-2024,Idaho St.,Big Sky,7,Meline Robarge,So,OH,5-11,24,14,73,NA,124,69,380,0.145,9,14,20,53,2,10,37,2,NA,166.5,3,NA,NA,12,NA,NA,NA
2023-2024,Idaho St.,Big Sky,15,Marci Bell,So,OH,5-9,27,26,87,NA,137,43,352,0.267,5,1,10,40,NA,36,53,8,NA,200.5,NA,NA,NA,5,NA,NA,NA
2023-2024,Montana,Big Sky,6,Olivia Boulding,So,OH,6-1,1,0,1,NA,0,0,0,NA,NA,NA,NA,NA,NA,NA,NA,NA,NA,NA,NA,NA,NA,1,NA,NA,NA
2023-2024,Montana,Big Sky,7,Alexis Batezel,So,DS,5-8,29,0,111,NA,3,1,20,0.1,100,17,49,446,30,1,1,NA,NA,21.5,NA,NA,NA,477,NA,NA,NA
2023-2024,Montana,Big Sky,8,Maddie Pyles,So,OH,5-10,27,5,75,NA,8,4,32,0.125,3,14,21,88,27,NA,1,NA,NA,22.5,NA,NA,NA,102,NA,NA,NA
2023-2024,Montana,Big Sky,11,Sierra Dennison,So,MB,6-1,4,0,5,NA,2,0,5,0.4,NA,NA,NA,NA,1,1,2,NA,NA,4,NA,NA,NA,1,NA,NA,NA
2023-2024,Montana,Big Sky,18,Ginny Pace,So,DS,5-8,7,0,11,NA,3,4,19,-0.053,NA,NA,1,5,NA,NA,1,NA,NA,3.5,NA,NA,NA,13,NA,NA,NA
2023-2024,Montana St.,Big Sky,2,Lauren Lindseth,So,L/DS,5-9,33,0,131,NA,4,1,15,0.2,123,39,17,494,28,NA,NA,NA,NA,43,1,NA,NA,692,1,NA,NA
2023-2024,Montana St.,Big Sky,11,Madilyn Siebler,So,OH,5-10,33,20,117,NA,263,125,805,0.171,16,12,20,175,22,3,32,3,NA,294,NA,NA,NA,444,3,NA,NA
2023-2024,Montana St.,Big Sky,16,Camryn Greenwald,So,MB,6-2,33,33,128,NA,207,77,485,0.268,15,12,26,37,2,12,111,3,NA,286.5,NA,NA,NA,14,NA,NA,NA
2023-2024,Montana St.,Big Sky,18,Nellie Reese,So,S,5-10,9,0,12,NA,1,0,4,0.25,18,1,2,5,NA,NA,NA,NA,NA,2,NA,NA,NA,NA,NA,NA,NA
2023-2024,Northern Ariz.,Big Sky,12,Jordan Cherniss,So,DS,6-0,24,4,81,NA,43,33,168,0.06,6,16,26,96,12,1,NA,2,NA,60,NA,NA,NA,160,NA,NA,NA
2023-2024,Northern Ariz.,Big Sky,13,Keira Hall,So,S,5-10,27,26,97,NA,3,2,42,0.024,466,21,35,205,NA,NA,NA,NA,NA,24,6,NA,NA,5,8,NA,NA
2023-2024,Northern Ariz.,Big Sky,20,Kylie Moran,So,OH,5-11,22,21,76,NA,201,114,670,0.13,6,10,22,236,23,4,15,2,NA,222.5,NA,NA,NA,425,8,NA,NA
2023-2024,Northern Colo.,Big Sky,1,Brynn Reines,So,OH,6-2,30,13,102,NA,234,122,580,0.193,9,21,46,94,12,2,20,1,NA,267,NA,NA,NA,94,NA,NA,NA
2023-2024,Northern Colo.,Big Sky,2,Bella Van Lannen,So,OH,6-0,8,0,10,NA,2,2,8,0,NA,2,5,1,NA,NA,NA,NA,NA,4,NA,NA,NA,1,NA,NA,NA
2023-2024,Northern Colo.,Big Sky,4,Rachel Greek,So,DS,5-6,3,0,3,NA,0,0,0,NA,NA,NA,1,NA,NA,NA,NA,NA,NA,NA,NA,NA,NA,NA,NA,NA,NA
2023-2024,Northern Colo.,Big Sky,5,Isabel Bennett,So,MH,5-11,30,27,96,NA,181,56,366,0.342,5,NA,NA,18,1,12,54,NA,NA,220,1,NA,NA,11,NA,NA,NA
2023-2024,Northern Colo.,Big Sky,7,Zoe Gibbs,So,MH,6-0,12,0,20,NA,15,16,54,-0.019,NA,1,4,10,NA,1,1,NA,NA,17.5,NA,NA,NA,21,NA,NA,NA
2023-2024,Northern Colo.,Big Sky,18,Mia Liddiard,So,S,5-10,26,0,82,NA,0,0,1,0,3,14,18,29,NA,NA,NA,NA,NA,14,1,NA,NA,2,NA,NA,NA
2023-2024,Portland St.,Big Sky,9,Danica Wulf,So,OH,5-11,4,0,4,NA,5,4,20,0.05,NA,2,1,6,NA,NA,NA,NA,NA,7,NA,NA,NA,13,NA,NA,NA
2023-2024,Portland St.,Big Sky,14,VaiLin Tagaloa,So,S,5-11,12,0,33,NA,0,0,2,0,129,4,15,55,NA,NA,NA,1,NA,4,NA,NA,NA,NA,2,NA,NA
2023-2024,Portland St.,Big Sky,15,Kendra Duffey,So,OH,5-11,22,4,76,NA,101,43,320,0.181,4,1,1,41,6,6,39,5,NA,127.5,NA,NA,NA,28,NA,NA,NA
2023-2024,Sacramento St.,Big Sky,3,Abbey Kadillak,So,DS,5-4,22,0,58,NA,0,1,3,-0.333,5,NA,4,53,17,NA,NA,NA,NA,NA,NA,NA,NA,191,NA,NA,NA
2023-2024,Sacramento St.,Big Sky,6,Greta Davis,So,OH,5-11,26,14,73,NA,89,51,354,0.107,6,9,16,138,30,4,17,6,NA,110.5,2,NA,NA,480,1,NA,NA
2023-2024,Sacramento St.,Big Sky,10,Kate Doorn,So,S,5-11,34,19,130,NA,4,3,21,0.048,704,31,64,232,1,NA,NA,NA,NA,35,8,NA,NA,5,9,NA,NA
2023-2024,Sacramento St.,Big Sky,12,Ashlynn Archer,So,MB,6-1,18,0,38,NA,26,18,91,0.088,NA,1,NA,5,NA,4,15,NA,NA,38.5,NA,NA,NA,1,NA,NA,NA
2023-2024,Sacramento St.,Big Sky,13,Mia Guevara,So,DS,5-6,18,0,29,NA,0,0,0,NA,2,2,3,3,NA,NA,NA,NA,NA,2,1,NA,NA,NA,NA,NA,NA
2023-2024,Sacramento St.,Big Sky,18,Savannah Risley,So,S,5-8,1,0,3,NA,0,0,0,NA,NA,NA,NA,NA,NA,NA,NA,NA,NA,NA,NA,NA,NA,NA,NA,NA,NA
2023-2024,Weber St.,Big Sky,1,Brielle Rueckert,So,MB,6-2,27,27,88,NA,135,37,299,0.328,1,NA,2,6,1,9,78,6,NA,183,NA,NA,NA,3,NA,NA,NA
2023-2024,Weber St.,Big Sky,10,Ashley Gneiting,So,OH,6-1,30,18,99,NA,188,95,657,0.142,9,31,30,177,13,6,42,7,NA,246,1,NA,NA,307,5,NA,NA
2023-2024,Weber St.,Big Sky,13,Saane Munyer,So,MB,6-1,27,12,70,NA,105,25,231,0.346,5,2,6,19,1,11,61,5,NA,148.5,1,NA,NA,6,NA,NA,NA
2023-2024,Weber St.,Big Sky,18,Jayda Tupea,So,OH,5-6,31,2,117,NA,14,9,62,0.081,26,3,13,175,30,NA,3,NA,NA,18.5,NA,NA,NA,393,NA,NA,NA
2023-2024,Weber St.,Big Sky,20,Mia Peterson,So,OH,5-11,25,14,68,NA,146,75,442,0.161,5,17,37,119,21,1,12,5,NA,170,NA,NA,NA,318,2,NA,NA
2023-2024,Charleston So.,Big South,1,Jyriah Morgan,So,OH,5-11,24,14,77,NA,155,99,425,0.132,3,1,10,25,5,3,28,2,NA,173,NA,NA,NA,21,NA,NA,NA
2023-2024,Charleston So.,Big South,2,Julia Fledderjohn,So,DS,5-9,24,2,58,NA,0,0,4,0,4,8,12,77,14,NA,NA,NA,NA,8,NA,NA,NA,146,NA,NA,NA
2023-2024,Charleston So.,Big South,3,Skylar Yates,So,OH,5-7,28,28,103,NA,238,105,786,0.169,17,29,35,261,32,6,25,7,NA,285.5,3,NA,NA,520,6,NA,NA
2023-2024,Charleston So.,Big South,6,Emily Struckmeyer,So,MB,5-11,19,15,58,NA,69,22,177,0.266,NA,4,8,13,NA,1,30,3,NA,89,1,NA,NA,2,NA,NA,NA
2023-2024,Charleston So.,Big South,7,Sophia Kluska,So,OH,5-11,15,6,40,NA,38,27,172,0.064,2,1,1,13,4,2,14,NA,NA,48,NA,NA,NA,36,NA,NA,NA
2023-2024,Charleston So.,Big South,9,Savannah Freeman,So,OH,5-10,9,1,18,NA,12,11,54,0.019,1,3,3,4,NA,NA,7,1,NA,18.5,NA,NA,NA,15,NA,NA,NA
2023-2024,Charleston So.,Big South,11,Ilaria Durante,So,S,5-10,28,28,107,NA,27,9,118,0.153,758,14,11,284,NA,2,18,1,NA,52,14,NA,NA,9,12,NA,NA
2023-2024,Charleston So.,Big South,16,Emmy Rollins,So,OH,6-1,20,15,68,NA,135,81,478,0.113,NA,2,2,31,20,2,19,3,NA,148.5,NA,NA,NA,160,NA,NA,NA
2023-2024,Gardner-Webb,Big South,3,Serena Kohler,So,OH,5-10,13,3,34,NA,49,26,170,0.135,5,5,4,25,9,1,5,1,NA,57.5,NA,NA,NA,82,NA,NA,NA
2023-2024,Gardner-Webb,Big South,5,Kyla Davis,So,MB,6-0,4,2,11,NA,10,1,19,0.474,NA,NA,NA,3,NA,2,6,1,NA,15,NA,NA,NA,NA,NA,NA,NA
2023-2024,Gardner-Webb,Big South,7,Sophia Kotsovolos,So,L,5-4,27,0,100,NA,3,1,33,0.061,120,28,36,485,24,NA,NA,NA,NA,31,2,NA,NA,445,NA,NA,NA
2023-2024,Gardner-Webb,Big South,9,Morgan Hornaday,So,S,5-10,23,11,65,NA,17,11,68,0.088,333,9,3,94,NA,3,10,5,NA,34,10,NA,NA,2,3,NA,NA
2023-2024,Gardner-Webb,Big South,11,Rebecca Siedenburg,So,S,5-7,17,7,42,NA,10,3,46,0.152,219,14,14,71,NA,NA,3,NA,NA,25.5,11,NA,NA,1,2,NA,NA
2023-2024,Gardner-Webb,Big South,14,McKenna Timmerman,So,OH,6-0,17,3,37,NA,56,49,196,0.036,1,5,3,18,7,1,9,1,NA,66.5,NA,NA,NA,72,NA,NA,NA
2023-2024,Gardner-Webb,Big South,15,Paige Bernstein,So,S,5-8,24,9,75,NA,46,4,127,0.331,359,20,13,137,NA,NA,11,3,NA,71.5,18,NA,NA,2,6,NA,NA
2023-2024,Gardner-Webb,Big South,22,Lovie Wallace,So,MB,6-1,12,10,35,NA,52,19,121,0.273,3,NA,1,11,NA,5,25,1,NA,69.5,1,NA,NA,5,NA,NA,NA
2023-2024,High Point,Big South,8,Hannah Hawkins,So,S,5-11,19,3,29,NA,5,6,33,-0.03,154,3,12,38,NA,1,6,1,NA,12,12,NA,NA,1,1,NA,NA
2023-2024,High Point,Big South,10,Ella Grasson,So,DS,5-7,11,0,16,NA,0,0,1,0,NA,4,2,1,1,NA,NA,NA,NA,4,NA,NA,NA,11,NA,NA,NA
2023-2024,High Point,Big South,15,Anna Wilson,So,MB,6-2,15,5,35,NA,26,12,82,0.171,1,NA,3,1,NA,5,18,3,NA,40,2,NA,NA,4,NA,NA,NA
2023-2024,High Point,Big South,18,BayLea Sparks,So,MB,6-2,29,27,90,NA,131,37,273,0.344,3,NA,NA,11,1,13,83,7,NA,185.5,1,NA,NA,12,NA,NA,NA
2023-2024,High Point,Big South,24,Jordyn Schilling,So,L/DS,5-11,31,3,110,NA,6,2,27,0.148,63,34,32,456,20,NA,NA,NA,NA,40,1,NA,NA,551,NA,NA,NA
2023-2024,Presbyterian,Big South,2,Elyse Hutchinson,So,MB,6-1,15,8,35,NA,27,15,77,0.156,1,1,6,12,1,NA,21,1,NA,38.5,NA,NA,NA,3,NA,NA,NA
2023-2024,Presbyterian,Big South,3,Aliza Hart,So,S,5-7,11,0,19,NA,1,2,8,-0.125,34,2,7,33,NA,NA,NA,NA,NA,3,5,NA,NA,NA,1,NA,NA
2023-2024,Presbyterian,Big South,7,Anna Baranski,So,S,5-7,25,18,90,NA,8,4,78,0.051,440,25,24,190,NA,1,3,1,NA,35.5,16,NA,NA,4,7,NA,NA
2023-2024,Presbyterian,Big South,21,Sophia Del Valle,So,L,5-6,26,0,97,NA,9,2,52,0.135,89,22,31,377,26,NA,NA,NA,NA,31,3,NA,NA,447,NA,NA,NA
2023-2024,Radford,Big South,1,Sara Johnson,So,OH,5-9,18,8,36,NA,58,47,215,0.051,1,5,9,30,6,1,4,2,NA,66,NA,NA,NA,72,NA,NA,NA
2023-2024,Radford,Big South,7,Lainey Roman,So,DS,5-7,9,0,19,NA,0,0,0,NA,NA,NA,3,4,2,NA,NA,NA,NA,NA,NA,NA,NA,13,NA,NA,NA
2023-2024,Radford,Big South,8,Summer Campbell,So,MB,6-0,16,11,51,NA,52,32,130,0.154,1,3,9,10,NA,5,30,4,NA,75,NA,NA,NA,4,NA,NA,NA
2023-2024,Radford,Big South,9,Jackeline Nerro,So,S,5-8,20,4,67,NA,1,2,21,-0.048,265,14,18,106,1,NA,1,NA,NA,15.5,4,NA,NA,4,1,NA,NA
2023-2024,Radford,Big South,12,Kennedy Robinson,So,OH,5-11,20,14,61,NA,127,96,409,0.076,4,13,18,71,36,5,14,7,NA,152,1,NA,NA,335,NA,NA,NA
2023-2024,Radford,Big South,15,Macy Pace,So,MB,6-3,1,0,1,NA,1,0,1,1,NA,NA,NA,NA,NA,NA,NA,NA,NA,1,NA,NA,NA,NA,NA,NA,NA
2023-2024,Radford,Big South,17,Sierra Moore,So,OH,6-0,21,16,66,NA,127,83,489,0.09,2,13,19,154,23,1,19,2,NA,150.5,1,NA,NA,458,2,NA,NA
2023-2024,Radford,Big South,19,Miranda Howard,So,DS,5-9,22,1,63,NA,2,2,10,0,10,12,12,91,9,NA,NA,NA,NA,14,NA,NA,NA,167,NA,NA,NA
2023-2024,UNC Asheville,Big South,2,Ryann Allison,So,S,5-10,1,0,2,NA,4,2,11,0.182,NA,NA,NA,NA,NA,1,NA,NA,NA,5,NA,NA,NA,NA,NA,NA,NA
2023-2024,UNC Asheville,Big South,3,MK Roberts,So,DS,5-7,9,0,13,NA,0,0,1,0,NA,4,6,6,6,NA,NA,NA,NA,4,NA,NA,NA,17,NA,NA,NA
2023-2024,UNC Asheville,Big South,6,Avery Loeback,So,OH,6-2,28,26,88,NA,53,32,175,0.12,5,3,21,20,2,17,35,14,NA,90.5,NA,NA,NA,21,NA,NA,NA
2023-2024,UNC Asheville,Big South,11,Kylie Cackovic,So,OH,6-1,28,8,90,NA,189,109,545,0.147,12,7,13,85,9,6,23,2,NA,213.5,1,NA,NA,214,1,NA,NA
2023-2024,UNC Asheville,Big South,12,Makenzi Searcy,So,OH,5-11,3,0,5,NA,5,5,19,0,NA,NA,NA,NA,1,NA,NA,NA,NA,5,NA,NA,NA,3,NA,NA,NA
2023-2024,UNC Asheville,Big South,23,Hannah Warlick,So,DS,5-9,4,0,7,NA,0,0,2,0,NA,NA,3,4,2,NA,NA,NA,NA,NA,NA,NA,NA,13,NA,NA,NA
2023-2024,UNC Asheville,Big South,24,Katie Nichols,So,DS,5-9,28,0,95,NA,1,2,30,-0.033,45,19,26,222,54,NA,NA,NA,NA,20,NA,NA,NA,712,NA,NA,NA
2023-2024,UNC Asheville,Big South,25,Sage Sutulovich,So,OH,6-0,6,0,6,NA,1,1,9,0,NA,NA,NA,3,NA,NA,NA,NA,NA,1,NA,NA,NA,1,NA,NA,NA
2023-2024,USC Upstate,Big South,4,MJ Klaumann,So,RS,6-4,26,13,91,NA,157,53,475,0.219,3,NA,1,54,NA,3,56,2,NA,188,NA,NA,NA,2,NA,NA,NA
2023-2024,USC Upstate,Big South,6,Savannah Page,So,RS,6-1,23,3,48,NA,46,41,204,0.025,1,NA,6,22,NA,3,8,1,NA,53,NA,NA,NA,NA,NA,NA,NA
2023-2024,USC Upstate,Big South,12,Ady O'Grady,So,MB,6-1,26,26,92,NA,255,87,622,0.27,7,22,27,58,NA,17,74,3,NA,331,NA,NA,NA,8,NA,NA,NA
2023-2024,USC Upstate,Big South,22,Alona Clinansmith,So,MB,6-2,12,3,21,NA,26,15,78,0.141,1,NA,NA,2,NA,2,14,NA,NA,35,NA,NA,NA,NA,NA,NA,NA
2023-2024,USC Upstate,Big South,23,Isabella Raciunas,So,OH,6-0,13,0,22,NA,27,21,81,0.074,NA,2,6,17,1,NA,2,1,NA,30,NA,NA,NA,37,NA,NA,NA
2023-2024,Winthrop,Big South,10,Avery Jolley,So,OPP,6-1,27,24,98,NA,283,130,883,0.173,19,18,16,227,16,5,26,3,NA,319,1,NA,NA,458,8,NA,NA
2023-2024,Winthrop,Big South,16,Isabella Murray,So,S,6-2,28,25,99,NA,64,22,198,0.212,897,24,26,227,NA,4,40,2,NA,112,19,NA,NA,8,11,NA,NA
2023-2024,Winthrop,Big South,18,Rachel McCollum,So,S,6-2,16,9,44,NA,61,49,214,0.056,92,9,16,53,NA,2,16,1,NA,80,4,NA,NA,6,NA,NA,NA
2023-2024,Winthrop,Big South,19,Sydney Nolan,So,MB,6-4,7,0,9,NA,8,0,14,0.571,NA,NA,NA,1,NA,NA,5,1,NA,10.5,NA,NA,NA,NA,NA,NA,NA
2023-2024,Winthrop,Big South,24,Lexie Vick,So,MB,6-2,17,11,42,NA,21,16,62,0.081,NA,NA,NA,1,NA,3,25,NA,NA,36.5,NA,NA,NA,1,NA,NA,NA
2023-2024,Illinois,Big Ten,4,Bianca May,So,S,5-8,10,0,25,NA,0,0,2,0,6,NA,2,29,5,NA,NA,NA,NA,NA,1,NA,NA,26,NA,NA,NA
2023-2024,Illinois,Big Ten,11,Cari Bohm,So,MB,6-4,30,30,115,NA,93,30,213,0.296,6,NA,NA,18,1,12,117,4,NA,163.5,NA,NA,NA,14,NA,NA,NA
2023-2024,Illinois,Big Ten,16,Sophie Stephenson,So,OH,6-2,1,0,1,NA,0,1,1,-1,NA,NA,NA,NA,NA,NA,NA,NA,NA,NA,NA,NA,NA,NA,NA,NA,NA
2023-2024,Indiana,Big Ten,3,Candela Alonso-Corcelles,So,OH,6-2,32,29,119,NA,344,165,1032,0.173,24,24,27,226,32,17,37,3,NA,403.5,NA,NA,NA,540,8,NA,NA
2023-2024,Indiana,Big Ten,7,Natalia Hagopian,So,S,5-10,7,0,11,NA,0,0,0,NA,3,3,4,4,NA,NA,NA,NA,NA,3,NA,NA,NA,NA,NA,NA,NA
2023-2024,Indiana,Big Ten,9,Melisa Ilter,So,RS,6-5,5,0,5,NA,3,2,8,0.125,NA,NA,NA,3,NA,NA,4,NA,NA,5,NA,NA,NA,NA,NA,NA,NA
2023-2024,Indiana,Big Ten,13,Avry Tatum,So,OPP,6-2,29,25,106,NA,229,114,563,0.204,6,20,41,60,NA,1,72,4,NA,286,1,NA,NA,2,NA,NA,NA
2023-2024,Iowa,Big Ten,1,Nataly Moravec,So,OH,6-2,32,22,110,NA,286,131,940,0.165,10,29,44,179,24,5,33,1,NA,336.5,1,NA,NA,420,2,NA,NA
2023-2024,Iowa,Big Ten,2,Harlei Cole,So,L,5-7,14,0,24,NA,0,0,1,0,9,NA,2,48,10,NA,NA,NA,NA,NA,2,NA,NA,143,NA,NA,NA
2023-2024,Iowa,Big Ten,4,Sydney Dennis,So,L,5-5,24,0,81,NA,1,0,4,0.25,62,12,12,336,53,NA,NA,NA,NA,13,NA,NA,NA,493,1,NA,NA
2023-2024,Iowa,Big Ten,20,Maddy Hanson,So,MH,6-1,1,0,1,NA,0,2,6,-0.333,NA,1,NA,NA,NA,NA,NA,NA,NA,1,NA,NA,NA,NA,NA,NA,NA
2023-2024,Maryland,Big Ten,2,Laila Ivey,So,OH,6-1,24,3,79,NA,185,105,543,0.147,5,NA,NA,41,7,5,27,NA,NA,203.5,NA,NA,NA,91,NA,NA,NA
2023-2024,Maryland,Big Ten,24,Ally Williams,So,L/DS,5-3,14,0,26,NA,0,1,1,-1,2,1,2,27,4,NA,NA,NA,NA,1,NA,NA,NA,64,NA,NA,NA
2023-2024,Michigan,Big Ten,1,Serena Nyambio,So,MB,6-2,27,27,96,NA,154,64,389,0.231,5,NA,NA,46,1,14,74,11,NA,205,3,NA,NA,9,NA,NA,NA
2023-2024,Michigan,Big Ten,11,Amalia Simmons,So,OH,5-11,20,9,61,NA,119,84,428,0.082,4,NA,2,31,16,4,17,1,NA,131.5,NA,NA,NA,191,NA,NA,NA
2023-2024,Michigan St.,Big Ten,4,Selin Aslayan,So,OH,6-4,6,0,10,NA,8,5,26,0.115,NA,NA,NA,5,1,1,2,NA,NA,10,NA,NA,NA,6,NA,NA,NA
2023-2024,Michigan St.,Big Ten,6,Nil Okur,So,MB,6-1,18,13,58,NA,82,30,195,0.267,5,10,16,32,NA,5,37,1,NA,115.5,NA,NA,NA,4,NA,NA,NA
2023-2024,Michigan St.,Big Ten,10,Maradith O'Gorman,So,OH,6-1,11,5,27,NA,20,15,65,0.077,1,NA,NA,14,NA,NA,11,2,NA,25.5,NA,NA,NA,6,NA,NA,NA
2023-2024,Michigan St.,Big Ten,12,Evie Doezema,So,MB,6-3,31,23,102,NA,143,52,354,0.257,6,4,9,33,1,5,52,5,NA,178,NA,NA,NA,14,NA,NA,NA
2023-2024,Michigan St.,Big Ten,17,Jayhlin Swain,So,L/DS,5-4,19,3,63,NA,1,0,4,0.25,13,22,31,111,13,NA,NA,NA,NA,23,NA,NA,NA,200,NA,NA,NA
2023-2024,Minnesota,Big Ten,3,Mckenna Wucherer,So,OH,6-1,30,29,109,NA,353,162,1028,0.186,30,9,51,194,49,4,30,2,NA,381,NA,NA,NA,529,4,NA,NA
2023-2024,Minnesota,Big Ten,4,Lauren Crowl,So,OPP,6-4,20,0,33,NA,29,12,102,0.167,1,NA,NA,15,NA,NA,13,NA,NA,35.5,NA,NA,NA,1,NA,NA,NA
2023-2024,Minnesota,Big Ten,22,Julia Hanson,So,OH,6-1,30,2,102,NA,65,30,198,0.177,13,12,14,110,4,NA,6,NA,NA,80,NA,NA,NA,27,NA,NA,NA
2023-2024,Nebraska,Big Ten,5,Rebekah Allick,So,MB,6-4,32,31,105,NA,185,61,377,0.329,7,1,2,31,2,11,147,12,NA,270.5,NA,NA,NA,5,NA,NA,NA
2023-2024,Nebraska,Big Ten,7,Maisie Boesiger,So,L/DS,5-6,18,0,36,NA,0,0,0,NA,NA,3,4,18,NA,NA,NA,NA,NA,3,NA,NA,NA,5,NA,NA,NA
2023-2024,Nebraska,Big Ten,11,Hayden Kubik,So,OH,6-2,9,0,10,NA,3,7,15,-0.267,NA,NA,1,6,1,NA,NA,NA,NA,3,NA,NA,NA,14,NA,NA,NA
2023-2024,Nebraska,Big Ten,44,Maggie Mendelson,So,MB,6-5,13,5,26,NA,27,7,63,0.317,NA,NA,NA,4,NA,NA,15,2,NA,34.5,NA,NA,NA,1,NA,NA,NA
2023-2024,Northwestern,Big Ten,8,Averie Hernandez,So,OH,6-2,26,9,86,NA,217,102,640,0.18,9,22,9,87,13,1,26,2,NA,253,NA,NA,NA,180,1,NA,NA
2023-2024,Northwestern,Big Ten,10,Lauren Carter,So,S,5-10,26,0,61,NA,3,0,3,1,8,4,12,2,NA,NA,2,NA,NA,8,1,NA,NA,NA,NA,NA,NA
2023-2024,Northwestern,Big Ten,17,Kennedy Hill,So,MB,6-1,28,24,94,NA,124,42,261,0.314,3,NA,NA,20,NA,11,95,16,NA,182.5,NA,NA,NA,7,1,NA,NA
2023-2024,Northwestern,Big Ten,18,Kathryn Randorf,So,OH,6-1,18,12,58,NA,112,63,287,0.171,4,4,14,38,2,NA,33,2,NA,132.5,NA,NA,NA,53,NA,NA,NA
2023-2024,Northwestern,Big Ten,21,Rylen Reid,So,OH,5-11,10,1,21,NA,18,20,75,-0.027,NA,NA,1,8,NA,NA,4,1,NA,20,NA,NA,NA,9,NA,NA,NA
2023-2024,Ohio St.,Big Ten,2,Anna McClure,So,DS,5-8,16,8,43,NA,0,1,3,-0.333,6,1,NA,66,6,NA,NA,NA,NA,1,NA,NA,NA,68,NA,NA,NA
2023-2024,Ohio St.,Big Ten,4,Kamiah Gibson,So,S,6-1,12,2,21,NA,5,2,24,0.125,107,1,9,27,NA,4,7,1,NA,13.5,3,NA,NA,1,1,NA,NA
2023-2024,Ohio St.,Big Ten,7,Chelsea Thorpe,So,OH,6-3,29,10,103,NA,232,107,638,0.196,6,NA,NA,55,11,3,32,5,NA,251,3,NA,NA,76,NA,NA,NA
2023-2024,Ohio St.,Big Ten,21,Zaria Ragler,So,MB,6-0,13,8,37,NA,60,20,129,0.31,4,7,10,17,NA,2,29,2,NA,83.5,NA,NA,NA,6,NA,NA,NA
2023-2024,Penn St.,Big Ten,3,Gillian Grimes,So,L/DS,5-6,32,3,120,NA,0,0,9,0,103,28,40,429,18,NA,NA,NA,NA,28,1,NA,NA,499,NA,NA,NA
2023-2024,Penn St.,Big Ten,19,Alexa Markley,So,OH,6-2,23,0,58,NA,118,53,357,0.182,1,2,6,13,1,1,22,3,NA,132,NA,NA,NA,20,NA,NA,NA
2023-2024,Purdue,Big Ten,17,Eva Hudson,So,OH,6-1,32,32,125,NA,560,167,1509,0.26,8,14,17,255,29,8,47,3,NA,605.5,NA,NA,NA,671,10,NA,NA
2023-2024,Purdue,Big Ten,19,Sydney Yim,So,S,6-1,1,0,1,NA,0,0,0,NA,1,NA,NA,NA,NA,NA,NA,NA,NA,NA,NA,NA,NA,NA,NA,NA,NA
2023-2024,Purdue,Big Ten,22,Emily Rastovski,So,OH,6-2,7,1,15,NA,10,5,25,0.2,1,NA,NA,4,NA,NA,7,NA,NA,13.5,NA,NA,NA,NA,NA,NA,NA
2023-2024,Rutgers,Big Ten,4,Rikki Williams,So,MB,6-1,17,17,64,NA,110,51,278,0.212,2,NA,NA,23,NA,8,56,5,NA,146,NA,NA,NA,5,NA,NA,NA
2023-2024,Rutgers,Big Ten,8,Lexi Visintine,So,OH,6-0,22,8,55,NA,28,14,74,0.189,5,8,18,70,11,NA,3,NA,NA,37.5,NA,NA,NA,136,NA,NA,NA
2023-2024,Rutgers,Big Ten,12,Taylor Humphrey,So,OH,6-3,30,24,107,NA,239,106,770,0.173,5,4,14,107,16,6,29,1,NA,263.5,1,NA,NA,418,1,NA,NA
2023-2024,Rutgers,Big Ten,20,Rebekah Williams,So,OH,5-9,28,11,98,NA,103,66,342,0.108,11,24,50,116,18,1,12,4,NA,134,NA,NA,NA,417,NA,NA,NA
2023-2024,Rutgers,Big Ten,22,Alissa Kinkela,So,OH,6-4,30,30,115,NA,344,119,938,0.24,9,29,22,206,5,3,76,4,NA,414,2,NA,NA,61,7,NA,NA
2023-2024,Wisconsin,Big Ten,21,Gulce Guctekin,So,L/DS,5-5,33,10,109,NA,1,0,5,0.2,112,32,44,279,36,NA,NA,NA,NA,33,NA,NA,NA,530,NA,NA,NA
2023-2024,Wisconsin,Big Ten,52,Carter Booth,So,MB,6-7,34,33,119,NA,209,32,411,0.431,8,NA,6,23,1,22,164,12,NA,313,1,NA,NA,25,NA,NA,NA
2023-2024,CSU Bakersfield,Big West,4,Maci Perkins,So,L/DS,5-6,13,1,31,NA,1,0,4,0.25,1,3,1,36,9,NA,NA,NA,NA,4,NA,NA,NA,68,NA,NA,NA
2023-2024,CSU Bakersfield,Big West,12,Breklyn Pulling,So,MB,6-1,30,30,113,NA,267,90,607,0.292,9,18,36,58,NA,13,99,4,NA,347.5,4,NA,NA,13,NA,NA,NA
2023-2024,CSU Bakersfield,Big West,14,Sophia Ortquist,So,MB,6-0,7,3,12,NA,7,3,21,0.19,2,1,3,3,NA,2,10,NA,NA,15,NA,NA,NA,1,NA,NA,NA
2023-2024,CSU Bakersfield,Big West,18,Naomi Chankoumi,So,OH,5-11,28,18,83,NA,172,116,478,0.117,1,NA,4,26,1,1,36,4,NA,191,2,NA,NA,36,NA,NA,NA
2023-2024,CSUN,Big West,7,Kaia Kanan,So,S,5-9,19,7,65,NA,9,1,20,0.4,265,17,19,61,NA,NA,NA,1,NA,26,5,NA,NA,2,NA,NA,NA
2023-2024,CSUN,Big West,8,Leah Miller,So,OPP,6-0,29,13,113,NA,260,126,760,0.176,6,NA,NA,38,NA,2,54,9,NA,289,NA,NA,NA,3,NA,NA,NA
2023-2024,Cal Poly,Big West,4,London Haberfield,So,L/DS,5-3,9,0,18,NA,0,0,0,NA,1,2,3,8,3,NA,NA,NA,NA,2,NA,NA,NA,15,NA,NA,NA
2023-2024,Cal Poly,Big West,11,Brooklyn Burns,So,S,6-0,19,0,51,NA,0,0,0,NA,30,13,11,15,NA,NA,NA,NA,NA,13,1,NA,NA,NA,NA,NA,NA
2023-2024,Cal Poly,Big West,14,Emme Bullis,So,S,5-11,32,31,130,NA,34,10,94,0.255,973,31,39,268,NA,6,32,6,NA,87,13,NA,NA,3,7,NA,NA
2023-2024,Cal Poly,Big West,17,Maya Bartkowiak,So,L/DS,5-3,1,0,1,NA,0,0,0,NA,NA,NA,NA,NA,NA,NA,NA,NA,NA,NA,NA,NA,NA,NA,NA,NA,NA
2023-2024,Cal Poly,Big West,20,Annabelle Thalken,So,OH,6-3,32,28,130,NA,259,93,712,0.233,10,NA,2,109,1,3,91,6,NA,307.5,1,NA,NA,5,NA,NA,NA
2023-2024,Cal Poly,Big West,25,Lizzy Markovska,So,OH,5-11,32,29,128,NA,368,165,1094,0.186,13,36,52,266,47,3,46,8,NA,430,3,NA,NA,771,11,NA,NA
2023-2024,Cal St. Fullerton,Big West,1,Laura Williams,So,OH,5-9,24,6,79,NA,114,67,353,0.133,1,1,NA,36,NA,6,30,8,NA,136,NA,NA,NA,9,NA,NA,NA
2023-2024,Cal St. Fullerton,Big West,11,Nadia Koanui,So,L/DS,5-7,24,1,79,NA,2,0,13,0.154,29,12,37,215,38,NA,NA,NA,NA,14,NA,NA,NA,418,NA,NA,NA
2023-2024,Cal St. Fullerton,Big West,12,Bianca Martinez,So,MB,6-1,27,27,98,NA,153,82,422,0.168,3,NA,NA,19,2,8,66,5,NA,194,NA,NA,NA,6,NA,NA,NA
2023-2024,Cal St. Fullerton,Big West,20,Ketesia Hall,So,MB,6-0,4,3,11,NA,11,3,25,0.32,NA,NA,NA,3,NA,2,6,1,NA,16,NA,NA,NA,2,NA,NA,NA
2023-2024,Cal St. Fullerton,Big West,22,Mya Tillman,So,S,5-7,8,0,29,NA,8,0,16,0.5,83,NA,NA,37,1,NA,1,NA,NA,8.5,4,NA,NA,1,NA,NA,NA
2023-2024,Cal St. Fullerton,Big West,30,Lolo Fonua,So,MH,6-1,1,0,1,NA,0,0,0,NA,NA,NA,NA,NA,NA,NA,NA,NA,NA,NA,NA,NA,NA,NA,NA,NA,NA
2023-2024,Hawaii,Big West,4,Jackie Matias,So,S,5-9,21,0,35,NA,7,0,16,0.438,99,2,3,22,1,NA,3,NA,NA,10.5,3,NA,NA,1,NA,NA,NA
2023-2024,Hawaii,Big West,5,Jacyn Bamis,So,MB,6-1,9,0,12,NA,5,2,11,0.273,NA,NA,NA,NA,NA,NA,2,1,NA,6,NA,NA,NA,NA,NA,NA,NA
2023-2024,Hawaii,Big West,17,Caylen Alexander,So,OH,6-0,31,26,103,NA,319,152,883,0.189,9,25,50,226,21,10,40,6,NA,374,NA,NA,NA,278,8,NA,NA
2023-2024,Long Beach St.,Big West,1,Zayna Meyer,So,S,6-1,31,31,114,NA,99,29,222,0.315,1139,35,36,281,1,6,52,8,NA,166,14,NA,NA,5,14,NA,NA
2023-2024,Long Beach St.,Big West,4,Jaylen Jordan,So,OH,5-11,3,0,5,NA,5,2,15,0.2,1,NA,NA,NA,1,NA,NA,NA,NA,5,NA,NA,NA,8,NA,NA,NA
2023-2024,Long Beach St.,Big West,11,Rhiann Sheffie,So,MB,6-1,2,0,2,NA,4,1,8,0.375,NA,NA,NA,NA,NA,NA,NA,NA,NA,4,NA,NA,NA,NA,NA,NA,NA
2023-2024,UC Davis,Big West,4,Jade Light,So,OH,6-2,29,21,109,NA,217,113,667,0.156,38,26,76,185,33,2,41,7,NA,265.5,6,NA,NA,557,4,NA,NA
2023-2024,UC Davis,Big West,11,Makena Morrison,So,L,5-7,21,0,59,NA,3,2,12,0.083,11,14,34,54,8,NA,NA,NA,NA,17,NA,NA,NA,111,NA,NA,NA
2023-2024,UC Davis,Big West,12,Victoria Vanos,So,OH,5-10,11,0,18,NA,10,2,25,0.32,1,1,4,7,NA,NA,NA,NA,NA,11,NA,NA,NA,11,NA,NA,NA
2023-2024,UC Davis,Big West,15,Kendall Rogers,So,MB,6-1,1,0,1,NA,0,0,0,NA,NA,NA,NA,NA,NA,NA,NA,NA,NA,NA,NA,NA,NA,NA,NA,NA,NA
2023-2024,UC Davis,Big West,18,Haden Bones,So,S,5-5,29,2,86,NA,0,0,1,0,52,13,14,47,NA,NA,NA,NA,NA,13,NA,NA,NA,NA,NA,NA,NA
2023-2024,UC Irvine,Big West,8,Kendra MacDonald,So,OH,6-1,19,12,41,NA,55,45,222,0.045,5,2,5,39,12,2,8,1,NA,63,NA,NA,NA,184,NA,NA,NA
2023-2024,UC Irvine,Big West,9,Becca Sakoda,So,L/DS,5-9,16,0,50,NA,0,0,1,0,3,9,10,33,9,NA,NA,NA,NA,9,1,NA,NA,91,NA,NA,NA
2023-2024,UC Irvine,Big West,11,Campbell Jensen,So,L,5-10,30,0,112,NA,4,2,14,0.143,118,34,28,440,34,NA,NA,NA,NA,38,NA,NA,NA,551,NA,NA,NA
2023-2024,UC Irvine,Big West,20,Keelan Williams,So,OH,6-1,5,0,12,NA,14,9,58,0.086,NA,NA,1,7,3,1,2,NA,NA,16,NA,NA,NA,21,NA,NA,NA
2023-2024,UC Riverside,Big West,1,Myla Domingo,So,S,5-6,1,0,1,NA,0,0,0,NA,NA,NA,NA,NA,NA,NA,NA,NA,NA,NA,NA,NA,NA,NA,NA,NA,NA
2023-2024,UC Riverside,Big West,2,Makena Tong,So,S,5-6,19,14,54,NA,6,3,19,0.158,300,15,21,110,NA,NA,1,3,NA,21.5,10,NA,NA,1,4,NA,NA
2023-2024,UC Riverside,Big West,7,Sophia Bernard,So,OH,6-0,1,0,3,NA,0,0,0,NA,NA,NA,2,NA,NA,NA,NA,NA,NA,NA,NA,NA,NA,NA,NA,NA,NA
2023-2024,UC Riverside,Big West,8,Jessica Dean,So,OH,5-8,23,1,83,NA,4,6,18,-0.111,62,15,29,308,31,NA,NA,NA,NA,19,4,NA,NA,395,NA,NA,NA
2023-2024,UC Riverside,Big West,11,Anya Green,So,MB,6-1,30,30,107,NA,133,36,366,0.265,9,9,13,54,1,11,47,3,NA,176.5,2,NA,NA,21,NA,NA,NA
2023-2024,UC Riverside,Big West,18,Beatriz Silva,So,S,5-10,27,17,97,NA,47,14,151,0.219,616,26,35,205,1,3,15,6,NA,83.5,19,NA,NA,3,10,NA,NA
2023-2024,UC Riverside,Big West,23,Sophia Ewalefo,So,OH,5-10,25,19,74,NA,204,121,623,0.133,9,2,7,101,15,4,6,2,NA,213,NA,NA,NA,252,2,NA,NA
2023-2024,UC San Diego,Big West,1,Dana Branavets,So,L/DS,5-11,19,4,50,NA,2,1,8,0.125,21,7,5,94,13,NA,NA,NA,NA,9,NA,NA,NA,192,NA,NA,NA
2023-2024,UC San Diego,Big West,7,Reagan Dryden,So,OH,6-0,9,0,15,NA,17,7,46,0.217,2,2,2,6,NA,NA,1,NA,NA,19.5,NA,NA,NA,14,NA,NA,NA
2023-2024,UC San Diego,Big West,8,Katie Rapp,So,OH,6-0,24,3,60,NA,70,45,251,0.1,4,1,5,38,1,4,32,3,NA,91,1,NA,NA,23,NA,NA,NA
2023-2024,UC San Diego,Big West,10,Aubrey Tanner,So,S,6-2,16,0,40,NA,26,23,110,0.027,1,NA,NA,20,1,NA,18,2,NA,35,NA,NA,NA,5,NA,NA,NA
2023-2024,UC San Diego,Big West,12,Kayla Uhlick,So,L,5-6,19,0,46,NA,0,1,3,-0.333,14,7,5,82,7,NA,NA,NA,NA,7,NA,NA,NA,148,NA,NA,NA
2023-2024,UC San Diego,Big West,15,Jasmine Saran,So,MB,6-3,30,30,110,NA,190,54,445,0.306,17,22,19,77,2,25,92,6,NA,283,1,NA,NA,19,NA,NA,NA
2023-2024,UC Santa Barbara,Big West,14,Sophie Reavis,So,OH,6-2,32,0,121,NA,211,104,614,0.174,4,NA,NA,44,1,6,57,3,NA,245.5,1,NA,NA,1,NA,NA,NA
2023-2024,UC Santa Barbara,Big West,22,Jazmin Nason,So,DS,5-3,7,0,7,NA,0,0,0,NA,1,NA,2,NA,NA,NA,NA,NA,NA,NA,NA,NA,NA,6,NA,NA,NA
2023-2024,UC Santa Barbara,Big West,23,Angie Dentoni,So,DS,5-4,11,0,22,NA,0,0,0,NA,NA,2,4,4,NA,NA,NA,NA,NA,2,NA,NA,NA,NA,NA,NA,NA
2023-2024,UC Santa Barbara,Big West,24,Grace Wuischpard,So,MB,6-2,31,31,118,NA,108,30,263,0.297,6,18,15,50,NA,13,111,7,NA,194.5,1,NA,NA,14,NA,NA,NA
2023-2024,Campbell,CAA,4,Maddie Converse,So,S,5-9,30,18,114,NA,22,12,58,0.172,721,25,55,229,NA,NA,7,NA,NA,50.5,12,NA,NA,8,9,NA,NA
2023-2024,Campbell,CAA,12,Abbie Tuyo,So,OH,5-10,30,18,115,NA,218,103,658,0.175,13,13,21,114,19,6,49,7,NA,261.5,NA,NA,NA,213,1,NA,NA
2023-2024,Campbell,CAA,18,Gwen Wolkow,So,OH,6-0,30,30,115,NA,308,169,885,0.157,30,32,63,270,45,3,44,13,NA,365,2,NA,NA,646,9,NA,NA
2023-2024,Campbell,CAA,22,Aley Clent,So,MB,6-5,30,30,115,NA,160,62,421,0.233,4,NA,NA,22,NA,24,86,11,NA,227,2,NA,NA,22,NA,NA,NA
2023-2024,Col. of Charleston,CAA,1,Olivia Mae Van Der Werff,So,MB,6-0,26,14,70,NA,97,27,230,0.304,8,19,23,33,1,5,27,3,NA,134.5,NA,NA,NA,7,NA,NA,NA
2023-2024,Col. of Charleston,CAA,4,Bella Sinacori,So,RS,6-1,13,2,20,NA,14,4,44,0.227,NA,NA,NA,4,NA,NA,18,5,NA,23,NA,NA,NA,NA,NA,NA,NA
2023-2024,Col. of Charleston,CAA,6,Avery Alexander,So,DS,5-9,17,2,24,NA,0,1,1,-1,2,3,5,8,3,NA,NA,NA,NA,3,NA,NA,NA,24,NA,NA,NA
2023-2024,Col. of Charleston,CAA,16,Morgan Cobb,So,OH,6-2,19,0,51,NA,69,29,198,0.202,2,NA,NA,15,NA,1,10,3,NA,75,2,NA,NA,NA,NA,NA,NA
2023-2024,Col. of Charleston,CAA,43,Brynn Whitehair,So,OH,6-0,10,0,15,NA,17,13,58,0.069,NA,2,2,15,1,NA,1,2,NA,19.5,NA,NA,NA,21,NA,NA,NA
2023-2024,Delaware,CAA,24,Cadence Nguyen,So,DS,5-3,5,0,8,NA,0,0,0,NA,NA,NA,NA,3,2,NA,NA,NA,NA,NA,NA,NA,NA,12,NA,NA,NA
2023-2024,Elon,CAA,7,Clara LaRue,So,OH,6-0,23,7,63,NA,106,70,373,0.097,3,2,15,52,9,1,7,2,NA,112.5,1,NA,NA,124,NA,NA,NA
2023-2024,Elon,CAA,8,Lindsey Harris,So,MB,6-4,25,19,70,NA,107,38,264,0.261,3,14,27,43,NA,12,40,6,NA,153,1,NA,NA,11,NA,NA,NA
2023-2024,Hampton,CAA,7,Tyller Williams,So,MH,5-11,18,12,49,NA,34,42,163,-0.049,1,1,16,29,1,4,19,NA,NA,48.5,NA,NA,NA,4,NA,NA,NA
2023-2024,Hampton,CAA,22,Nadja Bulatovic,So,S,6-0,13,1,40,NA,18,6,79,0.152,129,7,4,22,NA,1,6,2,NA,29,3,NA,NA,1,NA,NA,NA
2023-2024,Hofstra,CAA,2,Clara Bal,So,OH,5-10,29,25,106,NA,335,123,801,0.265,14,23,23,104,NA,1,42,5,NA,380,3,NA,NA,11,1,NA,NA
2023-2024,Hofstra,CAA,3,Emilly Nunes,So,MB,6-1,26,24,88,NA,126,32,267,0.352,11,9,14,24,1,13,42,10,NA,169,3,NA,NA,13,NA,NA,NA
2023-2024,Hofstra,CAA,6,Mairi Hadjipetrou,So,S,5-8,5,0,7,NA,1,0,2,0.5,20,NA,2,3,NA,NA,NA,NA,NA,1,1,NA,NA,NA,NA,NA,NA
2023-2024,Hofstra,CAA,10,Izadora Stedile,So,OH,5-7,27,21,94,NA,274,142,755,0.175,39,32,39,257,15,5,17,NA,NA,319.5,NA,NA,NA,415,12,NA,NA
2023-2024,Hofstra,CAA,11,Deja Clarke,So,OH,5-8,6,2,11,NA,5,1,19,0.211,1,NA,NA,NA,NA,NA,3,2,NA,6.5,NA,NA,NA,NA,NA,NA,NA
2023-2024,N.C. A&T,CAA,8,Chiara Napoli,So,S,6-0,26,25,100,NA,61,24,153,0.242,790,45,38,225,1,4,62,NA,NA,141,16,NA,NA,15,10,NA,NA
2023-2024,N.C. A&T,CAA,15,Sagaia Reilly,So,S,6-0,14,0,22,NA,0,0,1,0,52,3,6,13,NA,NA,1,NA,NA,3.5,NA,NA,NA,1,NA,NA,NA
2023-2024,N.C. A&T,CAA,18,Jada Hampton,So,MB,6-1,4,0,8,NA,2,0,3,0.667,1,NA,1,2,NA,NA,1,NA,NA,2.5,NA,NA,NA,NA,NA,NA,NA
2023-2024,Northeastern,CAA,3,Pono Gacutan,So,L/DS,5-5,16,1,55,NA,0,1,4,-0.25,36,17,12,164,24,NA,NA,NA,NA,17,2,NA,NA,250,NA,NA,NA
2023-2024,Northeastern,CAA,7,Kinley Gomez,So,OH,6-2,9,0,14,NA,10,5,49,0.102,1,1,1,21,4,NA,1,NA,NA,11.5,NA,NA,NA,39,NA,NA,NA
2023-2024,Northeastern,CAA,19,Ellie Williams,So,L/DS,5-9,2,0,2,NA,0,0,0,NA,NA,NA,1,1,1,NA,NA,NA,NA,NA,NA,NA,NA,1,NA,NA,NA
2023-2024,Stony Brook,CAA,4,Abby Stanwood,So,OH,5-9,23,11,62,NA,152,86,396,0.167,3,3,3,60,5,1,11,1,NA,161.5,NA,NA,NA,132,NA,NA,NA
2023-2024,Stony Brook,CAA,15,Kali Moore,So,OH,5-11,31,31,108,NA,354,177,1069,0.166,10,41,39,287,50,4,33,10,NA,415.5,NA,NA,NA,636,8,NA,NA
2023-2024,Towson,CAA,1,Erin Brothers,So,MB,6-0,27,27,93,NA,125,20,257,0.409,5,NA,NA,8,NA,4,88,6,NA,173,2,NA,NA,4,NA,NA,NA
2023-2024,Towson,CAA,5,Sydney Stewart,So,L/DS,5-9,28,0,92,NA,3,0,7,0.429,87,32,44,388,15,NA,NA,NA,NA,35,NA,NA,NA,344,NA,NA,NA
2023-2024,Towson,CAA,13,Sarah Jordan,So,S,6-0,30,30,106,NA,88,11,181,0.425,973,18,61,246,2,2,22,2,NA,119,10,NA,NA,8,10,NA,NA
2023-2024,Towson,CAA,22,Jasmine Purakal,So,L/DS,5-3,8,1,14,NA,0,0,0,NA,2,2,6,16,NA,NA,NA,NA,NA,2,NA,NA,NA,6,NA,NA,NA
2023-2024,UNCW,CAA,4,Noe Gaeta,So,S,5-9,6,0,11,NA,1,0,2,0.5,31,3,4,7,NA,NA,NA,1,NA,4,1,NA,NA,2,NA,NA,NA
2023-2024,UNCW,CAA,7,Sarah Thompson,So,OH,5-10,26,24,78,NA,146,85,494,0.123,6,6,8,121,19,1,20,1,NA,163,NA,NA,NA,356,2,NA,NA
2023-2024,UNCW,CAA,14,Hannah Forbes,So,OH,6-0,15,7,31,NA,59,44,193,0.078,NA,2,8,30,8,NA,7,NA,NA,64.5,NA,NA,NA,101,NA,NA,NA
2023-2024,UNCW,CAA,15,Lilly Kirtley-Peyton,So,DS,5-8,15,0,43,NA,0,0,0,NA,NA,1,5,17,1,NA,1,NA,NA,1.5,NA,NA,NA,3,NA,NA,NA
2023-2024,William & Mary,CAA,2,Lindsay Kahren,So,L,5-7,28,0,103,NA,3,2,20,0.05,100,24,16,339,26,NA,NA,NA,NA,27,1,NA,NA,549,NA,NA,NA
2023-2024,William & Mary,CAA,3,Olivia Esposito,So,MB,6-1,24,22,88,NA,158,43,313,0.367,2,NA,NA,31,1,9,103,4,NA,218.5,2,NA,NA,24,NA,NA,NA
2023-2024,William & Mary,CAA,8,Kaitlyn Dunnigan,So,L,5-5,11,0,32,NA,0,0,2,0,6,NA,2,34,4,NA,NA,NA,NA,NA,NA,NA,NA,97,NA,NA,NA
2023-2024,William & Mary,CAA,11,Sarah Callender,So,OH,6-0,24,22,88,NA,231,102,709,0.182,11,23,35,230,26,1,33,NA,NA,271.5,NA,NA,NA,580,8,NA,NA
2023-2024,William & Mary,CAA,12,Ryann Love,So,MB,6-2,3,3,6,NA,5,4,15,0.067,NA,NA,NA,2,NA,4,3,1,NA,10.5,NA,NA,NA,NA,NA,NA,NA
2023-2024,William & Mary,CAA,15,Nicole Smith,So,OPP,6-3,13,1,38,NA,38,22,143,0.112,4,NA,NA,20,NA,2,14,1,NA,47,1,NA,NA,NA,NA,NA,NA
2023-2024,FIU,CUSA,6,Savannah Cook,So,S,6-1,25,22,89,NA,42,16,116,0.224,808,11,21,142,1,5,29,6,NA,72.5,7,NA,NA,6,3,NA,NA
2023-2024,FIU,CUSA,7,Madisen Miller,So,L,5-8,28,3,88,NA,3,1,9,0.222,17,18,18,132,21,NA,NA,NA,NA,21,1,NA,NA,283,NA,NA,NA
2023-2024,FIU,CUSA,8,Mandi Morioka,So,L,5-7,30,6,109,NA,1,0,5,0.2,27,21,24,312,29,NA,NA,NA,NA,22,NA,NA,NA,495,NA,NA,NA
2023-2024,FIU,CUSA,11,Madison Morgan,So,MB,6-3,20,14,70,NA,55,24,165,0.188,5,NA,7,17,NA,4,34,3,NA,76,2,NA,NA,8,NA,NA,NA
2023-2024,Jacksonville St.,CUSA,5,Kathryn Smith,So,S,5-9,16,3,30,NA,7,0,22,0.318,62,6,11,26,1,NA,1,NA,NA,13.5,3,NA,NA,4,NA,NA,NA
2023-2024,Jacksonville St.,CUSA,9,Luci Wilkinson,So,DS,5-8,26,6,79,NA,1,3,17,-0.118,14,11,28,153,18,NA,NA,NA,NA,12,2,NA,NA,347,NA,NA,NA
2023-2024,Jacksonville St.,CUSA,14,Parker Phenicie,So,DS,5-7,22,2,58,NA,0,0,0,NA,9,9,11,35,7,NA,NA,NA,NA,9,NA,NA,NA,49,NA,NA,NA
2023-2024,Jacksonville St.,CUSA,23,Morgan McClure,So,MB,6-3,26,26,86,NA,147,62,371,0.229,4,NA,NA,13,NA,18,50,3,NA,190,2,NA,NA,4,NA,NA,NA
2023-2024,Liberty,CUSA,0,Kate Curtis,So,L/DS,5-5,21,3,57,NA,0,0,6,0,20,10,11,94,20,NA,NA,NA,NA,10,NA,NA,NA,281,NA,NA,NA
2023-2024,Liberty,CUSA,5,Brooke Elliott,So,MB,6-1,20,0,47,NA,5,2,17,0.176,NA,7,6,13,NA,NA,2,1,NA,13,NA,NA,NA,1,NA,NA,NA
2023-2024,Liberty,CUSA,9,Madigan Faircloth,So,L/DS,5-4,13,0,23,NA,0,0,0,NA,3,1,4,19,8,NA,1,NA,NA,1.5,NA,NA,NA,64,NA,NA,NA
2023-2024,Louisiana Tech,CUSA,2,Jailen Hurley,So,RS,6-0,29,7,96,NA,166,73,450,0.207,3,NA,1,35,NA,2,48,7,NA,192,NA,NA,NA,3,NA,NA,NA
2023-2024,Louisiana Tech,CUSA,6,Carla Esquer,So,OH,5-10,23,18,68,NA,150,75,483,0.155,3,1,2,54,12,3,18,1,NA,163,1,NA,NA,163,2,NA,NA
2023-2024,Louisiana Tech,CUSA,11,Grace Luevanos,So,OH,5-11,22,11,47,NA,58,42,257,0.062,8,16,16,112,20,1,10,NA,NA,80,NA,NA,NA,247,NA,NA,NA
2023-2024,Louisiana Tech,CUSA,17,Sydney Jackwin,So,OH,5-9,25,20,75,NA,189,102,685,0.127,8,17,13,228,17,2,16,2,NA,216,NA,NA,NA,458,4,NA,NA
2023-2024,Middle Tenn.,CUSA,6,Adriana Rhoda,So,OH,6-3,29,22,100,NA,347,127,774,0.284,2,37,70,38,3,10,31,2,NA,409.5,1,NA,NA,16,NA,NA,NA
2023-2024,Middle Tenn.,CUSA,13,Trae McCutchan,So,OH,6-2,20,2,34,NA,49,28,134,0.157,NA,11,17,16,NA,NA,6,2,NA,63,NA,NA,NA,3,NA,NA,NA
2023-2024,Middle Tenn.,CUSA,16,Caroline Macander,So,S,5-11,4,0,5,NA,1,0,1,1,21,NA,1,2,NA,NA,NA,NA,NA,1,NA,NA,NA,NA,NA,NA,NA
2023-2024,New Mexico St.,CUSA,4,Anji Vishwanathan,So,MB,6-1,8,0,15,NA,8,5,27,0.111,NA,NA,NA,1,NA,1,6,1,NA,12,NA,NA,NA,1,NA,NA,NA
2023-2024,New Mexico St.,CUSA,6,Morgan Stewart,So,L/DS,5-7,23,2,53,NA,1,0,2,0.5,3,2,10,52,6,NA,NA,NA,NA,3,NA,NA,NA,88,NA,NA,NA
2023-2024,New Mexico St.,CUSA,8,Ashley Herman,So,OH,6-1,27,18,88,NA,155,75,375,0.213,2,NA,NA,37,NA,10,45,3,NA,187.5,NA,NA,NA,14,NA,NA,NA
2023-2024,New Mexico St.,CUSA,10,Bianca Perez,So,S,5-11,31,15,114,NA,11,3,33,0.242,636,21,41,191,NA,2,3,3,NA,35.5,31,NA,NA,7,5,NA,NA
2023-2024,New Mexico St.,CUSA,15,Peyton Castillo,So,S,6-0,3,2,6,NA,2,0,2,1,31,NA,5,8,NA,NA,NA,1,NA,2,2,NA,NA,NA,NA,NA,NA
2023-2024,New Mexico St.,CUSA,19,Kaylee Peterson,So,L/DS,5-7,8,0,13,NA,0,0,1,0,NA,2,2,3,NA,NA,NA,NA,NA,2,NA,NA,NA,12,NA,NA,NA
2023-2024,New Mexico St.,CUSA,24,Ryleigh Whitekettle,So,OH,6-5,31,31,115,NA,369,128,786,0.307,1,2,12,49,1,16,58,18,NA,416,1,NA,NA,14,NA,NA,NA
2023-2024,New Mexico St.,CUSA,28,Starr Williams,So,OH,6-3,31,30,113,NA,296,135,743,0.217,5,6,19,56,2,7,38,6,NA,328,1,NA,NA,19,NA,NA,NA
2023-2024,New Mexico St.,CUSA,33,Rilen Garcia,So,S,5-7,30,14,103,NA,4,1,15,0.2,520,14,36,121,NA,NA,NA,NA,NA,18,32,NA,NA,2,NA,NA,NA
2023-2024,Sam Houston,CUSA,0,Lexy Thomas,So,OH,5-10,25,8,64,NA,64,47,224,0.076,1,NA,NA,22,NA,1,18,NA,NA,74,1,NA,NA,3,NA,NA,NA
2023-2024,Sam Houston,CUSA,1,Hailey Heider,So,OH,5-11,28,25,103,NA,198,145,761,0.07,14,30,48,210,33,NA,19,4,NA,237.5,2,NA,NA,661,5,NA,NA
2023-2024,Sam Houston,CUSA,2,Avery Fowler,So,S,5-8,29,29,112,NA,22,6,148,0.108,663,25,16,243,NA,NA,8,5,NA,51,10,NA,NA,9,9,NA,NA
2023-2024,Sam Houston,CUSA,7,Ava Terry,So,DS,5-6,20,1,41,NA,0,0,3,0,3,1,5,44,5,NA,NA,NA,NA,1,NA,NA,NA,106,NA,NA,NA
2023-2024,UTEP,CUSA,6,Torrance Lovesee,So,OH,5-11,35,35,130,NA,341,168,894,0.194,20,45,68,245,49,7,38,4,NA,412,NA,NA,NA,786,5,NA,NA
2023-2024,UTEP,CUSA,20,Mattie Gantt,So,S,5-11,28,8,87,NA,9,3,24,0.25,414,32,40,92,NA,NA,NA,1,NA,41,7,NA,NA,1,2,NA,NA
2023-2024,UTEP,CUSA,25,Kaya Weaver,So,MB,6-2,35,35,128,NA,225,67,413,0.383,9,26,67,38,4,15,154,29,NA,343,1,NA,NA,29,1,NA,NA
2023-2024,UTEP,CUSA,99,Sara Pustahija,So,OH,6-0,11,11,44,NA,93,32,261,0.234,7,17,23,68,14,3,24,3,NA,125,NA,NA,NA,227,NA,NA,NA
2023-2024,Western Ky.,CUSA,0,Callahan Wiegandt,So,S,5-7,32,1,65,NA,0,0,0,NA,12,7,12,21,1,NA,NA,NA,NA,7,1,NA,NA,10,NA,NA,NA
2023-2024,Western Ky.,CUSA,3,Kelsey Brangers,So,DS,5-4,35,18,119,NA,0,1,2,-0.5,48,21,33,234,33,NA,NA,NA,NA,21,NA,NA,NA,514,NA,NA,NA
2023-2024,Western Ky.,CUSA,14,Callie Bauer,So,S,5-11,35,35,119,NA,136,19,312,0.375,1246,27,32,186,2,4,59,4,NA,196.5,19,NA,NA,7,6,NA,NA
2023-2024,Western Ky.,CUSA,15,Abby Schaefer,So,DS,5-7,34,1,114,NA,2,0,2,1,93,26,38,376,42,NA,NA,NA,NA,28,NA,NA,NA,823,NA,NA,NA
2023-2024,Chicago St.,DI Independent,6,Lauren Martin,So,L/DS,5-3,9,0,16,NA,0,0,1,0,4,1,3,23,2,NA,NA,NA,NA,1,NA,NA,NA,38,NA,NA,NA
2023-2024,Chicago St.,DI Independent,21,Julieta Sandez,So,OPP,6-4,22,22,74,NA,122,69,388,0.137,17,15,18,170,1,2,27,5,NA,152.5,1,NA,NA,5,2,NA,NA
2023-2024,Cleveland St.,Horizon,8,Ayva Leon,So,DS,5-8,29,9,94,NA,1,1,6,0,19,7,13,147,24,NA,NA,NA,NA,8,NA,NA,NA,315,NA,NA,NA
2023-2024,Cleveland St.,Horizon,11,Abbi Martin,So,MB,6-1,3,0,4,NA,1,1,5,0,NA,NA,NA,NA,NA,NA,NA,3,NA,1,NA,NA,NA,NA,NA,NA,NA
2023-2024,Cleveland St.,Horizon,12,Karly Klaer,So,S,5-10,30,30,115,NA,115,38,337,0.228,1051,20,38,342,NA,9,59,7,NA,173.5,17,NA,NA,4,20,NA,NA
2023-2024,Cleveland St.,Horizon,16,Laken Voss,So,OH,5-10,29,29,111,NA,341,138,1243,0.163,32,28,33,270,44,5,19,3,NA,383.5,NA,NA,NA,705,11,NA,NA
2023-2024,Cleveland St.,Horizon,17,Lesley Marshall,So,DS,5-3,29,14,96,NA,0,2,7,-0.286,14,9,22,202,21,NA,NA,NA,NA,9,NA,NA,NA,336,NA,NA,NA
2023-2024,Green Bay,Horizon,3,Emma Best,So,OH,5-10,32,24,124,NA,178,84,543,0.173,67,35,34,372,42,4,36,2,NA,235,1,NA,NA,662,6,NA,NA
2023-2024,Green Bay,Horizon,6,Grace Holschuh,So,OH,5-11,3,0,3,NA,0,1,5,-0.2,NA,NA,NA,2,NA,NA,NA,NA,NA,NA,NA,NA,NA,NA,NA,NA,NA
2023-2024,Green Bay,Horizon,12,Kendall Schara,So,OH,5-8,32,14,105,NA,8,14,60,-0.1,36,17,19,136,22,NA,2,1,NA,26,NA,NA,NA,269,1,NA,NA
2023-2024,Green Bay,Horizon,13,Emma Johnson,So,S,5-9,23,22,93,NA,28,2,120,0.217,941,25,17,206,NA,NA,31,2,NA,68.5,6,NA,NA,3,9,NA,NA
2023-2024,IU Indy,Horizon,1,Morgan Ostrowski,So,MB,6-1,29,29,111,NA,198,63,440,0.307,11,24,61,56,NA,10,68,13,NA,266,NA,NA,NA,5,NA,NA,NA
2023-2024,IU Indy,Horizon,17,Katy McCaffrey,So,MB,5-11,5,0,6,NA,2,2,7,0,1,NA,1,NA,NA,NA,2,1,NA,3,NA,NA,NA,NA,NA,NA,NA
2023-2024,Milwaukee,Horizon,4,Josie Johnson,So,S,5-7,33,30,127,NA,21,4,68,0.25,671,24,29,217,NA,NA,1,NA,NA,45.5,9,NA,NA,6,5,NA,NA
2023-2024,Milwaukee,Horizon,10,Czhen Beneby,So,MB,6-4,23,19,83,NA,132,71,300,0.203,1,NA,NA,24,NA,11,44,8,NA,165,3,NA,NA,1,NA,NA,NA
2023-2024,Milwaukee,Horizon,11,Natalie Schmitz,So,OH,6-1,33,13,127,NA,343,136,1032,0.201,6,17,16,89,23,5,46,8,NA,388,NA,NA,NA,176,NA,NA,NA
2023-2024,Milwaukee,Horizon,13,Kara Erdmann,So,DS,5-6,26,3,85,NA,0,2,4,-0.5,38,2,4,196,21,NA,NA,NA,NA,2,2,NA,NA,348,NA,NA,NA
2023-2024,Milwaukee,Horizon,16,Rachel Scott,So,RS,6-2,19,6,59,NA,39,12,124,0.218,8,NA,NA,30,NA,1,34,7,NA,57,NA,NA,NA,NA,NA,NA,NA
2023-2024,Northern Ky.,Horizon,2,Lucy Cluxton,So,L/DS,5-10,27,8,90,NA,9,9,49,0,13,23,23,145,26,NA,NA,NA,NA,32,NA,NA,NA,283,NA,NA,NA
2023-2024,Northern Ky.,Horizon,14,Raelyn Sanders,So,MB,5-10,20,2,63,NA,50,40,208,0.048,3,NA,NA,32,NA,NA,35,1,NA,67.5,NA,NA,NA,2,NA,NA,NA
2023-2024,Oakland,Horizon,2,Lyse Bates,So,L/DS,5-4,19,3,52,NA,0,0,3,0,4,5,3,60,11,NA,NA,NA,NA,5,NA,NA,NA,138,NA,NA,NA
2023-2024,Oakland,Horizon,9,Rachel Rossman,So,S,5-7,31,8,121,NA,13,2,28,0.393,566,7,16,246,NA,NA,2,3,NA,21,12,NA,NA,2,11,NA,NA
2023-2024,Oakland,Horizon,13,Ella Martin,So,OH,5-10,29,10,93,NA,152,77,485,0.155,2,NA,2,64,7,1,24,6,NA,165,1,NA,NA,88,1,NA,NA
2023-2024,Oakland,Horizon,16,Anika Prisby,So,MB,6-4,29,26,95,NA,168,71,446,0.217,8,1,3,22,NA,10,61,13,NA,209.5,2,NA,NA,1,NA,NA,NA
2023-2024,Purdue Fort Wayne,Horizon,4,LonDynn Betts,So,L,5-5,30,0,115,NA,2,1,23,0.043,104,25,19,525,44,NA,NA,NA,NA,27,NA,NA,NA,681,1,NA,NA
2023-2024,Purdue Fort Wayne,Horizon,6,Savanna Rogers,So,S,5-8,24,0,58,NA,19,10,52,0.173,7,10,15,48,5,1,1,1,NA,30.5,NA,NA,NA,121,NA,NA,NA
2023-2024,Purdue Fort Wayne,Horizon,19,Jena Medearis,So,MB,6-0,29,28,113,NA,191,63,473,0.271,5,13,45,51,NA,11,65,6,NA,247.5,NA,NA,NA,17,NA,NA,NA
2023-2024,Purdue Fort Wayne,Horizon,21,Iris Riegel,So,OH,6-1,18,12,56,NA,105,63,319,0.132,4,NA,2,18,1,3,17,2,NA,116.5,NA,NA,NA,5,NA,NA,NA
2023-2024,Robert Morris,Horizon,1,Kaitlyn Brown,So,S,5-8,25,0,67,NA,29,3,60,0.433,226,11,8,111,NA,NA,NA,1,NA,40,6,NA,NA,NA,3,NA,NA
2023-2024,Robert Morris,Horizon,2,Macy McNamara,So,L/DS,5-6,16,1,34,NA,2,0,2,1,2,NA,7,28,2,NA,NA,NA,NA,2,NA,NA,NA,39,NA,NA,NA
2023-2024,Robert Morris,Horizon,8,Hillarie Adams,So,RS,5-10,29,16,104,NA,237,135,805,0.127,2,NA,NA,55,10,1,16,7,NA,246,NA,NA,NA,53,NA,NA,NA
2023-2024,Wright St.,Horizon,4,Elena Dubuc,So,OH,5-11,19,3,50,NA,35,22,111,0.117,NA,1,NA,9,1,NA,5,1,NA,38.5,NA,NA,NA,7,NA,NA,NA
2023-2024,Wright St.,Horizon,11,Aaliyah Byers,So,MB,6-0,31,30,115,NA,242,85,572,0.274,5,NA,3,37,NA,9,106,5,NA,304,2,NA,NA,12,NA,NA,NA
2023-2024,Wright St.,Horizon,12,Andrea Bortulin,So,DS,5-6,31,1,111,NA,0,1,13,-0.077,127,39,56,54,NA,NA,1,NA,NA,39.5,3,NA,NA,1,2,NA,NA
2023-2024,Wright St.,Horizon,35,Jenny Wessling,So,DS,5-7,32,0,118,NA,1,2,9,-0.111,105,35,26,626,28,NA,NA,NA,NA,36,NA,NA,NA,618,NA,NA,NA
2023-2024,Youngstown St.,Horizon,6,Julia Sell,So,MB,6-2,27,27,107,NA,36,17,106,0.179,3,NA,1,20,NA,16,96,10,NA,100,NA,NA,NA,16,NA,NA,NA
2023-2024,Youngstown St.,Horizon,23,Abbie Householder,So,OH,6-0,29,29,114,NA,291,150,984,0.143,15,36,39,305,62,8,30,4,NA,350,NA,NA,NA,747,10,NA,NA
2023-2024,Brown,Ivy League,1,Jessie Golden,So,L/DS,5-6,23,0,79,NA,0,0,6,0,111,18,23,446,25,NA,NA,NA,NA,18,NA,NA,NA,371,NA,NA,NA
2023-2024,Brown,Ivy League,14,Ella Park,So,S,6-1,4,0,6,NA,0,0,2,0,8,1,1,NA,NA,NA,2,NA,NA,2,1,NA,NA,NA,NA,NA,NA
2023-2024,Brown,Ivy League,15,Hannah Flannery,So,OPP,6-2,9,6,23,NA,46,22,111,0.216,1,NA,NA,3,NA,1,10,8,NA,52,1,NA,NA,NA,NA,NA,NA
2023-2024,Brown,Ivy League,18,Mariia Sidorova,So,OH,6-0,25,21,83,NA,224,127,631,0.154,15,37,32,175,24,1,23,4,NA,273.5,1,NA,NA,443,3,NA,NA
2023-2024,Brown,Ivy League,21,Sophia Treder,So,OH,6-0,2,0,2,NA,0,0,0,NA,NA,NA,NA,NA,NA,NA,NA,NA,NA,NA,NA,NA,NA,NA,NA,NA,NA
2023-2024,Brown,Ivy League,22,Isabella Bonatakis,So,MB,6-2,13,8,36,NA,37,18,76,0.25,2,NA,NA,7,NA,5,25,5,NA,54.5,NA,NA,NA,1,NA,NA,NA
2023-2024,Columbia,Ivy League,1,Presley Liberty,So,L/DS,5-7,20,8,40,NA,0,0,1,0,8,3,8,49,13,NA,NA,NA,NA,3,NA,NA,NA,129,NA,NA,NA
2023-2024,Columbia,Ivy League,7,Eva Atkins,So,OPP,6-2,19,14,62,NA,138,82,368,0.152,2,1,7,12,6,NA,25,3,NA,151.5,NA,NA,NA,46,NA,NA,NA
2023-2024,Columbia,Ivy League,18,Juliana Williamson,So,MB,6-4,12,11,33,NA,37,22,99,0.152,4,8,16,8,NA,4,27,4,NA,62.5,1,NA,NA,3,NA,NA,NA
2023-2024,Columbia,Ivy League,20,Ruby van der Heide,So,S,6-0,20,17,67,NA,17,8,59,0.153,378,9,17,112,NA,2,15,1,NA,35.5,4,NA,NA,5,3,NA,NA
2023-2024,Columbia,Ivy League,27,Amanda Holsen,So,OH,6-0,20,10,47,NA,90,56,295,0.115,6,8,12,46,16,NA,10,1,NA,103,1,NA,NA,166,NA,NA,NA
2023-2024,Cornell,Ivy League,7,Doga Ozalp,So,S,6-0,23,22,86,NA,22,13,96,0.094,736,14,21,164,NA,NA,22,2,NA,47,15,NA,NA,6,4,NA,NA
2023-2024,Cornell,Ivy League,11,Nicole Mallus,So,RS,6-2,23,15,76,NA,174,95,489,0.162,5,4,10,70,20,NA,24,2,NA,190,3,NA,NA,197,NA,NA,NA
2023-2024,Cornell,Ivy League,14,Eliza Konvicka,So,RS,6-2,23,23,84,NA,305,172,820,0.162,6,28,68,132,28,8,57,3,NA,369.5,5,NA,NA,265,4,NA,NA
2023-2024,Cornell,Ivy League,17,Joy Liu,So,S,5-10,10,1,18,NA,1,1,3,0,50,1,7,20,NA,NA,NA,NA,NA,2,4,NA,NA,NA,NA,NA,NA
2023-2024,Cornell,Ivy League,18,Jordan Walker,So,OH,5-10,7,0,14,NA,0,0,1,0,1,1,2,14,5,NA,NA,NA,NA,1,NA,NA,NA,39,NA,NA,NA
2023-2024,Cornell,Ivy League,21,Meghan Gaffigan,So,OH,6-1,5,0,7,NA,6,3,13,0.231,NA,NA,NA,2,NA,NA,NA,1,NA,6,NA,NA,NA,1,NA,NA,NA
2023-2024,Dartmouth,Ivy League,4,Emma Symon,So,MB,6-2,2,1,3,NA,1,0,5,0.2,NA,1,2,NA,NA,NA,1,NA,NA,2.5,NA,NA,NA,NA,NA,NA,NA
2023-2024,Dartmouth,Ivy League,10,Kauany Gutz,So,OH,6-0,22,20,75,NA,164,91,523,0.14,3,12,33,153,41,1,32,4,NA,193,NA,NA,NA,405,3,NA,NA
2023-2024,Dartmouth,Ivy League,11,Molly Power,So,MB,6-1,12,4,28,NA,30,8,83,0.265,1,NA,2,3,NA,1,25,1,NA,43.5,NA,NA,NA,1,NA,NA,NA
2023-2024,Dartmouth,Ivy League,18,Ava Roberts,So,MB,6-0,23,15,68,NA,103,59,332,0.133,6,12,9,64,24,5,30,NA,NA,135,NA,NA,NA,189,NA,NA,NA
2023-2024,Harvard,Ivy League,3,Brynne Faltinsky,So,OH,6-0,15,2,29,NA,40,29,113,0.097,5,5,13,50,10,1,2,NA,NA,47,NA,NA,NA,131,1,NA,NA
2023-2024,Harvard,Ivy League,5,Hannah Nguyen,So,L,5-5,24,22,87,NA,0,0,2,0,9,20,18,132,34,NA,NA,NA,NA,20,NA,NA,NA,294,NA,NA,NA
2023-2024,Harvard,Ivy League,22,Peyton Hollis,So,OH,5-10,1,0,1,NA,0,2,3,-0.667,NA,NA,NA,NA,NA,NA,1,NA,NA,0.5,NA,NA,NA,1,NA,NA,NA
2023-2024,Penn,Ivy League,3,Abigail Reid,So,L,5-8,17,0,57,NA,2,0,8,0.25,32,12,8,246,23,NA,NA,NA,NA,14,1,NA,NA,309,NA,NA,NA
2023-2024,Penn,Ivy League,5,Jalen Tennyson,So,OH,6-2,22,19,66,NA,79,40,180,0.217,NA,NA,NA,14,1,7,22,4,NA,97,2,NA,NA,7,NA,NA,NA
2023-2024,Penn,Ivy League,10,Feyi Ogunlari,So,OH,5-10,17,1,39,NA,72,46,245,0.106,2,NA,NA,18,1,NA,3,1,NA,73.5,NA,NA,NA,44,NA,NA,NA
2023-2024,Penn,Ivy League,17,Claire Deller,So,OH,6-1,21,18,66,NA,98,40,296,0.196,6,17,13,45,NA,12,18,9,NA,136,2,NA,NA,6,NA,NA,NA
2023-2024,Penn,Ivy League,21,Anna Shohfi,So,S,5-10,14,9,36,NA,27,4,81,0.284,274,7,8,70,NA,2,8,2,NA,40,8,NA,NA,2,1,NA,NA
2023-2024,Princeton,Ivy League,8,Valerie Nutakor,So,OH,5-11,16,6,49,NA,97,39,275,0.211,6,2,3,40,2,4,14,NA,NA,110,2,NA,NA,56,NA,NA,NA
2023-2024,Princeton,Ivy League,15,Lucia Scalamandre,So,MB,6-3,23,23,88,NA,231,55,431,0.408,5,22,29,57,NA,25,51,17,NA,303.5,NA,NA,NA,21,NA,NA,NA
2023-2024,Princeton,Ivy League,16,Ella Bunde,So,L/DS,5-5,23,15,88,NA,1,0,3,0.333,32,20,21,165,12,NA,NA,NA,NA,21,NA,NA,NA,262,NA,NA,NA
2023-2024,Yale,Ivy League,1,Halle Sherlock,So,S,5-10,13,0,21,NA,2,1,6,0.167,31,2,6,11,NA,NA,NA,NA,NA,4,NA,NA,NA,NA,NA,NA,NA
2023-2024,Yale,Ivy League,7,Lauren Kellen,So,RS,6-1,4,0,5,NA,11,1,19,0.526,NA,NA,NA,1,NA,NA,NA,1,NA,11,NA,NA,NA,NA,NA,NA,NA
2023-2024,Yale,Ivy League,24,Chidera Chukwumerije,So,MB,6-2,6,0,7,NA,4,1,7,0.429,NA,NA,NA,1,NA,NA,2,1,NA,5,NA,NA,NA,NA,NA,NA,NA
2023-2024,Yale,Ivy League,30,Isabella Mendoza,So,OH,5-11,10,4,22,NA,46,20,136,0.191,3,2,NA,29,6,4,NA,NA,NA,52,1,NA,NA,30,NA,NA,NA
2023-2024,Canisius,MAAC,0,Shannon Kehoe,So,S,5-8,6,0,10,NA,0,0,11,0,54,3,4,3,NA,NA,NA,NA,NA,3,2,NA,NA,NA,NA,NA,NA
2023-2024,Canisius,MAAC,6,Ella Bourque,So,S,5-11,20,20,71,NA,23,2,92,0.228,702,23,21,119,NA,1,15,2,NA,54.5,2,NA,NA,3,2,NA,NA
2023-2024,Canisius,MAAC,7,Jillian Hanna,So,L,5-9,26,1,102,NA,6,0,37,0.162,87,49,51,392,29,NA,NA,NA,NA,55,1,NA,NA,478,1,NA,NA
2023-2024,Canisius,MAAC,9,Rylee McKinney,So,OH,5-10,3,1,8,NA,0,1,4,-0.25,NA,NA,NA,7,3,NA,NA,NA,NA,NA,NA,NA,NA,23,NA,NA,NA
2023-2024,Canisius,MAAC,10,Alyssa Rich,So,DS,5-6,20,13,73,NA,1,0,6,0.167,4,15,25,177,18,NA,NA,1,NA,16,NA,NA,NA,233,NA,NA,NA
2023-2024,Canisius,MAAC,14,Bella Mosquera,So,MH,6-2,26,25,100,NA,187,70,479,0.244,4,24,32,48,NA,14,73,8,NA,261.5,1,NA,NA,5,NA,NA,NA
2023-2024,Fairfield,MAAC,7,Abby Jandro,So,S,5-8,25,4,71,NA,15,2,49,0.265,244,16,14,127,NA,1,2,NA,NA,33,3,NA,NA,1,2,NA,NA
2023-2024,Fairfield,MAAC,12,Maya Walker,So,MB,6-1,27,26,96,NA,174,38,381,0.357,NA,NA,NA,13,NA,11,93,5,NA,231.5,NA,NA,NA,1,NA,NA,NA
2023-2024,Fairfield,MAAC,13,Allie Elliott,So,OH,5-11,29,28,100,NA,243,86,760,0.207,23,29,9,253,24,6,29,5,NA,292.5,NA,NA,NA,496,8,NA,NA
2023-2024,Iona,MAAC,5,Emma Vu,So,S,5-5,15,4,46,NA,11,5,38,0.158,198,7,14,76,NA,NA,NA,NA,NA,18,4,NA,NA,1,2,NA,NA
2023-2024,Iona,MAAC,10,Rose Porter,So,DS,5-8,31,11,99,NA,1,0,7,0.143,13,24,23,121,22,NA,NA,1,NA,25,NA,NA,NA,241,NA,NA,NA
2023-2024,Iona,MAAC,13,Jordan Ader,So,S,5-9,8,0,10,NA,0,0,1,0,18,NA,NA,13,NA,NA,NA,NA,NA,NA,4,NA,NA,NA,NA,NA,NA
2023-2024,Iona,MAAC,15,Micaela Ladjevic,So,OH,5-10,2,0,2,NA,0,0,0,NA,NA,1,1,NA,NA,NA,NA,NA,NA,1,NA,NA,NA,NA,NA,NA,NA
2023-2024,Manhattan,MAAC,1,Teresa Garza,So,S,5-6,9,4,20,NA,1,2,4,-0.25,3,8,5,35,8,NA,NA,NA,NA,9,NA,NA,NA,88,NA,NA,NA
2023-2024,Manhattan,MAAC,5,Sarah Emmons,So,S,5-8,29,25,96,NA,42,14,158,0.177,757,39,55,117,1,NA,11,5,NA,86.5,15,NA,NA,5,1,NA,NA
2023-2024,Marist,MAAC,4,Morgan Munro,So,RS,5-11,13,2,20,NA,23,5,45,0.4,NA,1,5,6,NA,NA,NA,1,NA,24,NA,NA,NA,NA,NA,NA,NA
2023-2024,Marist,MAAC,11,Mikayla Keefer,So,MB,6-1,5,0,6,NA,3,1,7,0.286,1,NA,1,NA,NA,1,NA,NA,NA,4,NA,NA,NA,NA,NA,NA,NA
2023-2024,Niagara,MAAC,1,Kylie Blessing,So,S,5-8,24,17,78,NA,13,3,69,0.145,353,15,12,153,NA,NA,1,NA,NA,28.5,7,NA,NA,2,5,NA,NA
2023-2024,Niagara,MAAC,4,Katie Jacobs,So,OH,5-11,10,0,17,NA,0,0,4,0,3,1,1,8,NA,NA,1,NA,NA,1.5,NA,NA,NA,28,NA,NA,NA
2023-2024,Niagara,MAAC,5,Kinga Wronska,So,OH,5-9,13,13,42,NA,99,51,317,0.151,8,5,5,118,11,2,8,1,NA,110,1,NA,NA,238,2,NA,NA
2023-2024,Niagara,MAAC,6,Megan Bruno,So,MB,6-1,11,7,31,NA,16,13,61,0.049,1,NA,NA,4,NA,2,19,3,NA,27.5,1,NA,NA,3,NA,NA,NA
2023-2024,Niagara,MAAC,9,Liana Tolliver,So,OH,5-9,8,1,15,NA,21,22,97,-0.01,3,3,3,31,10,NA,3,NA,NA,25.5,NA,NA,NA,109,NA,NA,NA
2023-2024,Quinnipiac,MAAC,7,Yagmur Gunes,So,OH,5-8,28,23,94,NA,256,132,701,0.177,15,32,35,223,34,8,18,2,NA,305,3,NA,NA,495,8,NA,NA
2023-2024,Quinnipiac,MAAC,13,Tuana Turhan,So,MB,6-1,8,2,14,NA,5,2,12,0.25,NA,1,4,1,NA,1,6,1,NA,10,NA,NA,NA,2,NA,NA,NA
2023-2024,Quinnipiac,MAAC,16,Ginevra Giovagnoni,So,OH,5-8,18,15,63,NA,261,107,695,0.222,22,24,7,199,11,1,16,2,NA,294,3,NA,NA,352,12,NA,NA
2023-2024,Quinnipiac,MAAC,18,Damla Gunes,So,S,5-8,29,29,105,NA,24,10,76,0.184,1075,36,24,253,NA,4,32,5,NA,80,15,NA,NA,5,12,NA,NA
2023-2024,Quinnipiac,MAAC,24,Bailey Brashear,So,MB,6-0,27,26,94,NA,106,28,251,0.311,8,15,15,36,NA,18,46,8,NA,162,NA,NA,NA,10,NA,NA,NA
2023-2024,Rider,MAAC,0,Ryley Frye,So,S,5-10,29,22,94,NA,26,11,94,0.16,568,49,60,204,1,3,8,1,NA,82,10,NA,NA,4,8,NA,NA
2023-2024,Rider,MAAC,2,Keegan O'Connor,So,L/DS,5-4,29,0,98,NA,3,1,21,0.095,97,27,14,347,39,NA,NA,NA,NA,30,2,NA,NA,521,NA,NA,NA
2023-2024,Rider,MAAC,4,Brynn Johnson,So,OH,6-1,21,11,53,NA,71,55,244,0.066,1,NA,1,21,2,1,19,5,NA,81.5,2,NA,NA,10,NA,NA,NA
2023-2024,Rider,MAAC,11,Kiannisha Santiago,So,OH,5-11,26,25,85,NA,230,85,627,0.231,5,6,18,74,6,NA,60,7,NA,266,1,NA,NA,50,1,NA,NA
2023-2024,Rider,MAAC,12,Carley McAleavey,So,MH,6-1,19,14,58,NA,90,41,257,0.191,4,6,11,24,1,2,46,1,NA,121,NA,NA,NA,4,NA,NA,NA
2023-2024,Saint Peter's,MAAC,7,Elena Bilhartz,So,MB,6-3,30,28,87,NA,105,49,317,0.177,14,9,19,31,NA,10,58,10,NA,153,1,NA,NA,6,NA,NA,NA
2023-2024,Saint Peter's,MAAC,10,Sydney Kuzma,So,OH,5-9,25,5,59,NA,36,32,167,0.024,12,13,17,123,40,1,NA,NA,NA,50,NA,NA,NA,345,NA,NA,NA
2023-2024,Saint Peter's,MAAC,11,Lilly Konrad,So,S,5-8,29,23,91,NA,20,5,68,0.221,362,15,29,127,2,NA,2,1,NA,36,5,NA,NA,4,1,NA,NA
2023-2024,Saint Peter's,MAAC,13,Mackenzie Tucker,So,OH,5-10,30,28,96,NA,231,126,813,0.129,26,20,42,208,55,2,32,3,NA,269,3,NA,NA,607,3,NA,NA
2023-2024,Saint Peter's,MAAC,18,Madelyn Harrison,So,MB,6-2,13,0,23,NA,8,12,41,-0.098,1,NA,1,2,NA,NA,7,NA,NA,11.5,1,NA,NA,NA,NA,NA,NA
2023-2024,Saint Peter's,MAAC,24,Ivanka Sikiric,So,S,5-11,14,0,23,NA,4,5,24,-0.042,9,6,2,9,NA,NA,8,1,NA,14,NA,NA,NA,NA,NA,NA,NA
2023-2024,Saint Peter's,MAAC,32,Morgan Thurlow,So,MB,6-0,30,29,101,NA,172,70,420,0.243,2,2,12,6,NA,15,69,12,NA,223.5,1,NA,NA,2,NA,NA,NA
2023-2024,Siena,MAAC,3,Emily Wood,So,L/DS,5-4,24,2,72,NA,0,3,20,-0.15,29,13,18,156,36,NA,NA,NA,NA,13,NA,NA,NA,412,NA,NA,NA
2023-2024,Siena,MAAC,4,Ana Zink,So,S,5-11,7,0,15,NA,6,2,25,0.16,37,NA,NA,8,NA,NA,2,2,NA,7,1,NA,NA,1,NA,NA,NA
2023-2024,Siena,MAAC,19,Rory McNerney,So,L/DS,5-10,12,1,29,NA,1,1,6,0,1,NA,7,36,10,NA,NA,NA,NA,1,NA,NA,NA,101,NA,NA,NA
2023-2024,Siena,MAAC,20,Kate Heinrich,So,MB,6-0,1,0,1,NA,0,0,1,0,NA,NA,NA,NA,NA,NA,NA,NA,NA,NA,NA,NA,NA,NA,NA,NA,NA
2023-2024,Akron,MAC,2,Chloe Werner,So,RS,6-0,9,5,28,NA,42,23,142,0.134,NA,5,6,20,NA,NA,7,NA,NA,50.5,1,NA,NA,2,NA,NA,NA
2023-2024,Akron,MAC,9,Melisa Tore,So,MB,6-3,13,12,45,NA,92,36,212,0.264,2,NA,1,9,NA,7,39,4,NA,118.5,3,NA,NA,1,NA,NA,NA
2023-2024,Akron,MAC,12,Avery Brown,So,S,5-9,4,1,11,NA,0,1,4,-0.25,30,1,4,23,NA,NA,NA,NA,NA,1,2,NA,NA,NA,1,NA,NA
2023-2024,Ball St.,MAC,4,Paige Busick,So,L/DS,5-3,31,13,105,NA,0,0,4,0,20,21,20,193,36,NA,NA,NA,NA,21,NA,NA,NA,377,NA,NA,NA
2023-2024,Ball St.,MAC,7,Josie Bloom,So,L/DS,5-6,25,8,77,NA,1,1,3,0,15,7,14,144,24,NA,NA,NA,NA,8,NA,NA,NA,321,NA,NA,NA
2023-2024,Ball St.,MAC,9,Katie Egenolf,So,OH,6-1,10,7,32,NA,46,35,187,0.059,1,2,7,41,8,NA,8,1,NA,52,NA,NA,NA,123,NA,NA,NA
2023-2024,Ball St.,MAC,14,Aniya Kennedy,So,MB,6-0,31,29,114,NA,470,169,1160,0.259,1,NA,1,45,7,18,39,8,NA,507.5,NA,NA,NA,53,NA,NA,NA
2023-2024,Ball St.,MAC,21,Madison Buckley,So,OPP,6-2,32,16,120,NA,290,109,798,0.227,2,NA,4,46,5,5,91,7,NA,340.5,NA,NA,NA,65,NA,NA,NA
2023-2024,Bowling Green,MAC,7,Jessica Andrews,So,MB,6-4,23,17,68,NA,93,32,207,0.295,1,4,15,25,NA,6,50,2,NA,128,NA,NA,NA,8,NA,NA,NA
2023-2024,Bowling Green,MAC,14,Lauryn Hovey,So,OPP,6-0,32,30,124,NA,500,193,1015,0.302,80,59,60,182,NA,6,72,2,NA,601,4,1,NA,1,6,NA,NA
2023-2024,Buffalo,MAC,1,Lauren Otten,So,OH,6-0,12,0,21,NA,42,8,98,0.347,NA,NA,NA,7,2,1,5,NA,NA,45.5,NA,NA,NA,14,NA,NA,NA
2023-2024,Buffalo,MAC,8,Tehya Shaw,So,MB,6-0,12,2,23,NA,10,6,32,0.125,1,NA,NA,1,NA,2,15,3,NA,19.5,NA,NA,NA,1,NA,NA,NA
2023-2024,Central Mich.,MAC,2,Natalia Rejment,So,OH,5-10,9,4,33,NA,10,5,36,0.139,11,12,12,71,11,NA,1,NA,NA,22.5,NA,NA,NA,170,1,NA,NA
2023-2024,Central Mich.,MAC,6,Allie Korba,So,S,5-9,7,0,15,NA,0,0,4,0,31,4,9,15,NA,NA,NA,NA,NA,4,2,NA,NA,NA,NA,NA,NA
2023-2024,Central Mich.,MAC,7,Abby Olin,So,OH,6-3,27,19,87,NA,164,72,498,0.185,9,5,4,36,10,11,42,4,NA,201,NA,NA,NA,104,1,NA,NA
2023-2024,Central Mich.,MAC,9,Alina Anderson,So,L,5-9,21,0,55,NA,0,0,0,NA,23,9,17,76,15,NA,NA,NA,NA,9,NA,NA,NA,182,NA,NA,NA
2023-2024,Central Mich.,MAC,11,Ella Peter,So,MB,6-0,1,0,1,NA,0,3,4,-0.75,NA,NA,NA,NA,NA,NA,NA,NA,NA,NA,NA,NA,NA,NA,NA,NA,NA
2023-2024,Central Mich.,MAC,12,Maddy Gebhardt,So,OH,6-1,28,24,100,NA,136,88,465,0.103,31,30,45,186,31,16,15,5,NA,189.5,1,NA,NA,546,1,NA,NA
2023-2024,Central Mich.,MAC,13,Claire Ammeraal,So,S,6-2,30,30,116,NA,160,50,452,0.243,1042,25,11,313,NA,1,53,3,NA,212.5,2,2,NA,6,18,NA,NA
2023-2024,Central Mich.,MAC,18,Brooklyn Conner,So,MB,6-3,20,13,57,NA,86,33,204,0.26,NA,NA,NA,9,2,7,23,1,NA,104.5,NA,NA,NA,4,NA,NA,NA
2023-2024,Eastern Mich.,MAC,2,Elle McLoughlin,So,S,5-11,24,23,86,NA,34,17,133,0.128,692,20,11,163,NA,4,40,10,NA,78,17,NA,NA,3,7,NA,NA
2023-2024,Eastern Mich.,MAC,5,Emma McMahon,So,DS,5-5,19,5,64,NA,2,1,12,0.083,25,10,14,188,22,NA,3,NA,NA,13.5,NA,NA,NA,283,NA,NA,NA
2023-2024,Eastern Mich.,MAC,15,Sabrina Gremm,So,OH,5-11,15,8,40,NA,60,42,241,0.075,1,2,4,59,12,2,4,1,NA,66,1,NA,NA,163,NA,NA,NA
2023-2024,Eastern Mich.,MAC,18,Kendal Bonney,So,RS,6-0,19,7,43,NA,34,11,110,0.209,1,NA,NA,9,NA,NA,18,2,NA,43,1,NA,NA,NA,NA,NA,NA
2023-2024,Eastern Mich.,MAC,21,Abby Stanford,So,MB,6-2,30,27,102,NA,114,55,377,0.156,9,14,21,48,NA,4,58,5,NA,161,2,NA,NA,4,NA,NA,NA
2023-2024,Kent St.,MAC,6,Lulu Ahl,So,L/DS,5-4,10,2,18,NA,0,0,2,0,6,NA,NA,18,7,NA,NA,NA,NA,NA,NA,NA,NA,44,NA,NA,NA
2023-2024,Kent St.,MAC,11,Mackenzie McGuire,So,OH,6-2,26,26,93,NA,359,176,995,0.184,17,13,19,206,62,2,31,4,NA,389.5,3,NA,NA,640,8,NA,NA
2023-2024,Kent St.,MAC,14,Sadie Wright,So,MB,6-1,12,5,24,NA,17,10,61,0.115,1,NA,1,2,NA,3,8,NA,NA,24,NA,NA,NA,NA,NA,NA,NA
2023-2024,Kent St.,MAC,17,Emma Schroeder,So,MB,6-2,13,2,30,NA,46,22,116,0.207,1,NA,NA,12,2,NA,7,1,NA,49.5,NA,NA,NA,13,NA,NA,NA
2023-2024,Kent St.,MAC,20,Kendall White,So,S,6-0,28,25,101,NA,81,27,277,0.195,725,17,15,270,NA,5,48,3,NA,127,20,NA,NA,3,14,NA,NA
2023-2024,Miami (OH),MAC,2,Hayden Hicks,So,S,6-1,30,28,103,NA,27,10,95,0.179,721,25,26,145,NA,3,23,1,NA,66.5,6,NA,NA,4,2,NA,NA
2023-2024,Miami (OH),MAC,5,Brooke Jackson,So,OH,5-11,30,10,97,NA,109,75,341,0.1,4,5,16,96,15,3,22,2,NA,128,NA,NA,NA,163,NA,NA,NA
2023-2024,Miami (OH),MAC,10,Ellie Hanson,So,OH,6-0,29,29,101,NA,301,127,913,0.191,13,31,24,294,28,NA,13,2,NA,338.5,NA,NA,NA,706,11,NA,NA
2023-2024,Miami (OH),MAC,11,Gentry Warrick,So,MH,6-1,30,30,101,NA,157,42,373,0.308,4,8,24,36,1,24,74,5,NA,226,NA,NA,NA,26,NA,NA,NA
2023-2024,Miami (OH),MAC,13,Emily Morgan,So,L/DS,5-6,20,0,41,NA,1,1,10,0,20,NA,14,80,23,NA,NA,NA,NA,1,NA,NA,NA,177,NA,NA,NA
2023-2024,NIU,MAC,4,Olivia Hogan,So,DS,5-4,12,1,34,NA,0,0,3,0,4,6,7,55,15,NA,NA,NA,NA,6,NA,NA,NA,160,NA,NA,NA
2023-2024,NIU,MAC,14,Sarah Lezon,So,MB,5-10,8,3,21,NA,15,5,36,0.278,1,1,3,4,NA,1,9,NA,NA,21.5,NA,NA,NA,NA,NA,NA,NA
2023-2024,NIU,MAC,17,Nazli Güvener,So,OH,5-11,21,9,64,NA,138,67,432,0.164,5,7,6,110,29,1,16,3,NA,154,NA,NA,NA,335,2,NA,NA
2023-2024,NIU,MAC,18,Savanah Brandt,So,MB,6-2,28,26,95,NA,81,26,221,0.249,3,NA,NA,22,NA,10,72,2,NA,127,3,NA,NA,6,NA,NA,NA
2023-2024,Ohio,MAC,8,Anna Kharchynska,So,OPP,6-3,31,28,115,NA,340,149,838,0.228,14,16,15,138,10,12,82,3,NA,409,3,NA,NA,206,2,NA,NA
2023-2024,Ohio,MAC,10,Leah Rogers,So,MB,6-2,8,1,12,NA,2,5,8,-0.375,NA,1,3,2,NA,1,2,NA,NA,5,NA,NA,NA,NA,NA,NA,NA
2023-2024,Ohio,MAC,22,Chariti McKeller,So,S,5-11,25,4,59,NA,7,5,20,0.1,271,6,17,73,NA,NA,3,NA,NA,14.5,9,NA,NA,3,2,NA,NA
2023-2024,Toledo,MAC,3,Macy Medors,So,DS,5-3,17,1,46,NA,0,1,1,-1,7,15,15,57,10,NA,NA,NA,NA,15,NA,NA,NA,102,NA,NA,NA
2023-2024,Toledo,MAC,14,Anna Alford,So,MB,6-4,10,0,15,NA,6,6,28,0,NA,2,2,1,NA,NA,5,2,NA,10.5,NA,NA,NA,NA,NA,NA,NA
2023-2024,Toledo,MAC,21,Izzy Granger,So,OH,6-0,31,31,120,NA,288,148,965,0.145,23,36,42,284,44,10,30,5,NA,349,1,NA,NA,766,4,NA,NA
2023-2024,Western Mich.,MAC,5,Reeghan Boyer,So,L/DS,5-6,34,31,118,NA,2,1,11,0.091,13,33,20,292,27,NA,NA,NA,NA,35,NA,NA,NA,445,NA,NA,NA
2023-2024,Western Mich.,MAC,20,Mary Clare Brusek,So,MB,6-0,34,33,107,NA,250,59,528,0.362,6,19,21,45,NA,12,57,1,NA,309.5,3,NA,NA,3,NA,NA,NA
2023-2024,Western Mich.,MAC,23,Amanda Glanton,So,MB,6-3,33,31,98,NA,118,28,234,0.385,1,NA,NA,6,NA,4,71,5,NA,157.5,1,NA,NA,2,NA,NA,NA
2023-2024,Coppin St.,MEAC,4,Ayanna Pharoah,So,S,5-9,14,0,18,NA,0,3,6,-0.5,8,NA,8,6,NA,NA,2,NA,NA,1,NA,NA,NA,NA,NA,NA,NA
2023-2024,Coppin St.,MEAC,19,Laila Ibrahim,So,OPP,6-1,32,30,105,NA,201,73,379,0.338,1,NA,1,30,NA,22,89,10,NA,267.5,2,NA,NA,13,NA,NA,NA
2023-2024,Coppin St.,MEAC,20,TaKenya Stafford,So,OH,5-11,32,31,111,NA,363,146,1026,0.212,14,16,24,294,27,4,35,6,NA,400.5,NA,NA,NA,634,10,NA,NA
2023-2024,Coppin St.,MEAC,21,Divine Muo,So,OH,5-10,16,2,25,NA,14,17,56,-0.054,NA,NA,NA,7,NA,NA,7,NA,NA,17.5,1,NA,NA,1,NA,NA,NA
2023-2024,Delaware St.,MEAC,1,Gerren Tomlin,So,OH,5-10,28,18,90,NA,175,99,510,0.149,5,31,44,187,28,2,13,3,NA,214.5,1,NA,NA,349,1,NA,NA
2023-2024,Delaware St.,MEAC,3,Elvira Agaton,So,DS,5-4,1,0,1,NA,0,0,0,NA,NA,NA,NA,NA,NA,NA,NA,NA,NA,NA,NA,NA,NA,NA,NA,NA,NA
2023-2024,Delaware St.,MEAC,7,Maria Verrier,So,OH,5-9,19,1,59,NA,1,3,8,-0.25,8,21,26,13,NA,NA,NA,NA,NA,22,NA,NA,NA,1,NA,NA,NA
2023-2024,Delaware St.,MEAC,10,Ajaylah Pitts,So,S,5-7,4,0,4,NA,0,0,1,0,3,NA,NA,NA,NA,NA,NA,NA,NA,NA,NA,NA,NA,NA,NA,NA,NA
2023-2024,Delaware St.,MEAC,12,Daisey Ramos,So,OH,5-10,6,0,6,NA,2,1,7,0.143,NA,3,1,2,1,NA,NA,NA,NA,5,NA,NA,NA,6,NA,NA,NA
2023-2024,Delaware St.,MEAC,14,Shalyn Garcia,So,DS,5-5,2,0,2,NA,0,0,0,NA,NA,NA,1,3,1,NA,NA,NA,NA,NA,NA,NA,NA,NA,NA,NA,NA
2023-2024,Delaware St.,MEAC,17,Naz Tuncay,So,S,5-11,28,22,99,NA,8,11,112,-0.027,497,22,15,163,NA,1,NA,2,NA,31,8,NA,NA,4,1,NA,NA
2023-2024,Delaware St.,MEAC,23,Kimberly Czepukaitis,So,MB,6-1,24,21,79,NA,101,43,221,0.262,2,NA,NA,30,1,12,32,6,NA,129,NA,NA,NA,22,NA,NA,NA
2023-2024,Delaware St.,MEAC,25,Julia Kneba,So,OPP,5-11,21,3,56,NA,74,21,174,0.305,2,3,2,22,NA,1,7,4,NA,81.5,NA,NA,NA,11,NA,NA,NA
2023-2024,Delaware St.,MEAC,28,Madison Martin,So,DS,5-9,4,0,6,NA,0,0,0,NA,1,3,5,1,NA,NA,NA,NA,NA,3,NA,NA,NA,NA,NA,NA,NA
2023-2024,Howard,MEAC,4,Claire Simpson,So,L,5-6,32,0,116,NA,9,1,53,0.151,74,16,29,467,49,NA,NA,NA,NA,25,NA,NA,NA,699,NA,NA,NA
2023-2024,Howard,MEAC,9,Rya McKinnon,So,OH,5-11,32,31,113,NA,406,181,1060,0.212,25,32,74,237,33,4,22,5,NA,453,3,NA,NA,574,8,NA,NA
2023-2024,Howard,MEAC,11,Maddie Siegel,So,OH,5-11,14,0,24,NA,1,1,4,0,NA,1,9,7,1,NA,NA,NA,NA,2,NA,NA,NA,1,NA,NA,NA
2023-2024,Howard,MEAC,13,Leah Reeves,So,S,5-9,26,6,73,NA,1,1,25,0,176,14,21,57,NA,NA,NA,NA,NA,15,4,NA,NA,2,1,NA,NA
2023-2024,Morgan St.,MEAC,8,Jadyn Perkins,So,MB,6-1,1,0,1,NA,0,0,0,NA,NA,NA,NA,NA,NA,NA,NA,NA,NA,NA,NA,NA,NA,NA,NA,NA,NA
2023-2024,N.C. Central,MEAC,3,Neira Joldic,So,DS,5-2,21,0,61,NA,1,0,2,0.5,4,13,13,83,11,NA,NA,NA,NA,14,NA,NA,NA,165,NA,NA,NA
2023-2024,N.C. Central,MEAC,13,Kamren Harper,So,OH,5-11,24,24,93,NA,253,146,691,0.155,6,11,19,114,43,4,14,3,NA,275,NA,NA,NA,403,3,NA,NA
2023-2024,N.C. Central,MEAC,23,Jaelyn Hall,So,OH,5-10,4,0,9,NA,1,2,5,-0.2,NA,NA,2,5,NA,NA,NA,1,NA,1,NA,NA,NA,4,NA,NA,NA
2023-2024,N.C. Central,MEAC,36,Emmie Modlin,So,OH,5-11,24,24,96,NA,293,115,791,0.225,101,20,28,174,5,6,33,1,NA,335.5,6,NA,NA,123,8,NA,NA
2023-2024,Norfolk St.,MEAC,1,Sydney McCree,So,S,5-11,23,22,83,NA,67,34,271,0.122,668,28,52,155,NA,2,17,7,NA,105.5,9,NA,NA,7,3,NA,NA
2023-2024,Norfolk St.,MEAC,15,Raquel Lightbourn,So,OH,5-9,12,3,23,NA,20,11,54,0.167,NA,1,1,9,NA,1,4,NA,NA,24,NA,NA,NA,3,NA,NA,NA
2023-2024,South Carolina St.,MEAC,2,Miya Benson,So,L/DS,5-2,26,12,76,NA,1,3,12,-0.167,17,15,24,143,38,NA,NA,NA,NA,16,NA,NA,NA,291,NA,NA,NA
2023-2024,South Carolina St.,MEAC,4,Hailey Harris,So,MB,6-1,22,22,69,NA,127,49,336,0.232,3,15,17,25,NA,13,44,3,NA,177,3,NA,NA,5,NA,NA,NA
2023-2024,South Carolina St.,MEAC,5,Hedia Lewis,So,DS,5-9,17,0,31,NA,0,2,5,-0.4,3,NA,3,36,13,NA,NA,NA,NA,NA,NA,NA,NA,70,NA,NA,NA
2023-2024,South Carolina St.,MEAC,12,Inara Brady,So,S,5-9,4,0,6,NA,0,0,0,NA,2,NA,NA,NA,1,NA,NA,NA,NA,NA,NA,NA,NA,NA,NA,NA,NA
2023-2024,South Carolina St.,MEAC,16,McKinley Roach,So,MB,6-0,29,29,93,NA,93,48,289,0.156,3,1,5,21,1,11,41,12,NA,125.5,NA,NA,NA,14,NA,NA,NA
2023-2024,UMES,MEAC,1,Valeria Matias,So,L/DS,5-4,25,2,95,NA,5,1,32,0.125,87,20,25,323,30,NA,NA,NA,NA,25,2,NA,NA,433,NA,NA,NA
2023-2024,UMES,MEAC,2,Nkemjika Ikemefuna,So,OH,5-11,26,24,100,NA,242,137,657,0.16,8,27,25,127,30,5,35,4,NA,291.5,1,NA,NA,264,3,NA,NA
2023-2024,UMES,MEAC,9,Anjola Omolewa,So,MB,5-10,27,26,106,NA,161,58,368,0.28,7,25,27,54,NA,12,71,9,NA,233.5,1,NA,NA,NA,NA,NA,NA
2023-2024,UMES,MEAC,16,Lyric Snowden,So,OH,5-10,17,1,53,NA,67,39,218,0.128,3,NA,1,12,NA,NA,11,3,NA,72.5,2,NA,NA,2,NA,NA,NA
2023-2024,Belmont,MVC,3,Brenna Kauffeld,So,OH,5-10,25,12,72,NA,163,94,440,0.157,2,NA,NA,22,NA,2,28,1,NA,179,NA,NA,NA,4,NA,NA,NA
2023-2024,Belmont,MVC,9,Emily Warmenhoven,So,OH,5-11,26,8,76,NA,171,94,529,0.146,1,9,13,57,27,5,18,3,NA,194,NA,NA,NA,299,1,NA,NA
2023-2024,Belmont,MVC,10,Lilly Lutz,So,L/DS,5-6,33,8,117,NA,1,0,12,0.083,38,20,26,209,19,NA,NA,NA,NA,21,NA,NA,NA,372,NA,NA,NA
2023-2024,Belmont,MVC,12,Brooke Gilleland,So,OH,5-11,32,13,103,NA,295,140,795,0.195,6,7,24,95,14,4,24,7,NA,318,NA,NA,NA,297,NA,NA,NA
2023-2024,Bradley,MVC,4,Gianna Ptaszek,So,L/DS,5-5,21,2,59,NA,0,1,5,-0.2,2,5,7,68,8,NA,NA,NA,NA,5,1,NA,NA,107,NA,NA,NA
2023-2024,Bradley,MVC,21,Kendall Minta,So,MB,6-3,31,31,113,NA,211,82,458,0.282,3,NA,NA,12,NA,27,98,7,NA,287,6,NA,NA,5,NA,NA,NA
2023-2024,Drake,MVC,1,Addison Beagle,So,S,5-10,35,30,125,NA,25,3,100,0.22,1066,28,41,266,1,1,14,7,NA,61,13,NA,NA,7,13,NA,NA
2023-2024,Drake,MVC,2,Gabbie Schroeder,So,L/DS,5-8,18,0,46,NA,0,0,0,NA,4,7,7,46,3,NA,NA,NA,NA,7,NA,NA,NA,55,NA,NA,NA
2023-2024,Drake,MVC,5,Macy Daufeldt,So,OH,5-11,35,35,126,NA,406,176,1127,0.204,28,21,48,328,43,3,47,6,NA,453.5,3,NA,NA,909,7,NA,NA
2023-2024,Drake,MVC,7,Madison Geise,So,S,6-0,25,5,75,NA,19,6,67,0.194,422,NA,1,45,NA,3,32,NA,NA,38,12,NA,NA,1,NA,NA,NA
2023-2024,Drake,MVC,19,Jasmine Dulan,So,OH,5-9,2,0,3,NA,0,1,5,-0.2,1,NA,NA,NA,3,NA,1,NA,NA,0.5,NA,NA,NA,6,NA,NA,NA
2023-2024,Evansville,MVC,3,Maddie Hawkins,So,DS,5-6,30,0,109,NA,0,0,3,0,4,20,17,47,NA,NA,NA,NA,NA,20,NA,NA,NA,9,NA,NA,NA
2023-2024,Evansville,MVC,9,Kora Ruff,So,S,5-7,28,27,100,NA,6,3,60,0.05,1039,24,16,284,NA,1,33,4,NA,47.5,17,NA,NA,7,14,NA,NA
2023-2024,Illinois St.,MVC,5,Samantha Bunch,So,S,5-8,9,5,27,NA,3,2,10,0.1,8,2,9,37,9,NA,1,NA,NA,5.5,NA,NA,NA,107,NA,NA,NA
2023-2024,Illinois St.,MVC,6,Emily Weber,So,S,6-0,31,31,109,NA,97,20,268,0.287,965,33,28,215,1,4,59,6,NA,163.5,15,NA,NA,2,6,NA,NA
2023-2024,Illinois St.,MVC,7,Aida Shadewald,So,OH,6-1,31,31,110,NA,384,186,1085,0.182,30,36,48,222,46,6,40,1,NA,446,2,NA,NA,855,6,NA,NA
2023-2024,Illinois St.,MVC,11,Kendall Burk,So,S,6-0,6,0,8,NA,0,0,0,NA,6,2,NA,4,NA,NA,NA,NA,NA,2,1,NA,NA,NA,NA,NA,NA
2023-2024,Illinois St.,MVC,17,Regan Haith,So,MB,6-2,11,10,39,NA,78,27,199,0.256,2,6,13,22,NA,6,37,4,NA,108.5,NA,NA,NA,1,NA,NA,NA
2023-2024,Illinois St.,MVC,19,Hannah Reichensperger,So,MB,6-1,26,26,88,NA,234,67,539,0.31,8,10,1,54,2,22,62,13,NA,297,1,NA,NA,8,NA,NA,NA
2023-2024,Indiana St.,MVC,5,Cadence Gilley,So,L/DS,5-4,23,2,72,NA,0,0,4,0,31,11,23,159,22,NA,NA,NA,NA,11,1,NA,NA,297,NA,NA,NA
2023-2024,Missouri St.,MVC,3,Hannah Shaw,So,RS,5-11,1,0,1,NA,0,0,1,0,NA,NA,NA,NA,NA,NA,NA,NA,NA,NA,NA,NA,NA,NA,NA,NA,NA
2023-2024,Missouri St.,MVC,4,Josie Halbleib,So,S,6-1,19,4,59,NA,46,18,136,0.206,311,2,4,53,NA,NA,31,2,NA,63.5,4,NA,NA,2,1,NA,NA
2023-2024,Missouri St.,MVC,12,Lucca Dunser,So,OH,5-11,1,0,1,NA,0,0,0,NA,NA,NA,NA,NA,NA,NA,NA,NA,NA,NA,NA,NA,NA,NA,NA,NA,NA
2023-2024,Murray St.,MVC,1,Gabriela Felix-Baeza,So,L/DS,5-6,24,8,86,NA,1,0,4,0.25,8,14,9,157,27,NA,NA,NA,NA,15,NA,NA,NA,325,NA,NA,NA
2023-2024,Murray St.,MVC,4,Julia Fullop,So,OH,5-7,25,6,97,NA,1,2,5,-0.2,21,20,18,221,28,NA,NA,NA,NA,21,NA,NA,NA,565,NA,NA,NA
2023-2024,Murray St.,MVC,9,Federica Nuccio,So,OH,5-10,22,11,86,NA,105,45,314,0.191,11,17,25,149,28,1,10,1,NA,128,NA,NA,NA,311,1,NA,NA
2023-2024,Murray St.,MVC,11,Ella Vogel,So,OH,6-2,27,20,106,NA,325,133,1011,0.19,7,3,6,90,14,11,29,2,NA,353.5,NA,NA,NA,84,1,NA,NA
2023-2024,Murray St.,MVC,12,Haidi Miliou,So,MB,6-0,27,27,103,NA,242,56,549,0.339,15,6,12,53,NA,7,63,1,NA,286.5,1,NA,NA,3,NA,NA,NA
2023-2024,Southern Ill.,MVC,2,Cecilia Bulmahn,So,OH,5-9,32,8,115,NA,52,32,199,0.101,78,21,26,451,30,1,4,NA,NA,76,NA,NA,NA,658,NA,NA,NA
2023-2024,Southern Ill.,MVC,3,Kelly Franklin,So,OH,5-11,29,5,104,NA,215,85,590,0.22,6,NA,1,47,NA,4,42,10,NA,240,1,NA,NA,5,NA,NA,NA
2023-2024,Southern Ill.,MVC,4,Claudia Bobb,So,DS,5-9,19,1,56,NA,0,1,6,-0.167,23,4,9,134,11,NA,NA,NA,NA,4,NA,NA,NA,250,NA,NA,NA
2023-2024,Southern Ill.,MVC,15,Brinley Burdette,So,MH,6-1,26,14,77,NA,32,5,64,0.422,14,19,21,52,NA,1,35,5,NA,69.5,NA,NA,NA,5,NA,NA,NA
2023-2024,Southern Ill.,MVC,19,Annabelle Sulish,So,OH,6-0,32,23,113,NA,306,166,859,0.163,8,18,47,207,37,5,36,7,NA,347,3,NA,NA,685,4,NA,NA
2023-2024,UIC,MVC,2,Cleo Lorenzo,So,OH,5-11,32,30,109,NA,214,95,615,0.193,16,17,12,216,31,4,35,4,NA,252.5,NA,NA,NA,545,5,NA,NA
2023-2024,UIC,MVC,3,Francesca Venturini,So,S,5-11,33,10,116,NA,17,2,60,0.25,794,30,23,186,NA,NA,15,4,NA,54.5,9,NA,NA,7,2,NA,NA
2023-2024,UIC,MVC,13,Ayat Amin,So,OH,5-10,21,7,77,NA,242,75,516,0.324,7,4,10,27,1,4,47,8,NA,273.5,1,NA,NA,19,NA,NA,NA
2023-2024,UIC,MVC,17,Mehl Hansen,So,S,5-9,9,0,12,NA,1,0,7,0.143,27,1,5,10,NA,NA,NA,NA,NA,2,NA,NA,NA,1,NA,NA,NA
2023-2024,UIC,MVC,21,Colleen Hege,So,L,5-8,6,1,10,NA,0,0,2,0,7,NA,3,15,4,NA,NA,NA,NA,NA,NA,NA,NA,26,NA,NA,NA
2023-2024,UNI,MVC,3,Kara Oxenknecht,So,MB,6-1,3,1,6,NA,5,3,18,0.111,1,NA,NA,2,NA,NA,8,1,NA,9,NA,NA,NA,3,NA,NA,NA
2023-2024,UNI,MVC,13,Calia Clubb,So,OPP,6-1,4,0,4,NA,1,5,15,-0.267,NA,NA,NA,1,NA,NA,1,NA,NA,1.5,NA,NA,NA,NA,NA,NA,NA
2023-2024,UNI,MVC,18,Sydney Golden,So,S,5-8,15,0,31,NA,1,1,3,0,79,NA,3,19,NA,NA,NA,NA,NA,1,3,NA,NA,NA,NA,NA,NA
2023-2024,UNI,MVC,23,Layanna Green,So,MB,6-0,33,33,113,NA,260,63,512,0.385,9,19,18,111,NA,10,73,18,NA,325.5,1,NA,NA,11,NA,NA,NA
2023-2024,Valparaiso,MVC,1,Emma Hickey,So,L,5-8,33,1,121,NA,31,10,82,0.256,128,18,12,628,44,NA,NA,NA,NA,49,1,NA,NA,722,1,NA,NA
2023-2024,Valparaiso,MVC,11,Addy Kois,So,S,5-11,33,18,118,NA,16,4,54,0.222,617,28,38,199,NA,NA,NA,4,NA,44,8,NA,NA,6,2,NA,NA
2023-2024,Valparaiso,MVC,15,Claire Campbell,So,MH,6-2,6,0,7,NA,1,2,7,-0.143,NA,NA,1,1,NA,NA,NA,NA,NA,1,NA,NA,NA,1,NA,NA,NA
2023-2024,Valparaiso,MVC,22,Sam Warren,So,RS,5-10,33,16,114,NA,204,93,531,0.209,6,NA,NA,55,2,6,59,3,NA,239.5,NA,NA,NA,6,NA,NA,NA
2023-2024,Valparaiso,MVC,24,Maddie Moan,So,RS,6-1,18,3,38,NA,53,20,124,0.266,2,NA,NA,13,NA,NA,23,1,NA,64.5,NA,NA,NA,NA,NA,NA,NA
2023-2024,Air Force,Mountain West,1,Savanah Johnson,So,RS,5-9,17,0,47,NA,49,25,134,0.179,3,NA,NA,10,NA,3,15,1,NA,59.5,NA,NA,NA,20,NA,NA,NA
2023-2024,Air Force,Mountain West,6,Alex Hatchett,So,MB,5-11,1,0,1,NA,0,0,0,NA,NA,NA,NA,NA,NA,NA,NA,NA,NA,NA,NA,NA,NA,NA,NA,NA,NA
2023-2024,Air Force,Mountain West,10,Ashley Bible,So,OH,5-9,27,22,91,NA,149,88,481,0.127,14,14,32,132,32,3,22,2,NA,177,NA,NA,NA,377,2,NA,NA
2023-2024,Air Force,Mountain West,18,Greta Hans,So,S,5-8,4,0,10,NA,3,2,5,0.2,27,1,5,8,NA,NA,NA,NA,NA,4,1,NA,NA,NA,NA,NA,NA
2023-2024,Air Force,Mountain West,23,Jordan Suan,So,L/DS,5-4,29,0,113,NA,2,0,10,0.2,110,16,32,424,39,NA,NA,NA,NA,18,4,NA,NA,596,NA,NA,NA
2023-2024,Boise St.,Mountain West,9,Kiersten Van Kirk,So,OPP,6-3,28,14,91,NA,89,36,292,0.182,6,6,7,41,1,6,47,16,NA,124.5,1,NA,NA,8,NA,NA,NA
2023-2024,Boise St.,Mountain West,10,Nicole Jacob,So,S,5-8,7,0,12,NA,0,0,0,NA,8,1,1,3,NA,NA,NA,NA,NA,1,1,NA,NA,NA,NA,NA,NA
2023-2024,Boise St.,Mountain West,11,Breanna Mitchell,So,L/DS,5-6,29,4,105,NA,3,3,32,0,100,36,37,363,27,NA,NA,NA,NA,39,3,NA,NA,599,NA,NA,NA
2023-2024,Boise St.,Mountain West,13,Bella McGirr,So,L/DS,5-4,29,8,105,NA,0,3,12,-0.25,59,15,9,284,31,NA,NA,NA,NA,15,2,NA,NA,498,NA,NA,NA
2023-2024,Boise St.,Mountain West,22,Elle Cotton,So,S,6-0,27,3,87,NA,2,0,15,0.133,64,24,19,35,NA,NA,NA,2,NA,26,1,NA,NA,NA,NA,NA,NA
2023-2024,Colorado St.,Mountain West,18,Kate Yoshimoto,So,DS,5-2,31,0,127,NA,2,0,11,0.182,132,15,35,421,29,NA,NA,NA,NA,17,NA,NA,NA,671,NA,NA,NA
2023-2024,Fresno St.,Mountain West,4,Addison Haluska,So,MB,6-0,33,33,131,NA,411,150,1119,0.233,15,47,72,158,2,10,61,6,NA,498.5,NA,NA,NA,9,4,NA,NA
2023-2024,Fresno St.,Mountain West,6,Olivia Keller,So,OH,6-1,18,0,32,NA,20,20,75,0,NA,NA,NA,5,4,NA,2,NA,NA,21,NA,NA,NA,41,NA,NA,NA
2023-2024,Fresno St.,Mountain West,23,Jenna Legault,So,OH,6-0,33,24,126,NA,300,155,915,0.158,3,1,1,58,18,9,39,1,NA,329.5,1,NA,NA,121,NA,NA,NA
2023-2024,Nevada,Mountain West,2,Mia Fearnley,So,OH,5-10,5,0,5,NA,3,8,18,-0.278,NA,NA,1,1,5,NA,NA,1,NA,3,NA,NA,NA,16,NA,NA,NA
2023-2024,Nevada,Mountain West,4,Bella Snyder,So,MB,6-0,29,29,110,NA,147,49,372,0.263,9,17,15,50,NA,15,93,19,NA,225.5,1,NA,NA,14,NA,NA,NA
2023-2024,Nevada,Mountain West,6,Nicanora Clarke,So,OH,6-0,21,20,85,NA,237,110,720,0.176,10,26,29,126,22,4,45,2,NA,289.5,2,NA,NA,221,3,NA,NA
2023-2024,Nevada,Mountain West,15,Jordan Sandy,So,MB,6-3,28,28,108,NA,144,57,410,0.212,1,NA,NA,14,1,24,108,14,NA,222,NA,NA,NA,9,NA,NA,NA
2023-2024,Nevada,Mountain West,18,Emilie Parker,So,L/DS,5-8,10,0,22,NA,0,0,0,NA,1,3,8,4,NA,NA,NA,NA,NA,3,NA,NA,NA,17,NA,NA,NA
2023-2024,Nevada,Mountain West,32,Gabby McLaughlin,So,OH,5-8,21,21,76,NA,209,116,711,0.131,13,21,15,147,44,7,19,4,NA,246.5,1,NA,NA,487,7,NA,NA
2023-2024,New Mexico,Mountain West,4,Lauryn Payne,So,OH,5-11,26,0,65,NA,40,31,148,0.061,1,NA,NA,31,NA,1,22,NA,NA,52,NA,NA,NA,2,NA,NA,NA
2023-2024,San Diego St.,Mountain West,3,McKenna Douglas,So,L/DS,5-7,29,0,107,NA,2,1,7,0.143,66,17,27,398,57,NA,NA,NA,NA,19,1,NA,NA,722,NA,NA,NA
2023-2024,San Diego St.,Mountain West,7,Madison Corf,So,OH,5-11,24,16,83,NA,213,121,544,0.169,5,7,19,74,25,8,26,6,NA,241,NA,NA,NA,264,1,NA,NA
2023-2024,San Diego St.,Mountain West,10,Taylor Underwood,So,OPP,6-2,29,29,107,NA,334,127,844,0.245,4,37,56,56,1,4,34,6,NA,392,2,NA,NA,2,NA,NA,NA
2023-2024,San Diego St.,Mountain West,16,Sarena Gonzalez,So,S,5-8,28,6,103,NA,5,2,20,0.15,509,4,14,141,NA,NA,NA,NA,NA,9,14,NA,NA,3,3,NA,NA
2023-2024,San Diego St.,Mountain West,21,Kat Cooper,So,MB,6-1,14,9,37,NA,48,27,121,0.174,3,3,5,10,NA,1,21,5,NA,62.5,NA,NA,NA,2,NA,NA,NA
2023-2024,Utah St.,Mountain West,5,Leah Wilton-LaBoy,So,S,5-8,31,29,114,NA,39,7,69,0.464,628,30,40,208,NA,NA,NA,NA,NA,69,10,NA,NA,4,3,NA,NA
2023-2024,Utah St.,Mountain West,12,Kaylie Ray,So,OH,6-0,20,1,65,NA,117,75,286,0.147,5,NA,NA,23,1,6,25,5,NA,135.5,NA,NA,NA,3,NA,NA,NA
2023-2024,Utah St.,Mountain West,15,Bella Wooden,So,MB,6-3,8,5,21,NA,19,15,52,0.077,2,NA,3,2,NA,4,22,5,NA,34,NA,NA,NA,4,NA,NA,NA
2023-2024,Wyoming,Mountain West,2,Tierney Barlow,So,OH,6-2,29,29,109,NA,324,87,630,0.376,6,31,30,77,2,26,98,11,NA,430,1,NA,NA,18,NA,NA,NA
2023-2024,Wyoming,Mountain West,6,Sarah Holcomb,So,MB,6-2,31,31,115,NA,242,73,528,0.32,4,NA,NA,19,1,31,115,14,NA,330.5,2,NA,NA,15,1,NA,NA
2023-2024,Wyoming,Mountain West,10,Skylar Erickson,So,L/DS,5-8,32,16,121,NA,3,1,11,0.182,72,32,64,292,27,NA,NA,NA,NA,35,NA,NA,NA,436,1,NA,NA
2023-2024,Wyoming,Mountain West,11,Rylee Schulz,So,OH,6-0,32,32,121,NA,397,170,1007,0.225,33,35,63,246,37,5,38,7,NA,456,1,NA,NA,735,9,NA,NA
2023-2024,Central Conn. St.,NEC,12,Weronika Poczynek,So,OH,5-7,26,26,95,NA,266,144,815,0.15,13,25,33,288,47,2,23,2,NA,304.5,2,NA,NA,601,10,NA,NA
2023-2024,FDU,NEC,4,Samantha Wittholz,So,S,5-11,7,0,11,NA,1,0,1,1,9,3,3,7,NA,NA,NA,NA,NA,4,2,NA,NA,NA,NA,NA,NA
2023-2024,FDU,NEC,8,Giorgia Vaschetti,So,OH,6-2,30,16,105,NA,227,111,646,0.18,11,1,3,84,11,6,42,3,NA,255,1,NA,NA,90,NA,NA,NA
2023-2024,FDU,NEC,9,Vittoria Bertoli,So,MB,6-2,1,0,1,NA,0,0,0,NA,NA,NA,NA,NA,NA,NA,NA,NA,NA,NA,NA,NA,NA,NA,NA,NA,NA
2023-2024,FDU,NEC,13,Kylie Nott,So,OH,6-0,29,24,104,NA,204,99,551,0.191,6,2,10,59,9,3,45,5,NA,231.5,NA,NA,NA,23,1,NA,NA
2023-2024,FDU,NEC,17,Kimber Lang,So,MB,6-0,12,1,18,NA,11,6,24,0.208,NA,NA,1,1,NA,1,5,NA,NA,14.5,NA,NA,NA,1,NA,NA,NA
2023-2024,FDU,NEC,19,MacKenzy Ruggiero,So,RS,5-11,8,2,29,NA,59,28,183,0.169,2,NA,NA,14,NA,1,9,2,NA,64.5,NA,NA,NA,NA,NA,NA,NA
2023-2024,FDU,NEC,22,Kyndal Ganoe,So,L,5-7,30,0,90,NA,0,0,11,0,38,21,23,164,28,NA,NA,NA,NA,21,1,NA,NA,378,NA,NA,NA
2023-2024,LIU,NEC,6,Hannah Chappelle,So,OH,5-11,3,0,6,NA,3,0,3,1,NA,NA,NA,6,NA,NA,NA,NA,NA,3,NA,NA,NA,NA,NA,NA,NA
2023-2024,LIU,NEC,11,Amaris Smith,So,OH,6-2,31,29,112,NA,303,127,988,0.178,8,35,27,171,51,5,47,7,NA,366.5,3,NA,NA,468,2,NA,NA
2023-2024,LIU,NEC,12,Selina Koc,So,S,5-11,31,29,113,NA,25,7,88,0.205,797,30,45,205,NA,4,49,10,NA,83.5,11,NA,NA,7,6,NA,NA
2023-2024,Le Moyne,NEC,7,Nil Ezgi Tasdelen,So,MB,6-0,25,25,79,NA,66,40,222,0.117,2,NA,NA,18,2,4,22,3,NA,81,1,NA,NA,9,NA,NA,NA
2023-2024,Le Moyne,NEC,13,Haley Gerken,So,S,5-7,25,25,79,NA,15,9,92,0.065,496,29,19,130,1,NA,11,1,NA,49.5,7,NA,NA,6,2,NA,NA
2023-2024,Le Moyne,NEC,17,Kayla Anstett,So,MB,6-0,25,25,79,NA,155,83,520,0.138,7,18,54,52,23,5,41,NA,NA,198.5,2,NA,NA,145,NA,NA,NA
2023-2024,Merrimack,NEC,3,Marilyn Whitcavitch,So,MB,6-1,28,15,98,NA,109,63,332,0.139,3,1,3,24,2,10,30,7,NA,135,3,NA,NA,12,NA,NA,NA
2023-2024,Merrimack,NEC,7,Molly O'Donnell,So,OH,5-10,3,0,3,NA,0,1,3,-0.333,NA,NA,1,NA,NA,NA,NA,NA,NA,NA,NA,NA,NA,NA,NA,NA,NA
2023-2024,Merrimack,NEC,11,Amanda Gately,So,L/DS,5-3,22,2,67,NA,0,2,11,-0.182,10,11,32,61,14,NA,NA,NA,NA,11,1,NA,NA,89,NA,NA,NA
2023-2024,Merrimack,NEC,14,Hannah Webber,So,MB,6-0,22,18,71,NA,193,97,506,0.19,2,2,7,32,3,2,9,4,NA,201.5,3,NA,NA,29,NA,NA,NA
2023-2024,Merrimack,NEC,15,Cate Wright,So,OH,5-9,22,22,80,NA,201,115,703,0.122,11,42,31,171,29,4,18,2,NA,256,2,NA,NA,408,3,NA,NA
2023-2024,Sacred Heart,NEC,1,Eliana Rodgers,So,OH,5-11,17,7,45,NA,29,21,110,0.073,11,10,17,49,7,NA,3,NA,NA,40.5,NA,NA,NA,124,NA,NA,NA
2023-2024,Sacred Heart,NEC,15,Lauren Harrell,So,RS,6-2,4,3,12,NA,19,11,63,0.127,NA,NA,2,4,NA,1,7,NA,NA,23.5,NA,NA,NA,2,NA,NA,NA
2023-2024,Sacred Heart,NEC,17,Sloane Rooney,So,S,5-10,26,6,63,NA,0,2,4,-0.5,90,12,12,47,NA,NA,NA,NA,NA,12,5,NA,NA,1,NA,NA,NA
2023-2024,Sacred Heart,NEC,19,Piper Willinger,So,S,5-9,10,0,19,NA,0,0,1,0,NA,NA,6,2,NA,NA,NA,NA,NA,NA,NA,NA,NA,NA,NA,NA,NA
2023-2024,Sacred Heart,NEC,21,Gracie DiNardo,So,OH,6-0,2,0,5,NA,1,2,7,-0.143,NA,NA,NA,NA,NA,NA,3,1,NA,2.5,NA,NA,NA,NA,NA,NA,NA
2023-2024,Saint Francis,NEC,2,Alexa Chapla,So,L,5-4,19,0,54,NA,0,1,3,-0.333,4,7,17,41,5,NA,NA,NA,NA,7,NA,NA,NA,70,NA,NA,NA
2023-2024,Saint Francis,NEC,5,Kori McClure,So,OH,6-0,26,19,90,NA,183,84,462,0.214,15,10,17,82,NA,NA,31,7,NA,208.5,1,NA,NA,6,1,NA,NA
2023-2024,Saint Francis,NEC,12,Korrin Burns,So,OH,5-11,25,25,90,NA,324,155,864,0.196,22,23,30,229,44,1,20,3,NA,358,2,NA,NA,671,9,NA,NA
2023-2024,Saint Francis,NEC,22,Alexandra Sappia,So,S,5-9,26,22,100,NA,15,9,63,0.095,638,38,35,177,NA,1,6,NA,NA,57,6,NA,NA,3,6,NA,NA
2023-2024,Stonehill,NEC,1,Mia Berardino,So,OH,6-0,32,31,108,NA,199,118,690,0.117,12,24,65,132,40,6,19,4,NA,238.5,1,NA,NA,428,NA,NA,NA
2023-2024,Stonehill,NEC,11,Alayna Rooney,So,L,5-5,18,0,36,NA,0,1,6,-0.167,7,2,10,37,13,NA,NA,NA,NA,2,NA,NA,NA,122,NA,NA,NA
2023-2024,Stonehill,NEC,15,Delaney Mihelich,So,S,5-7,28,15,92,NA,23,4,72,0.264,325,31,37,103,NA,NA,2,2,NA,55,4,NA,NA,9,NA,NA,NA
2023-2024,Stonehill,NEC,22,Kaitlyn Watson,So,MB,5-10,11,11,29,NA,30,18,79,0.152,2,NA,2,5,3,NA,17,8,NA,38.5,2,NA,NA,4,NA,NA,NA
2023-2024,Eastern Ill.,OVC,9,Catalina Rochaix,So,S,5-9,31,31,116,NA,56,24,214,0.15,1279,25,19,214,NA,2,32,4,NA,99,7,NA,NA,7,8,NA,NA
2023-2024,Eastern Ill.,OVC,10,Tori Mohesky,So,OH,5-11,18,2,39,NA,41,24,137,0.124,2,6,15,49,5,NA,3,2,NA,48.5,NA,NA,NA,37,1,NA,NA
2023-2024,Eastern Ill.,OVC,12,Kate Dean,So,MB,6-3,29,29,106,NA,209,53,474,0.329,7,11,19,35,2,5,57,5,NA,253.5,NA,NA,NA,6,NA,NA,NA
2023-2024,Eastern Ill.,OVC,14,Lilli Amettis,So,OH,5-9,8,0,15,NA,14,13,49,0.02,1,NA,NA,3,NA,NA,5,1,NA,16.5,NA,NA,NA,NA,NA,NA,NA
2023-2024,Eastern Ill.,OVC,23,Sylvia Hasz,So,OPP,6-0,31,2,105,NA,2,5,18,-0.167,128,34,5,119,NA,NA,1,NA,NA,36.5,3,NA,NA,1,NA,NA,NA
2023-2024,Lindenwood,OVC,18,Mia Kunnert,So,L,5-7,10,0,16,NA,0,0,1,0,2,3,4,14,2,NA,NA,NA,NA,3,NA,NA,NA,19,NA,NA,NA
2023-2024,Little Rock,OVC,4,Lindsey Cross,So,RS,5-11,9,1,10,NA,4,7,24,-0.125,NA,NA,NA,1,NA,NA,NA,NA,NA,4,NA,NA,NA,1,NA,NA,NA
2023-2024,Little Rock,OVC,5,Jaycee Kennedy,So,MB,6-0,30,30,109,NA,83,56,267,0.101,2,NA,NA,16,NA,11,48,7,NA,118,1,NA,NA,9,NA,NA,NA
2023-2024,Little Rock,OVC,7,Rylee McClintock,So,L/DS,5-8,30,13,103,NA,0,0,12,0,26,2,12,220,36,NA,NA,NA,NA,2,1,NA,NA,488,NA,NA,NA
2023-2024,Little Rock,OVC,9,Kaila Harris,So,OH,5-11,14,7,52,NA,24,21,118,0.025,6,14,14,95,17,NA,4,NA,NA,40,NA,NA,NA,184,NA,NA,NA
2023-2024,Little Rock,OVC,12,Sophia Garrido,So,RS,5-10,30,8,98,NA,122,87,447,0.078,NA,NA,NA,37,NA,9,37,4,NA,149.5,NA,NA,NA,3,NA,NA,NA
2023-2024,Little Rock,OVC,14,Daedrianna Cail,So,MB,5-11,30,29,110,NA,256,70,588,0.316,11,45,64,81,2,39,82,10,NA,381,NA,NA,NA,15,1,NA,NA
2023-2024,Little Rock,OVC,17,Arianna Escudero,So,MB,6-0,13,1,38,NA,29,15,108,0.13,NA,NA,1,12,NA,NA,8,NA,NA,33,1,NA,NA,1,NA,NA,NA
2023-2024,Little Rock,OVC,18,Mihaly Carmona,So,DS,5-8,1,0,1,NA,0,0,0,NA,NA,NA,NA,NA,NA,NA,NA,NA,NA,NA,NA,NA,NA,NA,NA,NA,NA
2023-2024,Morehead St.,OVC,5,M.E. Hargan,So,OH,6-1,31,31,113,NA,391,177,1245,0.172,26,28,20,274,52,9,38,5,NA,447,NA,NA,NA,481,8,NA,NA
2023-2024,Morehead St.,OVC,22,Shea Hefner,So,L/DS,5-6,28,14,102,NA,2,3,17,-0.059,25,34,33,275,24,NA,NA,NA,NA,36,NA,NA,NA,494,NA,NA,NA
2023-2024,SIUE,OVC,2,Paige Montgomery,So,OH,5-9,16,10,58,NA,61,35,241,0.108,6,7,13,59,12,1,16,6,NA,77,1,NA,NA,277,NA,NA,NA
2023-2024,SIUE,OVC,15,Bree Schreimann,So,OH,5-11,21,10,70,NA,122,62,326,0.184,6,NA,NA,30,NA,3,32,6,NA,141,NA,NA,NA,6,NA,NA,NA
2023-2024,Southeast Mo. St.,OVC,6,Jenny Shook,So,S,5-10,9,3,24,NA,6,2,21,0.19,94,4,4,39,NA,NA,3,NA,NA,11.5,2,NA,NA,NA,NA,NA,NA
2023-2024,Southeast Mo. St.,OVC,7,Ramiri Gardner,So,MB,5-11,1,0,1,NA,0,0,0,NA,NA,NA,NA,NA,NA,NA,NA,NA,NA,NA,NA,NA,NA,NA,NA,NA,NA
2023-2024,Southeast Mo. St.,OVC,16,Kalia Morris,So,L/DS,5-2,25,8,87,NA,0,0,1,0,13,16,34,124,4,NA,NA,NA,NA,16,NA,NA,NA,37,NA,NA,NA
2023-2024,Southern Ind.,OVC,3,Jordan Troutman,So,S,5-10,2,0,4,NA,0,0,0,NA,8,1,1,3,NA,NA,NA,NA,NA,1,NA,NA,NA,NA,NA,NA,NA
2023-2024,Southern Ind.,OVC,12,Keira Moore,So,L/DS,5-6,31,0,119,NA,5,0,29,0.172,82,27,29,498,25,NA,NA,NA,NA,32,NA,NA,NA,475,NA,NA,NA
2023-2024,Southern Ind.,OVC,17,Bianca Anderson,So,MH,6-0,31,29,114,NA,244,87,606,0.259,14,NA,1,37,1,6,57,7,NA,278.5,NA,NA,NA,19,NA,NA,NA
2023-2024,Tennessee St.,OVC,16,Gabrielle Johnson,So,MB,6-2,21,20,79,NA,144,65,345,0.229,5,11,22,36,2,19,64,8,NA,206,1,NA,NA,19,NA,NA,NA
2023-2024,Tennessee Tech,OVC,2,Jordan Karlen,So,S,5-9,28,27,109,NA,56,9,157,0.299,1098,19,20,298,NA,1,36,4,NA,94,3,NA,NA,8,14,NA,NA
2023-2024,Tennessee Tech,OVC,27,Ayanna Rodgers,So,MB,6-0,10,10,31,NA,40,18,120,0.183,NA,1,NA,6,NA,5,16,1,NA,54,NA,NA,NA,4,NA,NA,NA
2023-2024,UT Martin,OVC,2,Kayla Bryant,So,OH,5-10,28,28,102,NA,258,171,888,0.098,36,22,43,244,33,4,24,5,NA,296,NA,NA,NA,696,7,NA,NA
2023-2024,UT Martin,OVC,3,Kristin Phillips,So,MB,6-2,28,14,88,NA,132,75,430,0.133,4,NA,NA,20,1,3,30,4,NA,150,NA,NA,NA,6,NA,NA,NA
2023-2024,UT Martin,OVC,6,Hannah Haislip,So,S,5-7,7,0,13,NA,0,1,4,-0.25,20,NA,2,8,NA,NA,NA,NA,NA,NA,NA,NA,NA,NA,NA,NA,NA
2023-2024,UT Martin,OVC,16,Mia Saenz,So,MB,6-1,24,17,69,NA,89,51,285,0.133,10,4,13,25,NA,10,22,4,NA,114,1,NA,NA,NA,NA,NA,NA
2023-2024,Western Ill.,OVC,1,Grace Kremer,So,MB,6-1,30,29,115,NA,109,33,342,0.222,8,17,12,84,NA,7,89,2,NA,177.5,1,NA,NA,15,NA,NA,NA
2023-2024,Western Ill.,OVC,7,Elizabeth Ziegler,So,RS,6-2,18,10,59,NA,100,53,288,0.163,4,NA,NA,36,NA,4,22,5,NA,115,1,NA,NA,1,NA,NA,NA
2023-2024,Arizona,Pac-12,4,Kasen Rosenthal,So,S,6-0,9,0,11,NA,2,1,4,0.25,23,NA,3,4,1,NA,2,NA,NA,3,3,NA,NA,1,NA,NA,NA
2023-2024,Arizona,Pac-12,5,Jordan Wilson,So,OH,6-0,31,19,108,NA,312,144,752,0.223,4,1,3,53,19,7,29,4,NA,334.5,NA,NA,NA,165,NA,NA,NA
2023-2024,Arizona,Pac-12,7,Ana Heath,So,S,5-10,31,31,114,NA,43,28,143,0.105,1037,41,51,258,NA,7,42,7,NA,112,11,NA,NA,3,12,NA,NA
2023-2024,Arizona St.,Pac-12,2,Estella Zatechka,So,L/DS,5-8,25,14,70,NA,1,1,5,0,4,8,11,87,17,NA,NA,NA,NA,9,NA,NA,NA,295,NA,NA,NA
2023-2024,Arizona St.,Pac-12,10,Olivia Johnson,So,MB,6-5,6,2,10,NA,5,3,14,0.143,1,NA,NA,NA,NA,NA,5,3,NA,7.5,NA,NA,NA,1,NA,NA,NA
2023-2024,Arizona St.,Pac-12,11,Mary Shroll,So,DS,5-8,35,0,121,NA,3,2,15,0.067,127,43,66,458,23,NA,NA,NA,NA,46,NA,NA,NA,579,NA,NA,NA
2023-2024,California,Pac-12,4,Paige Morningstar,So,S,6-0,18,0,61,NA,3,0,7,0.429,54,10,20,38,NA,NA,3,1,NA,14.5,1,NA,NA,NA,NA,NA,NA
2023-2024,California,Pac-12,7,Mikayla Hayden,So,MB,6-1,31,31,114,NA,196,73,444,0.277,7,NA,2,22,2,16,75,5,NA,249.5,1,NA,NA,17,NA,NA,NA
2023-2024,California,Pac-12,12,Natalie Lau,So,S,6-0,1,0,2,NA,0,0,0,NA,NA,1,NA,1,NA,NA,NA,NA,NA,1,NA,NA,NA,NA,NA,NA,NA
2023-2024,California,Pac-12,22,Ava Mehrten,So,OPP,6-1,20,15,65,NA,89,54,263,0.133,7,NA,NA,25,NA,6,58,8,NA,124,1,NA,NA,NA,NA,NA,NA
2023-2024,California,Pac-12,42,Sophie Scott,So,MB,6-3,16,10,48,NA,55,22,153,0.216,2,NA,NA,15,1,7,43,5,NA,83.5,1,NA,NA,16,NA,NA,NA
2023-2024,California,Pac-12,55,Peyton DeJardin,So,OH,6-1,13,0,23,NA,38,15,127,0.181,4,3,3,24,3,NA,5,NA,NA,43.5,NA,NA,NA,47,NA,NA,NA
2023-2024,Colorado,Pac-12,3,Rian Finley,So,S,6-0,13,2,25,NA,2,0,4,0.5,48,2,4,7,NA,NA,2,NA,NA,5,1,NA,NA,NA,NA,NA,NA
2023-2024,Colorado,Pac-12,14,Kendall Meller,So,OH,6-2,10,1,19,NA,3,4,16,-0.063,NA,1,NA,1,NA,NA,3,1,NA,5.5,NA,NA,NA,NA,NA,NA,NA
2023-2024,Oregon,Pac-12,7,Colby Neal,So,MB,6-3,13,6,35,NA,30,15,70,0.214,NA,NA,NA,5,NA,3,28,2,NA,47,1,NA,NA,4,NA,NA,NA
2023-2024,Oregon,Pac-12,15,Mimi Colyer,So,OH,6-3,35,35,126,NA,471,209,1268,0.207,19,44,84,302,20,9,68,NA,NA,558,2,NA,NA,205,13,NA,NA
2023-2024,Oregon St.,Pac-12,16,Lauren Rumel,So,OH,6-2,30,30,120,NA,182,47,479,0.282,15,23,30,64,3,6,78,2,NA,250,2,NA,NA,49,NA,NA,NA
2023-2024,Oregon St.,Pac-12,17,Kinley Swan,So,MB,6-2,8,2,16,NA,5,4,14,0.071,1,NA,NA,NA,2,1,7,1,NA,9.5,NA,NA,NA,4,NA,NA,NA
2023-2024,Oregon St.,Pac-12,25,Keira Herron,So,L,5-7,19,14,70,NA,1,1,7,0,14,8,15,113,27,NA,NA,NA,NA,9,1,NA,NA,316,NA,NA,NA
2023-2024,Southern California,Pac-12,3,Ellie Geoghegan,So,L/DS,5-8,14,0,30,NA,0,0,1,0,4,3,6,49,3,NA,NA,NA,NA,3,NA,NA,NA,73,NA,NA,NA
2023-2024,Southern California,Pac-12,4,Megan Verbiest,So,L/DS,5-6,29,1,77,NA,0,0,0,NA,10,4,7,61,8,NA,NA,NA,NA,4,NA,NA,NA,111,NA,NA,NA
2023-2024,Southern California,Pac-12,13,Tyrah Ariail,So,MB,6-1,31,31,125,NA,222,68,481,0.32,20,26,16,41,3,15,100,11,NA,313,1,NA,NA,22,NA,NA,NA
2023-2024,Southern California,Pac-12,15,Dani Thomas-Nathan,So,OH,6-0,23,6,63,NA,35,32,114,0.026,10,9,16,80,17,1,2,1,NA,46,NA,NA,NA,231,NA,NA,NA
2023-2024,Southern California,Pac-12,16,Gala Trubint,So,L/DS,5-8,31,2,125,NA,1,0,10,0.1,97,31,41,416,27,NA,NA,NA,NA,32,NA,NA,NA,561,1,NA,NA
2023-2024,Southern California,Pac-12,22,Rylie McGinest,So,MB,6-1,13,1,20,NA,34,11,64,0.359,2,NA,1,5,NA,NA,11,4,NA,39.5,NA,NA,NA,1,NA,NA,NA
2023-2024,Stanford,Pac-12,3,Anna Pringle,So,DS,5-10,33,1,113,NA,1,0,1,1,6,20,34,44,3,NA,NA,NA,NA,21,NA,NA,NA,13,NA,NA,NA
2023-2024,Stanford,Pac-12,7,Kelly Belardi,So,S,5-9,12,0,16,NA,0,0,0,NA,10,1,4,7,NA,NA,NA,NA,NA,1,NA,NA,NA,NA,NA,NA,NA
2023-2024,Stanford,Pac-12,13,Elia Rubin,So,OH,6-1,33,33,120,NA,424,142,971,0.29,34,37,86,307,23,5,56,18,NA,494,2,NA,NA,639,13,NA,NA
2023-2024,UCLA,Pac-12,1,Mokihana Tufono,So,L,5-10,26,10,84,NA,0,1,3,-0.333,27,21,29,100,24,NA,NA,NA,NA,21,1,NA,NA,291,NA,NA,NA
2023-2024,UCLA,Pac-12,9,Cheridyn Leverette,So,OH,6-0,30,23,104,NA,288,125,741,0.22,10,25,33,119,49,3,30,5,NA,331,NA,NA,NA,519,1,NA,NA
2023-2024,UCLA,Pac-12,12,Grayce Olson,So,OH,6-4,28,15,108,NA,289,138,775,0.195,10,11,12,80,29,8,39,7,NA,327.5,1,NA,NA,461,NA,NA,NA
2023-2024,UCLA,Pac-12,25,Carly Hendrickson,So,OH,6-2,27,3,69,NA,46,37,156,0.058,NA,10,20,18,14,2,5,1,NA,60.5,1,NA,NA,55,NA,NA,NA
2023-2024,Utah,Pac-12,1,Viktoria Wahlgren,So,S,6-1,30,30,110,NA,38,14,110,0.218,1004,38,78,180,NA,9,54,5,NA,112,24,NA,NA,8,4,NA,NA
2023-2024,Utah,Pac-12,2,Emrie Satuala,So,MB,6-0,26,25,101,NA,216,88,497,0.258,4,NA,NA,27,2,17,95,3,NA,280.5,NA,NA,NA,23,NA,NA,NA
2023-2024,Utah,Pac-12,4,Ella Biggs,So,RS,6-2,18,0,45,NA,1,1,9,0,NA,6,7,9,1,NA,NA,NA,NA,7,NA,NA,NA,2,NA,NA,NA
2023-2024,Utah,Pac-12,8,Iliana Linahan,So,L/DS,5-6,12,0,26,NA,1,1,2,0,4,NA,1,37,7,NA,NA,NA,NA,1,NA,NA,NA,73,NA,NA,NA
2023-2024,Utah,Pac-12,9,KJ Burgess,So,MB,6-2,3,3,10,NA,22,5,37,0.459,1,NA,NA,2,NA,1,14,NA,NA,30,1,NA,NA,NA,NA,NA,NA
2023-2024,Washington,Pac-12,1,Audra Wilmes,So,OH,6-1,31,25,117,NA,281,132,836,0.178,19,41,32,217,41,4,27,3,NA,339.5,NA,NA,NA,512,2,NA,NA
2023-2024,Washington,Pac-12,2,Maeve Griffin,So,L,5-8,25,1,70,NA,0,0,2,0,1,10,16,26,5,NA,NA,NA,NA,10,NA,NA,NA,24,NA,NA,NA
2023-2024,Washington,Pac-12,6,Molly Wilson,So,S,5-11,30,30,114,NA,43,13,129,0.233,934,24,41,273,NA,4,31,8,NA,86.5,12,NA,NA,3,14,NA,NA
2023-2024,American,Patriot,10,Adelina Berisha,So,OH,6-2,15,3,46,NA,110,63,321,0.146,1,NA,7,24,6,2,13,2,NA,118.5,NA,NA,NA,54,NA,NA,NA
2023-2024,Army West Point,Patriot,8,Ashli Alcala-Romero,So,L/DS,5-5,3,0,4,NA,0,0,0,NA,NA,NA,1,1,NA,NA,NA,NA,NA,NA,NA,NA,NA,2,NA,NA,NA
2023-2024,Army West Point,Patriot,9,Mackenzie Lynch,So,OH,6-2,25,9,63,NA,158,86,446,0.161,4,1,8,51,7,12,24,4,NA,183,NA,NA,NA,117,1,NA,NA
2023-2024,Army West Point,Patriot,14,Brooke Middleton,So,MB,6-1,1,0,1,NA,0,0,0,NA,NA,NA,NA,NA,NA,NA,NA,NA,NA,NA,NA,NA,NA,NA,NA,NA,NA
2023-2024,Army West Point,Patriot,15,Chloe Murakami,So,OH,6-0,5,0,6,NA,6,4,19,0.105,NA,NA,NA,1,NA,NA,1,NA,NA,6.5,NA,NA,NA,1,NA,NA,NA
2023-2024,Army West Point,Patriot,17,Norah Shattan,So,OH,5-8,25,8,77,NA,0,0,5,0,1,17,23,38,1,NA,NA,NA,NA,17,NA,NA,NA,17,NA,NA,NA
2023-2024,Bucknell,Patriot,3,Tijana Kostic,So,MB,6-1,26,1,70,NA,117,52,346,0.188,5,3,3,40,2,4,22,1,NA,135,1,NA,NA,7,NA,NA,NA
2023-2024,Bucknell,Patriot,6,Laura Caro,So,S,5-8,26,14,91,NA,36,7,83,0.349,403,10,14,197,NA,1,4,2,NA,49,14,NA,NA,4,5,NA,NA
2023-2024,Bucknell,Patriot,7,Bri Frazilus,So,OH,5-10,21,10,71,NA,171,102,536,0.129,3,NA,6,80,15,4,19,3,NA,184.5,NA,NA,NA,139,NA,NA,NA
2023-2024,Bucknell,Patriot,23,Caleigh O'Connell,So,S,5-11,20,12,77,NA,31,8,98,0.235,567,5,30,178,NA,2,26,1,NA,51,11,NA,NA,2,10,NA,NA
2023-2024,Colgate,Patriot,1,Maddie Rudolph,So,MB,6-3,4,1,7,NA,7,5,16,0.125,NA,NA,2,NA,NA,NA,1,NA,NA,7.5,NA,NA,NA,NA,NA,NA,NA
2023-2024,Colgate,Patriot,5,Rachael Martinez,So,L,5-8,30,1,99,NA,0,1,9,-0.111,98,31,30,332,17,NA,NA,NA,NA,31,3,NA,NA,349,NA,NA,NA
2023-2024,Colgate,Patriot,12,Carlie Rzeszotarski,So,OH,6-1,28,14,87,NA,182,70,581,0.193,17,9,13,152,13,7,13,2,NA,204.5,NA,NA,NA,438,2,NA,NA
2023-2024,Holy Cross,Patriot,7,Katie Russell,So,S,5-10,22,7,63,NA,4,1,23,0.13,258,13,19,94,1,NA,NA,NA,NA,17,5,NA,NA,3,1,NA,NA
2023-2024,Holy Cross,Patriot,8,Rachel Johnson,So,OH,6-0,25,25,84,NA,262,145,871,0.134,11,27,47,195,50,NA,31,5,NA,304.5,2,NA,NA,544,4,NA,NA
2023-2024,Holy Cross,Patriot,10,Madison Bailey,So,L/DS,5-11,16,0,39,NA,0,1,2,-0.5,12,6,6,60,10,NA,NA,NA,NA,6,NA,NA,NA,129,NA,NA,NA
2023-2024,Holy Cross,Patriot,11,Gracie Reisman,So,MB,5-10,23,17,67,NA,85,51,273,0.125,2,6,2,37,NA,2,26,3,NA,106,NA,NA,NA,3,NA,NA,NA
2023-2024,Lafayette,Patriot,2,Emily Gouldrup,So,L,5-3,9,1,20,NA,0,0,0,NA,3,5,1,35,6,NA,NA,NA,NA,5,NA,NA,NA,75,NA,NA,NA
2023-2024,Lafayette,Patriot,9,Carol Ulichney,So,OH,5-11,18,7,57,NA,101,44,328,0.174,5,4,3,44,10,NA,10,1,NA,110,NA,NA,NA,108,NA,NA,NA
2023-2024,Lafayette,Patriot,15,Hannah Ehrich-Pollock,So,MB,5-11,9,5,26,NA,38,12,84,0.31,2,NA,NA,11,NA,7,11,3,NA,50.5,NA,NA,NA,3,NA,NA,NA
2023-2024,Lafayette,Patriot,24,Abby Nicholson,So,MB,6-2,3,0,3,NA,1,2,5,-0.2,NA,NA,NA,NA,NA,NA,1,NA,NA,1.5,NA,NA,NA,NA,NA,NA,NA
2023-2024,Lehigh,Patriot,1,Drew Brown,So,OH,5-10,11,1,32,NA,1,0,6,0.167,3,2,2,59,5,NA,NA,NA,NA,3,NA,NA,NA,73,NA,NA,NA
2023-2024,Lehigh,Patriot,2,Kota Hartman,So,OH,6-0,12,4,37,NA,45,25,151,0.132,2,4,3,63,12,NA,6,NA,NA,52,2,NA,NA,103,NA,NA,NA
2023-2024,Lehigh,Patriot,10,Madison McCartney,So,MB,6-0,26,24,91,NA,108,31,278,0.277,6,13,28,47,NA,18,87,4,NA,182.5,NA,NA,NA,2,NA,NA,NA
2023-2024,Lehigh,Patriot,21,Natalie Luscomb,So,RS,6-0,1,0,3,NA,2,1,7,0.143,NA,NA,NA,NA,NA,NA,1,NA,NA,2.5,NA,NA,NA,NA,NA,NA,NA
2023-2024,Loyola Maryland,Patriot,2,Riley Hamilton,So,OH,5-10,23,11,63,NA,75,52,248,0.093,17,9,16,109,28,1,8,1,NA,89,NA,NA,NA,314,NA,NA,NA
2023-2024,Loyola Maryland,Patriot,3,Leah Hunter,So,DS,5-5,18,0,58,NA,1,1,3,0,12,15,22,113,18,NA,NA,NA,NA,16,2,NA,NA,256,NA,NA,NA
2023-2024,Loyola Maryland,Patriot,5,Ally Bauer,So,DS,5-4,11,0,24,NA,0,0,3,0,4,3,6,27,3,NA,NA,NA,NA,3,NA,NA,NA,69,NA,NA,NA
2023-2024,Loyola Maryland,Patriot,7,Helena Marquina,So,MB,6-3,2,0,4,NA,1,1,5,0,NA,NA,NA,NA,NA,NA,1,NA,NA,1.5,NA,NA,NA,NA,NA,NA,NA
2023-2024,Loyola Maryland,Patriot,18,Kennedy Stevens,So,MB,6-1,27,27,93,NA,159,66,429,0.217,2,30,56,27,NA,7,51,6,NA,221.5,NA,NA,NA,4,NA,NA,NA
2023-2024,Navy,Patriot,11,Lainey Feighery,So,S,5-10,12,0,31,NA,0,0,0,NA,NA,7,9,12,NA,NA,NA,NA,NA,7,NA,NA,NA,NA,NA,NA,NA
2023-2024,Navy,Patriot,13,Julia Humphrey,So,MB,6-2,3,0,4,NA,1,0,2,0.5,NA,NA,NA,NA,NA,NA,NA,NA,NA,1,NA,NA,NA,NA,NA,NA,NA
2023-2024,Navy,Patriot,17,Ava Toppin,So,MB,5-11,8,2,21,NA,23,5,59,0.305,1,NA,NA,5,NA,1,16,1,NA,32,1,NA,NA,1,NA,NA,NA
2023-2024,Navy,Patriot,19,Anuhea Hauanio-Lore,So,OH,5-9,3,0,4,NA,0,0,0,NA,NA,NA,3,NA,NA,NA,NA,NA,NA,NA,NA,NA,NA,NA,NA,NA,NA
2023-2024,Alabama,SEC,1,Micah Gryniewicz,So,OH,6-1,16,14,53,NA,138,57,411,0.197,3,15,20,71,14,NA,10,2,NA,158,1,NA,NA,159,NA,NA,NA
2023-2024,Arkansas,SEC,5,Kylie Weeks,So,L,5-6,12,0,27,NA,0,0,1,0,NA,NA,6,11,NA,NA,NA,NA,NA,NA,NA,NA,NA,NA,NA,NA,NA
2023-2024,Auburn,SEC,1,Madison Scheer,So,OH,6-1,29,7,115,NA,385,120,1009,0.263,4,NA,NA,34,15,4,50,1,NA,414,NA,NA,NA,154,NA,NA,NA
2023-2024,Auburn,SEC,2,Sarah Morton,So,L,5-6,24,0,91,NA,2,2,12,0,82,12,41,316,21,NA,NA,NA,NA,14,NA,NA,NA,358,NA,NA,NA
2023-2024,Auburn,SEC,3,Akasha Anderson,So,OH,6-3,27,27,107,NA,356,174,1114,0.163,13,27,73,243,41,3,45,4,NA,408.5,1,NA,NA,540,9,NA,NA
2023-2024,Auburn,SEC,8,Kendal Kemp,So,MB,6-6,27,27,104,NA,150,43,295,0.363,2,1,3,11,NA,13,118,9,NA,223,NA,NA,NA,4,NA,NA,NA
2023-2024,Auburn,SEC,9,Zoe Slaughter,So,L,5-7,25,8,95,NA,0,1,10,-0.1,26,10,27,170,20,NA,NA,NA,NA,10,NA,NA,NA,355,NA,NA,NA
2023-2024,Auburn,SEC,12,Bel Zimmerman,So,OH,6-2,24,13,90,NA,138,56,407,0.201,9,30,66,94,13,2,21,9,NA,180.5,NA,NA,NA,177,3,NA,NA
2023-2024,Auburn,SEC,17,Cassidy Tanton,So,OH,6-0,1,0,1,NA,1,1,5,0,NA,NA,NA,NA,1,NA,NA,NA,NA,1,NA,NA,NA,4,NA,NA,NA
2023-2024,Auburn,SEC,22,Sydney Handel,So,L,6-0,7,0,19,NA,0,0,1,0,NA,2,10,17,1,NA,NA,NA,NA,2,NA,NA,NA,36,NA,NA,NA
2023-2024,Florida,SEC,3,Emerson Hoyle,So,L/DS,5-10,13,0,24,NA,0,0,0,NA,1,1,6,5,NA,NA,NA,NA,NA,1,NA,NA,NA,NA,NA,NA,NA
2023-2024,Florida,SEC,5,Alexis Stucky,So,S,6-2,9,9,33,NA,30,3,56,0.482,339,13,10,74,NA,1,13,2,NA,50.5,2,NA,NA,1,3,NA,NA
2023-2024,Florida,SEC,7,Emily Canaan,So,L/DS,5-8,29,20,113,NA,0,1,2,-0.5,30,21,53,194,22,NA,NA,NA,NA,21,NA,NA,NA,561,NA,NA,NA
2023-2024,Florida,SEC,55,Amaya Thomas,So,MB,6-3,3,0,4,NA,0,2,2,-1,NA,NA,NA,NA,NA,NA,2,1,NA,1,NA,NA,NA,NA,NA,NA,NA
2023-2024,Georgia,SEC,1,Tori Harper,So,OPP,6-2,23,12,64,NA,102,49,269,0.197,3,6,14,29,NA,1,37,3,NA,127.5,1,NA,NA,NA,NA,NA,NA
2023-2024,Georgia,SEC,10,Estelle Haugen,So,OH,6-0,31,18,112,NA,157,62,471,0.202,11,15,43,162,28,3,37,2,NA,193.5,1,NA,NA,440,1,NA,NA
2023-2024,Georgia,SEC,17,Kaitlin Fournier,So,MB,6-2,5,5,16,NA,18,11,48,0.146,1,NA,NA,1,NA,3,6,NA,NA,24,NA,NA,NA,NA,NA,NA,NA
2023-2024,Kentucky,SEC,1,Megan Wilson,So,MB,6-4,22,8,67,NA,161,77,491,0.171,5,1,NA,27,4,4,23,2,NA,177.5,NA,NA,NA,88,NA,NA,NA
2023-2024,Kentucky,SEC,19,Audrey Whitworth,So,L/DS,5-6,27,3,101,NA,0,0,2,0,18,27,43,179,19,NA,NA,NA,NA,27,NA,NA,NA,391,NA,NA,NA
2023-2024,LSU,SEC,7,Brianna Anderson,So,OH,5-9,14,1,48,NA,1,0,3,0.333,22,6,21,106,7,NA,NA,NA,NA,7,NA,NA,NA,191,NA,NA,NA
2023-2024,LSU,SEC,17,Alexis Roberson,So,MB,6-3,14,13,50,NA,67,22,164,0.274,1,NA,NA,12,NA,5,35,5,NA,89.5,1,NA,NA,NA,NA,NA,NA
2023-2024,LSU,SEC,22,Maddie Waak,So,S,5-10,28,28,103,NA,29,9,71,0.282,801,24,29,210,NA,1,13,7,NA,60.5,6,NA,NA,4,6,NA,NA
2023-2024,Mississippi St.,SEC,9,Caylee Sharkey,So,RS,6-3,27,0,94,NA,95,44,284,0.18,3,NA,NA,45,NA,3,32,1,NA,114,NA,NA,NA,4,NA,NA,NA
2023-2024,Mississippi St.,SEC,11,GA McCarter,So,DS,5-5,7,0,9,NA,0,0,0,NA,2,NA,2,4,9,NA,NA,NA,NA,NA,NA,NA,NA,41,NA,NA,NA
2023-2024,Mississippi St.,SEC,16,Sophie Agee,So,OH,6-2,27,25,95,NA,250,141,867,0.126,12,25,46,171,45,5,29,2,NA,294.5,NA,NA,NA,686,3,NA,NA
2023-2024,Missouri,SEC,3,Maya Sands,So,L,5-7,31,0,115,NA,4,4,22,0,106,34,21,542,46,NA,NA,NA,NA,38,2,NA,NA,823,NA,NA,NA
2023-2024,Missouri,SEC,7,Kimani Johnson,So,RS,6-3,10,0,21,NA,22,14,87,0.092,2,NA,NA,7,NA,NA,3,NA,NA,23.5,NA,NA,NA,NA,NA,NA,NA
2023-2024,Missouri,SEC,11,Madi Sell,So,MB,6-3,7,0,11,NA,6,2,12,0.333,NA,NA,NA,2,NA,1,7,3,NA,10.5,NA,NA,NA,NA,NA,NA,NA
2023-2024,Missouri,SEC,12,Janet deMarrais,So,OH,6-2,31,22,110,NA,357,170,978,0.191,9,21,38,130,15,3,49,6,NA,405.5,NA,NA,NA,170,3,NA,NA
2023-2024,Ole Miss,SEC,2,Cammy Niesen,So,DS,5-8,29,0,111,NA,1,0,9,0.111,92,19,21,448,27,NA,NA,NA,NA,20,2,NA,NA,581,NA,NA,NA
2023-2024,Ole Miss,SEC,6,Nia Washington,So,OH,5-10,25,13,76,NA,146,80,440,0.15,3,NA,7,63,5,5,25,7,NA,163.5,NA,NA,NA,84,1,NA,NA
2023-2024,Ole Miss,SEC,7,Vivian Miller,So,OH,6-0,19,13,61,NA,150,75,426,0.176,5,15,15,87,10,1,15,2,NA,173.5,2,NA,NA,200,1,NA,NA
2023-2024,Ole Miss,SEC,15,Aly Borellis,So,S,5-10,27,24,87,NA,28,7,81,0.259,836,12,25,174,NA,5,36,5,NA,63,8,NA,NA,5,8,NA,NA
2023-2024,South Carolina,SEC,5,Tireh Smith,So,OPP,6-3,8,0,16,NA,9,4,29,0.172,NA,NA,NA,3,NA,NA,NA,2,NA,9,NA,NA,NA,NA,NA,NA,NA
2023-2024,South Carolina,SEC,13,Alayna Johnson,So,OH,6-1,24,12,78,NA,166,79,459,0.19,3,10,11,80,11,2,20,1,NA,188,NA,NA,NA,212,2,NA,NA
2023-2024,South Carolina,SEC,24,Kimmie Thompson,So,S,5-11,22,4,74,NA,1,0,3,0.333,360,11,19,103,NA,NA,NA,NA,NA,12,8,NA,NA,1,3,NA,NA
2023-2024,Tennessee,SEC,1,Kadynce Boothe,So,OH,6-1,5,0,6,NA,3,1,4,0.5,NA,NA,NA,1,NA,NA,2,NA,NA,4,NA,NA,NA,NA,NA,NA,NA
2023-2024,Tennessee,SEC,17,Emily Beeker,So,MB,6-5,18,12,45,NA,53,13,101,0.396,1,NA,NA,5,NA,7,29,2,NA,74.5,NA,NA,NA,3,NA,NA,NA
2023-2024,Tennessee,SEC,19,Klaudia Pawlik,So,MB,6-6,15,11,42,NA,48,12,88,0.409,NA,NA,NA,9,NA,3,26,4,NA,64,NA,NA,NA,2,NA,NA,NA
2023-2024,Tennessee,SEC,77,Keondreya Granberry,So,MB,6-3,28,25,94,NA,162,49,317,0.356,6,NA,NA,21,NA,13,95,8,NA,222.5,NA,NA,NA,6,NA,NA,NA
2023-2024,Texas A&M,SEC,1,Ifenna Cos-Okpalla,So,MB,6-2,27,24,93,NA,134,44,267,0.337,11,11,33,35,2,4,147,13,NA,222.5,NA,NA,NA,6,NA,NA,NA
2023-2024,Texas A&M,SEC,5,Lexi Guinn,So,OH,6-0,8,0,13,NA,9,10,48,-0.021,NA,NA,NA,9,2,NA,4,1,NA,11,NA,NA,NA,7,NA,NA,NA
2023-2024,Texas A&M,SEC,7,Brooke Jeffrey,So,OH,6-1,11,0,24,NA,22,14,76,0.105,NA,NA,NA,8,2,NA,9,2,NA,26.5,NA,NA,NA,19,NA,NA,NA
2023-2024,Texas A&M,SEC,9,Logan Lednicky,So,OPP,6-3,29,29,105,NA,340,155,787,0.235,3,NA,4,74,NA,2,95,2,NA,389.5,NA,NA,NA,1,NA,NA,NA
2023-2024,Texas A&M,SEC,12,Ava Underwood,So,L/DS,5-7,26,4,89,NA,0,0,4,0,78,12,28,242,14,NA,NA,NA,NA,12,3,NA,NA,337,NA,NA,NA
2023-2024,Texas A&M,SEC,14,Molly Brown,So,MB,6-2,13,5,26,NA,15,8,43,0.163,3,4,10,6,NA,4,25,2,NA,35.5,1,NA,NA,4,NA,NA,NA
2023-2024,Texas A&M,SEC,21,Morgan Perkins,So,MB,6-1,29,29,102,NA,119,31,243,0.362,6,2,13,20,NA,4,102,5,NA,176,1,NA,NA,5,NA,NA,NA
2023-2024,Alabama A&M,SWAC,2,Saldy Amparo Smith,So,OH,6-2,30,27,100,NA,244,99,641,0.226,22,26,54,160,41,4,29,4,NA,288.5,2,NA,NA,548,4,NA,NA
2023-2024,Alabama A&M,SWAC,4,Caitlin Shaw,So,OH,6-1,30,26,102,NA,182,97,525,0.162,8,NA,3,38,17,8,43,5,NA,211.5,1,NA,NA,105,NA,NA,NA
2023-2024,Alabama A&M,SWAC,6,Bailey Duckett,So,OH,5-10,29,27,103,NA,279,135,812,0.177,10,15,46,167,31,9,25,8,NA,315.5,3,NA,NA,533,2,NA,NA
2023-2024,Alabama A&M,SWAC,9,Kennedy Robinson,So,L/DS,5-5,17,1,36,NA,2,0,6,0.333,5,7,11,50,14,NA,NA,NA,NA,9,NA,NA,NA,125,NA,NA,NA
2023-2024,Alabama A&M,SWAC,11,Mackenzie Jarvis,So,S,5-6,11,0,13,NA,0,0,0,NA,1,NA,NA,8,3,NA,NA,NA,NA,NA,NA,NA,NA,30,NA,NA,NA
2023-2024,Alabama A&M,SWAC,12,Keyara Scott Johnson,So,OH,-,10,4,22,NA,34,21,119,0.109,3,2,3,20,2,NA,5,2,NA,38.5,NA,NA,NA,49,NA,NA,NA
2023-2024,Alabama A&M,SWAC,16,Kemora Coachman,So,MB,5-9,22,6,59,NA,26,13,72,0.181,11,10,8,70,8,2,26,4,NA,51,1,NA,NA,122,NA,NA,NA
2023-2024,Alabama A&M,SWAC,22,Saniya Spalding,So,MB,6-0,19,9,42,NA,25,15,75,0.133,1,NA,1,14,1,1,21,3,NA,36.5,1,NA,NA,4,NA,NA,NA
2023-2024,Alabama A&M,SWAC,34,Grace Tapscott,So,S,5-10,31,31,101,NA,12,6,74,0.081,412,8,21,132,NA,NA,NA,1,NA,20,7,NA,NA,4,2,NA,NA
2023-2024,Alabama St.,SWAC,19,Brooke Adams,So,S,5-6,30,0,70,NA,2,4,19,-0.105,38,7,15,79,7,NA,NA,NA,NA,9,NA,NA,NA,161,1,NA,NA
2023-2024,Alcorn,SWAC,0,Demya Tate,So,MB,6-1,7,7,19,NA,17,7,56,0.179,3,3,NA,12,1,5,4,1,NA,27,NA,NA,NA,6,NA,NA,NA
2023-2024,Alcorn,SWAC,3,Andria Lewis,So,DS,5-1,1,0,1,NA,0,0,0,NA,NA,NA,NA,1,NA,NA,NA,NA,NA,NA,NA,NA,NA,2,NA,NA,NA
2023-2024,Alcorn,SWAC,4,Cayla Williams,So,MB,5-9,22,22,71,NA,56,46,220,0.045,NA,1,10,35,2,4,20,2,NA,71,NA,NA,NA,33,NA,NA,NA
2023-2024,Alcorn,SWAC,9,Ramona Pulu,So,S,5-9,22,22,71,NA,104,56,397,0.121,230,20,48,134,2,1,12,1,NA,131,11,NA,NA,24,4,NA,NA
2023-2024,Alcorn,SWAC,11,Emma Price,So,L/DS,5-5,22,7,71,NA,0,3,44,-0.068,21,15,22,143,31,NA,NA,NA,NA,15,1,NA,NA,320,NA,NA,NA
2023-2024,Alcorn,SWAC,28,Alissa Williams,So,S,6-0,22,17,70,NA,36,22,198,0.071,181,5,25,78,3,1,11,NA,NA,47.5,5,NA,NA,10,1,NA,NA
2023-2024,Ark.-Pine Bluff,SWAC,4,Anaiah Jordan,So,S,5-7,23,20,76,NA,49,24,265,0.094,271,11,12,147,NA,4,13,NA,NA,70.5,5,NA,NA,6,5,NA,NA
2023-2024,Ark.-Pine Bluff,SWAC,6,Amayah Jones,So,RS,5-6,30,24,96,NA,130,72,467,0.124,12,9,12,59,NA,4,32,5,NA,159,3,NA,NA,15,NA,NA,NA
2023-2024,Ark.-Pine Bluff,SWAC,18,Mackenzie McDowell,So,DS,5-3,23,0,65,NA,5,3,38,0.053,21,9,15,129,39,NA,NA,NA,NA,14,NA,NA,NA,398,NA,NA,NA
2023-2024,Ark.-Pine Bluff,SWAC,22,Lyla Jones,So,S,5-7,31,17,102,NA,35,17,175,0.103,386,35,36,195,2,NA,6,2,NA,73,3,NA,NA,13,5,NA,NA
2023-2024,Bethune-Cookman,SWAC,3,Mecca Freeman,So,OH,6-3,11,3,27,NA,37,22,133,0.113,NA,2,NA,10,6,2,8,1,NA,45,NA,NA,NA,43,NA,NA,NA
2023-2024,Bethune-Cookman,SWAC,6,Rylee Davis,So,L/DS,5-5,28,0,87,NA,3,2,25,0.04,32,8,16,207,36,NA,NA,NA,NA,11,NA,NA,NA,373,NA,NA,NA
2023-2024,Bethune-Cookman,SWAC,9,AJ Simmons,So,MB,5-10,28,18,94,NA,129,54,415,0.181,5,NA,1,35,NA,6,50,3,NA,160,2,NA,NA,1,NA,NA,NA
2023-2024,Bethune-Cookman,SWAC,10,Alyssa King,So,MB,6-0,10,3,18,NA,10,7,26,0.115,2,NA,NA,2,NA,3,12,5,NA,19,NA,NA,NA,NA,NA,NA,NA
2023-2024,Grambling,SWAC,1,Ra'Niya Brown,So,MB,5-11,26,20,83,NA,91,56,318,0.11,3,13,23,66,1,11,36,2,NA,133,NA,NA,NA,17,NA,NA,NA
2023-2024,Grambling,SWAC,13,Adaizah Millett,So,RS,5-10,14,2,27,NA,34,19,112,0.134,NA,1,1,13,1,4,3,1,NA,40.5,NA,NA,NA,23,NA,NA,NA
2023-2024,Grambling,SWAC,21,Sophia Henderson,So,RS,6-2,16,7,34,NA,39,23,126,0.127,NA,1,1,18,NA,4,10,NA,NA,49,NA,NA,NA,2,NA,NA,NA
2023-2024,Grambling,SWAC,23,BeNaye Kyle,So,OH,5-8,17,3,40,NA,4,5,31,-0.032,8,4,7,58,15,NA,NA,NA,NA,8,NA,NA,NA,158,NA,NA,NA
2023-2024,Jackson St.,SWAC,10,Karys Dove,So,S,5-8,27,14,102,NA,10,5,66,0.076,528,23,27,159,1,NA,2,1,NA,34,14,NA,NA,7,6,NA,NA
2023-2024,Jackson St.,SWAC,13,Makenzie Washington,So,RS,5-9,7,0,11,NA,6,4,20,0.1,NA,NA,NA,1,NA,NA,NA,1,NA,6,NA,NA,NA,NA,NA,NA,NA
2023-2024,Jackson St.,SWAC,17,Kymorah Carter,So,DS,5-6,20,1,59,NA,1,2,16,-0.063,7,5,7,78,13,NA,NA,NA,NA,6,1,NA,NA,168,NA,NA,NA
2023-2024,Mississippi Val.,SWAC,2,Mikayla Lee,So,S,5-7,27,26,85,NA,52,23,243,0.119,404,18,42,140,1,4,12,6,NA,80,26,NA,NA,33,3,NA,NA
2023-2024,Mississippi Val.,SWAC,9,Torre Giron,So,OH,5-3,27,25,82,NA,91,96,366,-0.014,10,18,34,150,23,2,7,NA,NA,114.5,3,NA,NA,284,1,NA,NA
2023-2024,Prairie View,SWAC,3,MaKinzie Taplin,So,S,5-8,20,0,52,NA,1,2,12,-0.083,80,6,4,75,NA,NA,2,NA,NA,8,1,NA,NA,2,1,NA,NA
2023-2024,Prairie View,SWAC,4,Skylynn Wynn,So,MB,5-11,9,3,19,NA,9,13,41,-0.098,1,NA,NA,1,NA,4,6,NA,NA,16,NA,NA,NA,2,NA,NA,NA
2023-2024,Prairie View,SWAC,9,Jade Coates,So,MB,6-3,6,0,9,NA,12,8,26,0.154,NA,NA,NA,2,NA,NA,1,1,NA,12.5,NA,NA,NA,2,NA,NA,NA
2023-2024,Prairie View,SWAC,11,Leila Smalls,So,RS,5-9,18,10,61,NA,110,61,379,0.129,9,7,11,78,16,2,13,1,NA,125.5,NA,NA,NA,334,NA,NA,NA
2023-2024,Prairie View,SWAC,16,Kharys Grice,So,RS,5-10,6,1,8,NA,9,5,25,0.16,2,NA,2,7,NA,NA,1,NA,NA,9.5,NA,NA,NA,9,NA,NA,NA
2023-2024,Prairie View,SWAC,19,Kylee Owens,So,OH,5-11,32,32,117,NA,399,137,1005,0.261,19,52,62,344,27,2,24,NA,NA,465,NA,NA,NA,563,17,NA,NA
2023-2024,Southern U.,SWAC,1,Akilah Smith,So,MB,5-10,24,20,88,NA,149,70,423,0.187,7,NA,NA,29,NA,10,53,1,NA,185.5,2,NA,NA,6,1,NA,NA
2023-2024,Southern U.,SWAC,3,Kailee Deffebaugh,So,MB,5-10,24,24,87,NA,129,59,352,0.199,6,20,17,51,1,15,49,4,NA,188.5,1,NA,NA,15,NA,NA,NA
2023-2024,Southern U.,SWAC,4,Elise Doomes,So,OH,5-11,24,21,79,NA,183,64,559,0.213,4,2,2,40,6,5,8,2,NA,194,NA,NA,NA,119,NA,NA,NA
2023-2024,Southern U.,SWAC,7,Trinity Lane,So,L/DS,5-5,10,0,17,NA,0,0,0,NA,1,NA,2,6,3,NA,NA,NA,NA,NA,NA,NA,NA,11,NA,NA,NA
2023-2024,Southern U.,SWAC,8,Jordan Felix,So,S,5-9,24,24,89,NA,175,84,553,0.165,457,36,29,202,NA,3,28,9,NA,228,9,3,NA,20,10,NA,NA
2023-2024,Southern U.,SWAC,9,Iyanah Taylor,So,S,5-9,24,11,81,NA,9,10,93,-0.011,272,16,15,121,NA,NA,3,NA,NA,26.5,14,NA,NA,3,3,NA,NA
2023-2024,Southern U.,SWAC,16,Leslie Warren,So,RS,6-1,8,0,9,NA,3,4,10,-0.1,NA,NA,NA,NA,NA,NA,1,NA,NA,3.5,NA,NA,NA,NA,NA,NA,NA
2023-2024,Southern U.,SWAC,18,Janelle Pye-Blacknard,So,RS,5-9,23,19,75,NA,126,71,456,0.121,11,21,15,177,23,1,14,3,NA,155,2,NA,NA,445,3,NA,NA
2023-2024,Texas Southern,SWAC,5,Narkisse Kelly,So,L/DS,5-5,1,0,1,NA,0,0,0,NA,NA,NA,NA,NA,NA,NA,NA,NA,NA,NA,NA,NA,NA,2,NA,NA,NA
2023-2024,Texas Southern,SWAC,6,Tyra Williams,So,RS,5-9,17,1,28,NA,10,11,58,-0.017,NA,NA,NA,6,NA,1,8,1,NA,15,NA,NA,NA,1,NA,NA,NA
2023-2024,Texas Southern,SWAC,9,Kourtni Collier,So,MB,6-1,31,31,109,NA,167,58,420,0.26,4,NA,NA,55,1,28,63,8,NA,226.5,1,NA,NA,17,NA,NA,NA
2023-2024,Texas Southern,SWAC,19,Taryn Stafford,So,MB,6-0,5,1,7,NA,7,1,9,0.667,NA,NA,1,NA,NA,1,1,NA,NA,8.5,NA,NA,NA,1,NA,NA,NA
2023-2024,ETSU,SoCon,7,Brianna Cantrell,So,MB,5-10,29,27,108,NA,311,146,935,0.176,3,25,27,203,55,4,30,7,NA,355,NA,NA,NA,685,5,NA,NA
2023-2024,ETSU,SoCon,9,Isabelle Iosua,So,OPP,6-0,11,2,26,NA,45,29,136,0.118,1,NA,NA,21,NA,NA,5,1,NA,47.5,NA,NA,NA,11,NA,NA,NA
2023-2024,ETSU,SoCon,19,Whitley Rammel,So,MB,6-3,20,7,59,NA,63,38,214,0.117,1,NA,NA,18,1,4,29,2,NA,81.5,NA,NA,NA,8,NA,NA,NA
2023-2024,Furman,SoCon,4,Grainne McGrath,So,MB,6-0,28,28,105,NA,168,61,416,0.257,3,11,18,57,1,13,85,4,NA,234.5,1,NA,NA,16,NA,NA,NA
2023-2024,Furman,SoCon,8,Addie Poehner,So,L/DS,5-4,17,4,53,NA,0,1,1,-1,13,2,3,82,13,NA,NA,NA,NA,2,1,NA,NA,181,NA,NA,NA
2023-2024,Furman,SoCon,10,Eva Wheeler,So,S,5-11,9,0,15,NA,0,0,2,0,48,2,1,14,NA,NA,NA,NA,NA,2,2,NA,NA,NA,NA,NA,NA
2023-2024,Furman,SoCon,21,Lauren Haynes,So,OH,6-1,26,19,84,NA,245,98,831,0.177,19,15,31,225,27,14,35,4,NA,291.5,1,NA,NA,528,8,NA,NA
2023-2024,Mercer,SoCon,1,Jessica Dunn,So,S,6-1,15,0,51,NA,14,2,25,0.48,204,7,17,76,NA,NA,2,NA,NA,22,1,NA,NA,1,1,NA,NA
2023-2024,Mercer,SoCon,3,Abbey Havrilla,So,L/DS,5-3,26,0,95,NA,1,0,17,0.059,91,32,48,419,51,NA,NA,NA,NA,33,NA,NA,NA,684,1,NA,NA
2023-2024,Mercer,SoCon,14,Kiera McCarles,So,S,5-7,28,28,103,NA,22,7,77,0.195,770,27,18,171,NA,NA,12,1,NA,55,6,NA,NA,5,3,NA,NA
2023-2024,Mercer,SoCon,18,Lillian Beardsley,So,MB,6-2,25,22,79,NA,55,22,143,0.231,2,NA,5,17,NA,5,53,6,NA,86.5,NA,NA,NA,13,NA,NA,NA
2023-2024,Samford,SoCon,2,Samantha Horn,So,S,5-10,4,0,4,NA,0,0,0,NA,14,NA,NA,6,NA,NA,NA,NA,NA,NA,NA,NA,NA,NA,NA,NA,NA
2023-2024,Samford,SoCon,4,Kaleigh Meritt,So,OH,6-2,31,15,112,NA,380,136,1059,0.23,11,32,76,186,11,4,41,5,NA,436.5,4,NA,NA,180,8,NA,NA
2023-2024,Samford,SoCon,14,Greer Golden,So,MB,6-2,31,31,116,NA,196,68,462,0.277,8,14,18,40,1,6,74,12,NA,253,1,NA,NA,32,NA,NA,NA
2023-2024,Samford,SoCon,18,Sophia Plasman,So,OH,6-0,14,2,35,NA,43,27,154,0.104,2,7,14,13,NA,2,11,2,NA,57.5,NA,NA,NA,13,NA,NA,NA
2023-2024,Samford,SoCon,19,Amelia Johnston,So,L/DS,5-5,18,14,60,NA,0,2,4,-0.5,13,6,13,95,21,NA,NA,NA,NA,6,NA,NA,NA,244,NA,NA,NA
2023-2024,The Citadel,SoCon,13,Sam Barnes,So,MB,6-1,13,4,29,NA,44,14,105,0.286,2,NA,NA,7,1,NA,18,2,NA,53,NA,NA,NA,4,NA,NA,NA
2023-2024,The Citadel,SoCon,14,Ainsley Dowling,So,L,5-8,6,0,18,NA,0,0,0,NA,1,5,8,11,NA,NA,NA,NA,NA,5,1,NA,NA,NA,NA,NA,NA
2023-2024,UNC Greensboro,SoCon,4,Madeline Timmerman,So,MB,6-2,28,28,97,NA,159,55,403,0.258,7,22,33,92,2,9,39,3,NA,209.5,1,NA,NA,48,NA,NA,NA
2023-2024,UNC Greensboro,SoCon,8,Sierra Herndon,So,MB,5-11,11,4,30,NA,14,14,46,0,2,NA,2,18,1,1,6,2,NA,18,NA,NA,NA,2,NA,NA,NA
2023-2024,UNC Greensboro,SoCon,12,Hallie Cook,So,L/DS,5-8,20,15,64,NA,125,98,482,0.056,7,9,13,124,23,1,12,2,NA,141,1,NA,NA,369,2,NA,NA
2023-2024,UNC Greensboro,SoCon,17,Mya Wood,So,OH,5-8,19,0,69,NA,7,9,41,-0.049,52,6,13,224,27,NA,NA,NA,NA,13,3,NA,NA,399,NA,NA,NA
2023-2024,Western Caro.,SoCon,3,Ali Morris,So,OH,5-11,28,28,106,NA,308,127,991,0.183,58,29,25,382,35,3,30,3,NA,355,1,NA,NA,761,13,NA,NA
2023-2024,Western Caro.,SoCon,7,Maygan Miller-Garcia,So,MB,6-1,1,0,1,NA,0,0,0,NA,NA,NA,NA,NA,NA,NA,NA,NA,NA,NA,NA,NA,NA,NA,NA,NA,NA
2023-2024,Western Caro.,SoCon,14,Janelle Blue,So,MB,5-11,22,0,62,NA,60,33,206,0.131,2,NA,NA,13,1,4,29,2,NA,78.5,NA,NA,NA,6,NA,NA,NA
2023-2024,Western Caro.,SoCon,15,Aviah Miller,So,DS,5-5,14,0,37,NA,0,0,3,0,3,12,4,46,1,NA,NA,NA,NA,12,NA,NA,NA,8,NA,NA,NA
2023-2024,Western Caro.,SoCon,19,Lydia Clark,So,S,5-8,1,0,1,NA,0,0,0,NA,2,NA,NA,1,NA,NA,NA,NA,NA,NA,NA,NA,NA,NA,NA,NA,NA
2023-2024,Wofford,SoCon,5,Jessica Freire,So,L/DS,5-4,3,0,3,NA,0,0,0,NA,NA,NA,1,1,NA,NA,NA,NA,NA,NA,NA,NA,NA,NA,NA,NA,NA
2023-2024,Wofford,SoCon,8,Carson Eubanks,So,OH,5-9,4,1,5,NA,1,5,16,-0.25,NA,2,NA,5,1,NA,NA,1,NA,3,NA,NA,NA,15,NA,NA,NA
2023-2024,Wofford,SoCon,9,Caroline Przystup,So,DS,5-10,14,0,20,NA,0,1,1,-1,1,2,3,14,NA,NA,NA,NA,NA,2,1,NA,NA,5,NA,NA,NA
2023-2024,Wofford,SoCon,18,Annemarie Rakoski,So,MB,6-3,11,1,29,NA,35,14,84,0.25,1,NA,NA,11,NA,2,12,6,NA,43,NA,NA,NA,NA,NA,NA,NA
2023-2024,A&M-Corpus Christi,Southland,3,Rylie Romero,So,S,5-8,21,0,42,NA,9,2,26,0.269,44,6,5,18,NA,NA,NA,NA,NA,15,3,NA,NA,3,NA,NA,NA
2023-2024,A&M-Corpus Christi,Southland,5,Tori Arrington,So,OH,5-11,28,14,65,NA,130,48,351,0.234,2,NA,NA,43,3,12,11,1,NA,147.5,2,NA,NA,15,NA,NA,NA
2023-2024,A&M-Corpus Christi,Southland,11,Brooke Copley,So,MB,6-3,9,0,9,NA,7,3,14,0.286,NA,NA,1,NA,1,NA,NA,NA,NA,7,NA,NA,NA,6,NA,NA,NA
2023-2024,A&M-Corpus Christi,Southland,23,Zoria Heard,So,L,5-6,32,5,97,NA,4,2,20,0.1,19,24,24,253,23,NA,NA,NA,NA,28,NA,NA,NA,325,NA,NA,NA
2023-2024,A&M-Corpus Christi,Southland,33,Tayah Little,So,MB,5-9,25,18,72,NA,109,40,252,0.274,11,NA,NA,44,NA,8,24,5,NA,129,3,NA,NA,38,NA,NA,NA
2023-2024,East Texas A&M,Southland,2,Taylor Borden,So,L/DS,5-7,29,6,89,NA,0,1,7,-0.143,12,19,26,173,32,NA,NA,NA,NA,19,NA,NA,NA,392,NA,NA,NA
2023-2024,East Texas A&M,Southland,8,Deja Benjamin,So,MB,5-10,32,30,111,NA,132,56,345,0.22,3,NA,4,27,2,16,91,27,NA,193.5,1,NA,NA,5,NA,NA,NA
2023-2024,East Texas A&M,Southland,9,Peyton Roper,So,OH,5-10,32,17,94,NA,145,98,464,0.101,3,NA,NA,35,NA,5,56,9,NA,178,1,NA,NA,3,NA,NA,NA
2023-2024,East Texas A&M,Southland,22,Millie Allgood,So,OH,5-10,32,6,106,NA,4,0,31,0.129,30,34,10,235,30,NA,NA,NA,NA,38,3,NA,NA,440,NA,NA,NA
2023-2024,Houston Christian,Southland,5,Lexie Temple,So,MB,6-2,32,32,113,NA,130,56,389,0.19,5,NA,NA,25,NA,13,86,9,NA,186,2,NA,NA,2,NA,NA,NA
2023-2024,Houston Christian,Southland,10,Cassidy Drapela,So,OH,6-0,32,28,112,NA,339,180,1103,0.144,6,NA,1,116,16,8,39,11,NA,366.5,1,NA,NA,245,NA,NA,NA
2023-2024,Houston Christian,Southland,12,Leah Fraysur,So,OH,5-10,4,1,5,NA,2,6,13,-0.308,NA,NA,NA,3,NA,NA,NA,NA,NA,2,NA,NA,NA,4,NA,NA,NA
2023-2024,Houston Christian,Southland,15,Morgan Brown,So,S,5-11,1,0,1,NA,0,0,0,NA,NA,NA,1,NA,NA,NA,NA,NA,NA,NA,NA,NA,NA,NA,NA,NA,NA
2023-2024,Houston Christian,Southland,16,Grace McLaughlin,So,S,5-10,29,27,95,NA,50,21,177,0.164,982,9,7,274,NA,4,35,4,NA,80.5,14,NA,NA,2,13,NA,NA
2023-2024,McNeese,Southland,5,Sanni Rantanen,So,MB,6-3,33,32,110,NA,252,82,571,0.298,9,19,16,94,2,21,56,4,NA,320,1,NA,NA,16,NA,NA,NA
2023-2024,McNeese,Southland,21,Kayla Wilson,So,OH,5-10,32,10,106,NA,309,135,876,0.199,8,1,2,77,1,12,18,NA,NA,331,1,NA,NA,15,NA,NA,NA
2023-2024,New Orleans,Southland,12,Chandler Lee,So,OH,6-0,21,14,52,NA,52,36,226,0.071,5,6,9,70,1,NA,10,1,NA,63,NA,NA,NA,4,NA,NA,NA
2023-2024,New Orleans,Southland,22,Courtney Roundtree,So,MB,6-0,24,23,81,NA,164,62,358,0.285,4,8,12,40,1,15,40,8,NA,207,2,NA,NA,11,NA,NA,NA
2023-2024,Nicholls,Southland,1,Taylor Heeb,So,S,5-6,5,0,15,NA,0,1,2,-0.5,53,NA,1,17,NA,NA,NA,NA,NA,NA,2,NA,NA,NA,NA,NA,NA
2023-2024,Nicholls,Southland,3,Mackenzie Pryor,So,OH,6-0,20,5,58,NA,85,51,306,0.111,1,NA,2,18,1,2,16,NA,NA,95,NA,NA,NA,1,NA,NA,NA
2023-2024,Nicholls,Southland,4,Gabrielle Barth,So,DS,5-7,17,0,48,NA,0,0,14,0,33,7,10,133,20,NA,NA,NA,NA,7,NA,NA,NA,192,NA,NA,NA
2023-2024,Nicholls,Southland,11,Paris Dixon,So,MB,5-9,28,28,97,NA,120,50,341,0.205,7,14,25,61,NA,8,62,4,NA,173,NA,NA,NA,10,NA,NA,NA
2023-2024,Northwestern St.,Southland,2,Madisynne McQueen,So,OH,6-0,14,1,31,NA,32,20,122,0.098,1,NA,NA,19,1,NA,11,NA,NA,37.5,2,NA,NA,6,NA,NA,NA
2023-2024,Northwestern St.,Southland,10,Tessa Gerwig,So,OH,6-1,23,17,80,NA,178,75,505,0.204,6,NA,NA,30,NA,4,56,5,NA,210,NA,NA,NA,6,NA,NA,NA
2023-2024,Northwestern St.,Southland,14,Reaghan Thompson,So,MB,6-0,31,31,108,NA,191,54,468,0.293,8,13,23,62,2,17,147,11,NA,294.5,1,NA,NA,7,2,NA,NA
2023-2024,Northwestern St.,Southland,27,Jordan Gamble,So,MB,6-3,24,23,83,NA,127,48,334,0.237,6,23,16,60,NA,10,70,7,NA,195,NA,NA,NA,6,NA,NA,NA
2023-2024,Southeastern La.,Southland,8,Ryley Boyne,So,OH,6-0,11,0,19,NA,26,11,66,0.227,1,NA,NA,11,1,1,7,1,NA,30.5,NA,NA,NA,8,NA,NA,NA
2023-2024,Southeastern La.,Southland,14,Peyton Stokley,So,S,5-9,17,7,41,NA,5,2,18,0.167,194,6,16,65,NA,NA,NA,NA,NA,11,3,NA,NA,1,NA,NA,NA
2023-2024,Southeastern La.,Southland,15,Alexis Logarbo,So,OPP,6-2,22,2,41,NA,33,15,95,0.189,2,NA,NA,19,NA,1,22,5,NA,45,NA,NA,NA,5,NA,NA,NA
2023-2024,Southeastern La.,Southland,19,Lexi Gonzalez,So,DS,5-7,16,0,40,NA,1,0,1,1,2,12,6,56,4,NA,NA,NA,NA,13,NA,NA,NA,60,NA,NA,NA
2023-2024,UIW,Southland,2,Alexis Walker,So,MB,5-10,19,11,48,NA,54,24,141,0.213,1,2,18,16,NA,6,41,5,NA,82.5,NA,NA,NA,2,NA,NA,NA
2023-2024,UIW,Southland,3,Mercedez Lara,So,L/DS,5-6,12,0,31,NA,0,1,1,-1,3,7,5,26,1,NA,NA,NA,NA,7,NA,NA,NA,25,NA,NA,NA
2023-2024,UIW,Southland,4,Finley Evans,So,OH,6-1,30,12,102,NA,189,66,563,0.218,7,4,2,108,5,2,34,5,NA,212,NA,NA,NA,196,4,NA,NA
2023-2024,UIW,Southland,19,Kade Thomas,So,MB,6-3,28,25,95,NA,127,41,300,0.287,3,NA,1,17,NA,18,75,6,NA,182.5,NA,NA,NA,9,NA,NA,NA
2023-2024,UIW,Southland,20,Kyla Malone,So,OH,5-10,23,21,82,NA,207,91,648,0.179,12,14,12,169,14,2,26,5,NA,236,NA,NA,NA,380,5,NA,NA
2023-2024,Denver,Summit League,2,Emma Mirabelli,So,OH,6-1,6,0,9,NA,3,2,8,0.125,NA,1,1,5,1,NA,NA,NA,NA,4,NA,NA,NA,3,NA,NA,NA
2023-2024,Denver,Summit League,6,Alayna Finucan,So,L/DS,5-5,26,10,95,NA,0,0,2,0,23,19,32,157,26,NA,NA,1,NA,19,NA,NA,NA,415,NA,NA,NA
2023-2024,Denver,Summit League,11,Ava Reynolds,So,OH,5-10,25,13,87,NA,189,84,559,0.188,4,NA,3,56,21,5,19,2,NA,203.5,NA,NA,NA,300,NA,NA,NA
2023-2024,Denver,Summit League,14,Genevieve Lewis,So,OPP,6-6,14,3,28,NA,38,36,123,0.016,1,NA,NA,12,NA,NA,12,1,NA,44,NA,NA,NA,2,NA,NA,NA
2023-2024,Denver,Summit League,21,Kate Perryman,So,MB,6-2,6,0,6,NA,1,1,7,0,NA,NA,NA,NA,NA,NA,1,NA,NA,1.5,NA,NA,NA,NA,NA,NA,NA
2023-2024,Kansas City,Summit League,1,Blair Taylor,So,DS,5-2,31,0,124,NA,3,1,5,0.4,41,34,45,285,21,1,NA,NA,NA,38,NA,NA,NA,379,NA,NA,NA
2023-2024,Kansas City,Summit League,5,Sydney Henry,So,S,5-11,31,31,125,NA,120,30,313,0.288,1256,31,41,320,2,4,61,8,NA,185.5,7,NA,NA,7,17,NA,NA
2023-2024,Kansas City,Summit League,7,Nyle Mathis,So,OH,5-7,3,0,4,NA,3,2,9,0.111,NA,1,NA,1,NA,NA,2,1,NA,5,NA,NA,NA,2,NA,NA,NA
2023-2024,Kansas City,Summit League,9,McKenzie Moburg,So,DS,5-6,25,0,57,NA,1,0,4,0.25,14,7,6,92,12,NA,NA,NA,NA,8,1,NA,NA,182,NA,NA,NA
2023-2024,Kansas City,Summit League,14,Kimora Whetstone,So,MB,5-9,31,31,125,NA,192,63,415,0.311,4,1,1,21,NA,17,105,10,NA,262.5,2,NA,NA,10,NA,NA,NA
2023-2024,North Dakota,Summit League,5,Maddie Lipetzky,So,MB,6-0,15,1,29,NA,20,16,79,0.051,2,2,4,31,3,1,3,NA,NA,24.5,NA,NA,NA,73,NA,NA,NA
2023-2024,North Dakota,Summit League,7,Izzie McCormick,So,L,5-7,25,0,88,NA,2,4,35,-0.057,74,27,28,285,46,NA,NA,1,NA,29,1,NA,NA,566,NA,NA,NA
2023-2024,North Dakota,Summit League,15,Paige Barber,So,OH,6-0,28,27,102,NA,263,145,678,0.174,4,1,3,48,33,5,33,1,NA,285.5,1,NA,NA,186,NA,NA,NA
2023-2024,North Dakota,Summit League,18,Katy Riviere,So,RS,6-0,4,0,7,NA,1,4,9,-0.333,18,NA,2,10,NA,NA,NA,NA,NA,1,2,NA,NA,1,NA,NA,NA
2023-2024,North Dakota,Summit League,19,Olivia De Jong,So,L,5-9,25,1,61,NA,0,0,3,0,2,7,10,45,5,NA,NA,NA,NA,7,NA,NA,NA,72,NA,NA,NA
2023-2024,North Dakota St.,Summit League,1,Baily Randall,So,OH,6-2,7,0,13,NA,16,7,41,0.22,NA,1,2,3,NA,NA,6,1,NA,20,NA,NA,NA,2,NA,NA,NA
2023-2024,North Dakota St.,Summit League,18,Ally Barth,So,MB,6-1,29,29,109,NA,190,57,412,0.323,4,NA,3,19,1,7,73,5,NA,233.5,NA,NA,NA,5,NA,NA,NA
2023-2024,Omaha,Summit League,3,Kali Jurgensmeier,So,OH,6-1,12,7,39,NA,95,46,296,0.166,NA,NA,5,30,8,NA,21,NA,NA,105.5,NA,NA,NA,76,NA,NA,NA
2023-2024,Omaha,Summit League,7,Brynlee Arnold,So,RS,6-3,26,0,93,NA,152,80,381,0.189,NA,NA,NA,29,NA,1,48,3,NA,177,NA,NA,NA,1,NA,NA,NA
2023-2024,Omaha,Summit League,8,Morgan DeBow,So,MB,6-2,12,9,39,NA,28,22,90,0.067,NA,NA,NA,3,NA,1,20,1,NA,39,NA,NA,NA,1,NA,NA,NA
2023-2024,Oral Roberts,Summit League,3,Kedron Burk,So,MB,6-1,26,24,82,NA,87,44,250,0.172,NA,2,9,23,NA,7,49,4,NA,120.5,2,NA,NA,6,NA,NA,NA
2023-2024,Oral Roberts,Summit League,8,Natassia Baptiste,So,MB,6-0,27,26,87,NA,102,52,320,0.156,3,12,23,32,1,8,49,6,NA,146.5,NA,NA,NA,7,NA,NA,NA
2023-2024,South Dakota,Summit League,15,Madi Woodin,So,S,5-6,1,0,1,NA,0,0,0,NA,1,NA,NA,NA,NA,NA,NA,NA,NA,NA,NA,NA,NA,NA,NA,NA,NA
2023-2024,South Dakota,Summit League,17,Kamryn Farris,So,DS,5-11,29,3,115,NA,5,1,12,0.333,96,32,54,409,14,NA,NA,NA,NA,37,NA,NA,NA,405,NA,NA,NA
2023-2024,South Dakota St.,Summit League,3,Masa Scheierman,So,OH,6-1,18,10,62,NA,130,67,362,0.174,7,16,15,71,4,NA,34,5,NA,163,1,NA,NA,21,NA,NA,NA
2023-2024,South Dakota St.,Summit League,11,Sydni Schetnan,So,OH,6-5,29,26,107,NA,203,65,549,0.251,7,NA,NA,58,1,12,71,7,NA,250.5,2,NA,NA,13,NA,NA,NA
2023-2024,South Dakota St.,Summit League,16,Katie Van Egdom,So,OH,6-2,29,29,108,NA,333,147,1038,0.179,13,14,40,217,35,7,20,3,NA,364,NA,NA,NA,613,8,NA,NA
2023-2024,St. Thomas (MN),Summit League,2,Allie Kopp,So,S,5-7,25,4,75,NA,1,1,5,0,162,27,34,143,7,NA,NA,1,NA,28,2,NA,NA,93,1,NA,NA
2023-2024,St. Thomas (MN),Summit League,6,Maria Chapman,So,DS,5-6,18,5,39,NA,0,0,1,0,5,5,10,35,6,NA,NA,NA,NA,5,NA,NA,NA,65,NA,NA,NA
2023-2024,St. Thomas (MN),Summit League,8,Megan Wetter,So,MB,6-0,23,18,77,NA,158,61,457,0.212,5,15,19,36,1,8,63,4,NA,212.5,3,NA,NA,13,NA,NA,NA
2023-2024,St. Thomas (MN),Summit League,13,Keya Luta Win Hunt,So,S,5-11,22,0,57,NA,5,4,21,0.048,116,14,14,85,NA,NA,NA,NA,NA,19,NA,NA,NA,11,1,NA,NA
2023-2024,St. Thomas (MN),Summit League,14,Ella Voegele,So,L/DS,5-6,27,0,99,NA,9,0,17,0.529,94,25,29,432,14,NA,NA,NA,NA,34,NA,NA,NA,439,NA,NA,NA
2023-2024,St. Thomas (MN),Summit League,15,Tezra Rudzitis,So,OH,5-11,20,11,66,NA,181,66,419,0.274,7,9,11,38,1,2,38,5,NA,211,NA,NA,NA,4,NA,NA,NA
2023-2024,St. Thomas (MN),Summit League,16,Emma Goerger,So,MB,6-4,4,4,13,NA,33,13,86,0.233,NA,3,3,3,NA,1,10,1,NA,42,NA,NA,NA,NA,NA,NA,NA
2023-2024,St. Thomas (MN),Summit League,21,Ava Wild,So,OH,6-0,13,0,25,NA,33,26,106,0.066,1,NA,NA,9,5,1,6,2,NA,37,NA,NA,NA,28,NA,NA,NA
2023-2024,St. Thomas (MN),Summit League,24,Kaitlynn Peterson,So,OH,5-11,20,15,51,NA,111,69,449,0.094,8,5,17,93,20,3,15,1,NA,126.5,NA,NA,NA,354,NA,NA,NA
2023-2024,App State,Sun Belt,2,Maya Winterhoff,So,MB,6-2,29,29,109,NA,239,51,491,0.383,9,25,35,55,NA,28,102,6,NA,343,NA,NA,NA,16,NA,NA,NA
2023-2024,App State,Sun Belt,10,Alyssa McBean,So,L/DS,5-6,27,21,96,NA,0,2,9,-0.222,12,32,64,242,11,NA,NA,NA,NA,32,NA,NA,NA,344,NA,NA,NA
2023-2024,App State,Sun Belt,11,Tess Herendeen,So,L/DS,5-9,1,0,2,NA,0,0,0,NA,NA,NA,NA,NA,NA,NA,NA,NA,NA,NA,NA,NA,NA,NA,NA,NA,NA
2023-2024,App State,Sun Belt,15,Kenady Roper,So,L/DS,5-8,25,0,90,NA,1,1,23,0,76,30,27,352,11,NA,NA,NA,NA,31,NA,NA,NA,391,NA,NA,NA
2023-2024,Arkansas St.,Sun Belt,1,Abby Harris,So,RS,6-1,18,3,45,NA,52,29,141,0.163,NA,7,10,27,NA,1,8,1,NA,64,NA,NA,NA,NA,NA,NA,NA
2023-2024,Arkansas St.,Sun Belt,4,Bailey Helzer,So,OH,6-0,24,19,81,NA,166,112,586,0.092,17,33,24,191,27,NA,10,7,NA,204,NA,NA,NA,483,5,NA,NA
2023-2024,Arkansas St.,Sun Belt,6,Yazmyn Billings,So,MB,6-2,29,26,97,NA,175,79,480,0.2,3,NA,NA,18,NA,16,58,9,NA,220,1,NA,NA,5,NA,NA,NA
2023-2024,Arkansas St.,Sun Belt,9,Maddie Wiersema,So,RS,6-0,3,0,5,NA,6,1,10,0.5,NA,NA,NA,4,NA,1,1,NA,NA,7.5,NA,NA,NA,NA,NA,NA,NA
2023-2024,Arkansas St.,Sun Belt,14,Kyla Wiersema,So,MB,6-0,1,0,1,NA,0,0,0,NA,NA,NA,NA,NA,NA,NA,NA,NA,NA,NA,NA,NA,NA,NA,NA,NA,NA
2023-2024,Coastal Carolina,Sun Belt,1,Bailee Earnhardt,So,DS,5-5,29,13,107,NA,1,0,4,0.25,18,23,50,234,21,NA,NA,NA,NA,24,NA,NA,NA,468,NA,NA,NA
2023-2024,Coastal Carolina,Sun Belt,3,Alicja Jaryszek,So,OH,6-2,14,1,25,NA,45,22,114,0.202,2,3,6,23,10,1,8,NA,NA,53,NA,NA,NA,111,NA,NA,NA
2023-2024,Coastal Carolina,Sun Belt,9,Valentina Varani,So,MH,6-1,32,32,124,NA,136,63,342,0.213,17,1,4,45,4,26,91,13,NA,208.5,1,NA,NA,30,NA,NA,NA
2023-2024,Coastal Carolina,Sun Belt,12,Leah Olsen,So,MB,6-2,3,0,3,NA,0,1,1,-1,NA,NA,NA,NA,NA,NA,NA,NA,NA,NA,NA,NA,NA,NA,NA,NA,NA
2023-2024,Ga. Southern,Sun Belt,17,Ailie Hair,So,MB,5-11,27,23,87,NA,99,34,248,0.262,7,12,20,53,2,26,66,8,NA,170,NA,NA,NA,16,NA,NA,NA
2023-2024,Ga. Southern,Sun Belt,18,Kirsten Barrett,So,S,5-9,32,28,116,NA,13,3,39,0.256,696,34,44,220,NA,NA,NA,NA,NA,47,4,NA,NA,5,7,NA,NA
2023-2024,Georgia St.,Sun Belt,4,Maren Palmer,So,S,5-9,26,15,88,NA,16,5,52,0.212,258,22,30,141,3,NA,NA,1,NA,38,28,NA,NA,54,3,NA,NA
2023-2024,Georgia St.,Sun Belt,5,Amanda Albertini,So,MB,6-2,24,21,75,NA,113,38,322,0.233,4,12,20,36,2,NA,39,2,NA,144.5,2,NA,NA,4,NA,NA,NA
2023-2024,Georgia St.,Sun Belt,7,Hannah Speeney,So,S,5-9,3,0,5,NA,0,0,1,0,11,1,1,3,NA,NA,NA,NA,NA,1,NA,NA,NA,NA,NA,NA,NA
2023-2024,Georgia St.,Sun Belt,19,Jexsamarie Perez,So,S,5-5,23,2,66,NA,2,3,14,-0.071,234,7,16,132,NA,NA,NA,NA,NA,9,14,NA,NA,3,4,NA,NA
2023-2024,Georgia St.,Sun Belt,20,Laughlin Murray,So,S,5-9,13,10,48,NA,4,1,24,0.125,226,7,6,78,NA,NA,NA,NA,NA,11,7,NA,NA,2,2,NA,NA
2023-2024,Georgia St.,Sun Belt,32,Izzy Durnell,So,OH,6-2,28,19,100,NA,144,76,505,0.135,2,NA,NA,63,NA,4,50,7,NA,173,1,NA,NA,4,NA,NA,NA
2023-2024,James Madison,Sun Belt,2,Grace Wenrich,So,S,5-9,1,0,1,NA,0,0,0,NA,1,NA,NA,NA,NA,NA,NA,NA,NA,NA,NA,NA,NA,NA,NA,NA,NA
2023-2024,James Madison,Sun Belt,5,Julia McNeley,So,L/DS,5-9,28,8,107,NA,6,7,54,-0.019,28,31,54,255,10,NA,NA,NA,NA,37,1,NA,NA,407,NA,NA,NA
2023-2024,James Madison,Sun Belt,16,Bre Reid,So,OH,5-10,30,17,106,NA,238,118,878,0.137,4,NA,NA,44,12,9,21,7,NA,257.5,1,NA,NA,115,NA,NA,NA
2023-2024,Louisiana,Sun Belt,2,Lauryn Hill,So,OH,5-8,18,11,54,NA,131,63,382,0.178,13,11,25,99,19,NA,8,NA,NA,146,NA,NA,NA,147,3,NA,NA
2023-2024,Louisiana,Sun Belt,8,Chelsea George,So,DS,5-8,32,3,102,NA,2,2,4,0,12,24,8,172,20,NA,NA,NA,NA,26,NA,NA,NA,186,NA,NA,NA
2023-2024,Marshall,Sun Belt,2,Bianca Giglio,So,DS,5-10,23,4,64,NA,17,12,104,0.048,20,6,9,115,16,NA,5,1,NA,25.5,NA,NA,NA,233,NA,NA,NA
2023-2024,Marshall,Sun Belt,5,Beatrice Ciccarelli,So,MB,6-1,20,8,39,NA,38,19,90,0.211,6,NA,2,6,1,5,24,7,NA,55,NA,NA,NA,4,NA,NA,NA
2023-2024,Marshall,Sun Belt,7,Elli Barry,So,OPP,6-2,3,1,5,NA,2,2,8,0,NA,NA,NA,NA,NA,NA,NA,NA,NA,2,NA,NA,NA,4,NA,NA,NA
2023-2024,Marshall,Sun Belt,17,Bella Thompson,So,S,5-8,22,8,54,NA,3,1,19,0.105,219,8,13,75,NA,NA,NA,NA,NA,11,4,NA,NA,1,1,NA,NA
2023-2024,Marshall,Sun Belt,22,Flora Sebestyen,So,OH,6-2,1,0,1,NA,5,1,10,0.4,NA,NA,NA,NA,NA,NA,NA,NA,NA,5,NA,NA,NA,6,NA,NA,NA
2023-2024,Old Dominion,Sun Belt,3,Ashlynn Belcher,So,S,5-9,20,1,72,NA,2,0,11,0.182,50,5,4,64,NA,NA,1,NA,NA,7.5,1,NA,NA,1,NA,NA,NA
2023-2024,Old Dominion,Sun Belt,5,Bailey Burgess,So,MB,6-1,31,30,112,NA,154,47,345,0.31,5,21,14,32,NA,22,90,8,NA,242,NA,NA,NA,5,NA,NA,NA
2023-2024,South Alabama,Sun Belt,9,Anna Loberg,So,S,6-0,28,1,99,NA,0,1,6,-0.167,21,26,32,140,NA,NA,NA,NA,NA,26,NA,NA,NA,2,NA,NA,NA
2023-2024,South Alabama,Sun Belt,11,Evie Taylor,So,MB,6-1,13,0,18,NA,7,6,23,0.043,NA,NA,NA,1,NA,NA,NA,NA,NA,7,NA,NA,NA,NA,NA,NA,NA
2023-2024,South Alabama,Sun Belt,12,Jacqueline Beville,So,RS,6-0,3,0,3,NA,1,2,4,-0.25,NA,NA,NA,NA,NA,NA,NA,NA,NA,1,NA,NA,NA,NA,NA,NA,NA
2023-2024,South Alabama,Sun Belt,13,Briana Wilson,So,L/DS,5-4,29,7,96,NA,1,0,11,0.091,7,3,10,139,7,NA,NA,NA,NA,4,NA,NA,NA,250,NA,NA,NA
2023-2024,South Alabama,Sun Belt,14,Emily Ready,So,OH,6-0,3,0,4,NA,1,2,5,-0.2,1,NA,NA,NA,NA,NA,NA,NA,NA,1,NA,NA,NA,1,NA,NA,NA
2023-2024,Southern Miss.,Sun Belt,5,Ella Voorhees,So,L/DS,5-6,18,9,56,NA,3,2,31,0.032,254,9,4,104,5,NA,4,NA,NA,14,9,NA,NA,61,2,NA,NA
2023-2024,Southern Miss.,Sun Belt,7,Cailin Demps,So,OH,6-1,27,5,83,NA,155,58,468,0.207,3,2,8,57,12,5,27,3,NA,175.5,NA,NA,NA,90,NA,NA,NA
2023-2024,Texas St.,Sun Belt,2,Maggie Walsh,So,OH,5-10,30,24,107,NA,158,53,527,0.199,18,25,22,285,17,2,7,3,NA,188.5,NA,NA,NA,525,3,NA,NA
2023-2024,Texas St.,Sun Belt,4,Olivia Adair,So,DS,5-6,16,1,28,NA,0,0,0,NA,5,4,7,39,7,NA,NA,NA,NA,4,NA,NA,NA,70,NA,NA,NA
2023-2024,Texas St.,Sun Belt,5,Jade Defraeye,So,MB,6-2,30,30,109,NA,124,41,282,0.294,10,1,4,28,1,21,112,6,NA,202,3,NA,NA,13,NA,NA,NA
2023-2024,Texas St.,Sun Belt,8,Samantha Wunsch,So,OH,6-2,30,24,109,NA,339,116,908,0.246,6,NA,6,75,2,8,103,9,NA,398.5,NA,NA,NA,54,NA,NA,NA
2023-2024,Texas St.,Sun Belt,12,Alyssa Clark,So,DS,5-3,21,0,61,NA,1,0,3,0.333,6,8,10,48,6,NA,NA,NA,NA,9,NA,NA,NA,64,NA,NA,NA
2023-2024,Texas St.,Sun Belt,20,Bailey Hanner,So,MB,6-2,25,25,94,NA,154,59,376,0.253,4,21,21,23,NA,12,95,2,NA,234.5,3,NA,NA,12,NA,NA,NA
2023-2024,Troy,Sun Belt,1,Amiah Butler,So,OH,6-0,28,6,105,NA,353,140,897,0.237,3,1,7,70,7,14,32,6,NA,384,NA,NA,NA,122,NA,NA,NA
2023-2024,Troy,Sun Belt,2,Jaci Mesa,So,DS,5-7,28,0,105,NA,0,1,8,-0.125,74,20,18,365,48,NA,NA,NA,NA,20,NA,NA,NA,619,NA,NA,NA
2023-2024,Troy,Sun Belt,3,Ella Broadhead,So,MH,6-1,8,7,25,NA,32,8,78,0.308,NA,NA,1,1,NA,NA,9,1,NA,36.5,NA,NA,NA,1,NA,NA,NA
2023-2024,Troy,Sun Belt,8,Olivia Grantham,So,DS,5-5,26,1,96,NA,0,0,0,NA,4,20,25,39,2,NA,NA,NA,NA,20,NA,NA,NA,7,NA,NA,NA
2023-2024,Troy,Sun Belt,11,Maleah Howe,So,OH,5-9,9,2,32,NA,27,22,93,0.054,2,NA,1,11,1,1,5,NA,NA,30.5,1,NA,NA,20,NA,NA,NA
2023-2024,Troy,Sun Belt,17,Sara Bates,So,OH,5-10,27,22,100,NA,11,8,49,0.061,12,22,45,196,27,NA,NA,1,NA,33,NA,NA,NA,276,NA,NA,NA
2023-2024,ULM,Sun Belt,6,Callie Humphrey,So,L/DS,5-5,20,0,45,NA,1,1,14,0,8,11,6,83,19,NA,NA,NA,NA,12,NA,NA,NA,119,NA,NA,NA
2023-2024,ULM,Sun Belt,8,Bailey Roberson,So,S,5-8,31,24,123,NA,30,5,102,0.245,617,40,38,260,1,NA,1,NA,NA,70.5,10,NA,NA,4,10,NA,NA
2023-2024,ULM,Sun Belt,9,Brynn Botkin,So,OH,5-11,29,27,111,NA,292,128,886,0.185,11,41,49,282,32,8,11,NA,NA,346.5,2,NA,NA,649,9,NA,NA
2023-2024,ULM,Sun Belt,11,Lydia Mesusan,So,OH,6-1,18,9,41,NA,51,27,212,0.113,1,2,3,24,2,4,9,2,NA,61.5,NA,NA,NA,23,NA,NA,NA
2023-2024,Charlotte,The American,1,Lauren Nixon,So,S,5-10,13,0,32,NA,0,0,4,0,80,7,3,43,NA,NA,1,NA,NA,7.5,3,NA,NA,2,2,NA,NA
2023-2024,Charlotte,The American,5,Mckenna Zelna,So,L/DS,5-8,13,0,25,NA,2,0,2,1,2,1,2,30,7,NA,NA,NA,NA,3,NA,NA,NA,86,NA,NA,NA
2023-2024,Charlotte,The American,18,Sydney Baham,So,MB,6-3,31,29,109,NA,125,52,341,0.214,1,NA,NA,15,1,32,88,9,NA,201,3,NA,NA,18,NA,NA,NA
2023-2024,East Carolina,The American,3,Angeles Alderete,So,OH,6-0,32,32,118,NA,376,166,1157,0.182,46,32,48,364,35,7,31,4,NA,430.5,NA,NA,NA,786,15,NA,NA
2023-2024,East Carolina,The American,11,Alyssa Finister,So,MB,5-11,14,8,36,NA,54,14,111,0.36,4,11,12,21,1,8,34,1,NA,90,NA,NA,NA,2,NA,NA,NA
2023-2024,East Carolina,The American,18,Carlia Northcross,So,MB,6-1,32,30,110,NA,123,35,286,0.308,6,9,16,43,2,28,103,9,NA,211.5,1,NA,NA,6,NA,NA,NA
2023-2024,Fla. Atlantic,The American,11,Arianna Beckham,So,OH,5-11,33,32,119,NA,352,172,924,0.195,4,10,28,199,NA,14,60,14,NA,406,2,NA,NA,15,8,NA,NA
2023-2024,Fla. Atlantic,The American,14,Madison Dyer,So,MB,6-0,28,14,79,NA,138,46,294,0.313,1,NA,2,34,NA,2,45,2,NA,162.5,1,NA,NA,13,NA,NA,NA
2023-2024,Fla. Atlantic,The American,17,Victoria Hensley,So,S,5-11,33,33,120,NA,36,14,104,0.212,1107,30,28,243,NA,5,22,2,NA,82,9,NA,NA,10,9,NA,NA
2023-2024,Memphis,The American,7,Madison Rice-Locket,So,RS,5-10,31,19,99,NA,177,143,539,0.063,3,NA,1,43,13,4,35,3,NA,198.5,NA,NA,NA,93,NA,NA,NA
2023-2024,Memphis,The American,23,Catalina Martinez,So,S,5-8,22,6,74,NA,17,2,50,0.3,333,21,29,131,NA,NA,NA,NA,NA,38,11,NA,NA,NA,2,NA,NA
2023-2024,North Texas,The American,7,Kamryn Scroggins,So,S,5-9,33,3,128,NA,13,8,36,0.139,631,24,31,250,NA,NA,NA,NA,NA,37,4,NA,NA,4,6,NA,NA
2023-2024,North Texas,The American,9,Alexa Washington,So,S,5-8,5,0,9,NA,0,0,2,0,18,NA,1,5,NA,NA,NA,NA,NA,NA,NA,NA,NA,NA,NA,NA,NA
2023-2024,North Texas,The American,11,Victoria Fontenot,So,L/DS,5-5,24,2,65,NA,0,0,5,0,3,14,16,82,9,NA,NA,NA,NA,14,1,NA,NA,185,NA,NA,NA
2023-2024,Rice,The American,2,Gaby Mansfield,So,L/DS,5-4,21,2,87,NA,0,1,2,-0.5,9,12,19,185,10,NA,NA,NA,NA,12,NA,NA,NA,330,NA,NA,NA
2023-2024,Rice,The American,8,Lademi Ogunlana,So,MB,5-11,10,0,21,NA,30,7,54,0.426,1,NA,2,4,NA,4,9,NA,NA,38.5,NA,NA,NA,NA,NA,NA,NA
2023-2024,Rice,The American,9,Taylor Johnson,So,OH,6-0,16,0,34,NA,2,0,3,0.667,NA,4,3,12,NA,NA,NA,NA,NA,6,NA,NA,NA,NA,NA,NA,NA
2023-2024,Rice,The American,11,Darby Harris,So,S,5-9,29,24,112,NA,16,7,85,0.106,844,11,15,380,3,2,21,3,NA,39.5,17,NA,NA,34,20,NA,NA
2023-2024,SMU,The American,5,Casey Batenhorst,So,S,6-1,33,2,107,NA,2,0,19,0.105,56,34,37,32,NA,NA,NA,NA,NA,36,3,NA,NA,NA,NA,NA,NA
2023-2024,SMU,The American,7,Brooke Frazier,So,L/DS,5-7,32,5,107,NA,1,0,5,0.2,42,18,23,270,15,NA,NA,NA,NA,19,NA,NA,NA,258,NA,NA,NA
2023-2024,South Fla.,The American,5,Tatiana Johnson,So,S,5-9,3,0,3,NA,0,0,0,NA,6,NA,NA,1,NA,NA,NA,NA,NA,NA,NA,NA,NA,NA,NA,NA,NA
2023-2024,South Fla.,The American,12,Buse Hazan,So,OH,5-11,34,34,123,NA,467,242,1212,0.186,29,46,74,267,49,11,25,3,NA,536.5,2,NA,NA,685,9,NA,NA
2023-2024,South Fla.,The American,16,Maria Clara Andrade,So,NA,5-8,34,32,119,NA,451,203,1118,0.222,23,31,85,277,50,10,32,8,NA,508,3,NA,NA,618,13,NA,NA
2023-2024,South Fla.,The American,21,Emma Santi,So,DS,-,5,0,12,NA,0,0,0,NA,2,NA,NA,10,6,NA,NA,NA,NA,NA,NA,NA,NA,20,NA,NA,NA
2023-2024,Temple,The American,7,Nalani McBride,So,L/DS,5-5,28,2,71,NA,2,0,7,0.286,27,12,10,163,20,NA,1,NA,NA,14.5,NA,NA,NA,216,NA,NA,NA
2023-2024,Temple,The American,8,Samantha Jo Mikosky,So,MB,6-3,27,17,87,NA,86,35,224,0.228,3,NA,1,28,NA,19,52,12,NA,131,1,NA,NA,1,NA,NA,NA
2023-2024,Tulane,The American,3,Ceren Aki,So,OH,6-1,5,0,6,NA,3,4,18,-0.056,NA,NA,NA,6,4,NA,NA,NA,NA,3,NA,NA,NA,9,NA,NA,NA
2023-2024,Tulane,The American,8,Ava Derbes,So,S,5-11,1,0,1,NA,0,0,0,NA,NA,NA,NA,NA,NA,NA,NA,NA,NA,NA,NA,NA,NA,NA,NA,NA,NA
2023-2024,Tulane,The American,9,Annabelle He,So,L/DS,5-6,26,1,52,NA,0,0,0,NA,NA,4,3,34,5,NA,NA,NA,NA,4,NA,NA,NA,22,NA,NA,NA
2023-2024,Tulane,The American,10,Ilayda Demirtas,So,OH,6-5,31,19,108,NA,237,91,708,0.206,NA,7,9,88,NA,6,78,20,NA,289,3,NA,NA,1,2,NA,NA
2023-2024,Tulane,The American,12,Katherine Crosley,So,S,5-9,25,11,76,NA,126,59,336,0.199,38,1,7,73,NA,1,30,7,NA,143,1,NA,NA,2,1,NA,NA
2023-2024,Tulane,The American,23,Sabrina Skyers,So,MB,6-1,30,29,103,NA,145,71,387,0.191,4,NA,NA,18,NA,10,99,18,NA,204.5,2,NA,NA,7,NA,NA,NA
2023-2024,Tulane,The American,33,Agata Beksha,So,RS,6-3,17,4,32,NA,30,23,126,0.056,NA,NA,NA,12,NA,NA,9,1,NA,34.5,1,NA,NA,8,NA,NA,NA
2023-2024,Tulsa,The American,2,Arianna Mongare,So,MB,5-11,33,33,123,NA,198,70,523,0.245,32,25,36,102,NA,11,99,7,NA,283.5,1,NA,NA,38,NA,NA,NA
2023-2024,Tulsa,The American,4,Brayden Hipp,So,S,5-8,32,11,111,NA,0,0,7,0,35,25,20,252,NA,NA,NA,NA,NA,25,4,NA,NA,1,NA,NA,NA
2023-2024,Tulsa,The American,5,Camryn Lingenbrink,So,MB,6-0,27,22,84,NA,124,48,292,0.26,3,NA,NA,34,NA,11,69,5,NA,169.5,1,NA,NA,22,1,NA,NA
2023-2024,Tulsa,The American,9,Lauren Eitler,So,OH,5-11,32,22,117,NA,33,45,213,-0.056,12,23,42,240,21,NA,1,1,NA,56.5,1,NA,NA,419,NA,NA,NA
2023-2024,Tulsa,The American,15,Jolana Smidlova,So,RS,6-3,17,0,37,NA,39,21,134,0.134,NA,NA,NA,7,NA,3,16,6,NA,50,1,NA,NA,NA,NA,NA,NA
2023-2024,Tulsa,The American,16,Ryann Thomas,So,L/DS,5-10,8,1,12,NA,0,0,0,NA,NA,NA,4,11,5,NA,NA,NA,NA,NA,NA,NA,NA,22,NA,NA,NA
2023-2024,UAB,The American,11,Izabella Carter,So,S,5-11,7,2,13,NA,0,1,10,-0.1,41,2,3,17,NA,NA,NA,NA,NA,2,3,NA,NA,NA,1,NA,NA
2023-2024,UAB,The American,12,Delaney Bowser,So,DS,5-9,28,6,72,NA,2,0,5,0.4,8,8,24,87,21,NA,NA,NA,NA,10,1,NA,NA,206,NA,NA,NA
2023-2024,UAB,The American,13,Kelsey Smith,So,S,5-11,30,30,114,NA,298,156,839,0.169,314,47,65,275,NA,9,67,6,NA,387.5,23,6,NA,3,13,NA,NA
2023-2024,UAB,The American,18,Jay Collins,So,MB,6-2,17,10,46,NA,46,8,92,0.413,3,3,6,12,NA,6,39,3,NA,74.5,NA,NA,NA,3,NA,NA,NA
2023-2024,UAB,The American,20,Jillian Vickers,So,OH,6-0,2,0,2,NA,0,4,6,-0.667,NA,NA,NA,1,1,NA,NA,NA,NA,NA,NA,NA,NA,4,NA,NA,NA
2023-2024,UTSA,The American,3,Mia Soerensen,So,OPP,6-4,30,28,106,NA,337,122,862,0.249,5,NA,NA,46,NA,5,88,11,NA,386,NA,NA,NA,6,NA,NA,NA
2023-2024,UTSA,The American,6,Kaitlin Leider,So,DS,5-8,3,0,3,NA,0,0,0,NA,NA,NA,NA,1,NA,NA,NA,NA,NA,NA,NA,NA,NA,NA,NA,NA,NA
2023-2024,UTSA,The American,14,Caroline Krueger,So,OH,6-0,30,21,104,NA,155,81,549,0.135,24,40,30,231,34,2,29,2,NA,211.5,NA,NA,NA,699,1,NA,NA
2023-2024,UTSA,The American,18,Katelyn Krienke,So,MB,6-0,26,18,75,NA,130,42,327,0.269,7,19,7,35,1,7,50,5,NA,181,1,NA,NA,8,NA,NA,NA
2023-2024,Wichita St.,The American,4,Brooklyn Leggett,So,OH,6-0,4,0,8,NA,4,3,24,0.042,NA,NA,1,NA,NA,NA,6,NA,NA,7,NA,NA,NA,NA,NA,NA,NA
2023-2024,Wichita St.,The American,6,Katie Galligan,So,L/DS,5-9,32,2,101,NA,0,0,1,0,13,7,9,172,7,NA,NA,NA,NA,7,NA,NA,NA,183,NA,NA,NA
2023-2024,Wichita St.,The American,12,Lauren McMahon,So,MB,6-3,3,0,6,NA,3,1,9,0.222,NA,NA,NA,NA,NA,NA,5,NA,NA,5.5,NA,NA,NA,NA,NA,NA,NA
2023-2024,Wichita St.,The American,13,Emerson Wilford,So,OH,6-2,29,17,89,NA,193,82,618,0.18,8,4,7,105,12,11,48,2,NA,232,NA,NA,NA,248,3,NA,NA
2023-2024,Wichita St.,The American,23,Gabi Maas,So,L/DS,5-9,34,0,128,NA,2,0,28,0.071,122,23,24,496,23,NA,NA,NA,NA,25,3,NA,NA,532,NA,NA,NA
2023-2024,Abilene Christian,WAC,3,Emily Mekelburg,So,OH,6-0,21,4,59,NA,74,49,241,0.104,2,NA,NA,24,NA,3,19,6,NA,86.5,1,NA,NA,3,NA,NA,NA
2023-2024,Abilene Christian,WAC,9,Ashli Edmiston,So,DS,5-8,28,26,107,NA,288,178,856,0.129,14,9,37,133,20,3,21,3,NA,310.5,3,NA,NA,310,3,NA,NA
2023-2024,Abilene Christian,WAC,13,Sara Carrizales,So,L/DS,5-8,29,2,113,NA,5,7,53,-0.038,84,30,51,400,52,NA,NA,NA,NA,35,2,NA,NA,640,NA,NA,NA
2023-2024,California Baptist,WAC,4,Toree Tiffee,So,OH,5-11,2,0,2,NA,1,3,6,-0.333,NA,NA,NA,2,1,NA,NA,NA,NA,1,NA,NA,NA,6,NA,NA,NA
2023-2024,California Baptist,WAC,13,Reese Reed,So,S,5-9,26,8,92,NA,2,2,19,0,432,28,39,199,NA,NA,NA,NA,NA,30,5,NA,NA,NA,9,NA,NA
2023-2024,California Baptist,WAC,16,Alexa Niko,So,OPP,6-1,16,0,59,NA,96,40,260,0.215,2,NA,NA,27,NA,3,26,2,NA,112,1,NA,NA,3,NA,NA,NA
2023-2024,California Baptist,WAC,17,Brianna Young,So,L,5-9,19,0,70,NA,4,2,18,0.111,71,9,7,261,29,NA,NA,NA,NA,13,1,NA,NA,352,NA,NA,NA
2023-2024,Grand Canyon,WAC,3,Tatum Parrott,So,OH,6-0,30,29,105,NA,490,121,1163,0.317,8,37,55,215,34,23,43,8,NA,571.5,1,NA,NA,616,6,NA,NA
2023-2024,Grand Canyon,WAC,6,Tatum Thomas,So,L/DS,5-6,31,0,108,NA,2,1,11,0.091,94,30,38,391,30,NA,NA,NA,NA,32,2,NA,NA,470,NA,NA,NA
2023-2024,Grand Canyon,WAC,17,Anaelena Ramirez,So,OH,6-2,25,10,57,NA,112,38,283,0.261,NA,NA,NA,26,NA,4,26,8,NA,129,NA,NA,NA,1,NA,NA,NA
2023-2024,SFA,WAC,4,Camryn Hill,So,OH,5-10,33,32,117,NA,259,117,846,0.168,15,27,37,352,26,7,47,4,NA,316.5,NA,NA,NA,721,7,NA,NA
2023-2024,SFA,WAC,9,Izabella Ortiz,So,MB,6-1,34,34,122,NA,268,76,597,0.322,20,20,35,81,3,16,135,14,NA,371.5,2,NA,NA,20,NA,NA,NA
2023-2024,SFA,WAC,18,Jayden Flynn,So,S,5-8,34,31,122,NA,19,6,59,0.22,746,39,44,247,NA,NA,1,1,NA,58.5,9,NA,NA,3,7,NA,NA
2023-2024,Seattle U,WAC,2,Elif Teksoy,So,S,6-1,27,27,97,NA,40,13,143,0.189,863,21,28,141,NA,4,48,8,NA,89,22,NA,NA,6,2,NA,NA
2023-2024,Seattle U,WAC,7,Sydney Wilkes,So,OH,5-11,16,4,38,NA,52,34,154,0.117,NA,NA,2,14,NA,2,8,1,NA,58,NA,NA,NA,16,NA,NA,NA
2023-2024,Seattle U,WAC,10,Chloe Lee,So,DS,5-4,1,0,1,NA,0,0,0,NA,NA,NA,NA,NA,NA,NA,NA,NA,NA,NA,NA,NA,NA,NA,NA,NA,NA
2023-2024,Seattle U,WAC,12,Marley Hardgrave,So,MB,6-4,27,27,95,NA,134,61,378,0.193,4,7,14,15,1,12,66,16,NA,186,2,NA,NA,7,NA,NA,NA
2023-2024,Seattle U,WAC,14,Merima Smajlovic,So,OPP,5-11,27,25,96,NA,122,71,432,0.118,15,31,20,254,29,2,22,1,NA,166,NA,NA,NA,462,2,NA,NA
2023-2024,Seattle U,WAC,16,Yasemin Elmas,So,MB,6-2,20,13,53,NA,61,22,145,0.269,NA,NA,2,13,1,4,31,3,NA,80.5,NA,NA,NA,2,NA,NA,NA
2023-2024,Southern Utah,WAC,3,Hanna Henrie,So,MB,6-0,16,1,22,NA,7,2,22,0.227,1,NA,1,5,1,NA,2,NA,NA,8,NA,NA,NA,15,NA,NA,NA
2023-2024,Tarleton St.,WAC,6,Megan Hodges,So,S,5-8,31,31,123,NA,7,6,58,0.017,748,37,26,260,NA,NA,1,NA,NA,44.5,6,NA,NA,4,12,NA,NA
2023-2024,Tarleton St.,WAC,11,Emma Burke,So,MB,5-11,31,31,123,NA,234,56,443,0.402,2,38,44,51,NA,15,108,10,NA,341,1,NA,NA,12,NA,NA,NA
2023-2024,Tarleton St.,WAC,12,Breanna McDonough,So,RS,5-10,30,30,113,NA,192,87,491,0.214,1,NA,NA,38,NA,1,64,2,NA,225,1,NA,NA,NA,NA,NA,NA
2023-2024,UT Arlington,WAC,1,Sophie Skinner,So,S,5-10,21,3,55,NA,7,4,33,0.091,214,12,11,60,NA,NA,1,NA,NA,19.5,3,NA,NA,1,NA,NA,NA
2023-2024,UT Arlington,WAC,20,Jalie Tritt,So,OH,6-1,30,29,105,NA,255,124,721,0.182,16,4,29,184,30,7,36,8,NA,284,3,NA,NA,474,6,NA,NA
2023-2024,UT Arlington,WAC,21,Ava Burroughs,So,MB,6-3,13,4,28,NA,10,3,35,0.2,NA,NA,2,3,NA,3,29,3,NA,27.5,NA,NA,NA,1,NA,NA,NA
2023-2024,UTRGV,WAC,14,Natalie Reyes,So,S,5-6,14,0,41,NA,0,0,0,NA,7,11,9,10,NA,NA,NA,NA,NA,11,NA,NA,NA,NA,NA,NA,NA
2023-2024,Utah Tech,WAC,2,Taylor Snow,So,MB,6-1,25,24,95,NA,153,61,371,0.248,4,13,21,42,2,19,54,11,NA,212,1,NA,NA,9,NA,NA,NA
2023-2024,Utah Tech,WAC,8,Kendyl Holt,So,L/DS,5-8,18,1,46,NA,2,2,16,0,5,8,7,53,10,NA,1,NA,NA,10.5,1,NA,NA,84,NA,NA,NA
2023-2024,Utah Tech,WAC,10,Meg Carter,So,S,6-0,8,0,18,NA,0,0,1,0,80,6,5,22,NA,NA,NA,NA,NA,6,NA,NA,NA,NA,1,NA,NA
2023-2024,Utah Tech,WAC,13,Kaycee Bugas,So,L,5-6,19,0,37,NA,0,0,3,0,4,7,6,37,7,NA,NA,NA,NA,7,NA,NA,NA,58,NA,NA,NA
2023-2024,Utah Tech,WAC,23,Kennedi Knudsen,So,OH,5-11,26,25,103,NA,319,159,920,0.174,12,18,34,230,33,13,24,5,NA,362,2,NA,NA,532,8,NA,NA
2023-2024,Utah Valley,WAC,5,Avery Page,So,OH,6-1,29,29,109,NA,347,116,895,0.258,11,37,52,238,27,9,71,8,NA,428.5,NA,NA,NA,479,9,NA,NA
2023-2024,Utah Valley,WAC,18,Eliza Hakes,So,OH,6-0,2,0,3,NA,1,2,4,-0.25,NA,NA,NA,2,NA,NA,NA,NA,NA,1,NA,NA,NA,1,NA,NA,NA
2023-2024,Gonzaga,WCC,9,Autumn Larson,So,OPP,6-4,25,12,81,NA,145,90,578,0.095,3,4,12,49,18,6,17,5,NA,163.5,NA,NA,NA,201,NA,NA,NA
2023-2024,Gonzaga,WCC,12,Tyra Schaub,So,OH,6-0,13,1,26,NA,37,29,130,0.062,1,2,2,13,4,NA,2,NA,NA,40,NA,NA,NA,54,NA,NA,NA
2023-2024,Gonzaga,WCC,21,Fallon Thompson,So,OH,5-11,21,18,66,NA,82,37,227,0.198,2,2,NA,18,NA,2,53,7,NA,112.5,NA,NA,NA,7,NA,NA,NA
2023-2024,LMU (CA),WCC,10,Bella Mathis,So,MB,6-0,17,0,44,NA,38,20,101,0.178,3,NA,NA,4,NA,4,44,2,NA,64,NA,NA,NA,4,NA,NA,NA
2023-2024,LMU (CA),WCC,21,Olivia Toland,So,OPP,6-1,13,0,22,NA,10,5,36,0.139,NA,NA,NA,2,NA,NA,3,NA,NA,11.5,2,NA,NA,1,NA,NA,NA
2023-2024,Pacific,WCC,8,Emily Van Groningen,So,MB,6-2,29,28,112,NA,186,57,441,0.293,7,7,24,37,1,15,73,3,NA,244.5,5,NA,NA,12,NA,NA,NA
2023-2024,Pacific,WCC,12,Logan Blutreich,So,MB,6-2,19,19,67,NA,79,47,215,0.149,6,NA,NA,13,NA,8,30,1,NA,102,2,NA,NA,5,NA,NA,NA
2023-2024,Pepperdine,WCC,10,Emily Hellmuth,So,OH,6-3,26,26,88,NA,168,87,436,0.186,5,6,16,48,8,2,50,6,NA,201,1,NA,NA,145,NA,NA,NA
2023-2024,Pepperdine,WCC,14,Kenadie Patterson,So,MB,6-5,18,4,35,NA,38,13,100,0.25,NA,NA,NA,6,NA,4,18,1,NA,51,1,NA,NA,NA,NA,NA,NA
2023-2024,Pepperdine,WCC,17,Avery Shimaitis,So,OH,6-0,9,0,14,NA,15,11,53,0.075,NA,NA,NA,NA,1,1,4,NA,NA,18,NA,NA,NA,4,NA,NA,NA
2023-2024,Pepperdine,WCC,20,Vanessa Polk,So,MB,6-2,28,27,90,NA,136,47,306,0.291,5,NA,1,35,NA,13,63,9,NA,180.5,2,NA,NA,4,NA,NA,NA
2023-2024,Portland,WCC,1,Maui Robins,So,OH,5-11,28,28,113,NA,363,164,883,0.225,36,39,51,229,25,5,31,3,NA,422.5,3,NA,NA,666,9,NA,NA
2023-2024,Portland,WCC,8,Lucia Busso,So,OH,6-0,27,8,105,NA,146,82,424,0.151,4,3,3,32,NA,1,45,7,NA,172.5,4,NA,NA,2,NA,NA,NA
2023-2024,Portland,WCC,9,Leonie Freytag,So,OH,5-11,17,5,46,NA,38,51,174,-0.075,1,3,10,30,12,1,7,2,NA,45.5,1,NA,NA,101,NA,NA,NA
2023-2024,Portland,WCC,11,Elin Larsson,So,OH,6-2,20,19,77,NA,192,99,521,0.179,7,24,45,73,22,4,16,NA,NA,228,2,NA,NA,279,2,NA,NA
2023-2024,Portland,WCC,14,Marleena Catalan,So,S,5-8,2,1,6,NA,0,1,4,-0.25,22,1,NA,13,NA,NA,NA,NA,NA,1,NA,NA,NA,4,1,NA,NA
2023-2024,Portland,WCC,17,Una Rajkovic,So,MB,6-3,27,21,92,NA,63,30,177,0.186,8,39,38,47,NA,7,51,7,NA,134.5,1,NA,NA,14,NA,NA,NA
2023-2024,Portland,WCC,20,Lia Hawken,So,OH,6-0,21,18,83,NA,178,105,530,0.138,9,12,23,71,11,3,34,3,NA,210,4,NA,NA,162,NA,NA,NA
2023-2024,Saint Mary's (CA),WCC,10,Madi Zorn,So,S,5-8,13,0,29,NA,0,0,0,NA,NA,7,9,5,NA,NA,NA,NA,NA,7,NA,NA,NA,NA,NA,NA,NA
2023-2024,Saint Mary's (CA),WCC,11,Hannah Glick,So,L/DS,5-5,16,0,30,NA,1,1,2,0,NA,6,3,18,4,NA,NA,NA,NA,7,NA,NA,NA,55,NA,NA,NA
2023-2024,Saint Mary's (CA),WCC,14,Clarissa Klein,So,OH,6-1,28,13,106,NA,157,103,513,0.105,6,1,8,67,15,8,70,10,NA,201,NA,NA,NA,168,NA,NA,NA
2023-2024,Saint Mary's (CA),WCC,15,Hailee Garcia,So,S,5-10,28,1,105,NA,4,2,18,0.111,355,32,26,165,NA,NA,NA,NA,NA,36,3,NA,NA,NA,2,NA,NA
2023-2024,Saint Mary's (CA),WCC,24,Genevieve Bane,So,OH,6-0,28,27,107,NA,257,138,845,0.141,10,30,52,180,48,8,43,2,NA,316.5,NA,NA,NA,635,3,NA,NA
2023-2024,Saint Mary's (CA),WCC,25,Abby Castillon,So,OH,5-11,20,17,75,NA,91,52,315,0.124,9,18,22,174,12,2,31,3,NA,126.5,1,NA,NA,358,2,NA,NA
2023-2024,San Diego,WCC,5,Olivia Bennett,So,L/DS,5-5,26,12,91,NA,1,0,3,0.333,32,28,35,249,24,NA,NA,NA,NA,29,NA,NA,NA,380,NA,NA,NA
2023-2024,San Diego,WCC,6,Kate Galvin,So,L/DS,5-6,18,0,31,NA,0,0,0,NA,2,3,3,23,3,NA,NA,NA,NA,3,NA,NA,NA,25,NA,NA,NA
2023-2024,San Diego,WCC,15,Grace Oliva,So,OH,6-1,2,0,3,NA,0,1,4,-0.25,NA,NA,NA,1,NA,NA,NA,NA,NA,NA,NA,NA,NA,4,NA,NA,NA
2023-2024,San Diego,WCC,17,Maya Kitna,So,MB,6-2,5,0,12,NA,4,0,12,0.333,NA,NA,NA,5,NA,NA,6,NA,NA,7,NA,NA,NA,NA,NA,NA,NA
2023-2024,San Francisco,WCC,11,Abby Wadas,So,L,5-9,28,0,106,NA,1,4,23,-0.13,98,25,22,371,32,NA,NA,NA,NA,26,NA,NA,NA,480,1,NA,NA
2023-2024,San Francisco,WCC,14,Lindsay Oldendorf,So,MB,6-3,28,28,106,NA,199,44,407,0.381,7,NA,1,32,1,8,76,3,NA,245,NA,NA,NA,15,NA,NA,NA
2023-2024,San Francisco,WCC,17,Crystal Galaviz,So,RS,6-2,18,4,45,NA,70,39,236,0.131,5,2,4,34,7,1,12,2,NA,79,NA,NA,NA,104,NA,NA,NA
2023-2024,Santa Clara,WCC,12,Lia Okammor,So,MB,6-1,15,14,53,NA,80,30,189,0.265,2,NA,NA,3,2,1,50,6,NA,106,NA,NA,NA,5,NA,NA,NA
2023-2024,Santa Clara,WCC,16,Layla Truitt,So,OH,6-1,26,25,95,NA,238,133,712,0.147,7,15,17,110,14,2,41,7,NA,275.5,1,NA,NA,123,1,NA,NA
2023-2024,Santa Clara,WCC,20,Hayley Hahn,So,L/DS,5-8,20,0,52,NA,0,6,9,-0.667,4,1,4,60,10,NA,NA,NA,NA,1,NA,NA,NA,146,NA,NA,NA
2023-2024,Santa Clara,WCC,21,Elena Radeff,So,OPP,6-0,23,16,74,NA,204,88,587,0.198,3,14,14,106,24,2,24,4,NA,232,NA,NA,NA,227,2,NA,NA
2023-2024,Santa Clara,WCC,23,Alexis Cady,So,S,5-10,9,0,14,NA,2,1,8,0.125,42,NA,2,10,NA,NA,2,NA,NA,3,1,NA,NA,NA,NA,NA,NA
2024-2025,Boston College,ACC,2,Halle Schroder,So,OH,6-1,32,32,118,NA,386,183,1143,0.178,21,32,46,299,48,3,39,4,NA,440.5,NA,NA,NA,683,NA,"Frisco, TX",Reedy High School
2024-2025,Boston College,ACC,12,Sam Hoppes,So,OPP,6-1,30,11,100,NA,154,54,397,0.252,10,NA,NA,68,NA,1,52,9,NA,181,NA,NA,NA,6,NA,"Trophy Club, TX",Byron Nelson
2024-2025,Boston College,ACC,13,Audrey Ross,So,OH,6-3,32,25,121,NA,372,179,1019,0.189,14,13,26,105,49,12,53,6,NA,423.5,1,NA,NA,675,NA,"Danville, CA",San Ramon Valley
2024-2025,Boston College,ACC,16,Brooklyn Yelland,So,L/DS,5-8,31,4,120,NA,3,2,16,0.063,125,30,48,340,29,NA,NA,NA,NA,33,NA,NA,NA,476,NA,"Laguna Beach, CA",Laguna Beach
2024-2025,California,ACC,2,Sophia Johnson,So,L/DS,5-9,32,6,114,NA,1,0,2,0.5,20,23,18,282,15,NA,NA,NA,NA,24,NA,NA,NA,327,NA,"Wayzata, MN",Wayzata HS
2024-2025,California,ACC,3,Maggie Li,So,OH,6-3,32,32,114,NA,463,205,1228,0.21,18,27,36,241,44,2,40,7,NA,512,1,NA,NA,683,NA,"Beijing, China",The Experimental HS
2024-2025,California,ACC,15,Sawyer Thomsen,So,MB,6-3,31,31,106,NA,141,44,404,0.24,15,18,19,67,NA,9,102,10,NA,219,NA,NA,NA,15,NA,"Lawrence, KS",Lawrence Free State HS
2024-2025,California,ACC,18,Ashley Li,So,OH,6-3,20,0,35,NA,25,24,84,0.012,NA,NA,NA,10,5,NA,6,NA,NA,28,NA,NA,NA,9,NA,"Shanghai, China",Walnut HS
2024-2025,Clemson,ACC,2,Kennedy Wagner,So,OH,6-0,21,2,44,NA,121,64,322,0.177,1,1,8,28,2,1,4,3,NA,125,1,NA,NA,52,NA,"Valparaiso, IN",Valparaiso HS
2024-2025,Clemson,ACC,3,Maggie Patterson,So,L/DS,5-7,2,0,2,NA,0,0,0,NA,NA,2,NA,NA,NA,NA,NA,NA,NA,2,NA,NA,NA,1,NA,"Gaffney, SC",St. Joseph’s Catholic School
2024-2025,Clemson,ACC,9,Ava Hewitt,So,MH,6-0,2,0,2,NA,1,1,4,0,NA,NA,NA,1,NA,1,NA,1,NA,2,NA,NA,NA,NA,NA,"Los Angeles, CA",Sierra Canyon School
2024-2025,Clemson,ACC,14,Audrey Armbruster,So,S,5-11,19,5,51,NA,9,5,37,0.108,287,3,24,97,NA,2,7,NA,NA,17.5,NA,NA,NA,6,NA,"Cincinnati, OH",Mount Notre Dame HS
2024-2025,Clemson,ACC,15,Kate Simington,So,MH,6-4,5,1,9,NA,15,4,43,0.256,NA,NA,NA,3,NA,1,4,1,NA,18,NA,NA,NA,NA,NA,"Excelsior, MN",Minnetonka HS
2024-2025,Clemson,ACC,19,Kate Hansen,So,MH,6-3,31,30,112,NA,153,39,477,0.239,11,12,19,74,NA,19,74,4,NA,221,NA,NA,NA,17,NA,"Weatherford, TX",Weatherford HS
2024-2025,Clemson,ACC,25,Katie Hurta,So,OPP,6-1,4,0,5,NA,3,2,12,0.083,NA,NA,NA,NA,1,NA,1,NA,NA,3.5,NA,NA,NA,2,NA,"Palos Hills, IL",Nazareth Academy
2024-2025,Clemson,ACC,28,McKenna Gildon,So,L/DS,5-10,24,5,79,NA,0,2,4,-0.5,14,14,18,120,14,NA,NA,NA,NA,14,NA,NA,NA,180,NA,"Plano, TX",Liberty HS
2024-2025,Clemson,ACC,30,Caroline Sele,So,OPP,6-2,1,0,1,NA,0,0,0,NA,NA,NA,1,NA,NA,NA,NA,NA,NA,NA,NA,NA,NA,NA,NA,"San Juan Capistrano, CA",St. Margaret’s Episcopal School
2024-2025,Duke,ACC,1,Lauren Ingram,So,OH,6-1,18,7,39,NA,28,24,135,0.03,5,2,2,83,20,NA,6,1,NA,33,NA,NA,NA,242,NA,"Dallas, TX",The Hockaday School
2024-2025,Duke,ACC,2,Grace Thrower,So,OH,6-2,1,0,1,NA,0,0,0,NA,NA,NA,NA,NA,NA,NA,NA,NA,NA,NA,NA,NA,NA,NA,NA,"Manhattan Beach, CA",Harvard-Westlake
2024-2025,Duke,ACC,23,Nikki Quinn,So,S,5-11,19,4,46,NA,9,2,18,0.389,211,1,13,45,NA,NA,2,1,NA,11,2,NA,NA,1,NA,"Del Mar, CA",Torrey Pines
2024-2025,Florida St.,ACC,3,Kelsey Perry,So,MB,6-4,30,20,102,NA,59,16,140,0.307,1,NA,NA,23,NA,9,100,1,NA,118,4,NA,NA,7,NA,NA,NA
2024-2025,Florida St.,ACC,7,Kenna Phelan,So,S,5-7,31,12,117,NA,30,1,62,0.468,608,31,55,196,NA,NA,NA,NA,NA,61,3,NA,NA,2,NA,"Fayetteville, AR",Fayetteville
2024-2025,Florida St.,ACC,10,Maddie Snider,So,RS,6-4,22,17,68,NA,81,45,222,0.162,6,NA,NA,35,NA,3,34,1,NA,101,2,NA,NA,NA,NA,"Land O' Lakes, FL",Sunlake
2024-2025,Florida St.,ACC,12,Kyleene Filimaua,So,OH,6-1,31,18,114,NA,173,83,438,0.205,66,27,37,267,24,3,29,3,NA,217.5,NA,NA,NA,507,NA,"Bothell, WA",North Creek
2024-2025,Florida St.,ACC,16,Ashley Reynolds,So,S,5-10,7,0,7,NA,0,0,0,NA,7,2,NA,1,NA,NA,NA,1,NA,2,NA,NA,NA,NA,NA,"Sarasota, FL",Pine View
2024-2025,Florida St.,ACC,23,Ella Gaona,So,L,5-4,24,0,58,NA,0,0,0,NA,13,5,5,25,2,NA,NA,NA,NA,5,NA,NA,NA,23,NA,"St. Louis, MO",Nerinx Hall
2024-2025,Georgia Tech,ACC,6,Zoe Winford,So,L/DS,5-8,2,0,2,NA,0,0,0,NA,NA,NA,NA,1,NA,NA,NA,NA,NA,NA,NA,NA,NA,NA,NA,"Nevada, TX",Highland Park High School
2024-2025,Georgia Tech,ACC,11,Larissa Mendes,So,RS,6-2,23,13,84,NA,203,83,516,0.233,7,8,11,75,NA,2,36,2,NA,231,NA,NA,NA,NA,NA,"Fortaleza, Brazil",NA
2024-2025,Georgia Tech,ACC,13,Heloise Soares,So,S,5-11,12,0,50,NA,0,1,6,-0.167,210,3,7,64,NA,NA,NA,2,NA,3,NA,NA,NA,3,NA,"Joinville, Brazil",NA
2024-2025,Louisville,ACC,3,Kamden Schrand,So,L/DS,5-6,36,0,113,NA,0,1,3,-0.333,10,25,30,75,4,NA,NA,NA,NA,25,NA,NA,NA,77,NA,"Villa Hills, KY",Notre Dame Academy
2024-2025,Louisville,ACC,12,Jessica Drapp,So,L/DS,5-6,6,0,7,NA,0,0,0,NA,NA,1,1,NA,NA,NA,NA,NA,NA,1,NA,NA,NA,1,NA,"Cincinnati, OH",Mercy McAuley
2024-2025,Louisville,ACC,17,Molly Urban,So,L/DS,5-4,4,0,5,NA,0,0,0,NA,NA,NA,NA,2,NA,NA,NA,NA,NA,NA,NA,NA,NA,15,NA,"Martinsville, IN",Martinsville
2024-2025,Louisville,ACC,18,Alanna Bankston,So,OH,6-1,11,0,14,NA,17,12,44,0.114,1,1,NA,5,1,NA,2,1,NA,19,NA,NA,NA,11,NA,"Omaha, NE",Millard West
2024-2025,Louisville,ACC,25,Reese Robins,So,MB,6-5,36,34,126,NA,209,77,448,0.295,3,NA,NA,50,1,6,91,3,NA,260.5,NA,NA,NA,4,NA,"Mansfield, TX",Timberview
2024-2025,Miami (FL),ACC,1,Ava Carney,So,OH,6-2,19,15,59,NA,127,69,371,0.156,8,3,15,61,28,2,26,4,NA,145,NA,NA,NA,249,NA,"Butler, PA",Commonwealth Charter Academy
2024-2025,Miami (FL),ACC,6,Ariana Rodriguez,So,S,5-10,33,32,121,NA,79,28,196,0.26,1058,41,50,234,NA,4,62,3,NA,155,2,1,NA,3,NA,"New York City, NY",Poly Prep Country Day School
2024-2025,Miami (FL),ACC,9,Bianka Lulić,So,MH,6-5,21,17,64,NA,73,16,165,0.345,4,NA,NA,3,NA,3,58,1,NA,105,NA,NA,NA,NA,NA,"San Diego, CA",La Jolla Country Day HS
2024-2025,Miami (FL),ACC,23,Grace Lopez,So,OH,6-1,33,33,119,NA,421,151,1058,0.255,18,32,65,273,11,3,77,2,NA,494.5,NA,NA,NA,154,NA,"Aguada, Puerto Rico",Froebel Bilingual School
2024-2025,NC State,ACC,3,Clara Vondran,So,OH,5-11,4,0,8,NA,1,2,8,-0.125,NA,NA,NA,1,2,NA,3,NA,NA,2.5,NA,NA,NA,4,NA,"Columbus, OH",Bishop Watterson High School
2024-2025,NC State,ACC,10,Kate Peterson,So,S,6-0,26,0,90,NA,4,1,21,0.143,323,NA,4,138,NA,NA,NA,NA,NA,4,NA,NA,NA,2,NA,"Leawood, KS",Blue Valley High School
2024-2025,North Carolina,ACC,1,Zoe Behrendt,So,S,6-0,31,27,115,NA,4,3,21,0.048,712,39,51,237,NA,NA,2,NA,NA,44,NA,NA,NA,1,NA,"Whitefish Bay, WI",Whitefish Bay
2024-2025,North Carolina,ACC,3,Lauren Schutter,So,MB,6-2,6,0,9,NA,11,2,18,0.5,NA,NA,NA,2,NA,1,8,NA,NA,16,NA,NA,NA,NA,NA,"Alma, KS",Wabaunsee
2024-2025,North Carolina,ACC,22,Safi Hampton,So,OH,6-1,29,27,105,NA,291,126,789,0.209,11,31,51,193,57,3,36,3,NA,343,NA,NA,NA,867,NA,"Jessup, MD",Hammond
2024-2025,North Carolina,ACC,77,Chelsea Thorpe,So,OPP,6-3,31,26,115,NA,290,132,712,0.222,9,1,2,65,NA,2,53,3,NA,319.5,NA,NA,NA,7,NA,"Chicago, IL",Whitney M. Young
2024-2025,Notre Dame,ACC,1,Alyssa Manitzas,So,L/DS,5-0,14,1,36,NA,0,1,3,-0.333,4,NA,NA,40,8,NA,NA,NA,NA,NA,NA,NA,NA,99,NA,NA,NA
2024-2025,Notre Dame,ACC,9,Logan Brannan,So,OH,6-2,1,0,1,NA,0,0,0,NA,NA,NA,1,NA,NA,NA,NA,NA,NA,NA,NA,NA,NA,NA,NA,NA,NA
2024-2025,Notre Dame,ACC,15,Olivia Maulding,So,MB,6-2,2,0,2,NA,0,0,0,NA,NA,NA,NA,NA,NA,NA,NA,NA,NA,NA,NA,NA,NA,NA,NA,NA,NA
2024-2025,Pittsburgh,ACC,4,Torrey Stafford,So,OH,6-2,34,32,108,NA,400,82,888,0.358,44,20,22,252,29,8,59,3,NA,457.5,NA,NA,NA,665,NA,"Torrance, CA",Marymount HS
2024-2025,Pittsburgh,ACC,5,Olivia Babcock,So,RS,6-4,35,35,114,NA,538,162,1165,0.323,19,71,88,208,NA,9,119,2,NA,677.5,NA,2,NA,2,NA,"Los Angeles, CA",Sierra Canyon HS
2024-2025,Pittsburgh,ACC,8,Blaire Bayless,So,OH,6-2,33,6,89,NA,73,39,215,0.158,6,2,7,39,8,3,23,1,NA,89.5,NA,NA,NA,106,NA,"Plano, TX",Plano West HS
2024-2025,Stanford,ACC,5,Jordyn Harvey,So,OPP,6-1,33,32,115,NA,314,102,731,0.29,12,46,88,122,NA,1,55,11,NA,388.5,NA,NA,NA,3,NA,"Salt Lake City, UT",Bountiful High School
2024-2025,Syracuse,ACC,1,Greta Schlichter,So,L/DS,5-6,31,0,108,NA,0,0,6,0,37,16,22,234,15,NA,NA,NA,NA,16,NA,NA,NA,140,NA,"Lathen, Germany",Schul-Und Leistungssportzentrum
2024-2025,Syracuse,ACC,2,Veronica Sierzant,So,S,6-3,27,17,88,NA,34,14,96,0.208,659,14,24,188,1,1,52,3,NA,75,1,NA,NA,7,NA,"Savannah, GA",Islands
2024-2025,Syracuse,ACC,5,Fiona Rigby,So,OH,6-0,2,0,2,NA,0,0,0,NA,NA,NA,NA,NA,NA,NA,NA,NA,NA,NA,NA,NA,NA,1,NA,"Arlington, MA",Arlington HS
2024-2025,Syracuse,ACC,7,Sydnie Waller,So,OH,6-0,18,3,50,NA,74,41,270,0.122,1,1,NA,14,1,2,13,1,NA,83.5,NA,NA,NA,3,NA,"Franklin, TN",Centennial HS
2024-2025,Syracuse,ACC,13,Zharia Harris-Waddy,So,MB,6-1,27,16,83,NA,114,56,325,0.178,6,19,24,39,NA,8,57,3,NA,169.5,NA,NA,NA,5,NA,"Lawnside, NJ",Paul VI
2024-2025,Syracuse,ACC,19,Mira Ledermueller,So,S,6-1,21,12,54,NA,7,6,45,0.022,361,9,11,99,NA,NA,13,2,NA,22.5,1,NA,NA,1,NA,"Endorf, Germany",Sportgymnasium Dresden
2024-2025,Virginia,ACC,1,Meredith Reeg,So,L/DS,5-7,8,0,21,NA,1,1,2,0,5,2,1,15,5,NA,NA,NA,NA,3,NA,NA,NA,34,NA,"Raleigh, NC",Cardinal Gibbons
2024-2025,Virginia,ACC,11,Lily Gervase,So,MB,6-4,10,0,16,NA,12,4,31,0.258,NA,NA,NA,1,NA,NA,5,3,NA,14.5,NA,NA,NA,1,NA,"Fuquay Varina, NC",Harnett Central
2024-2025,Virginia,ACC,33,Lauryn Bowie,So,RS,6-2,29,22,105,NA,195,109,573,0.15,4,NA,2,33,2,9,63,4,NA,235.5,2,NA,NA,2,NA,"Westerville, OH",Westerville South
2024-2025,Virginia Tech,ACC,3,Hailey Pearce,So,OH,6-3,30,29,109,NA,331,157,936,0.186,14,18,48,150,47,6,35,3,NA,372.5,NA,NA,NA,502,NA,"Charlotte, NC",Sun Valley
2024-2025,Virginia Tech,ACC,22,Elizabeth Aylward,So,OH,6-2,15,5,42,NA,27,32,137,-0.036,9,11,17,75,12,2,NA,NA,NA,40,NA,NA,NA,187,NA,"Nashville, TN",Harpeth Hall
2024-2025,Virginia Tech,ACC,27,Ella Beyer,So,OH,6-0,4,0,4,NA,4,6,14,-0.143,1,NA,NA,3,NA,NA,2,NA,NA,5,NA,NA,NA,6,NA,"Forsyth, GA",Lambert
2024-2025,Wake Forest,ACC,3,Dior Charles,So,MB,6-1,31,28,108,NA,154,64,366,0.246,1,NA,NA,18,1,22,111,18,NA,231.5,3,NA,NA,18,NA,"Los Angeles, CA",Marymount
2024-2025,Wake Forest,ACC,7,Elena Dragani,So,S,5-9,10,0,13,NA,0,0,0,NA,1,NA,5,3,1,NA,NA,NA,NA,NA,NA,NA,NA,1,NA,"Brookfield, WI",Catholic Memorial
2024-2025,Wake Forest,ACC,16,Olivia Murphy,So,OH,6-1,28,15,96,NA,170,72,474,0.207,2,NA,NA,41,NA,2,53,3,NA,198.5,1,NA,NA,1,NA,"Indianapolis, IN",Roncalli
2024-2025,Austin Peay,ASUN,1,Maggie Duyos,So,S,5-4,28,6,100,NA,20,12,79,0.101,417,25,19,185,1,NA,4,1,NA,47,NA,NA,NA,5,NA,"Lake in the Hills, IL",Huntley
2024-2025,Austin Peay,ASUN,10,Kalliann Cook,So,DS,5-3,24,4,84,NA,0,0,4,0,12,27,14,152,21,NA,NA,NA,NA,27,NA,NA,NA,350,NA,"Birch Run, MI",Birch Run High School
2024-2025,Austin Peay,ASUN,12,Anna Rita,So,MB,6-0,25,25,91,NA,181,67,436,0.261,9,6,11,50,2,22,82,11,NA,250,NA,NA,NA,37,NA,"Riga, Latvia",Riga State Gymnasium No. 1
2024-2025,Bellarmine,ASUN,2,Natalie Bland,So,OH,5-10,26,26,95,NA,370,205,1018,0.162,18,15,37,214,21,5,15,4,NA,397.5,NA,NA,NA,465,NA,"Aiken, SC",Aiken
2024-2025,Bellarmine,ASUN,3,Erika Smith,So,MB,5-11,26,26,98,NA,186,58,432,0.296,6,NA,NA,34,NA,16,35,8,NA,219.5,NA,NA,NA,11,NA,"Connersville, IN",Connersville High School
2024-2025,Bellarmine,ASUN,9,Maddie Hagan,So,RS,6-1,12,11,42,NA,118,33,279,0.305,1,NA,3,21,NA,3,17,NA,NA,129.5,NA,NA,NA,1,NA,"Louisville, KY",Mercy Academy
2024-2025,Bellarmine,ASUN,23,Jess Schmidt,So,MB,6-5,6,2,15,NA,6,8,24,-0.083,NA,NA,NA,3,NA,1,3,NA,NA,8.5,NA,NA,NA,NA,NA,"Glen Ellyn, IL",St. Francis
2024-2025,Central Ark.,ASUN,1,Laci Bohannan,So,OH,5-11,25,25,97,NA,350,143,944,0.219,12,17,27,242,26,9,33,11,NA,392.5,2,NA,NA,450,NA,"Benton, AR",Benton
2024-2025,Central Ark.,ASUN,4,Jenna DeLaMater,So,DS,5-8,6,1,15,NA,0,0,0,NA,2,1,3,23,1,NA,NA,NA,NA,1,NA,NA,NA,52,NA,"Cabot, AR",Cabot
2024-2025,Central Ark.,ASUN,12,Ella Drake,So,OH,5-10,1,0,2,NA,0,0,0,NA,1,NA,1,3,2,NA,NA,NA,NA,NA,NA,NA,NA,5,NA,"Broken Arrow, OK",Regent Preparatory School
2024-2025,Central Ark.,ASUN,20,Greyson Button,So,MB,6-3,28,27,107,NA,168,61,401,0.267,NA,NA,NA,21,1,9,60,2,NA,207,NA,NA,NA,12,NA,"Grapevine, TX",Grapevine
2024-2025,Central Ark.,ASUN,21,Gabby Tuiaana,So,RS,6-3,10,5,29,NA,69,25,159,0.277,NA,NA,NA,7,NA,2,12,1,NA,77,NA,NA,NA,NA,NA,"Schaumberg, IL",Schaumberg
2024-2025,Eastern Ky.,ASUN,2,McKenzie Laubach,So,MB,6-0,4,0,4,NA,3,3,12,0,NA,NA,NA,1,NA,NA,NA,NA,NA,3,NA,NA,NA,NA,NA,"Sanford, FL",Lake Mary
2024-2025,Eastern Ky.,ASUN,7,Emilee Hill,So,S,5-11,31,31,118,NA,186,96,519,0.173,776,30,38,387,NA,3,60,1,NA,249,NA,5,NA,13,NA,"Yorktown, IN",Yorktown
2024-2025,Eastern Ky.,ASUN,8,Lydia Stephens,So,DS,5-8,16,0,37,NA,1,0,2,0.5,3,NA,1,48,10,NA,NA,NA,NA,1,NA,NA,NA,143,NA,"Louisville, KY",Assumption
2024-2025,FGCU,ASUN,2,Reese Burry,So,L,5-3,32,0,114,NA,0,0,3,0,30,15,16,126,9,NA,NA,NA,NA,15,NA,NA,NA,127,NA,"Windermere, FL",Windermere
2024-2025,FGCU,ASUN,8,Ella Chapman,So,MB,6-4,32,32,114,NA,167,50,351,0.333,5,NA,5,14,NA,20,96,12,NA,235,NA,NA,NA,9,NA,"Greensburg, IN",Greensburg
2024-2025,FGCU,ASUN,23,Shanelle Puetz,So,S,5-10,32,29,117,NA,33,8,66,0.379,749,46,49,211,NA,1,5,4,NA,82.5,3,NA,NA,3,NA,"Rancho Cucamonga, CA",Mater Dei
2024-2025,Jacksonville,ASUN,7,Alija Heins,So,MB,6-1,19,14,54,NA,73,37,172,0.209,6,9,9,17,NA,6,32,1,NA,104,NA,NA,NA,9,NA,"Gifhorn, Germany",Schul- und Leistungssportzentrum Berlin
2024-2025,Jacksonville,ASUN,8,Claire Mrukowski,So,OH,6-0,13,5,38,NA,105,42,282,0.223,5,7,6,70,NA,2,25,NA,NA,126.5,NA,NA,NA,1,NA,"Powell, OH",Oletangy Liberty HS
2024-2025,Jacksonville,ASUN,16,Breanna McDonough,So,RS,5-10,29,25,96,NA,376,141,853,0.275,15,18,16,127,5,NA,45,3,NA,416.5,NA,NA,NA,56,NA,"Tampa, FL",Berkeley Preparatory School
2024-2025,Jacksonville,ASUN,18,Callie Kasun,So,L,5-7,17,0,30,NA,1,0,2,0.5,2,5,6,14,1,NA,NA,NA,NA,6,NA,NA,NA,11,NA,"Dublin, OH",Bishop Watterson HS
2024-2025,Lipscomb,ASUN,1,Ella McAllister,So,L/DS,5-6,4,0,5,NA,0,0,0,NA,NA,NA,NA,2,NA,NA,NA,NA,NA,NA,NA,NA,NA,NA,NA,"Marshall, MI",Marshall HS
2024-2025,Lipscomb,ASUN,6,Ninah Miranda,So,OH,6-0,23,0,67,NA,2,0,4,0.5,NA,13,11,32,5,NA,NA,NA,NA,15,NA,NA,NA,45,NA,"Lebanon, OH",Lebanon
2024-2025,Lipscomb,ASUN,11,Brooklyn Fuchs,So,MB,6-2,11,1,14,NA,9,3,19,0.316,1,NA,NA,1,NA,NA,3,2,NA,10.5,NA,NA,NA,NA,NA,"Lincoln, NE",Lincoln East HS
2024-2025,North Ala.,ASUN,2,Olivia Fenoff,So,OH,6-0,30,13,115,NA,5,4,33,0.03,19,38,40,238,27,NA,NA,NA,NA,43,1,NA,NA,478,NA,"Lake Mary, FL",Lake Mary
2024-2025,North Ala.,ASUN,8,Nicole Sargent,So,OH,6-1,30,29,112,NA,135,55,357,0.224,12,20,46,86,1,17,75,7,NA,209.5,NA,NA,NA,9,NA,"Centerville, OH",Centerville
2024-2025,North Ala.,ASUN,15,Meredith Brown,So,MB,6-4,14,11,49,NA,27,11,57,0.281,4,NA,NA,7,NA,5,40,4,NA,52,1,NA,NA,6,NA,"Crestwood, KY",Mercy Academy
2024-2025,North Florida,ASUN,11,Yarimar Francis Garay,So,MB,6-1,13,4,27,NA,32,16,79,0.203,NA,NA,2,9,NA,5,18,NA,NA,46,NA,NA,NA,1,NA,"Carolina, Puerto Rico",NA
2024-2025,North Florida,ASUN,19,Emma Pohlmann,So,OH,5-10,27,3,96,NA,1,3,16,-0.125,11,35,25,124,15,NA,1,NA,NA,36.5,1,NA,NA,279,NA,"Birmingham, AL",NA
2024-2025,Queens (NC),ASUN,4,Callie DeSchryver,So,OH,5-11,11,0,23,NA,21,16,91,0.055,1,NA,NA,4,NA,1,3,NA,NA,23.5,NA,NA,NA,4,NA,"Dallas, TX",Highland Park HS
2024-2025,Queens (NC),ASUN,9,Tilley Collins,So,L/DS,5-5,27,4,88,NA,4,0,19,0.211,70,14,42,340,21,NA,NA,NA,NA,18,NA,NA,NA,425,NA,"Statesville, NC",North Iredell HS
2024-2025,Queens (NC),ASUN,12,Anna Grace Sparks,So,OH,5-11,25,22,81,NA,215,119,722,0.133,7,13,15,185,34,4,20,4,NA,242,NA,NA,NA,461,NA,"Mobile, AL",McGill-Toolen Catholic HS
2024-2025,Stetson,ASUN,12,Kayla Balfour,So,MB,6-0,27,26,94,NA,139,39,387,0.258,7,6,12,47,2,20,80,13,NA,205,NA,NA,NA,23,NA,"Pensacola, FL",Pensacola
2024-2025,West Ga.,ASUN,14,Desha Van Veldhuizen,So,S,5-10,21,0,72,NA,0,1,1,-1,NA,25,14,22,NA,NA,NA,NA,NA,25,NA,NA,NA,NA,NA,"Zionsville, IN",Park Tudor
2024-2025,West Ga.,ASUN,20,Allison Bowser,So,OH,5-10,22,3,70,NA,8,15,69,-0.101,7,18,25,111,22,NA,NA,NA,NA,26,NA,NA,NA,323,NA,"Stuart, FL",South Fork
2024-2025,Binghamton,America East,9,Brenda Reynaga,So,L/DS,5-3,25,8,83,NA,0,0,4,0,14,2,4,123,4,NA,NA,NA,NA,2,NA,NA,NA,44,NA,"Aurora, IL",Metea Valley
2024-2025,Binghamton,America East,12,Ella Schabort,So,OH,6-2,30,29,109,NA,254,126,746,0.172,18,28,39,236,36,7,42,10,NA,310,NA,NA,NA,538,NA,"Perth, Australia",Penrhos College
2024-2025,Binghamton,America East,13,Misa Dlouha,So,MB,6-0,30,30,113,NA,249,71,527,0.338,15,36,51,76,NA,9,134,10,NA,361,5,NA,NA,13,NA,"Pardubice, Czechia",Gymnasium Jana
2024-2025,Binghamton,America East,15,Danit Cohen,So,S,5-8,22,13,70,NA,5,1,14,0.286,161,4,7,104,NA,NA,NA,NA,NA,9,NA,NA,NA,3,NA,"Los Angeles, CA",Chaminade College Prep
2024-2025,Binghamton,America East,21,Alyssa Furlong,So,OH,6-0,1,0,1,NA,0,1,2,-0.5,NA,NA,NA,1,NA,NA,NA,NA,NA,NA,NA,NA,NA,NA,NA,"Louisville, KY",Sacred Heart Academy
2024-2025,Bryant,America East,1,Carrina Barron,So,L,5-5,28,0,106,NA,2,0,20,0.1,167,33,44,402,27,NA,NA,NA,NA,35,NA,NA,NA,533,NA,"Tewksbury, MA",Tewksbury Memorial
2024-2025,Bryant,America East,2,Grace Sorensen,So,OH,5-11,1,0,1,NA,0,1,1,-1,NA,NA,NA,NA,NA,NA,1,NA,NA,0.5,NA,NA,NA,NA,NA,"Georgetown, MA",Ipswich
2024-2025,Bryant,America East,3,Madison Koeller,So,S,6-0,20,0,61,NA,12,1,45,0.244,230,14,15,92,NA,NA,3,NA,NA,27.5,4,NA,NA,NA,NA,"Winchester, VA",Millbrook
2024-2025,Bryant,America East,7,Brookelyn Talmadge,So,MB,6-0,27,23,94,NA,150,41,352,0.31,7,NA,NA,16,NA,12,71,4,NA,197.5,1,NA,NA,12,NA,"Clifton, NJ",Immaculate Heart Academy
2024-2025,Bryant,America East,10,Nadine Abdat,So,MB,6-0,9,4,18,NA,18,8,43,0.233,NA,1,2,2,NA,NA,12,NA,NA,25,NA,NA,NA,1,NA,"North Andover, MA",North Andover
2024-2025,Bryant,America East,11,Nina Gavin,So,RS,6-1,7,1,13,NA,18,17,63,0.016,NA,NA,NA,4,NA,NA,3,NA,NA,19.5,NA,NA,NA,1,NA,"Clinton, MA",Worcester Academy
2024-2025,NJIT,America East,4,Patricia Rakova,So,OH,6-0,1,0,2,NA,3,0,6,0.5,NA,NA,1,NA,NA,NA,NA,NA,NA,3,NA,NA,NA,6,NA,"Verona, NJ",Verona
2024-2025,NJIT,America East,6,Sara Siefert,So,OH,5-11,20,16,57,NA,109,78,436,0.071,5,22,18,121,25,1,11,1,NA,137.5,NA,NA,NA,359,NA,"Canton, GA",Sequoyah
2024-2025,NJIT,America East,13,Rowan Schreiber,So,MB,6-4,11,10,32,NA,22,10,76,0.158,NA,NA,NA,11,NA,5,24,2,NA,39,NA,NA,NA,3,NA,"Madison, WI",Vel Phillips Memorial
2024-2025,New Hampshire,America East,1,Miray Su Keskin,So,L,5-6,19,0,54,NA,0,1,2,-0.5,NA,3,7,26,7,NA,NA,NA,NA,3,NA,NA,NA,66,NA,"Ankara, Turkey",Incek Doga High School
2024-2025,New Hampshire,America East,10,Rachel Grier,So,MB,6-4,28,27,106,NA,205,64,489,0.288,10,21,19,85,NA,17,120,10,NA,303,NA,NA,NA,3,NA,"Dublin, CA",Dublin High School
2024-2025,New Hampshire,America East,18,Evelyn Brenton,So,MB,6-2,6,0,11,NA,3,1,8,0.25,NA,NA,NA,1,NA,2,3,1,NA,6.5,NA,NA,NA,NA,NA,"Glastonbury, CT",Glastonbury High School
2024-2025,New Hampshire,America East,19,Krista Haake,So,MB,6-2,1,0,2,NA,0,0,0,NA,NA,NA,NA,NA,NA,NA,1,NA,NA,0.5,NA,NA,NA,NA,NA,"Clarksville, TN",Clarksville High School
2024-2025,New Hampshire,America East,22,Jessica Shattles,So,S,5-10,28,28,106,NA,13,1,49,0.245,640,32,41,256,NA,NA,2,2,NA,46,1,NA,NA,2,NA,"Ponte Vedra Beach, FL",Ponte Vedra High School
2024-2025,UAlbany,America East,14,Campbell Robinson,So,MB,6-2,13,9,37,NA,58,23,143,0.245,3,3,10,11,NA,1,26,4,NA,75,NA,NA,NA,6,NA,"Cincinnati, OH",Milford
2024-2025,UAlbany,America East,16,Emilia Kuzniar,So,S,5-10,4,0,5,NA,0,2,3,-0.667,9,NA,3,1,NA,NA,NA,NA,NA,NA,NA,NA,NA,1,NA,"Przemysl, Poland",Sports Championship
2024-2025,UMBC,America East,3,Molly Penn,So,DS,5-4,2,1,6,NA,1,0,2,0.5,NA,NA,NA,8,NA,NA,NA,NA,NA,1,NA,NA,NA,1,NA,"Clarksville, MD",Mount De Sales
2024-2025,UMBC,America East,16,Hannah Howard,So,L/DS,5-7,20,3,78,NA,1,0,4,0.25,31,18,17,182,26,NA,NA,NA,NA,19,1,NA,NA,346,NA,"Inwood, WV",Musselman
2024-2025,UMBC,America East,24,Helen Frankovich,So,MB,6-3,24,19,85,NA,168,81,454,0.192,4,NA,NA,21,NA,1,46,6,NA,192,1,NA,NA,NA,NA,"Falls Church, VA",Justice
2024-2025,Davidson,Atlantic 10,19,Elena Garcia-Guerrios,So,OH,6-0,23,12,72,NA,87,44,245,0.176,14,24,5,144,16,NA,8,3,NA,115,1,NA,NA,371,NA,"Manati, Puerto Rico",Colegio Marista Manati
2024-2025,Davidson,Atlantic 10,20,Melanie Tilles,So,MB,6-2,31,31,118,NA,158,50,356,0.303,7,13,37,46,6,26,63,15,NA,228.5,1,NA,NA,31,NA,"Palos Verdes Estates, CA",Palos Verdes
2024-2025,Dayton,Atlantic 10,2,Gaby Arroyo,So,L,5-9,34,1,114,NA,1,1,4,0,41,34,39,252,25,NA,NA,NA,NA,35,NA,NA,NA,371,NA,"Miami, FL",Westminster Christian
2024-2025,Dayton,Atlantic 10,7,Kaitlyn McNeel,So,OH,6-3,15,1,21,NA,20,10,52,0.192,1,NA,NA,10,NA,NA,5,1,NA,22.5,NA,NA,NA,NA,NA,"Richmond, VA",Godwin
2024-2025,Dayton,Atlantic 10,16,India Gantt,So,MB,6-2,4,0,5,NA,3,3,9,0,NA,NA,NA,2,NA,NA,1,NA,NA,3.5,NA,NA,NA,NA,NA,"San Antonio, TX",Holmes
2024-2025,Dayton,Atlantic 10,20,Ava Larkin,So,S,5-11,13,0,20,NA,1,0,1,1,8,3,4,9,NA,NA,1,NA,NA,4.5,NA,NA,NA,1,NA,"Phoenix, AZ",Xavier College Prep
2024-2025,Duquesne,Atlantic 10,0,Amalia Martin,So,S,5-10,8,1,15,NA,0,0,1,0,35,NA,4,15,1,NA,NA,NA,NA,NA,NA,NA,NA,1,NA,"Columbia, SC",Ridgeview
2024-2025,Duquesne,Atlantic 10,2,Chloe Wilmot,So,S,5-9,27,27,106,NA,7,3,22,0.182,622,39,26,228,1,NA,2,1,NA,47,5,NA,NA,4,NA,"Alexandria, VA",Alexandria City
2024-2025,Duquesne,Atlantic 10,13,Avery Hobson,So,OH,6-1,30,30,114,NA,217,110,675,0.159,14,36,33,282,83,5,50,5,NA,283,NA,NA,NA,823,NA,"Fishers, IN",Hamilton Southeastern
2024-2025,Duquesne,Atlantic 10,14,Jordan Robertson,So,MB,6-2,24,22,89,NA,100,29,221,0.321,8,9,21,40,NA,10,74,6,NA,156,NA,NA,NA,5,NA,"Coral Springs, FL",Marjory Stoneman Douglas
2024-2025,Fordham,Atlantic 10,2,Lola Fernandez,So,L,5-6,26,1,79,NA,0,0,7,0,17,17,23,89,19,NA,NA,NA,NA,17,NA,NA,NA,176,NA,"Austin, TX",Westwood
2024-2025,Fordham,Atlantic 10,15,Lorenza Rosenkilde,So,MB,6-0,24,20,75,NA,79,31,210,0.229,2,1,6,19,1,13,58,6,NA,122,NA,NA,NA,6,NA,"Naerum, Denmark",H.C. Orsted Gymnasium
2024-2025,Fordham,Atlantic 10,17,Tatum Holderied,So,MB,6-4,8,8,27,NA,37,11,81,0.321,NA,NA,NA,7,NA,9,20,NA,NA,56,NA,NA,NA,4,NA,"Fairfield, CT",Fairfield Ludlowe
2024-2025,Fordham,Atlantic 10,22,Whitney Woodrow,So,S,6-1,27,26,94,NA,19,5,91,0.154,614,32,46,239,2,1,13,2,NA,58.5,1,NA,NA,5,NA,"Fisherville, KY",NA
2024-2025,George Mason,Atlantic 10,4,Caroline Rodriguez,So,OH,6-1,20,4,60,NA,92,91,342,0.003,4,14,32,33,6,1,21,2,NA,117.5,NA,NA,NA,154,NA,"Charlotte, NC",Charlotte Catholic
2024-2025,George Mason,Atlantic 10,8,Chelsea Colter,So,MB,6-1,29,28,111,NA,143,59,381,0.22,7,NA,NA,14,NA,15,90,6,NA,203,1,NA,NA,8,NA,"Fairfax, VA",Robinson Secondary
2024-2025,George Mason,Atlantic 10,13,Camryn Weldon,So,S,5-10,30,22,115,NA,47,1,116,0.397,639,14,28,217,1,1,NA,NA,NA,62,1,NA,NA,5,NA,"Mckinney, TX",McKinney Boyd
2024-2025,George Mason,Atlantic 10,18,Autumn Martinez-Robinson,So,L,5-8,30,0,115,NA,2,4,21,-0.095,155,67,89,470,36,NA,NA,NA,NA,69,NA,NA,NA,625,NA,"Lutz, FL",Tampa Prep
2024-2025,George Washington,Atlantic 10,4,Loukia Papadakos,So,MB,6-3,9,0,11,NA,4,2,13,0.154,NA,NA,NA,1,NA,3,4,3,NA,9,NA,NA,NA,NA,NA,"Stoufville, Canada",Cardinal Gibbons
2024-2025,George Washington,Atlantic 10,21,Haylee Brown,So,OH,6-2,32,7,106,NA,188,72,490,0.237,6,NA,NA,26,NA,7,34,6,NA,212,NA,NA,NA,1,NA,"Maricopa, AZ",Maricopa
2024-2025,Loyola Chicago,Atlantic 10,5,Emma Henry,So,S,5-8,14,0,29,NA,0,0,0,NA,28,1,9,14,1,NA,NA,NA,NA,1,NA,NA,NA,1,NA,NA,NA
2024-2025,Loyola Chicago,Atlantic 10,12,Kaley Board,So,OH,5-10,3,0,5,NA,3,5,13,-0.154,1,1,NA,2,NA,NA,1,NA,NA,4.5,NA,NA,NA,1,NA,"Lake Worth, FL",Somerset Academy Canyons
2024-2025,Loyola Chicago,Atlantic 10,15,Avary DeBlieck,So,MB,6-2,33,31,107,NA,168,60,378,0.286,8,NA,NA,12,NA,17,80,5,NA,225,NA,NA,NA,7,NA,"Algonquin, IL",Huntley
2024-2025,Loyola Chicago,Atlantic 10,16,Jordan Bruckner,So,L/DS,5-5,24,5,74,NA,1,0,2,0.5,25,2,6,106,9,NA,NA,NA,NA,3,NA,NA,NA,183,NA,"Bel Aire, KS",East
2024-2025,Rhode Island,Atlantic 10,2,Madi Disu,So,OH,6-0,28,22,90,NA,187,120,656,0.102,7,42,31,167,46,6,31,2,NA,250.5,NA,NA,NA,423,NA,"Buda, TX",Hays
2024-2025,Rhode Island,Atlantic 10,3,Sydney Houchens,So,OH,5-11,24,12,70,NA,45,27,187,0.096,8,7,10,110,30,4,15,6,NA,63.5,NA,NA,NA,428,NA,"Bethlehem, PA",Liberty
2024-2025,Rhode Island,Atlantic 10,6,Megan Disu,So,OH,6-0,28,15,89,NA,155,74,426,0.19,2,NA,3,31,2,5,44,6,NA,182,NA,NA,NA,43,NA,"Buda, TX",Hays
2024-2025,Rhode Island,Atlantic 10,8,Catalina Hendricks,So,S,5-5,18,1,54,NA,2,4,15,-0.133,164,11,14,40,NA,NA,NA,NA,NA,13,NA,NA,NA,8,NA,"Wilton, CT",St. Luke's
2024-2025,Rhode Island,Atlantic 10,12,Chloe Abuto,So,OH,5-10,31,31,117,NA,141,72,411,0.168,6,2,4,31,1,20,114,9,NA,220,NA,NA,NA,12,NA,"Burlington, MA",Burlington
2024-2025,Saint Louis,Atlantic 10,10,Colleen Engstler,So,RS,5-10,6,0,7,NA,0,0,0,NA,NA,1,NA,1,NA,NA,NA,NA,NA,1,NA,NA,NA,5,NA,"Downers Grove, IL",Downers Grove North
2024-2025,Saint Louis,Atlantic 10,15,Trinity Luckett,So,MB,6-2,31,31,119,NA,239,85,508,0.303,2,NA,NA,28,NA,23,115,5,NA,319.5,NA,NA,NA,4,NA,"Bentonville, AR",Bentonville West High School
2024-2025,VCU,Atlantic 10,2,Anja Kujundzic,So,L,5-5,27,0,97,NA,1,0,8,0.125,129,25,26,388,29,NA,NA,NA,NA,26,NA,NA,NA,548,NA,"Ljig, Serbia",Sport Gymnasium
2024-2025,VCU,Atlantic 10,9,Julieta Portillo,So,OH,6-4,5,0,7,NA,10,5,37,0.135,2,NA,1,2,1,NA,NA,NA,NA,10,NA,NA,NA,8,NA,"Yerba Buena, Argentina",NA
2024-2025,VCU,Atlantic 10,10,Katie Paez,So,L,5-5,21,9,56,NA,0,1,1,-1,2,1,1,70,27,NA,NA,NA,NA,1,NA,NA,NA,292,NA,"Las Vegas, NV",NA
2024-2025,VCU,Atlantic 10,17,Akire Jones,So,MH,6-1,12,12,38,NA,36,17,87,0.218,1,5,6,14,NA,2,28,4,NA,57,1,NA,NA,NA,NA,"Round Rock, TX",NA
2024-2025,Arizona,Big 12,1,Sydnie Vanek,So,OH,6-0,14,0,21,NA,26,18,70,0.114,NA,NA,NA,1,NA,NA,6,1,NA,29,NA,NA,NA,3,NA,"Clovis, CA",Clovis High School
2024-2025,Arizona,Big 12,15,Giorgia Mandotti,So,L/DS,5-7,18,0,37,NA,0,0,0,NA,2,8,11,29,NA,NA,NA,NA,NA,8,NA,NA,NA,20,NA,"Milan, Italy",Liceo Virgilio Milano
2024-2025,Arizona,Big 12,22,Journey Tucker,So,MB,6-3,28,27,91,NA,98,14,225,0.373,NA,NA,NA,7,1,13,83,4,NA,152.5,NA,NA,NA,4,NA,"Buckeye, AZ",Verrado High School
2024-2025,Arizona St.,Big 12,14,Jillian Neal,So,OH,6-2,32,3,96,NA,33,12,100,0.21,3,36,43,77,2,1,4,NA,NA,72,NA,NA,NA,72,NA,"San Diego, CA",Del Norte HS
2024-2025,Arizona St.,Big 12,21,Hokulani Perez,So,MB,6-0,5,0,6,NA,6,3,13,0.231,NA,NA,NA,1,NA,NA,3,NA,NA,7.5,NA,NA,NA,NA,NA,"Honolulu, HI",Moanalua HS
2024-2025,Arizona St.,Big 12,27,Brynn Covell,So,S,6-0,33,14,110,NA,1,1,8,0,119,24,26,190,NA,NA,1,NA,NA,25.5,NA,NA,NA,1,NA,"Raleigh, NC",NC Volleyball Academy
2024-2025,BYU,Big 12,11,Addie Benson,So,OH,6-2,4,0,7,NA,8,8,31,0,NA,NA,1,1,NA,NA,NA,NA,NA,8,NA,NA,NA,10,NA,"Newbury Park, CA",Newbury Park HS
2024-2025,BYU,Big 12,12,Claire Little,So,OH,6-3,28,28,110,NA,427,132,1071,0.275,13,30,46,235,42,4,44,3,NA,483,NA,NA,NA,606,NA,NA,NA
2024-2025,BYU,Big 12,13,Mia Lee,So,MB,6-0,9,1,17,NA,27,9,53,0.34,1,4,4,NA,NA,1,8,NA,NA,36,NA,NA,NA,NA,NA,"Vineyard, UT",Mountain View HS
2024-2025,BYU,Big 12,16,Brielle Miller,So,L,5-5,19,1,49,NA,0,0,0,NA,5,2,6,22,5,NA,NA,NA,NA,2,NA,NA,NA,50,NA,"Orem, UT",Mountain View HS
2024-2025,BYU,Big 12,19,Kaieva Johnson,So,L,5-8,21,2,40,NA,0,0,0,NA,2,NA,NA,23,8,NA,NA,NA,NA,NA,NA,NA,NA,101,NA,NA,NA
2024-2025,BYU,Big 12,24,Brielle Kemavor,So,MB,6-5,29,29,113,NA,227,64,465,0.351,5,NA,NA,15,3,31,135,12,NA,325.5,NA,NA,NA,20,NA,"Bristow, VA",Colgan HS
2024-2025,Baylor,Big 12,7,Victoria Davis,So,MB,6-2,25,17,72,NA,87,28,202,0.292,7,NA,NA,13,NA,5,69,8,NA,126.5,NA,NA,NA,8,NA,"Santa Clarita, CA",West Ranch
2024-2025,Baylor,Big 12,11,Kendal Murphy,So,OH,6-3,30,29,109,NA,261,96,765,0.216,21,22,33,227,31,4,29,6,NA,301.5,1,NA,NA,662,NA,"Scottsdale, AZ",Horizon
2024-2025,Baylor,Big 12,12,Brielle Warren,So,OH,6-1,8,0,8,NA,2,3,6,-0.167,NA,NA,1,1,NA,NA,NA,NA,NA,2,NA,NA,NA,NA,NA,"College Station, TX",Fulshear
2024-2025,Baylor,Big 12,26,Tehani Ulufatu,So,L/DS,5-5,31,15,109,NA,0,0,9,0,22,20,19,195,23,NA,NA,NA,NA,20,NA,NA,NA,357,NA,"San Francisco, CA",Marin Catholic
2024-2025,Cincinnati,Big 12,1,Nina Horning,So,OH,6-5,4,0,7,NA,5,6,34,-0.029,NA,NA,NA,7,1,NA,3,NA,NA,6.5,NA,NA,NA,8,NA,"Lake Orion, MI",Lake Orion
2024-2025,Cincinnati,Big 12,2,Sydney Nolan,So,OH,6-4,29,22,105,NA,313,99,887,0.241,12,14,23,187,20,3,49,4,NA,354.5,NA,NA,NA,156,NA,"Florence, KY",Notre Dame Academy
2024-2025,Cincinnati,Big 12,5,Lilian Entenmann,So,MB,6-1,1,0,1,NA,0,0,0,NA,NA,NA,1,NA,NA,NA,NA,NA,NA,NA,NA,NA,NA,NA,NA,"Columbus, OH",Upper Arlington
2024-2025,Cincinnati,Big 12,99,Zeta Washington,So,MB,6-2,19,16,55,NA,83,27,191,0.293,5,NA,NA,10,NA,5,35,2,NA,105.5,NA,NA,NA,6,NA,"Ponte Vedra, FL",Ponte Vedra
2024-2025,Colorado,Big 12,3,Rian Finley,So,S,6-0,15,0,25,NA,0,0,0,NA,10,4,9,5,NA,NA,NA,NA,NA,4,NA,NA,NA,NA,NA,"Reno, NV",Reno High School
2024-2025,Colorado,Big 12,7,Kendall Meller,So,OH,6-2,19,1,32,NA,30,12,83,0.217,NA,NA,1,3,NA,NA,13,1,NA,36.5,NA,NA,NA,2,NA,"Brownsburg, IN",Brownsburg High School
2024-2025,Colorado,Big 12,9,Avery Bolles,So,L/DS,5-9,30,0,113,NA,3,1,4,0.5,21,35,41,155,22,NA,NA,NA,NA,38,NA,NA,NA,366,NA,"Andover, MN",Andover High School
2024-2025,Colorado,Big 12,10,Sydney Jordan,So,OH,6-3,30,29,116,NA,279,131,914,0.162,24,19,33,234,33,5,21,7,NA,313.5,NA,NA,NA,649,NA,"Missouri City, TX",Ridge Point High School
2024-2025,Colorado,Big 12,11,Ana Burilović,So,OH,6-1,29,29,113,NA,401,201,1097,0.182,12,38,47,197,23,7,39,2,NA,465.5,NA,NA,NA,522,NA,"Split, Croatia","V. Gymnasium ""Vladimir Nazor"""
2024-2025,Colorado,Big 12,20,Annelise Rising,So,OH,6-0,3,0,4,NA,1,1,3,0,1,NA,NA,1,2,NA,NA,NA,NA,1,NA,NA,NA,6,NA,"Santa Monica, CA",Mayfield Senior School
2024-2025,Colorado,Big 12,21,Lily Dwinell,So,OH,6-2,30,29,114,NA,271,121,707,0.212,4,1,3,48,NA,5,73,7,NA,313.5,1,NA,NA,13,NA,"San Clemente, CA",San Clemente High School
2024-2025,Colorado,Big 12,25,Emma DeSensi,So,L/DS,5-6,2,0,3,NA,0,0,0,NA,NA,NA,NA,NA,NA,NA,NA,NA,NA,NA,NA,NA,NA,NA,NA,"Louisville, KY",Assumption
2024-2025,Colorado,Big 12,33,Cayla Payne,So,MB,6-4,30,30,118,NA,241,87,545,0.283,3,1,NA,23,1,17,111,7,NA,314.5,2,NA,NA,9,NA,"Carlsbad, CA",Carlsbad High School
2024-2025,Houston,Big 12,6,Ella Busey,So,OH,6-0,4,0,4,NA,2,2,7,0,NA,NA,NA,1,1,NA,NA,NA,NA,2,NA,NA,NA,3,NA,"Colleyville, TX",Colleyville Heritage HS
2024-2025,Houston,Big 12,23,Ashlyn Bellamy,So,OH,6-1,17,4,34,NA,59,33,187,0.139,2,4,16,35,5,NA,7,NA,NA,66.5,NA,NA,NA,140,NA,"Lee's Summit, MO",Lee's Summit HS
2024-2025,Iowa St.,Big 12,1,Pam McCune,So,MB,6-0,22,19,82,NA,134,33,335,0.301,2,2,6,25,NA,23,62,1,NA,190,NA,NA,NA,14,NA,"Upper Marlboro, MD",St. John's
2024-2025,Iowa St.,Big 12,13,Lilly Wachholz,So,RS,6-2,28,14,107,NA,287,135,705,0.216,9,22,30,83,1,5,31,5,NA,329.5,1,NA,NA,18,NA,"Waconia, MN",Mayer Lutheran
2024-2025,Iowa St.,Big 12,14,Nayeli Gonzalez,So,OH,6-2,11,7,43,NA,127,63,317,0.202,2,7,13,48,6,2,16,1,NA,144,NA,NA,NA,97,NA,"San Antonio, TX",Cornerstone Christian
2024-2025,Iowa St.,Big 12,15,Kiersten Schmitt,So,OH,6-0,26,11,87,NA,141,78,447,0.141,2,8,13,47,5,5,39,7,NA,173.5,NA,NA,NA,63,NA,"Epworth, IA",Beckman Catholic
2024-2025,Kansas,Big 12,3,Raegan Burns,So,L/DS,5-5,30,0,108,NA,0,1,15,-0.067,135,18,32,372,18,NA,NA,NA,NA,18,1,NA,NA,553,NA,"Lafayette, IN",McCutcheon
2024-2025,Kansas,Big 12,15,Ellie Schneider,So,MB,6-5,15,0,18,NA,5,4,14,0.071,NA,NA,NA,2,NA,NA,4,NA,NA,7,NA,NA,NA,NA,NA,"Metairie, LA",Metairie Country Day
2024-2025,Kansas,Big 12,19,Molly McCarthy,So,L/DS,5-11,17,0,33,NA,0,0,0,NA,6,1,3,21,2,NA,NA,NA,NA,1,NA,NA,NA,13,NA,"Rancho Mirage, CA",Palm Desert
2024-2025,Kansas,Big 12,24,Aisha Aiono,So,MB,6-3,12,4,21,NA,16,6,39,0.256,NA,NA,NA,5,NA,2,14,NA,NA,25,NA,NA,NA,NA,NA,"Liberty, MO",Liberty
2024-2025,Kansas St.,Big 12,0,Makinsey Jones,So,MB,6-1,5,3,13,NA,5,1,10,0.4,NA,NA,NA,5,NA,NA,5,NA,NA,7.5,NA,NA,NA,1,NA,"Topeka, KS",Topeka West
2024-2025,Kansas St.,Big 12,4,Reagan Fox,So,OH,6-2,4,1,7,NA,9,2,30,0.233,NA,NA,NA,1,NA,NA,2,NA,NA,10,NA,NA,NA,NA,NA,"Kansas City, MO",St. Teresa's Academy
2024-2025,Kansas St.,Big 12,5,Aniya Clinton,So,OH,6-2,23,11,81,NA,187,98,542,0.164,6,1,8,58,5,4,25,3,NA,204.5,NA,NA,NA,72,NA,"Midland, TX",Midland
2024-2025,Kansas St.,Big 12,7,Symone Sims,So,L/DS,5-5,27,15,105,NA,1,0,3,0.333,33,22,37,259,11,NA,NA,NA,NA,23,NA,NA,NA,407,NA,"Frisco, TX",Lebanon Trail
2024-2025,Kansas St.,Big 12,16,Ella Larkin,So,L/DS,5-10,27,1,106,NA,1,0,10,0.1,96,18,25,492,22,NA,NA,NA,NA,19,NA,NA,NA,639,NA,"Maize, KS",Bishop Carroll Catholic
2024-2025,TCU,Big 12,1,Alexis Roberson,So,MB,6-3,30,30,113,NA,121,39,302,0.272,10,NA,NA,45,NA,12,65,5,NA,165.5,NA,NA,NA,21,NA,"Missouri City, TX",Ridge Point HS
2024-2025,TCU,Big 12,12,Lily Nicholson,So,S,5-11,30,28,112,NA,36,21,131,0.115,1108,7,18,287,1,1,24,13,NA,56,NA,NA,NA,6,NA,"McKinney, TX",McKinney North HS
2024-2025,TCU,Big 12,16,Jaylen Clark,So,L/DS,5-7,24,1,62,NA,0,0,0,NA,2,3,5,22,3,NA,NA,NA,NA,3,NA,NA,NA,37,NA,"Manhattan Beach, CA",Mira Costa HS
2024-2025,Texas Tech,Big 12,2,Abby Dickinson,So,L,5-8,9,4,33,NA,1,0,2,0.5,10,9,5,111,7,NA,NA,NA,NA,10,NA,NA,NA,149,NA,"Orlando, FL",Olympia
2024-2025,Texas Tech,Big 12,10,Katelyn Cochran,So,S,6-1,27,6,83,NA,24,8,90,0.178,351,2,4,72,NA,4,34,4,NA,47,NA,NA,NA,NA,NA,"Roseville, CA",Whitney
2024-2025,Texas Tech,Big 12,17,Reagan Engler,So,MB,6-1,21,14,55,NA,63,31,179,0.179,5,8,16,21,NA,6,30,NA,NA,92,NA,NA,NA,3,NA,"Grapevine, TX",Colleyville Heritage
2024-2025,Texas Tech,Big 12,21,Emily Contreras,So,L,5-5,28,4,94,NA,1,1,5,0,18,20,40,186,21,NA,NA,NA,NA,21,1,NA,NA,314,NA,"Austin, TX",Lake Travis
2024-2025,UCF,Big 12,1,Abby Schomers,So,S,6-0,27,27,100,NA,33,6,84,0.321,953,15,34,168,NA,5,41,NA,NA,73.5,2,NA,NA,5,NA,"Omaha, NE",Skutt Catholic
2024-2025,UCF,Big 12,4,Megan Holland,So,MB,6-4,9,5,25,NA,12,6,31,0.194,NA,NA,NA,2,NA,4,11,NA,NA,21.5,NA,NA,NA,2,NA,"Nazareth, PA",Nazareth Area
2024-2025,UCF,Big 12,10,Avah Armour,So,OH,6-5,23,22,85,NA,277,111,872,0.19,14,21,56,129,39,19,15,5,NA,324.5,NA,NA,NA,425,NA,"Manitou Springs, CO",Rampart
2024-2025,UCF,Big 12,23,Britt Carlson,So,OH,6-4,27,22,96,NA,202,89,523,0.216,4,NA,NA,44,8,7,42,2,NA,230,NA,NA,NA,85,NA,"Woodbury, MN",East Ridge High School
2024-2025,Utah,Big 12,18,Kamryn Gibadlo,So,OH,6-1,31,31,111,NA,370,114,990,0.259,8,40,26,173,42,3,44,6,NA,435,NA,NA,NA,577,NA,"Cave Creek, AZ",Cactus Shadows HS
2024-2025,West Virginia,Big 12,5,Alexis Finnvold,So,S,5-11,17,16,68,NA,33,9,86,0.279,586,23,27,141,NA,NA,24,7,NA,68,1,NA,NA,6,NA,"Boca Raton, FL",Boca Raton Community
2024-2025,West Virginia,Big 12,22,Maddy McGath,So,MB,6-2,29,29,111,NA,247,106,546,0.258,13,11,31,72,NA,13,58,5,NA,300,NA,NA,NA,23,NA,"Brookfield, WI",Brookfield East
2024-2025,Butler,Big East,2,Reese Bates,So,DS,5-10,21,4,50,NA,0,0,0,NA,3,13,18,61,12,NA,NA,NA,NA,13,NA,NA,NA,107,NA,"Overland Park, KS",Blue Valley Southwest
2024-2025,Butler,Big East,7,Jaeda Lockhart,So,MB,5-10,11,4,23,NA,35,19,87,0.184,1,NA,NA,1,NA,3,12,NA,NA,44,NA,NA,NA,5,NA,"Hudson, WI",Hudson
2024-2025,Butler,Big East,9,Kaylee Finnegan,So,S,5-10,9,0,15,NA,1,0,2,0.5,45,3,1,27,NA,NA,1,NA,NA,4.5,NA,NA,NA,NA,NA,"Toledo, OH",St. Ursula Academy
2024-2025,Butler,Big East,10,Laiya Ebo,So,OH,6-1,29,20,85,NA,154,79,399,0.188,NA,7,18,24,NA,1,45,10,NA,184.5,NA,NA,NA,1,NA,"Washington, DC",Holton-Arms
2024-2025,Butler,Big East,11,Sawyer Jones,So,OH,6-0,15,3,36,NA,26,31,110,-0.045,2,2,2,11,NA,1,26,4,NA,42,NA,NA,NA,NA,NA,"Berkley, MI",Berkley
2024-2025,Butler,Big East,16,Elise Ward,So,OH,5-11,28,23,89,NA,232,135,729,0.133,8,25,34,198,37,2,20,3,NA,269,NA,NA,NA,425,NA,"Orland Park, IL",Marist
2024-2025,Creighton,Big East,12,Ava TeStrake,So,OH,6-4,11,0,13,NA,13,2,28,0.393,NA,NA,NA,1,NA,NA,3,NA,NA,14.5,NA,NA,NA,NA,NA,"Olathe, KS",Olathe West
2024-2025,Creighton,Big East,18,Destiny Ndam-Simpson,So,OH,6-0,18,1,30,NA,46,11,84,0.417,NA,NA,NA,6,2,1,6,1,NA,50,NA,NA,NA,14,NA,"Omaha, NE",Westside
2024-2025,Creighton,Big East,21,Audrey Clark,So,S,5-9,4,0,4,NA,0,0,0,NA,4,NA,NA,1,NA,NA,NA,NA,NA,NA,NA,NA,NA,NA,NA,"Frisco, TX",Wakeland
2024-2025,Creighton,Big East,24,Sydney Breissinger,So,DS,5-7,34,17,114,NA,2,1,5,0.2,46,35,45,230,22,NA,NA,NA,NA,37,NA,NA,NA,376,NA,"Cincinnati, OH",Ursuline Academy
2024-2025,DePaul,Big East,10,Meghan Scholz,So,MB,6-3,33,29,119,NA,180,66,434,0.263,4,2,11,35,1,6,95,3,NA,235.5,NA,NA,NA,8,NA,"Tomahawk, WI",Tomahawk
2024-2025,DePaul,Big East,12,Nora Mannion,So,L/DS,5-6,31,19,102,NA,1,0,6,0.167,19,7,4,184,17,NA,NA,NA,NA,8,NA,NA,NA,312,NA,"San Francisco, CA",St. Ignatius College Prep
2024-2025,Georgetown,Big East,2,Maria Filippova,So,OH,6-1,5,2,17,NA,33,15,89,0.202,1,NA,NA,9,NA,NA,16,NA,NA,41,NA,NA,NA,NA,NA,"Gaithersburg, MD",Northwest
2024-2025,Georgetown,Big East,9,Kamryn Lee-Caracci,So,MB,6-1,30,23,104,NA,248,94,610,0.252,3,15,26,94,1,6,72,4,NA,305,NA,NA,NA,20,NA,"La Grange, IL",Lyons Township
2024-2025,Georgetown,Big East,10,Emily Wen,So,S,5-10,29,26,98,NA,15,6,70,0.129,720,18,46,175,1,NA,9,1,NA,37.5,NA,NA,NA,8,NA,"San Gabriel, CA",Polytechnic
2024-2025,Georgetown,Big East,12,Mei Corricello,So,DS,5-7,16,0,24,NA,1,0,1,1,1,NA,2,17,6,NA,NA,NA,NA,1,NA,NA,NA,76,NA,"Cupertino, CA",Lynbrook
2024-2025,Georgetown,Big East,15,Grace Albaugh,So,OH,6-0,16,2,27,NA,13,11,67,0.03,1,NA,5,19,5,NA,3,NA,NA,14.5,NA,NA,NA,52,NA,"Jacksonville, FL",Bolles School
2024-2025,Marquette,Big East,2,Molly Berezowitz,So,DS,5-7,34,3,117,NA,1,0,8,0.125,48,16,26,252,18,NA,NA,NA,NA,17,NA,NA,NA,329,NA,"Burlington, WI",Burlington
2024-2025,Providence,Big East,1,Miller McDonald,So,S,5-8,29,29,108,NA,21,6,73,0.205,686,18,22,248,1,1,9,2,NA,44.5,NA,NA,NA,5,NA,"Dallas, TX",Lake Highlands
2024-2025,Providence,Big East,3,Kelsey Holmes,So,RS,6-1,8,0,26,NA,5,2,17,0.176,91,1,NA,6,NA,1,11,NA,NA,12.5,NA,NA,NA,NA,NA,"Fulton, MD",Reservoir
2024-2025,Providence,Big East,4,Addy Frye,So,OH,5-8,18,0,61,NA,1,3,12,-0.167,11,17,11,82,18,NA,NA,NA,NA,18,NA,NA,NA,194,NA,"Zionsville, IN",Traders Point Christian
2024-2025,Providence,Big East,5,Megan Weldon,So,OH,6-0,18,7,50,NA,48,28,183,0.109,3,NA,4,31,4,1,20,NA,NA,59,NA,NA,NA,64,NA,"Keller, TX",The Oakridge School
2024-2025,Providence,Big East,7,Shea Dupuis,So,RS,6-1,20,10,71,NA,107,56,331,0.154,4,12,11,30,NA,3,34,5,NA,139,NA,NA,NA,4,NA,"Richardson, TX",JJ Pearce
2024-2025,Providence,Big East,11,Lyric Berry,So,MB,6-1,25,24,85,NA,133,57,283,0.269,6,1,NA,19,1,13,43,13,NA,168.5,1,NA,NA,32,NA,"Wylie, TX",Bishop Lynch
2024-2025,Providence,Big East,15,Macy Taylor,So,OH,5-10,29,22,105,NA,157,84,583,0.125,20,28,44,247,34,NA,9,NA,NA,189.5,NA,NA,NA,544,NA,"Rowlett, TX",Sachse
2024-2025,Seton Hall,Big East,13,Madison Loiselle,So,OH,6-3,26,18,85,NA,197,69,514,0.249,1,NA,NA,36,NA,2,37,1,NA,217.5,NA,NA,NA,1,NA,"Danville, CA",Monte Vista
2024-2025,Seton Hall,Big East,16,Senna Roberts-Navarro,So,OH,5-11,26,17,83,NA,210,75,706,0.191,12,11,31,160,35,7,25,1,NA,240.5,NA,NA,NA,369,NA,"Honolulu, HI",Iolani School
2024-2025,Seton Hall,Big East,17,Rylee Nelson,So,L/DS,5-9,20,1,71,NA,1,2,8,-0.125,49,4,14,235,21,NA,NA,NA,NA,5,NA,NA,NA,356,NA,"Mazeppa, MN",Zumbrota-Mazeppa
2024-2025,St. John's (NY),Big East,1,Sujeili Mermella,So,DS,5-6,30,0,62,NA,0,0,1,0,10,4,13,68,9,NA,NA,NA,NA,4,NA,NA,NA,141,NA,"San Antonio, TX",Antonian
2024-2025,St. John's (NY),Big East,9,Rashanny Solano Smith,So,L,5-3,34,0,126,NA,1,1,8,0,107,18,31,519,27,NA,NA,NA,NA,19,NA,NA,NA,575,NA,"Limon, Costa Rica",NA
2024-2025,UConn,Big East,1,Isabella Suhy,So,L/DS,5-5,31,6,99,NA,0,0,2,0,12,13,21,92,11,NA,NA,NA,NA,13,NA,NA,NA,150,NA,"Maumee, OH",Saint Ursula Academy
2024-2025,UConn,Big East,2,Maggie Carley,So,S,-,5,0,9,NA,0,0,0,NA,NA,NA,1,NA,NA,NA,NA,NA,NA,NA,NA,NA,NA,NA,NA,"Trumbull, CT",Trumbull
2024-2025,UConn,Big East,15,Grace Maria,So,OH,6-2,34,27,123,NA,108,50,400,0.145,25,37,33,242,38,5,23,7,NA,161.5,NA,NA,NA,527,NA,"Arlington, VA",Bishop O'Connell
2024-2025,UConn,Big East,16,Audrey Rome,So,MB,6-3,26,24,85,NA,158,75,385,0.216,2,5,22,23,1,19,66,11,NA,215,NA,NA,NA,5,NA,"Sandwich, IL",Sandwich
2024-2025,Villanova,Big East,10,Abby Harrell,So,OH,5-10,31,31,112,NA,354,158,981,0.2,18,34,48,244,47,2,45,6,NA,412.5,NA,NA,NA,643,NA,"Ellensburg, WA",Ellensburg
2024-2025,Villanova,Big East,20,Sophia Stalcup,So,MB,6-3,2,0,2,NA,3,0,5,0.6,NA,NA,NA,NA,NA,NA,NA,NA,NA,3,NA,NA,NA,NA,NA,"Trabuco Canyon, CA",Santa Margarita Catholic
2024-2025,Villanova,Big East,25,Annika Veurink,So,MB,6-2,3,0,3,NA,2,1,9,0.111,NA,NA,NA,NA,NA,NA,3,NA,NA,3.5,NA,NA,NA,NA,NA,"Eden Prairie, MN",Southwest Christian
2024-2025,Villanova,Big East,29,Marly Smith,So,OH,5-11,10,0,18,NA,22,13,67,0.134,NA,8,7,15,5,1,3,1,NA,32.5,NA,NA,NA,58,NA,"Manhattan Beach, CA",El Segundo
2024-2025,Xavier,Big East,7,Elouise Czajkowski,So,L/DS,5-7,27,7,90,NA,1,1,10,0,16,20,40,177,13,NA,NA,NA,NA,21,1,NA,NA,286,NA,"Murfreesboro, TN",Siegel
2024-2025,Xavier,Big East,9,Quinci Thomas,So,OH,6-1,17,4,46,NA,72,22,240,0.208,NA,3,1,26,6,NA,11,4,NA,80.5,NA,NA,NA,90,NA,"Brownsburg, IN",Brownsburg
2024-2025,Eastern Wash.,Big Sky,4,Sophia Lindemann,So,MB,6-1,1,0,1,NA,0,0,1,0,NA,NA,NA,NA,NA,NA,NA,NA,NA,NA,NA,NA,NA,NA,NA,"Monument, CO",Lewis-Palmer
2024-2025,Eastern Wash.,Big Sky,9,Kalista Lukovich,So,OH,6-0,27,27,102,NA,304,108,989,0.198,17,20,21,277,35,1,39,1,NA,344.5,2,NA,NA,706,NA,"Happy Valley, OR",Adrienne C. Nelson
2024-2025,Eastern Wash.,Big Sky,14,Elle Bruegman,So,DS,5-8,26,15,92,NA,0,0,4,0,21,15,6,185,20,NA,NA,NA,NA,15,1,NA,NA,365,NA,"Eugene, OR",Sheldon
2024-2025,Idaho,Big Sky,10,Natalia Wielgus,So,S,6-1,21,12,56,NA,18,3,64,0.234,275,4,18,75,1,NA,11,NA,NA,27.5,1,NA,NA,4,NA,"Ldz, Poland",NA
2024-2025,Idaho,Big Sky,13,Chiara Gennari,So,S,6-0,27,19,72,NA,85,81,329,0.012,23,10,29,80,41,1,15,3,NA,103.5,NA,NA,NA,412,NA,"Barcelona, Spain",IES Joaquim Blume
2024-2025,Idaho,Big Sky,18,Ceren Sert,So,MB,6-1,25,14,60,NA,47,16,142,0.218,5,8,17,25,NA,7,35,2,NA,79.5,NA,NA,NA,24,NA,"Ankara, Turkey",TVF Sport High School
2024-2025,Idaho,Big Sky,20,Zuzanna Wieczorek,So,OPP,6-1,27,23,74,NA,162,74,442,0.199,9,16,37,100,3,1,25,4,NA,191.5,1,NA,NA,37,NA,"Luban, Poland",Secondary School of Sports Championship
2024-2025,Idaho St.,Big Sky,1,Sydney  Hess,So,S,-,14,0,19,NA,1,0,2,0.5,13,1,1,21,NA,NA,NA,NA,NA,2,NA,NA,NA,NA,NA,"Idaho Falls, ID",CSI
2024-2025,Idaho St.,Big Sky,5,Chloe Heimlicher,So,DS,5-6,28,4,101,NA,1,3,6,-0.333,20,4,5,104,24,NA,NA,NA,NA,5,NA,NA,NA,392,NA,"Parker, CO",NA
2024-2025,Idaho St.,Big Sky,15,Marci Bell,So,MB,5-9,31,31,123,NA,229,62,503,0.332,12,23,37,74,1,11,142,5,NA,334,NA,NA,NA,5,NA,"Henefer, UT",North Summit
2024-2025,Idaho St.,Big Sky,26,Jaydin Watts,So,MB,6-2,31,31,120,NA,235,59,538,0.327,3,NA,NA,48,NA,18,143,5,NA,324.5,NA,NA,NA,1,NA,"Lancaster, CA",NA
2024-2025,Montana,Big Sky,1,Olivia Liermann,So,OH,5-10,1,0,1,NA,0,0,0,NA,NA,1,NA,NA,NA,NA,NA,NA,NA,1,NA,NA,NA,NA,NA,"Coeur d'Alene, ID",Lake City HS
2024-2025,Montana,Big Sky,9,Gracie Cagle,So,S,5-11,24,7,66,NA,19,4,50,0.3,251,7,8,75,NA,NA,1,1,NA,26.5,NA,NA,NA,NA,NA,"Frisco, TX",Reedy HS
2024-2025,Montana,Big Sky,15,Calista Ousley,So,MB,6-2,2,0,2,NA,1,0,2,0.5,NA,NA,NA,NA,NA,NA,NA,1,NA,1,NA,NA,NA,NA,NA,"Palmer, AK",Colony HS
2024-2025,Montana St.,Big Sky,22,Joelie Spelts,So,MB,6-3,28,20,101,NA,147,68,409,0.193,5,6,22,71,2,7,81,6,NA,200.5,NA,NA,NA,10,NA,"Gillette, WY",Thunder Basin HS
2024-2025,Northern Ariz.,Big Sky,1,Hanah Stoddard,So,OH,6-1,28,26,93,NA,287,123,958,0.171,9,16,52,226,30,7,20,2,NA,320,NA,NA,NA,691,NA,"Coeur dAlene, ID",Lake City
2024-2025,Northern Ariz.,Big Sky,14,Avery Gottschalk,So,MB,6-3,18,16,56,NA,42,16,124,0.21,2,NA,NA,16,NA,5,47,3,NA,70.5,NA,NA,NA,2,NA,"Rocklin, CA",Rocklin
2024-2025,Northern Colo.,Big Sky,11,Alayna Tessena,So,OH,5-11,35,11,121,NA,262,129,751,0.177,7,11,29,101,26,4,28,4,NA,291,NA,NA,NA,179,NA,"Medina, OH",Highland
2024-2025,Northern Colo.,Big Sky,15,Gabi Placide,So,OH,6-0,36,36,140,NA,496,209,1188,0.242,13,38,52,198,1,12,79,4,NA,585.5,NA,NA,NA,11,NA,"Centennial, CO",Grandview
2024-2025,Northern Colo.,Big Sky,16,Bella LePore,So,L/DS,5-5,36,22,139,NA,1,0,17,0.059,33,38,56,236,41,NA,NA,NA,NA,39,NA,NA,NA,634,NA,"Brentwood, TN",Ravenwood
2024-2025,Portland St.,Big Sky,2,Paige Stepaniuk,So,L/DS,5-6,28,0,97,NA,1,0,13,0.077,65,20,40,321,18,NA,NA,NA,NA,21,NA,NA,NA,494,NA,"Ridgefield, WA",Ridgefield HS
2024-2025,Portland St.,Big Sky,8,Naomi White,So,MB,6-0,28,28,99,NA,194,42,460,0.33,1,2,4,25,NA,17,86,14,NA,256,1,NA,NA,7,NA,"Las Vegas, NV",Palo Verde HS
2024-2025,Portland St.,Big Sky,10,Sydney Stenson,So,RS,6-0,22,9,53,NA,43,38,157,0.032,3,2,3,17,NA,2,20,1,NA,57,NA,NA,NA,2,NA,"Lakewood, CO",Bear Creek HS
2024-2025,Portland St.,Big Sky,17,Devon DeNecochea,So,OPP,6-3,22,6,55,NA,78,27,223,0.229,NA,3,10,26,NA,1,30,4,NA,97,1,NA,NA,1,NA,"San Diego, CA",Canyon Crest Academy
2024-2025,Sacramento St.,Big Sky,1,Karlie Spohn,So,MB,5-10,27,26,99,NA,87,38,241,0.203,7,NA,2,26,1,10,61,10,NA,127.5,1,NA,NA,13,NA,"Manteca, CA",Manteca HS
2024-2025,Sacramento St.,Big Sky,2,Reese Ampi,So,DS,5-6,33,0,126,NA,2,0,3,0.667,94,38,61,359,17,NA,NA,NA,NA,40,NA,NA,NA,184,NA,"Redding, CA",American River JC
2024-2025,Sacramento St.,Big Sky,5,Allison Mimbs,So,OH,5-11,1,0,1,NA,0,0,0,NA,NA,NA,NA,NA,NA,NA,NA,NA,NA,NA,NA,NA,NA,NA,NA,"Chico, CA",Pleasant Valley HS
2024-2025,Weber St.,Big Sky,3,Ali Wiest,So,OH,6-0,18,0,54,NA,9,9,41,0,8,1,NA,59,16,NA,1,NA,NA,10.5,NA,NA,NA,198,NA,"Peoria, AZ",Sandra Day O' Connor HS
2024-2025,Weber St.,Big Sky,5,Rose Moore,So,S,6-1,30,23,110,NA,209,86,589,0.209,3,18,37,99,NA,7,61,8,NA,264.5,1,NA,NA,3,NA,"Lehi, UT",Skyridge HS
2024-2025,Weber St.,Big Sky,19,Stacia Barker,So,MB,6-2,11,3,19,NA,19,6,50,0.26,NA,NA,NA,3,NA,1,19,2,NA,29.5,NA,NA,NA,2,NA,"Evanston, WY",Evanston HS
2024-2025,Charleston So.,Big South,1,Luana Carvalho,So,OH,6-0,17,1,49,NA,68,46,233,0.094,3,6,16,29,1,1,17,2,NA,83.5,NA,NA,NA,4,NA,"Lisbon, Portugal",Officinas de S. Jose HS
2024-2025,Charleston So.,Big South,4,Presley Morris,So,L/DS,5-3,27,3,95,NA,0,0,14,0,38,7,5,193,8,NA,NA,NA,NA,7,NA,NA,NA,112,NA,"Little Rock, AR",Baptist Prep HS
2024-2025,Charleston So.,Big South,10,Brenna Rowland,So,MB,6-2,27,27,99,NA,183,62,428,0.283,5,1,3,28,NA,34,67,7,NA,251.5,1,NA,NA,3,NA,"Scottsdale, AZ",Chaparral HS
2024-2025,Charleston So.,Big South,14,Faith Burch,So,RS,5-10,27,22,97,NA,259,120,695,0.2,4,2,2,76,2,5,23,2,NA,277.5,1,NA,NA,35,NA,"Indianapolis, IN",Roncalli HS
2024-2025,Gardner-Webb,Big South,4,Molly Littlefield,So,L,5-3,28,0,97,NA,2,4,45,-0.044,98,22,22,524,20,NA,NA,NA,NA,24,NA,NA,NA,449,NA,"Rockton, IL",Hononegah
2024-2025,Gardner-Webb,Big South,6,Sloane Rooney,So,S,5-10,24,15,60,NA,2,5,27,-0.111,255,12,9,109,NA,NA,NA,NA,NA,14,1,NA,NA,2,NA,"Bloomsbury, NJ",Phillipsburg
2024-2025,Gardner-Webb,Big South,8,Milla Lugo,So,MH,5-10,27,19,82,NA,49,27,198,0.111,1,5,9,28,1,7,38,6,NA,80,3,NA,NA,6,NA,"Anderson, SC",NA
2024-2025,Gardner-Webb,Big South,13,Cayton White,So,OH,6-0,28,23,97,NA,294,150,961,0.15,6,26,26,155,28,2,22,4,NA,333,NA,NA,NA,467,NA,"Reno, NV",Damonte Ranch
2024-2025,High Point,Big South,5,Kea Whillock,So,DS,5-8,19,6,66,NA,4,1,10,0.3,24,11,21,135,11,NA,NA,NA,NA,15,NA,NA,NA,265,NA,"Keller, TX",Keller
2024-2025,High Point,Big South,7,Eve Wilson,So,MB,6-3,28,14,101,NA,191,66,424,0.295,3,13,27,62,1,3,81,3,NA,247.5,1,NA,NA,12,NA,"Sandy, UT",Skyline
2024-2025,High Point,Big South,16,Isabella Healy,So,OH,5-10,17,0,34,NA,0,0,0,NA,2,5,18,6,1,NA,NA,NA,NA,5,NA,NA,NA,2,NA,"Culver City, CA",Mira Costa
2024-2025,High Point,Big South,19,Kennedy Louisell,So,OH,6-0,30,9,87,NA,194,95,525,0.189,13,19,15,106,12,3,23,NA,NA,227.5,NA,NA,NA,227,NA,"Grand Rapids, MI",Forest Hills Northern
2024-2025,Presbyterian,Big South,4,Courtney Williams,So,OPP,5-9,29,29,114,NA,288,80,785,0.265,6,1,1,76,NA,19,68,3,NA,342,NA,NA,NA,5,NA,"Oxford, NC",Granville Early College
2024-2025,Presbyterian,Big South,5,Amaris Alvarez,So,L,5-2,29,2,110,NA,0,0,16,0,29,16,43,137,28,NA,NA,NA,NA,16,1,NA,NA,308,NA,"Miami, FL",Ronald Wilson Reagan
2024-2025,Presbyterian,Big South,12,Julia Yurkovich,So,OH,5-11,29,23,104,NA,241,120,854,0.142,7,2,NA,90,16,5,36,4,NA,266,NA,NA,NA,239,NA,"Landenberg, PA",Saint Mark's
2024-2025,Presbyterian,Big South,16,Brittney Daphnis,So,MB,5-11,26,24,97,NA,74,41,225,0.147,5,3,2,12,NA,8,72,10,NA,121,NA,NA,NA,12,NA,"League City, TX",Chaparral
2024-2025,Presbyterian,Big South,17,Celimar Hoyos,So,L,5-6,27,1,101,NA,0,1,23,-0.043,69,22,35,341,31,NA,NA,NA,NA,22,NA,NA,NA,456,NA,"Caguas, Puerto Rico",Archbishop McCarthy
2024-2025,Presbyterian,Big South,22,Ashley Miller,So,OH,6-0,22,12,63,NA,165,91,626,0.118,8,14,16,123,20,4,13,2,NA,189.5,NA,NA,NA,285,NA,"Brentwood, TN",Brentwood
2024-2025,Radford,Big South,2,Rylee Sloss,So,S,5-7,26,4,88,NA,55,35,169,0.118,281,8,31,129,4,1,16,4,NA,72,2,NA,NA,29,NA,"Blacksburg, VA",Blacksburg High School
2024-2025,Radford,Big South,16,Alana Kolb,So,MB,6-2,21,14,56,NA,44,22,115,0.191,2,14,11,27,NA,3,55,7,NA,88.5,NA,NA,NA,1,NA,"Gulf Breeze, FL",Gulf Breeze High School
2024-2025,Radford,Big South,18,Taryn Roberts,So,MB,6-1,21,13,50,NA,43,17,107,0.243,3,6,8,29,NA,4,32,5,NA,69,1,NA,NA,6,NA,"Franklin, TN",Franklin High School
2024-2025,UNC Asheville,Big South,15,Megan Oppegard,So,OH,5-10,15,0,41,NA,1,0,4,0.25,3,9,17,29,5,NA,NA,NA,NA,10,NA,NA,NA,43,NA,"Durham, NC",Cardinal Gibbons HS
2024-2025,UNC Asheville,Big South,18,Kat Davis,So,S,5-7,14,0,32,NA,2,2,17,0,111,6,11,56,NA,NA,NA,NA,NA,8,2,NA,NA,NA,NA,"Raleigh, NC",Needham Broughton HS
2024-2025,UNC Asheville,Big South,30,Sydney Bradley,So,RS,6-3,3,0,6,NA,8,4,18,0.222,1,NA,NA,2,NA,NA,2,2,NA,9,NA,NA,NA,NA,NA,"Dallas, TX",Duncanville HS
2024-2025,UNC Asheville,Big South,32,Albertine van der Goot,So,RS,6-6,23,18,87,NA,183,61,501,0.244,5,NA,NA,36,1,13,57,8,NA,224.5,1,NA,NA,1,NA,"Oosthem, Netherlands",RSG Magister Alvinus Sneek
2024-2025,USC Upstate,Big South,5,Alyssa Hook,So,OH,6-0,9,4,23,NA,52,24,163,0.172,NA,NA,4,15,5,NA,2,4,NA,53,1,NA,NA,78,NA,"Boca Raton, FL",West Boca Raton
2024-2025,USC Upstate,Big South,8,Nya Browne,So,MB,6-1,8,3,15,NA,6,4,31,0.065,1,NA,1,2,NA,NA,9,2,NA,10.5,NA,NA,NA,2,NA,"Nashville, TN",Hume-Fogg
2024-2025,Winthrop,Big South,12,Reece Rhoads,So,OH,5-11,2,0,2,NA,3,4,18,-0.056,1,1,NA,3,NA,NA,NA,NA,NA,4,NA,NA,NA,5,NA,"Cumming, GA",West Forsyth H.S.
2024-2025,Winthrop,Big South,13,Alyah Cadavid,So,DS,5-8,21,2,58,NA,0,0,2,0,12,14,10,147,6,NA,NA,NA,NA,14,NA,NA,NA,140,NA,"Miami, FL",Westminster Christian School
2024-2025,Winthrop,Big South,15,Jessica Cinci,So,OPP,6-0,4,0,5,NA,5,4,16,0.063,NA,NA,1,5,NA,NA,NA,NA,NA,5,NA,NA,NA,1,NA,"Lighthouse Point, FL",Cardinal Gibbons H.S.
2024-2025,Winthrop,Big South,18,Rachel McCollum,So,OPP,6-2,27,24,90,NA,213,93,643,0.187,14,7,21,135,NA,3,48,3,NA,247,NA,NA,NA,5,NA,"Lakeland, TN",Collierville H.S.
2024-2025,Illinois,Big Ten,3,Lily Barry,So,L/DS,5-6,26,1,85,NA,0,0,4,0,17,14,27,160,26,NA,NA,NA,NA,14,NA,NA,NA,283,NA,"Emden, IL",University
2024-2025,Illinois,Big Ten,4,Bianca May,So,S,5-8,9,0,21,NA,0,0,0,NA,NA,NA,NA,7,NA,NA,NA,NA,NA,NA,NA,NA,NA,NA,NA,"Orland Park, IL",Carl Sandburg
2024-2025,Illinois,Big Ten,11,Cari Bohm,So,MB,6-4,31,31,114,NA,64,17,142,0.331,10,NA,NA,14,2,8,106,5,NA,125,NA,NA,NA,6,NA,"Ann Arbor, MI",Skyline
2024-2025,Illinois,Big Ten,19,Vivian Campbell,So,S,5-10,10,0,18,NA,0,0,0,NA,6,6,8,3,NA,NA,NA,NA,NA,6,NA,NA,NA,NA,NA,"Oswego, IL",Oswego East
2024-2025,Indiana,Big Ten,8,Luca Fickell,So,S,6-1,14,0,28,NA,0,0,0,NA,10,3,8,12,NA,NA,NA,NA,NA,3,NA,NA,NA,NA,NA,"Cincinnati, OH",St. Ursula Academy
2024-2025,Indiana,Big Ten,11,Ava Vickers,So,MB,6-0,24,21,84,NA,98,24,236,0.314,2,NA,2,16,2,12,55,6,NA,137.5,1,NA,NA,13,NA,"Fishers, IN",Fishers
2024-2025,Indiana,Big Ten,32,Ramsey Gary,So,L,5-7,30,0,108,NA,1,0,3,0.333,101,9,14,438,15,NA,NA,NA,NA,10,NA,NA,NA,434,NA,"Pendleton, IN",Pendleton Heights
2024-2025,Iowa,Big Ten,9,Gabby Deery,So,OH,6-2,24,12,73,NA,137,91,415,0.111,2,2,3,35,3,2,18,NA,NA,150,NA,NA,NA,21,NA,"Burlington, IA",Burlington Notre Dame
2024-2025,Iowa,Big Ten,12,Hannah Whittingstall,So,MH,6-2,32,29,104,NA,214,69,538,0.27,12,20,31,44,3,11,103,6,NA,296.5,NA,NA,NA,34,NA,"San Antonio, TX",Alamo Heights
2024-2025,Iowa,Big Ten,22,Rosa Vesty,So,MH,6-2,8,1,12,NA,7,14,51,-0.137,NA,2,NA,9,NA,NA,3,NA,NA,10.5,NA,NA,NA,5,NA,"Christchurch, New Zealand",Burnside
2024-2025,Maryland,Big Ten,5,Alex McGillivray,So,L,5-8,8,0,9,NA,0,0,0,NA,1,NA,4,5,NA,NA,NA,NA,NA,NA,NA,NA,NA,21,NA,"Solana Beach, CA",Torrey Pines
2024-2025,Maryland,Big Ten,7,Jonna Spohn,So,L,5-5,28,1,85,NA,3,0,4,0.75,16,16,22,102,20,NA,NA,NA,NA,19,NA,NA,NA,232,NA,"Lewis Center, OH",Olentangy
2024-2025,Maryland,Big Ten,16,Sydney Bryant,So,OH,5-11,21,11,75,NA,187,109,553,0.141,8,NA,2,45,18,6,25,5,NA,205.5,NA,NA,NA,192,NA,"Upper Marlboro, MD",Flint Hill
2024-2025,Maryland,Big Ten,17,Eva Rohrbach,So,MB,6-2,30,30,107,NA,170,54,390,0.297,11,19,31,68,NA,10,98,7,NA,248,NA,NA,NA,31,NA,"San Diego, CA",La Costa Canyon
2024-2025,Michigan,Big Ten,5,Lydia Johnson,So,OPP,6-3,5,2,12,NA,11,6,44,0.114,NA,NA,NA,2,NA,1,5,1,NA,14.5,NA,NA,NA,NA,NA,"Edmonton, Canada",Ross Sheppard
2024-2025,Michigan,Big Ten,7,Morgan Burke,So,S,6-0,31,31,117,NA,38,20,131,0.137,1168,31,23,294,NA,NA,39,3,NA,88.5,NA,NA,NA,11,NA,"Omaha, NE",Skutt Catholic
2024-2025,Michigan,Big Ten,10,Carly Greskovics,So,L/DS,5-6,11,4,29,NA,1,0,1,1,6,1,NA,33,5,NA,NA,NA,NA,2,NA,NA,NA,118,NA,"Manhattan Beach, CA",Mira Costa
2024-2025,Michigan,Big Ten,13,Valentina Vaulet,So,OPP,6-1,29,29,108,NA,355,173,951,0.191,27,63,79,235,3,1,60,10,NA,449,1,NA,NA,13,NA,"Córdoba, Argentina",EEM N3 de 10
2024-2025,Michigan St.,Big Ten,2,Karolina Staniszewska,So,OH,6-0,12,8,30,NA,47,35,166,0.072,6,9,12,76,18,NA,8,NA,NA,60,NA,NA,NA,217,NA,"Warsaw, Poland",Niepubliczna Szkola Sportowa w Mielcu im. Grzegorza Lato
2024-2025,Michigan St.,Big Ten,5,Ky Clayton,So,L/DS,5-6,13,0,30,NA,0,0,0,NA,NA,5,3,5,NA,NA,NA,NA,NA,5,NA,NA,NA,NA,NA,"Lees Summit, MO",Lee's Summit
2024-2025,Michigan St.,Big Ten,9,Zuzanna Kulig,So,MB,6-4,30,30,109,NA,145,28,336,0.348,7,26,27,44,NA,26,128,7,NA,261,NA,NA,NA,9,NA,"Chrzanw, Poland",Wyzsza Szkola Lingwistyczna
2024-2025,Michigan St.,Big Ten,14,Taylah Holdem,So,OH,6-2,27,18,95,NA,157,109,549,0.087,21,17,47,153,21,NA,24,3,NA,186,NA,NA,NA,619,NA,"Christchurch, New Zealand",Burnside
2024-2025,Michigan St.,Big Ten,23,Cameron Berger,So,S,5-11,2,0,3,NA,0,0,1,0,18,1,3,2,NA,NA,NA,NA,NA,1,NA,NA,NA,1,NA,"Eden Prairie, MN",Eden Prairie
2024-2025,Minnesota,Big Ten,6,Kate Thibault,So,L/DS,5-4,32,9,120,NA,3,1,7,0.286,37,NA,6,215,25,NA,NA,NA,NA,3,NA,NA,NA,378,NA,"Watertown, MN",Watertown-Mayer HS
2024-2025,Minnesota,Big Ten,8,Calissa Minatee,So,MB,6-1,32,30,114,NA,173,59,374,0.305,6,1,6,28,2,7,105,10,NA,233.5,NA,NA,NA,9,NA,"Kansas City, MO",North Kansas City
2024-2025,Minnesota,Big Ten,11,Chloe Ng,So,S,5-9,5,0,9,NA,1,0,1,1,9,3,4,1,NA,NA,NA,NA,NA,4,NA,NA,NA,2,NA,"Vancouver, Canada",York House
2024-2025,Minnesota,Big Ten,12,Zeynep Palabiyik,So,L/DS,5-4,32,0,122,NA,3,1,15,0.133,161,17,32,471,39,NA,NA,NA,NA,20,NA,NA,NA,603,NA,"Istanbul, Turkey",NA
2024-2025,Nebraska,Big Ten,2,Bergen Reilly,So,S,6-1,36,36,122,NA,81,14,175,0.383,1352,21,37,348,NA,3,59,8,NA,134.5,NA,NA,NA,4,NA,"Sioux Falls, SD",O'Gorman
2024-2025,Nebraska,Big Ten,6,Laney Choboy,So,L/DS,5-3,36,0,121,NA,0,0,3,0,36,NA,1,185,10,NA,NA,NA,NA,NA,NA,NA,NA,311,NA,"Raleigh, NC",Leesville Road
2024-2025,Nebraska,Big Ten,15,Andi Jackson,So,MB,6-3,34,34,114,NA,299,73,515,0.439,2,1,5,26,NA,12,122,4,NA,373,NA,NA,NA,2,NA,"Brighton, CO",Brighton
2024-2025,Nebraska,Big Ten,27,Harper Murray,So,OH,6-2,36,36,121,NA,411,130,1095,0.257,30,39,34,294,23,5,60,10,NA,485,NA,NA,NA,598,NA,"Ann Arbor, MI",Skyline
2024-2025,Northwestern,Big Ten,2,Drew Wright,So,OH,5-11,28,0,106,NA,2,1,11,0.091,94,25,24,316,26,NA,NA,NA,NA,27,NA,NA,NA,432,NA,"Hermosa Beach, CA",Mira Costa
2024-2025,Northwestern,Big Ten,20,Lily Wagner,So,OH,5-11,28,15,90,NA,70,44,259,0.1,10,7,24,157,32,NA,14,3,NA,84,NA,NA,NA,423,NA,"Germantown, WI",Germantown
2024-2025,Northwestern,Big Ten,23,Gigi Navarrete,So,L/DS,5-6,28,3,105,NA,1,1,8,0,39,2,6,128,25,NA,NA,NA,NA,3,NA,NA,NA,290,NA,"Palos Heights, IL",Mother McAuley
2024-2025,Ohio St.,Big Ten,9,Mia Tuman,So,S,6-0,28,28,106,NA,45,12,141,0.234,1058,21,23,255,1,3,57,NA,NA,97.5,2,NA,NA,5,NA,"Sewickley, PA",North Allegheny
2024-2025,Ohio St.,Big Ten,10,Lauren Murphy,So,OH,6-4,10,0,14,NA,3,3,18,0,1,NA,4,1,1,NA,NA,NA,NA,3,NA,NA,NA,2,NA,"Round Rock, TX",Round Rock H.S.
2024-2025,Ohio St.,Big Ten,15,Kaitlyn Hoffman,So,DS,5-8,27,2,68,NA,0,0,0,NA,6,15,8,50,3,NA,NA,NA,NA,15,NA,NA,NA,57,NA,"Novi, MI",Novi H.S.
2024-2025,Ohio St.,Big Ten,21,Zaria Ragler,So,MB,6-0,6,0,10,NA,5,2,10,0.3,1,NA,NA,NA,NA,NA,2,NA,NA,6,NA,NA,NA,1,NA,"Gambrills, MD",Arundel
2024-2025,Ohio St.,Big Ten,31,Eloise Brandewie,So,MB,6-3,30,30,117,NA,172,66,456,0.232,3,NA,NA,42,NA,14,111,2,NA,241.5,NA,NA,NA,14,NA,"Columbus, OH",Bishop Hartley H.S.
2024-2025,Oregon,Big Ten,3,Noemie Glover,So,OPP,6-2,32,30,117,NA,263,108,642,0.241,3,NA,NA,57,2,10,94,3,NA,320,NA,NA,NA,6,NA,"Rancho Sante Fe, CA",Cathedral Catholic HS
2024-2025,Penn St.,Big Ten,4,Karis Willow,So,OH,6-4,2,0,2,NA,2,2,6,0,NA,NA,NA,NA,NA,NA,NA,NA,NA,2,NA,NA,NA,5,NA,"Arlington, OH",Liberty Benton
2024-2025,Penn St.,Big Ten,6,Kate Lally,So,DS,5-9,3,0,3,NA,0,0,0,NA,NA,NA,NA,NA,NA,NA,NA,NA,NA,NA,NA,NA,NA,NA,NA,"State College, PA",State College
2024-2025,Penn St.,Big Ten,11,Jocelyn Nathan,So,L/DS,5-6,22,10,59,NA,0,0,0,NA,10,7,7,69,10,NA,NA,NA,NA,7,NA,NA,NA,146,NA,"Wilmington, DE",Wilmington Friends School
2024-2025,Penn St.,Big Ten,23,Catherine Burke,So,MB,6-3,4,0,4,NA,0,0,4,0,NA,NA,1,NA,NA,NA,2,NA,NA,1,NA,NA,NA,NA,NA,"Glenview, IL",Loyola Academy
2024-2025,Purdue,Big Ten,1,Rachel Williams,So,DS,5-7,23,0,47,NA,1,0,3,0.333,1,7,13,11,NA,NA,NA,NA,NA,8,NA,NA,NA,NA,NA,"West Lafayette, IN",West Lafayette
2024-2025,Purdue,Big Ten,2,Chloe Chicoine,So,OH,5-10,34,34,118,NA,363,123,1092,0.22,42,19,28,348,16,4,29,4,NA,400.5,NA,NA,NA,426,NA,"Lafayette, IN",McCutcheon
2024-2025,Purdue,Big Ten,4,Kenna Wollard,So,OH,6-1,31,5,93,NA,150,67,366,0.227,2,NA,NA,37,NA,1,57,10,NA,179.5,NA,NA,NA,6,NA,"Dunlap, IL",Illinois Valley Central
2024-2025,Purdue,Big Ten,5,Taylor Anderson,So,S,6-1,34,34,118,NA,74,16,166,0.349,1327,26,39,256,1,7,91,5,NA,152.5,3,NA,NA,6,NA,"San Antonio, TX",Cornerstone Christian
2024-2025,Purdue,Big Ten,15,Lizzie Carr,So,MB,6-6,21,0,48,NA,73,21,173,0.301,1,NA,NA,10,NA,4,26,5,NA,90,NA,NA,NA,1,NA,"West Chester, PA",West Chester East
2024-2025,Purdue,Big Ten,21,Julia Kane,So,DS,5-11,26,0,74,NA,0,0,0,NA,8,13,34,27,1,NA,NA,NA,NA,13,NA,NA,NA,6,NA,"Windermere, FL",Windermere Prep
2024-2025,Rutgers,Big Ten,1,Zora Hardison,So,MB,6-2,27,26,92,NA,158,70,388,0.227,4,4,31,25,1,10,79,7,NA,211.5,1,NA,NA,16,NA,"Palm Bay, FL",Hertiage
2024-2025,Rutgers,Big Ten,3,Kenzie Dyrstad,So,L,5-7,31,0,104,NA,2,2,4,0,61,12,17,309,42,NA,NA,NA,NA,14,NA,NA,NA,525,NA,"Papillion, NE",Papillion La Vista South
2024-2025,Rutgers,Big Ten,5,Aly Borellis,So,S,5-10,26,15,83,NA,18,8,61,0.164,519,7,31,155,NA,1,20,1,NA,36,6,NA,NA,NA,NA,"Rochester, MI",Notre Dame Prep
2024-2025,Rutgers,Big Ten,10,Georgia Lee,So,S,6-1,23,4,62,NA,2,1,8,0.125,126,8,20,33,NA,NA,1,NA,NA,10.5,2,NA,NA,NA,NA,"Phoenix, AZ",Corona Del Sol
2024-2025,Rutgers,Big Ten,14,Anna Hartman,So,OH,6-2,29,19,93,NA,165,94,585,0.121,2,NA,4,48,8,3,42,1,NA,189,NA,NA,NA,106,NA,"Murfreesboro, TN",Providence Christian Academy
2024-2025,Southern California,Big Ten,1,Adonia Faumuina,So,OPP,6-1,32,27,119,NA,299,138,813,0.198,10,NA,3,98,10,10,80,4,NA,349,NA,NA,NA,202,NA,"Long Beach, CA",Long Beach Poly HS
2024-2025,Southern California,Big Ten,2,London Wijay,So,OH,5-10,7,6,24,NA,55,27,166,0.169,8,5,9,48,7,NA,5,1,NA,62.5,NA,NA,NA,116,NA,"Porter Ranch, CA",Bishop Alemany HS
2024-2025,Southern California,Big Ten,9,Allie Hazelwood,So,S,5-11,8,0,14,NA,0,0,0,NA,15,NA,4,4,NA,NA,NA,NA,NA,NA,NA,NA,NA,NA,NA,"Madison, MO",Madison Central HS
2024-2025,Southern California,Big Ten,23,Madison Pietsch,So,OPP,6-2,28,7,72,NA,55,25,154,0.195,5,NA,3,28,1,1,25,NA,NA,68.5,NA,NA,NA,6,NA,"San Carlos, CA",Saint Francis HS
2024-2025,UCLA,Big Ten,4,Brooklyn Briscoe,So,MB,6-4,18,13,52,NA,75,20,163,0.337,1,NA,1,15,NA,8,38,4,NA,102,1,NA,NA,6,NA,"San Diego, CA",Santa Fe Christian Schools
2024-2025,UCLA,Big Ten,10,Sydney Breon,So,L/DS,5-10,25,15,89,NA,3,1,8,0.25,12,13,27,129,17,NA,1,1,NA,16.5,NA,NA,NA,336,NA,"Dallas, TX",Highland Park HS
2024-2025,UCLA,Big Ten,22,Kat Lutz,So,L/DS,5-4,28,3,91,NA,0,0,0,NA,8,10,36,76,5,NA,NA,NA,NA,10,NA,NA,NA,62,NA,"Del Mar, CA",Torrey Pines HS
2024-2025,Washington,Big Ten,9,Kierstyn Barton,So,OH,6-1,17,15,65,NA,216,82,537,0.25,8,12,33,152,34,2,28,1,NA,244,NA,NA,NA,528,NA,"Chandler, AZ",Corona Del Sol
2024-2025,Washington,Big Ten,12,Katy Wessels,So,MB,6-2,25,23,88,NA,90,37,206,0.257,4,12,27,15,2,5,88,7,NA,151,NA,NA,NA,6,NA,"Lewiston, ID",Lewiston
2024-2025,Washington,Big Ten,19,Elise Hani,So,MB,6-4,12,9,35,NA,34,12,85,0.259,1,1,4,9,NA,3,27,4,NA,51.5,NA,NA,NA,2,NA,"Kirkland, WA",Lake Washington
2024-2025,Wisconsin,Big Ten,3,Saige Damrow,So,L/DS,5-8,18,0,54,NA,1,1,4,0,18,6,23,121,18,NA,NA,NA,NA,7,NA,NA,NA,256,NA,"Howards Grove, WI",Howards Grove
2024-2025,CSU Bakersfield,Big West,7,Nene Hawkins,So,S,5-8,30,17,101,NA,11,3,44,0.182,461,22,51,188,NA,1,NA,1,NA,34,3,NA,NA,2,NA,"Ewa Beach, HI",Le Jardin Academy
2024-2025,CSU Bakersfield,Big West,10,Valentina Sarti Cipriani,So,RS,6-1,28,15,90,NA,141,59,390,0.21,4,NA,NA,37,NA,6,43,6,NA,168.5,NA,NA,NA,5,NA,"Milan, Italy",NA
2024-2025,CSU Bakersfield,Big West,11,Sydney Dunning,So,OH,6-0,30,29,108,NA,386,150,1050,0.225,9,43,31,216,37,4,29,2,NA,447.5,1,NA,NA,680,NA,"Lamar, CO",Lamar
2024-2025,CSUN,Big West,1,Katie Kolar,So,S,5-9,29,29,116,NA,82,30,238,0.218,1134,26,35,318,NA,5,38,9,NA,132,2,NA,NA,8,NA,"Norman, OK",Norman North
2024-2025,CSUN,Big West,2,Paige Sentes,So,L/DS,5-6,29,0,116,NA,0,1,9,-0.111,123,30,36,468,30,NA,1,NA,NA,30.5,NA,NA,NA,480,NA,"Bakersfield, CA",Liberty
2024-2025,CSUN,Big West,4,Presley Nippert,So,RS,6-0,3,0,3,NA,0,0,3,0,NA,1,NA,NA,NA,NA,NA,NA,NA,1,NA,NA,NA,NA,NA,"Longview, WA",Kelso
2024-2025,CSUN,Big West,5,Hailey Brockway,So,OH,5-11,23,22,85,NA,306,167,861,0.161,22,17,46,198,30,2,28,6,NA,339,NA,NA,NA,520,NA,"Graham, WA",Graham-Kapowsin
2024-2025,CSUN,Big West,10,Tatiana Turgeon,So,MB,6-0,29,29,115,NA,122,51,305,0.233,5,6,15,35,1,10,89,7,NA,182.5,NA,NA,NA,27,NA,"Las Vegas, NV",Arbor View
2024-2025,CSUN,Big West,12,Julia Bazylevych,So,OH,5-11,17,7,49,NA,109,67,333,0.126,1,2,5,25,10,1,13,2,NA,118.5,NA,NA,NA,94,NA,"Tarzana, CA",Taft
2024-2025,CSUN,Big West,17,Taylor Dunlap,So,S,5-6,23,0,57,NA,0,0,0,NA,8,11,13,16,NA,NA,NA,NA,NA,11,NA,NA,NA,NA,NA,"Manhattan Beach, CA",Mira Costa
2024-2025,CSUN,Big West,20,Iye Okolo,So,MB,6-2,29,29,114,NA,157,69,370,0.238,3,NA,NA,20,NA,9,73,7,NA,202.5,NA,NA,NA,37,NA,"Fontana, CA",Etiwanda
2024-2025,CSUN,Big West,27,Madison DiGiorgio,So,OH,5-11,3,0,4,NA,0,1,3,-0.333,NA,NA,1,NA,NA,NA,1,NA,NA,0.5,NA,NA,NA,NA,NA,"Oak Hills, CA",Serrano
2024-2025,CSUN,Big West,38,Simone Wright,So,OH,5-9,1,0,1,NA,0,0,0,NA,NA,NA,NA,NA,NA,NA,NA,NA,NA,NA,NA,NA,NA,NA,NA,"Rohnert Park, CA",Casa Grande
2024-2025,Cal Poly,Big West,1,Emma Fredrick,So,OH,5-10,7,3,13,NA,22,22,84,0,1,1,NA,10,NA,NA,3,NA,NA,24.5,NA,NA,NA,28,NA,"Bakersfield, CA",Liberty High School
2024-2025,Cal Poly,Big West,3,Samantha Callahan,So,S,6-0,10,2,17,NA,2,2,11,0,109,2,4,24,NA,NA,1,NA,NA,4.5,NA,NA,NA,NA,NA,"Livermore, CA",Granada High School
2024-2025,Cal Poly,Big West,10,Tess Masingale,So,MB,6-3,6,5,21,NA,47,13,96,0.354,1,NA,NA,8,NA,2,18,NA,NA,58,NA,NA,NA,3,NA,"Portland, OR",Jesuit HS
2024-2025,Cal Poly,Big West,12,Breklyn Pulling,So,MB,6-1,31,31,111,NA,261,76,533,0.347,6,2,7,56,NA,8,97,10,NA,319.5,1,NA,NA,24,NA,"Highlands Ranch, CO",Mountain View High School (Cal State Bakersfield)
2024-2025,Cal Poly,Big West,53,Ella Scott,So,L/DS,5-7,30,0,101,NA,0,0,1,0,3,20,35,50,1,NA,NA,NA,NA,20,NA,NA,NA,12,NA,"San Clemente, CA",San Clemente High School
2024-2025,Cal St. Fullerton,Big West,3,Ryleigh Garis,So,S,5-9,28,27,97,NA,33,8,89,0.281,599,21,34,159,NA,1,5,2,NA,57.5,NA,NA,NA,2,NA,"Austin, TX",Vista Ridge HS
2024-2025,Cal St. Fullerton,Big West,4,Nia Cummings,So,MB,5-10,15,11,41,NA,44,17,116,0.233,2,NA,1,9,NA,1,22,8,NA,56,NA,NA,NA,5,NA,"San Diego, CA",Cedar Park HS
2024-2025,Cal St. Fullerton,Big West,5,Aubrey Beaver,So,OH,6-0,21,8,64,NA,57,48,231,0.039,5,12,32,87,27,NA,12,3,NA,75,NA,NA,NA,177,NA,"Murrieta, CA",Temecula Valley HS
2024-2025,Cal St. Fullerton,Big West,13,Kylie Griffin,So,OH,6-3,5,0,12,NA,8,8,36,0,NA,NA,NA,6,NA,2,6,NA,NA,13,NA,NA,NA,NA,NA,"Modesto, CA",Thomas Downey HS
2024-2025,Cal St. Fullerton,Big West,14,Ameena Campbell,So,OH,5-11,26,19,82,NA,159,88,488,0.145,10,6,19,90,19,2,20,5,NA,177,NA,NA,NA,402,NA,"Lawndale, CA",Mira Costa HS
2024-2025,Cal St. Fullerton,Big West,15,Leilani Lopez,So,L/DS,5-8,23,3,66,NA,0,0,1,0,4,11,17,45,5,NA,NA,NA,NA,11,NA,NA,NA,40,NA,"Torrance, CA",Redondo Union HS
2024-2025,Hawaii,Big West,1,Stella Adeyemi,So,OH,5-11,31,5,120,NA,250,113,732,0.187,6,NA,1,93,22,3,17,2,NA,261.5,NA,NA,NA,341,NA,"Papillion, NE",Papillion-Lavista South HS
2024-2025,Hawaii,Big West,4,Jackie Matias,So,S,5-9,30,1,88,NA,5,2,13,0.231,53,9,16,39,NA,NA,NA,NA,NA,14,NA,NA,NA,NA,NA,"Honolulu, HI",Punahou School
2024-2025,Hawaii,Big West,9,Tali Hakas,So,OH,5-11,31,31,125,NA,259,109,768,0.195,30,26,20,364,37,6,56,13,NA,319,1,NA,NA,471,NA,"Kfar Saba, Israel",Hof Hasharon HS
2024-2025,Long Beach St.,Big West,12,Milani Lee,So,S,5-10,6,0,18,NA,0,0,0,NA,3,1,9,8,NA,NA,NA,NA,NA,1,NA,NA,NA,NA,NA,"Santa Clarita, CA",Saugus HS
2024-2025,Long Beach St.,Big West,20,Livi Narancich,So,OH,6-1,14,0,50,NA,1,2,3,-0.333,3,10,7,15,NA,NA,NA,NA,NA,11,NA,NA,NA,NA,NA,"San Marcos, CA",San Marcos HS
2024-2025,Long Beach St.,Big West,25,Ella Lomigora,So,MB,6-2,30,30,112,NA,186,63,400,0.308,12,3,10,19,1,11,107,5,NA,253.5,NA,NA,NA,8,NA,"Tempe, AZ",Corona Del Sol HS
2024-2025,UC Davis,Big West,1,Breeze Czapinski,So,OH,6-0,24,2,49,NA,45,31,122,0.115,1,NA,2,12,NA,NA,5,NA,NA,47.5,NA,NA,NA,5,NA,"Ramona, CA",Poway HS '23
2024-2025,UC Davis,Big West,2,Mia Starr,So,S,5-10,29,29,119,NA,51,20,156,0.199,1177,20,21,300,NA,4,56,5,NA,103,6,NA,NA,7,NA,"Portland, OR",Central Catholic HS '23
2024-2025,UC Davis,Big West,5,Rachel Dunagan,So,OH,5-10,6,0,12,NA,0,0,1,0,1,NA,1,4,1,NA,NA,NA,NA,NA,NA,NA,NA,9,NA,"Seattle, WA",Ballard HS '23
2024-2025,UC Davis,Big West,10,Allie Caldwell,So,MB,6-0,28,28,113,NA,115,33,268,0.306,10,2,5,42,2,15,83,9,NA,173.5,1,NA,NA,21,NA,"San Carlos, CA",Sequoia HS '23
2024-2025,UC Davis,Big West,13,Ally Chandler,So,MB,6-2,29,29,119,NA,226,46,483,0.373,7,NA,2,30,NA,6,75,17,NA,269.5,1,NA,NA,21,NA,"Loomis, CA",Del Oro HS '23
2024-2025,UC Davis,Big West,16,Brooke Hibino,So,OH,6-1,2,0,3,NA,1,0,3,0.333,NA,NA,NA,1,NA,NA,NA,NA,NA,1,NA,NA,NA,1,NA,"Salinas, CA",Salinas HS '23
2024-2025,UC Davis,Big West,21,Reese Diersbock,So,OH,6-0,27,22,106,NA,208,117,735,0.124,5,NA,NA,43,2,8,24,3,NA,228,1,NA,NA,31,NA,"Kailua, HI",Le Jardin Academy '23
2024-2025,UC Irvine,Big West,1,Nicole Feliciano,So,S,5-10,27,25,111,NA,59,35,187,0.128,950,16,24,309,1,1,44,1,NA,98,3,NA,NA,6,NA,"Laguna Niguel, CA",Aliso Niguel
2024-2025,UC Irvine,Big West,19,Maia Neiman,So,OH,6-0,30,7,119,NA,4,1,14,0.214,18,NA,1,183,21,NA,1,NA,NA,4.5,NA,NA,NA,429,NA,"San Diego, CA",Rancho Bernardo
2024-2025,UC Irvine,Big West,50,Emma Napoleon,So,OH,5-10,20,4,45,NA,93,50,261,0.165,4,2,11,67,14,1,7,1,NA,99.5,NA,NA,NA,157,NA,"Los Angeles, CA",Village Christian School
2024-2025,UC Riverside,Big West,5,Trinity Sheridan,So,RS,5-11,30,30,115,NA,386,138,1008,0.246,12,17,25,160,2,6,39,4,NA,428.5,1,NA,NA,29,NA,"Crystal Lake, IL",Prairie Ridge
2024-2025,UC Riverside,Big West,6,Mia Delahoussaye,So,OH,6-3,25,3,59,NA,128,52,375,0.203,5,1,4,28,14,2,11,NA,NA,136.5,NA,NA,NA,185,NA,"West Covina, CA",South Hills
2024-2025,UC Riverside,Big West,9,Brianna Bowyer,So,OH,6-0,22,18,69,NA,64,27,187,0.198,4,24,29,25,NA,6,31,6,NA,109.5,1,NA,NA,12,NA,"Bakersfield, CA",Bakersfield Christian
2024-2025,UC Riverside,Big West,13,Nikki Hughes,So,RS,6-0,9,0,18,NA,15,6,43,0.209,NA,NA,NA,4,NA,NA,3,NA,NA,16.5,NA,NA,NA,1,NA,"La Canada Flintridge, CA",La Canada
2024-2025,UC Riverside,Big West,20,Andrea Brewer,So,OH,5-8,11,1,26,NA,22,12,75,0.133,32,2,1,10,4,NA,6,2,NA,27,NA,NA,NA,49,NA,"Rancho Cucamonga, CA",Rancho Cucamonga
2024-2025,UC San Diego,Big West,20,Iris Canko,So,L/DS,5-5,22,10,72,NA,0,0,3,0,14,15,14,115,17,NA,1,NA,NA,15.5,NA,NA,NA,293,NA,"Temecula, CA",Great Oak HS
2024-2025,UC San Diego,Big West,21,Reagan McWhinney,So,OH,6-0,4,0,5,NA,3,5,14,-0.143,NA,NA,NA,1,NA,NA,1,NA,NA,3.5,NA,NA,NA,3,NA,"Loveland, CO",Resurrection Christian School
2024-2025,UC San Diego,Big West,24,Lauren Brooker,So,S,6-1,13,8,37,NA,25,17,90,0.089,226,9,7,62,1,2,15,NA,NA,43.5,2,NA,NA,3,NA,"Calabasas, CA",Marymount HS
2024-2025,UC Santa Barbara,Big West,7,Eva Travis,So,OH,5-10,30,28,113,NA,378,165,1012,0.21,13,28,33,228,18,12,37,8,NA,436.5,1,NA,NA,456,NA,"Aliso Viejo, CA",Laguna Beach
2024-2025,UC Santa Barbara,Big West,8,Milan Rex,So,S,5-10,6,0,13,NA,0,0,1,0,45,1,7,15,NA,NA,NA,NA,NA,1,NA,NA,NA,NA,NA,"Alexandria, VA",Alexandria City
2024-2025,UC Santa Barbara,Big West,9,Cortni Youngblood,So,DS,5-5,24,0,84,NA,1,2,4,-0.25,67,8,21,235,17,NA,NA,NA,NA,9,NA,NA,NA,298,NA,"Los Angeles, CA",Lakewood
2024-2025,UC Santa Barbara,Big West,11,Layanna Green,So,MB,6-0,28,28,101,NA,152,50,324,0.315,14,19,22,71,1,17,56,12,NA,216,1,NA,NA,14,NA,"Waukee, IA",Waukee
2024-2025,UC Santa Barbara,Big West,33,Emma McDermott,So,OH,6-2,30,25,112,NA,266,101,713,0.231,5,7,5,67,12,6,53,2,NA,305.5,NA,NA,NA,96,NA,"Larkspur, CA",Redwood HS
2024-2025,UC Santa Barbara,Big West,34,Lois Hansen,So,OPP,6-3,10,7,40,NA,65,30,204,0.172,3,NA,NA,17,NA,4,23,1,NA,80.5,1,NA,NA,5,NA,"Yorba Linda, CA",Yorba Linda HS
2024-2025,Campbell,CAA,2,Olivia Miller,So,DS,5-7,28,2,101,NA,0,0,3,0,21,12,15,143,22,NA,NA,NA,NA,12,NA,NA,NA,275,NA,"Louisville, KY",Kentucky Country Day
2024-2025,Campbell,CAA,8,Ava Van Groningen,So,OH,6-0,25,0,48,NA,0,2,10,-0.2,1,5,8,11,1,NA,3,1,NA,6.5,NA,NA,NA,16,NA,"Galt, CA",Ripon Christian
2024-2025,Campbell,CAA,16,Meredith Reisman,So,MB,6-1,8,2,16,NA,6,3,22,0.136,1,NA,NA,1,NA,1,16,1,NA,15,NA,NA,NA,3,NA,"Cincinnati, OH",Saint Ursula Academy
2024-2025,Campbell,CAA,17,Ashley Artura,So,S,6-1,28,5,106,NA,9,3,43,0.14,396,23,25,167,NA,NA,1,NA,NA,32.5,1,NA,NA,NA,NA,"Pasadena, CA",Alta Loma
2024-2025,Col. of Charleston,CAA,2,Hannah Scott,So,S,5-11,34,33,123,NA,90,31,290,0.203,1112,21,19,340,3,5,55,13,NA,143.5,2,NA,NA,10,NA,"Franklin, TN",Ensworth
2024-2025,Col. of Charleston,CAA,7,Lauren Fowler,So,OPP,6-3,13,1,17,NA,17,8,49,0.184,1,NA,NA,7,NA,2,4,1,NA,21,NA,NA,NA,1,NA,"Powdersville, SC",Powdersville HS
2024-2025,Col. of Charleston,CAA,17,Deanna Dollar,So,OH,5-11,11,0,22,NA,34,19,98,0.153,NA,NA,NA,14,NA,NA,10,3,NA,39,NA,NA,NA,38,NA,"Burbank, CA",Village Christian School
2024-2025,Col. of Charleston,CAA,25,Olivia Angell,So,L,5-5,32,14,97,NA,0,1,6,-0.167,13,24,31,155,25,NA,NA,NA,NA,24,NA,NA,NA,303,NA,"Brentwood, TN",Brentwood HS
2024-2025,Delaware,CAA,10,Gha'Naye Whitfield-Moss,So,MB,6-0,27,27,98,NA,230,85,478,0.303,6,NA,NA,23,NA,5,81,9,NA,275.5,NA,NA,NA,6,NA,"Bessemer, AL",Hueytown HS
2024-2025,Delaware,CAA,17,Asia Murray,So,MB,6-2,8,0,16,NA,22,6,53,0.302,1,NA,NA,3,1,1,11,NA,NA,28.5,1,NA,NA,2,NA,"Chicago, IL",Baltimore Polytechnic Institute
2024-2025,Delaware,CAA,22,Anna Logan Gillens,So,OH,5-10,27,18,95,NA,307,141,760,0.218,3,1,3,57,18,2,28,6,NA,324,NA,NA,NA,125,NA,"West Columbia, SC",Cardinal Newman School
2024-2025,Elon,CAA,6,Kyla Johnson,So,MB,5-9,20,12,51,NA,55,24,167,0.186,2,1,5,15,NA,8,42,7,NA,85,NA,NA,NA,2,NA,"Richmond, VA",The Steward School
2024-2025,Elon,CAA,9,Shannon O'Laughlin,So,L/DS,5-9,24,6,55,NA,0,0,3,0,5,13,18,37,11,NA,NA,NA,NA,13,NA,NA,NA,100,NA,"Glen Ellyn, IL",Fenwick
2024-2025,Elon,CAA,11,Caroline Berlekamp,So,MB,6-2,29,29,105,NA,128,30,328,0.299,8,11,31,29,NA,19,82,7,NA,199,1,NA,NA,4,NA,"Columbus, OH",Liberty Union Thurston
2024-2025,Elon,CAA,13,Cameron Lanier,So,RS,6-1,25,20,90,NA,245,104,598,0.236,3,NA,2,60,17,2,41,9,NA,267.5,2,NA,NA,180,NA,"Chapel Hill, NC",Cedar Ridge
2024-2025,Elon,CAA,19,Keira Kasten,So,OH,6-0,14,5,36,NA,74,35,208,0.188,NA,4,9,27,9,1,7,1,NA,82.5,NA,NA,NA,77,NA,"Libertyville, IL",Libertyville
2024-2025,Hampton,CAA,5,Rhisen Davis,So,DS,5-5,18,2,48,NA,2,3,16,-0.063,8,4,7,22,7,NA,1,NA,NA,6.5,NA,NA,NA,99,NA,"Marriot, MD",Marriot's Ridge
2024-2025,Hampton,CAA,18,Dila Derendeli,So,OH,6-0,16,6,49,NA,45,33,159,0.075,5,10,8,66,20,NA,5,NA,NA,57.5,NA,NA,NA,235,NA,"Bursa, Turkey",TED Bursa College
2024-2025,Hofstra,CAA,1,Iyanna Garvin,So,MB,6-2,29,29,108,NA,170,51,358,0.332,10,17,18,27,NA,18,67,11,NA,238.5,NA,NA,NA,21,NA,"Fairburn, GA",Landmark Christian School
2024-2025,Hofstra,CAA,5,Nil Kayaalp,So,L,5-4,17,6,42,NA,1,1,3,0,14,5,9,69,9,NA,NA,NA,NA,6,NA,NA,NA,162,NA,"Nilfer, Turkey",Okyanus Koleji
2024-2025,Hofstra,CAA,19,Beatriz Braga,So,OH,5-11,28,8,97,NA,188,89,566,0.175,5,9,20,131,8,1,25,8,NA,210.5,NA,NA,NA,336,NA,"Uberlndia, Brazil",Faculdades Integradas Campos Salles
2024-2025,Hofstra,CAA,22,Lauren Konzen,So,DS,5-6,22,4,57,NA,2,0,3,0.667,5,7,14,65,5,NA,NA,NA,NA,9,NA,NA,NA,81,NA,"Bohemia, NY",Connetquot
2024-2025,Hofstra,CAA,23,Ashlynn Oliver,So,DS,5-2,13,0,32,NA,0,0,0,NA,NA,4,7,6,NA,NA,NA,NA,NA,4,NA,NA,NA,NA,NA,"McKinney, TX",Lovejoy
2024-2025,N.C. A&T,CAA,4,Valeria Estrada,So,L,5-3,27,0,96,NA,2,0,34,0.059,86,30,32,342,23,NA,NA,NA,NA,32,NA,NA,NA,380,NA,"Coamo, Puerto Rico",Caribbean School
2024-2025,N.C. A&T,CAA,10,Mikala Sampson,So,RS,6-0,28,18,95,NA,175,99,565,0.135,9,1,1,73,1,5,36,15,NA,199,NA,NA,NA,9,NA,"Houston, TX",Klein
2024-2025,N.C. A&T,CAA,12,Leonor Polezzi,So,S,5-10,28,28,99,NA,45,9,142,0.254,951,43,52,272,NA,6,45,4,NA,116.5,1,NA,NA,6,NA,"Cortona, Italy",Istituto Giovanni Falcone
2024-2025,Northeastern,CAA,9,Beatrice Gennari,So,MB,6-0,23,14,67,NA,92,29,246,0.256,6,2,3,21,NA,11,46,3,NA,128,NA,NA,NA,5,NA,"Monza, Italy","Liceo Scientifico Sportivo ""L. Da Vinci"""
2024-2025,Northeastern,CAA,11,Kaylin Daniels,So,MB,6-2,19,14,55,NA,49,22,141,0.191,4,NA,NA,17,NA,2,54,9,NA,78,NA,NA,NA,9,NA,"Sugar Land, TX",Clements
2024-2025,Stony Brook,CAA,1,Rayanne Wheat,So,S,5-7,6,0,13,NA,0,1,1,-1,24,3,7,11,NA,NA,NA,NA,NA,3,NA,NA,NA,NA,NA,"Mount Olive, AK",Legacy/Essential Church School
2024-2025,Stony Brook,CAA,3,Ashleigh Woodruff,So,MB,6-3,1,1,5,NA,10,1,20,0.45,NA,NA,NA,1,NA,NA,4,NA,NA,12,NA,NA,NA,NA,NA,"Scarsdale, NY",The Masters School
2024-2025,Stony Brook,CAA,7,Ayanna Pierre Louis,So,MB,5-11,29,25,106,NA,146,49,393,0.247,16,27,31,58,NA,6,72,4,NA,215,NA,NA,NA,25,NA,"Austin, TX",Crockett
2024-2025,Stony Brook,CAA,10,Mercedes Motton,So,MB,5-7,19,16,69,NA,85,34,249,0.205,5,1,4,16,NA,4,70,5,NA,125,NA,NA,NA,7,NA,"Worthington, OH",Bishop Watterson
2024-2025,Stony Brook,CAA,12,Liv Hertzog,So,MB,6-0,2,1,4,NA,3,1,12,0.167,NA,NA,NA,NA,NA,NA,3,NA,NA,4.5,NA,NA,NA,NA,NA,"Long Beach, CA",Mater Dei
2024-2025,Stony Brook,CAA,19,Madison Cigna,So,DS,5-5,25,7,86,NA,0,1,6,-0.167,15,24,45,187,5,NA,NA,NA,NA,24,NA,NA,NA,199,NA,"Pittsburgh, PA",Oakland Catholic
2024-2025,Towson,CAA,4,Kelsie Bothof,So,L/DS,5-6,19,0,43,NA,0,0,0,NA,2,5,8,10,NA,NA,NA,NA,NA,5,NA,NA,NA,NA,NA,"Chesapeake, VA",Trinity Christian
2024-2025,Towson,CAA,6,Ryan Shelton,So,OH,6-3,5,2,6,NA,2,1,8,0.125,NA,NA,NA,1,NA,NA,3,NA,NA,3.5,NA,NA,NA,NA,NA,"Downingtown, PA",The Baldwin School
2024-2025,Towson,CAA,7,Laura Detweiler,So,L/DS,5-8,14,0,28,NA,0,0,0,NA,1,5,5,3,NA,NA,NA,NA,NA,5,NA,NA,NA,NA,NA,"Purcellville, VA",Woodgrove
2024-2025,Towson,CAA,14,Maisie Jesse,So,S,5-9,30,21,111,NA,10,1,34,0.265,618,37,28,216,NA,NA,NA,NA,NA,47,NA,NA,NA,1,NA,"Phoenix, AZ",Sandra Day O'Connor
2024-2025,Towson,CAA,21,Joie Allen,So,OH,5-8,1,0,1,NA,0,0,2,0,NA,NA,NA,NA,NA,NA,NA,NA,NA,NA,NA,NA,NA,NA,NA,"Raleigh, NC",Colonel Zadok Magruder
2024-2025,UNCW,CAA,9,Maris Grant,So,S,5-11,1,0,1,NA,0,0,0,NA,NA,NA,NA,1,NA,NA,NA,NA,NA,NA,NA,NA,NA,NA,NA,"Wilmington, NC",Coastal Christian
2024-2025,UNCW,CAA,11,A'siya Magazine,So,RS,5-10,24,13,76,NA,173,86,449,0.194,2,2,3,27,10,4,34,NA,NA,196,1,NA,NA,69,NA,"Winter Springs, FL",Winter Springs
2024-2025,William & Mary,CAA,7,Tulasi Nalluri,So,L/DS,5-8,2,0,2,NA,0,0,0,NA,NA,NA,NA,NA,NA,NA,NA,NA,NA,NA,NA,NA,NA,NA,NA,"Sunnyvale, CA",Redwood High School
2024-2025,William & Mary,CAA,10,Audrey Brcka,So,OH,6-1,23,1,75,NA,161,95,458,0.144,3,2,1,25,9,5,29,2,NA,182.5,NA,NA,NA,100,NA,"Wheaton, IL",Wheaton North High School
2024-2025,William & Mary,CAA,20,Amber Jarecki-Meyers,So,MB,6-2,2,1,4,NA,3,2,8,0.125,NA,NA,NA,NA,NA,2,1,NA,NA,5.5,NA,NA,NA,NA,NA,"Chapel Hill, NC",Chapel Hill
2024-2025,William & Mary,CAA,23,Katherine Arnason,So,RS,6-1,26,16,93,NA,214,71,599,0.239,3,NA,NA,43,NA,3,60,1,NA,247,1,NA,NA,1,NA,"Stillwater, MN",Mahtomedi High School
2024-2025,FIU,CUSA,1,Emily Matias,So,L,5-9,26,0,89,NA,1,0,1,1,3,16,17,42,NA,NA,NA,NA,NA,17,NA,NA,NA,1,NA,"Miami, FL",Westminster Christian
2024-2025,FIU,CUSA,10,Gianna Tagoa'i,So,S,6-3,1,0,1,NA,0,0,0,NA,9,NA,1,NA,NA,NA,NA,NA,NA,NA,NA,NA,NA,NA,NA,"Redondo Beach, CA",Redondo Union
2024-2025,FIU,CUSA,12,Kindyl Kilar,So,OH,5-11,25,3,69,NA,34,29,159,0.031,5,12,6,102,24,NA,1,1,NA,46.5,NA,NA,NA,272,NA,"Whitewater, WI",Whitewater
2024-2025,FIU,CUSA,16,Courtney O'Brien,So,OH,5-11,32,28,111,NA,292,162,979,0.133,24,18,21,276,54,2,21,1,NA,322.5,NA,NA,NA,817,NA,"Katy, TX",Cinco Ranch
2024-2025,Jacksonville St.,CUSA,26,Hana Aiana,So,MB,6-0,28,17,103,NA,164,76,439,0.2,5,2,4,36,2,8,51,12,NA,199.5,NA,NA,NA,12,NA,"Molokai, HI",Moanalua HS
2024-2025,Kennesaw St.,CUSA,4,Maggie Byrd,So,MB,6-0,25,20,85,NA,71,33,208,0.183,6,6,20,28,1,10,60,2,NA,117,NA,NA,NA,16,NA,"Pooler, GA",Savannah Christian HS
2024-2025,Kennesaw St.,CUSA,6,Kourtney Brown,So,S,5-10,31,3,114,NA,2,4,33,-0.061,533,37,66,135,1,NA,1,NA,NA,39.5,1,NA,NA,3,NA,"Birmingham, AL",Ramsay HS
2024-2025,Kennesaw St.,CUSA,10,Haley Patterson,So,MB,6-0,1,0,1,NA,0,0,0,NA,NA,NA,NA,NA,NA,NA,NA,NA,NA,NA,NA,NA,NA,NA,NA,"Mobile, AK",St. Luke's Episcopal School
2024-2025,Kennesaw St.,CUSA,14,Olivia Burrage,So,MB,6-1,31,31,114,NA,246,74,468,0.368,3,NA,2,12,1,14,90,8,NA,305,2,NA,NA,16,NA,"Jefferson, GA",Jefferson HS
2024-2025,Liberty,CUSA,8,Jenna Otts,So,OH,6-1,6,0,8,NA,7,4,25,0.12,1,NA,1,3,NA,NA,3,1,NA,8.5,NA,NA,NA,NA,NA,"Saint Johns, FL",Bartram Trail
2024-2025,Liberty,CUSA,15,Charli Morris,So,S,6-3,31,14,114,NA,60,23,189,0.196,494,NA,3,79,NA,6,61,9,NA,96.5,1,NA,NA,6,NA,"Lugoff, SC",Lugoff-Elgin
2024-2025,Louisiana Tech,CUSA,4,Riley Steubing,So,L/DS,5-7,28,0,87,NA,2,0,7,0.286,46,6,15,329,27,NA,NA,NA,NA,8,1,NA,NA,399,NA,"Richmond, TX",George Ranch HS
2024-2025,Louisiana Tech,CUSA,8,Grace Krohn,So,S,6-1,27,2,57,NA,2,2,14,0,194,5,15,42,NA,NA,NA,NA,NA,7,NA,NA,NA,NA,NA,"Cypress, TX",Cypress Creek HS
2024-2025,Louisiana Tech,CUSA,9,Anaya Hairston,So,MB,6-2,14,1,21,NA,9,13,44,-0.091,NA,3,9,3,1,1,8,1,NA,17,NA,NA,NA,2,NA,"Lancaster, TX",Lancaster HS
2024-2025,Louisiana Tech,CUSA,19,Kaeden Robinson,So,L/DS,5-4,19,0,53,NA,0,1,3,-0.333,20,3,7,79,8,NA,NA,NA,NA,3,NA,NA,NA,103,NA,"Little Elm, TX",Braswell HS
2024-2025,Louisiana Tech,CUSA,20,Megan Cooley,So,OH,6-0,19,7,41,NA,55,18,207,0.179,1,NA,1,29,3,2,12,6,NA,63,NA,NA,NA,28,NA,"Tyler, TX",Whitehouse HS
2024-2025,Middle Tenn.,CUSA,3,Allyson Eckel,So,DS,5-7,20,4,73,NA,1,0,3,0.333,43,11,18,157,32,NA,NA,NA,NA,12,NA,NA,NA,509,NA,"Kenosha, WI",Bradford High School
2024-2025,Middle Tenn.,CUSA,7,Alivia Bronner,So,L/DS,5-8,31,18,119,NA,3,0,10,0.3,48,29,52,278,59,NA,NA,NA,NA,32,NA,NA,NA,787,NA,"Cedar Falls, IA",Cedar Falls HS
2024-2025,New Mexico St.,CUSA,2,Maggie Lightheart,So,OH,5-11,26,2,51,NA,56,32,164,0.146,3,1,7,30,7,3,7,7,NA,63.5,NA,NA,NA,90,NA,"Las Cruces, NM",Mayfield HS
2024-2025,New Mexico St.,CUSA,3,Bella Castro,So,L/DS,5-6,20,0,36,NA,0,0,0,NA,NA,3,4,9,1,NA,NA,NA,NA,3,NA,NA,NA,11,NA,"Las Cruces, NM",Centennial HS
2024-2025,New Mexico St.,CUSA,18,Nellie Reese,So,S,5-10,33,32,121,NA,6,3,26,0.115,678,26,59,191,1,NA,1,NA,NA,32.5,3,NA,NA,4,NA,"Coeur d'Alene, ID",Lake City
2024-2025,Sam Houston,CUSA,9,Ella Folse,So,RS,6-0,4,0,4,NA,0,1,2,-0.5,NA,NA,1,NA,NA,NA,NA,NA,NA,NA,NA,NA,NA,NA,NA,"Fulshear, TX",Jordan HS
2024-2025,Sam Houston,CUSA,12,Rachelle Reed,So,RS,5-11,7,0,12,NA,8,2,22,0.273,NA,NA,NA,NA,NA,NA,5,NA,NA,10.5,1,NA,NA,1,NA,"Pearland, TX",Pearland HS
2024-2025,Sam Houston,CUSA,16,Michaela Panekova,So,MB,5-10,27,14,89,NA,176,90,520,0.165,7,25,17,174,2,2,26,9,NA,216,1,NA,NA,19,NA,"Bratislava, Slovakia",Slavia Ekonomicka Univerzita
2024-2025,Sam Houston,CUSA,18,Morgan Poulain,So,MB,6-2,3,0,4,NA,3,1,9,0.222,NA,1,NA,1,NA,1,2,NA,NA,6,NA,NA,NA,1,NA,"Temple, TX",Liberty Hill HS
2024-2025,UTEP,CUSA,1,Kalia Kohler,So,S,5-7,32,32,112,NA,14,5,41,0.22,648,43,40,207,NA,NA,NA,1,NA,57,1,NA,NA,2,NA,"Alpine, UT",Lone Peak HS
2024-2025,UTEP,CUSA,4,Ava Martindale,So,L/DS,5-5,28,0,67,NA,0,0,1,0,12,9,17,22,1,NA,NA,NA,NA,9,NA,NA,NA,16,NA,"College Station, TX",College Station
2024-2025,UTEP,CUSA,8,Lauren Wallace,So,OH,6-0,1,0,1,NA,0,0,0,NA,NA,NA,NA,NA,NA,NA,NA,NA,NA,NA,NA,NA,NA,NA,NA,"Munster, IN",Munster HS
2024-2025,Western Ky.,CUSA,10,Gabby Weihe,So,MH,6-0,35,8,113,NA,64,19,156,0.288,2,29,38,23,NA,3,45,9,NA,118.5,NA,NA,NA,NA,NA,"Noblesville, IN",Noblesville
2024-2025,Western Ky.,CUSA,25,Izzy Van De Wiele,So,MH,6-5,35,35,126,NA,291,90,651,0.309,7,NA,1,34,1,34,143,7,NA,396.5,NA,NA,NA,6,NA,"Bettendorf, IA",Pleasant Valley
2024-2025,Cleveland St.,Horizon,1,Nia Hall,So,OH,5-10,33,6,122,NA,397,168,1036,0.221,11,18,35,143,11,8,77,17,NA,461.5,NA,NA,NA,199,NA,"Lorain, OH",Amherst Steele
2024-2025,Cleveland St.,Horizon,2,JeriLynn Koehler,So,MB,6-2,26,25,94,NA,208,62,483,0.302,2,19,39,64,NA,16,65,10,NA,275.5,NA,NA,NA,2,NA,NA,NA
2024-2025,Cleveland St.,Horizon,14,Reilly Wadden,So,DS,5-7,17,12,58,NA,1,0,5,0.2,17,4,8,94,14,NA,NA,NA,NA,5,NA,NA,NA,234,NA,NA,NA
2024-2025,Cleveland St.,Horizon,15,Allana Appleby,So,MB,6-1,29,25,102,NA,82,34,227,0.211,9,NA,NA,32,NA,14,96,25,NA,144,NA,NA,NA,10,NA,NA,NA
2024-2025,Green Bay,Horizon,2,Katie Schulz,So,L/DS,6-1,33,15,125,NA,410,190,1216,0.181,5,NA,NA,92,14,5,38,5,NA,434,NA,NA,NA,171,NA,"Appleton, WI",Kimberly
2024-2025,Green Bay,Horizon,4,Kennedy Schmitz,So,L/DS,5-4,33,5,126,NA,0,0,2,0,15,19,41,204,28,NA,NA,NA,NA,19,NA,NA,NA,456,NA,"Appleton, WI",Fox Valley Lutheran
2024-2025,Green Bay,Horizon,11,Kirsten Fish,So,OH,6-2,10,2,23,NA,39,27,110,0.109,NA,NA,NA,8,NA,NA,10,NA,NA,44,NA,NA,NA,NA,NA,"Brodhead, WI",Brodhead
2024-2025,IU Indy,Horizon,2,Grace Purichia,So,S,5-7,32,31,122,NA,95,27,264,0.258,1192,65,51,330,NA,3,27,13,NA,176.5,1,NA,NA,11,NA,"New Albany, IN",Providence
2024-2025,IU Indy,Horizon,5,Kate White,So,RS,5-10,29,14,100,NA,95,53,298,0.141,13,3,15,126,23,9,23,5,NA,118.5,NA,NA,NA,298,NA,"Cincinnati, OH",Colerain
2024-2025,IU Indy,Horizon,7,Ava Harris,So,RS,5-10,21,8,57,NA,71,57,249,0.056,8,15,16,72,14,1,5,NA,NA,89.5,NA,NA,NA,119,NA,"Noblesville, IN",Noblesville
2024-2025,IU Indy,Horizon,10,Maia Long,So,OH,5-10,32,21,110,NA,266,174,774,0.119,18,33,67,153,20,4,28,3,NA,317,NA,NA,NA,299,NA,"Erlanger, KY",Dixie Heights
2024-2025,IU Indy,Horizon,11,Elle Patterson,So,OH,6-0,32,31,123,NA,389,160,1038,0.221,32,27,28,303,37,1,36,1,NA,435,1,NA,NA,496,NA,"Greencastle, IN",Tri-West
2024-2025,IU Indy,Horizon,13,Kennedy Seputis,So,L/DS,5-7,12,1,31,NA,0,0,0,NA,1,5,11,8,NA,NA,NA,NA,NA,5,NA,NA,NA,1,NA,"Springboro, OH",Springboro
2024-2025,Milwaukee,Horizon,9,Kati Goba,So,L/DS,5-4,32,6,120,NA,1,2,34,-0.029,66,17,17,201,53,NA,NA,NA,NA,18,NA,NA,NA,501,NA,"Mukwonago, WI",Wisconsin Lutheran
2024-2025,Milwaukee,Horizon,12,Bella Lipski,So,MB,6-2,6,1,8,NA,3,3,11,0,NA,NA,NA,NA,NA,NA,6,3,NA,6,NA,NA,NA,2,NA,"Milwaukee, WI",Divine Savior Holy Angels
2024-2025,Northern Ky.,Horizon,3,Ava Hoying,So,OH,6-0,29,19,101,NA,179,94,610,0.139,10,5,3,74,10,1,27,2,NA,198.5,NA,NA,NA,92,NA,"Dublin, OH",Bishop Watterson HS
2024-2025,Northern Ky.,Horizon,10,Emory Guderian,So,L/DS,5-6,22,3,66,NA,1,2,4,-0.25,7,2,9,96,25,NA,NA,NA,NA,3,NA,NA,NA,201,NA,"Fort Wayne, IN",Carroll HS
2024-2025,Northern Ky.,Horizon,11,Sydney Bray,So,OH,5-10,29,17,102,NA,230,88,587,0.242,5,2,3,70,2,3,57,5,NA,263.5,NA,NA,NA,41,NA,"Woodstock, GA",Etowah
2024-2025,Northern Ky.,Horizon,12,Ivey Stocks,So,MB,5-11,29,25,111,NA,172,63,416,0.262,8,1,1,32,1,4,79,2,NA,216.5,NA,NA,NA,8,NA,"Cincinnati, OH",Saint Ursula Academy
2024-2025,Oakland,Horizon,7,Elin Schott,So,OH,5-7,6,0,12,NA,14,13,58,0.017,NA,NA,NA,3,NA,NA,4,1,NA,16,NA,NA,NA,NA,NA,"Toledo, OH",St. Ursula Academy
2024-2025,Oakland,Horizon,8,Bella Kessler,So,DS,5-3,22,0,52,NA,0,0,1,0,2,3,11,12,1,NA,NA,NA,NA,3,1,NA,NA,6,NA,"Centreville, MI",Centreville
2024-2025,Oakland,Horizon,17,Gentry Brown,So,OH,5-9,29,27,105,NA,272,147,846,0.148,14,19,41,238,43,7,25,2,NA,310.5,1,NA,NA,706,NA,"Shadyside, OH",Shadyside
2024-2025,Purdue Fort Wayne,Horizon,3,Becky Barrett,So,DS,5-4,32,5,114,NA,0,0,4,0,21,30,20,230,16,NA,NA,NA,NA,30,NA,NA,NA,389,NA,"Athens, IL",Athens
2024-2025,Purdue Fort Wayne,Horizon,10,Panna Ratkai,So,OH,5-11,29,29,112,NA,512,198,1415,0.222,16,43,70,294,32,4,39,4,NA,578.5,2,NA,NA,645,NA,"Budapest, Hungary",Gödölloi Török Ignác Gimnázium
2024-2025,Purdue Fort Wayne,Horizon,14,Kennedy McCants,So,MB,5-11,3,2,8,NA,0,0,2,0,1,NA,NA,NA,NA,1,3,1,NA,2.5,NA,NA,NA,NA,NA,"North Augusta, SC",North Augusta
2024-2025,Robert Morris,Horizon,2,Jocelyn Jourdan,So,OH,6-2,29,21,109,NA,274,148,831,0.152,10,NA,NA,63,2,2,59,10,NA,305.5,2,NA,NA,17,NA,"Austintown, OH",Austintown Fitch
2024-2025,Robert Morris,Horizon,4,Natalie Stepanovich,So,OH,5-11,27,26,97,NA,254,105,844,0.177,10,16,12,360,38,2,29,3,NA,286.5,1,NA,NA,772,NA,"Canton, OH",Glen Oak
2024-2025,Robert Morris,Horizon,9,Lindsey Scammell,So,MB,6-1,4,0,4,NA,0,0,1,0,NA,NA,1,NA,NA,NA,NA,NA,NA,NA,NA,NA,NA,NA,NA,"Stuart, FL",Clark Advanced Learning Center
2024-2025,Robert Morris,Horizon,10,Azra Eric,So,MB,6-2,29,29,109,NA,71,24,227,0.207,16,37,26,65,2,11,116,12,NA,177,NA,NA,NA,17,NA,"Kocaeli, Turkey",Kadir Has Anadolu Lisesi
2024-2025,Robert Morris,Horizon,13,Katie Cook,So,S,5-11,12,0,32,NA,2,2,10,0,115,10,17,47,NA,NA,1,NA,NA,12.5,NA,NA,NA,NA,NA,"Denver, NC",East Lincoln
2024-2025,Wright St.,Horizon,2,Reilly Zegunis,So,MB,6-1,31,31,111,NA,315,74,689,0.35,11,16,19,54,1,7,80,6,NA,378,NA,NA,NA,8,NA,"Zeeland, MI",Zeeland East
2024-2025,Wright St.,Horizon,7,Lauren Yacobucci,So,S,5-10,31,31,112,NA,60,7,141,0.376,1335,51,34,290,1,3,47,4,NA,137.5,1,NA,NA,7,NA,"Avon Lake, OH",Magnificat
2024-2025,Wright St.,Horizon,10,Mya Ayro,So,OH,5-11,31,21,108,NA,366,172,835,0.232,2,NA,NA,81,NA,8,37,4,NA,392.5,NA,NA,NA,11,NA,"Greenwood, IN",Greenwood Community
2024-2025,Youngstown St.,Horizon,3,Maria Insana,So,DS,5-4,30,0,105,NA,0,0,2,0,20,12,29,195,25,NA,NA,NA,NA,12,NA,NA,NA,320,NA,"Chagrin Falls, OH",Kenston
2024-2025,Youngstown St.,Horizon,16,Gabriela Machin,So,RS,6-0,24,8,68,NA,152,70,442,0.186,2,NA,NA,28,NA,3,30,1,NA,170,NA,NA,NA,NA,NA,"San Lorenzo, Puerto Rico",Caguas Private School
2024-2025,Brown,Ivy League,7,Yuna Yang,So,S,5-10,2,0,2,NA,0,0,0,NA,2,NA,1,NA,NA,NA,NA,NA,NA,NA,NA,NA,NA,NA,NA,"New York, NY",The Dalton School
2024-2025,Brown,Ivy League,9,Ally Panzloff,So,OH,6-1,16,3,55,NA,139,75,378,0.169,6,2,1,16,2,1,8,1,NA,146,NA,NA,NA,12,NA,"Huntley, IL",Huntley
2024-2025,Columbia,Ivy League,8,Madison Hsieh,So,L/DS,5-4,2,0,4,NA,0,0,0,NA,NA,NA,NA,NA,NA,NA,NA,NA,NA,NA,NA,NA,NA,NA,NA,"Austin, TX",Vandegrift
2024-2025,Columbia,Ivy League,10,Evie Naumann,So,OH,6-0,11,0,15,NA,3,1,9,0.222,NA,NA,2,4,2,NA,2,NA,NA,4,NA,NA,NA,20,NA,"Austin, TX",Westlake
2024-2025,Columbia,Ivy League,11,Delaney Seaman,So,S,5-10,22,0,76,NA,3,0,23,0.13,50,26,35,231,32,NA,NA,NA,NA,29,NA,NA,NA,389,NA,"Carmel, IN",Brebeuf Jesuit Prep
2024-2025,Columbia,Ivy League,14,Avery Jones,So,OPP,6-1,20,7,55,NA,84,48,252,0.143,5,NA,NA,8,NA,3,32,1,NA,103,NA,NA,NA,3,NA,"Studio City, CA",Harvard-Westlake
2024-2025,Cornell,Ivy League,2,Sarita Pomar,So,L,5-2,24,0,82,NA,0,0,11,0,58,28,28,218,31,NA,NA,NA,NA,28,NA,NA,NA,509,NA,"Ponce, Puerto Rico","Notre Dame HS (Caguas, P.R.)"
2024-2025,Cornell,Ivy League,15,Asa Moses,So,S,6-2,1,0,1,NA,0,0,0,NA,3,NA,NA,1,NA,NA,NA,NA,NA,NA,NA,NA,NA,NA,NA,"New York, NY",United Nations International School
2024-2025,Cornell,Ivy League,16,Ava Bogan,So,MB,6-5,7,0,13,NA,16,6,33,0.303,1,NA,2,NA,NA,3,10,1,NA,24,NA,NA,NA,1,NA,"Chicago, IL",Loyola Academy
2024-2025,Cornell,Ivy League,24,Jaida Sione,So,OH,6-2,24,12,87,NA,188,66,562,0.217,2,NA,NA,59,2,1,32,NA,NA,205,NA,NA,NA,57,NA,"Chatsworth, CA",Sierra Canyon HS
2024-2025,Cornell,Ivy League,25,Madison Wood,So,L,5-3,1,0,2,NA,0,0,0,NA,NA,NA,1,1,1,NA,NA,NA,NA,NA,NA,NA,NA,4,NA,"Manhattan Beach, CA",Mira Costa HS
2024-2025,Dartmouth,Ivy League,2,Ellie Mattox,So,S,5-11,13,3,50,NA,0,3,11,-0.273,233,12,13,68,NA,NA,NA,1,NA,12,NA,NA,NA,1,NA,"Austin, TX",Vandegrift High School
2024-2025,Dartmouth,Ivy League,9,EllaMae Fitzgerald,So,L/DS,5-8,20,0,60,NA,0,0,2,0,5,4,7,66,11,NA,NA,NA,NA,4,NA,NA,NA,144,NA,"Savannah, GA",Episcopal
2024-2025,Dartmouth,Ivy League,12,Kensington TeKrony,So,MB,6-0,6,3,17,NA,8,6,40,0.05,2,1,5,6,NA,4,5,2,NA,15.5,NA,NA,NA,4,NA,"Omaha, NE",Westside
2024-2025,Dartmouth,Ivy League,15,Valia Evangeliou,So,OH,5-11,6,0,13,NA,0,0,0,NA,NA,1,3,6,1,NA,NA,NA,NA,1,NA,NA,NA,17,NA,"Athens, Greece",Platon School
2024-2025,Dartmouth,Ivy League,17,Maddie LaFata,So,RS,5-11,24,4,91,NA,230,87,531,0.269,5,NA,NA,35,1,3,35,4,NA,250.5,NA,NA,NA,12,NA,"Fayetteville, AR",Fayetteville
2024-2025,Dartmouth,Ivy League,23,Raeli Smith,So,MB,6-2,16,12,52,NA,36,19,114,0.149,3,9,8,13,2,8,39,4,NA,72.5,2,NA,NA,11,NA,"Peoria, AZ",Centennial
2024-2025,Harvard,Ivy League,13,Alexandra Farquhar,So,OH,6-3,15,11,47,NA,58,36,221,0.1,3,NA,NA,19,NA,1,34,5,NA,76,NA,NA,NA,NA,NA,"Santa Rosa, CA",Cardinal Newman
2024-2025,Harvard,Ivy League,15,Amelie Lima,So,S,5-10,23,4,77,NA,2,2,12,0,9,12,25,115,4,NA,1,1,NA,14.5,NA,NA,NA,51,NA,"Newport Beach, CA",Mater Dei
2024-2025,Harvard,Ivy League,16,Yvette Easton,So,L,5-5,9,0,26,NA,0,0,0,NA,NA,NA,NA,NA,1,NA,NA,NA,NA,NA,NA,NA,NA,6,NA,"Westwood, MA",Westwood
2024-2025,Harvard,Ivy League,21,Ryleigh Patterson,So,MB,6-1,23,23,90,NA,186,57,420,0.307,6,3,21,66,NA,21,76,11,NA,248,NA,NA,NA,11,NA,"Rancho Santa Fe, CA",Cathedral Catholic
2024-2025,Penn,Ivy League,8,Zada Sanger,So,OH,6-1,23,13,82,NA,260,95,711,0.232,4,9,19,43,12,8,27,11,NA,290.5,NA,NA,NA,142,NA,"Berkeley, CA",Berkeley
2024-2025,Penn,Ivy League,11,Elsa McDermott,So,L/DS,5-7,21,1,67,NA,2,0,7,0.286,9,20,14,83,10,NA,NA,NA,NA,22,NA,NA,NA,112,NA,"Portland, OR",Catlin Gabel School
2024-2025,Penn,Ivy League,14,Lauren Van Wie,So,L/DS,5-6,11,0,28,NA,0,0,1,0,5,2,2,31,7,NA,NA,NA,NA,2,NA,NA,NA,87,NA,"Peachtree Corners, GA",Wesleyan School
2024-2025,Penn,Ivy League,16,Bella Rittenberg,So,RS,5-11,23,18,85,NA,215,78,463,0.296,23,16,21,116,4,NA,31,5,NA,246.5,NA,NA,NA,53,NA,"Fallbrook, CA",Chaparral
2024-2025,Princeton,Ivy League,1,Sydney Bold,So,L,5-7,22,0,81,NA,1,1,4,0,91,21,8,259,18,NA,NA,NA,NA,22,NA,NA,NA,348,NA,"La Jolla, CA",The Bishop's School
2024-2025,Princeton,Ivy League,5,Kamryn Chaney,So,OH,6-1,26,23,95,NA,421,151,968,0.279,16,40,62,222,42,10,46,5,NA,494,NA,NA,NA,631,NA,"Chicago, IL",Marist
2024-2025,Princeton,Ivy League,13,Erin McNair,So,OH,5-11,18,17,61,NA,43,21,141,0.156,13,15,13,102,18,NA,5,NA,NA,60.5,NA,NA,NA,222,NA,"Highland Ranch, CO",Valor Christian
2024-2025,Princeton,Ivy League,19,Sydney Draper,So,S,5-11,23,23,86,NA,63,12,153,0.333,827,22,13,154,NA,2,25,3,NA,99.5,1,NA,NA,4,NA,"Mission Hills, KS",Pembroke Hills
2024-2025,Princeton,Ivy League,24,Ava Harrington,So,MB,6-2,15,5,40,NA,37,14,82,0.28,2,3,5,7,NA,6,36,3,NA,64,NA,NA,NA,1,NA,"Houston, TX",Episcopal
2024-2025,Yale,Ivy League,4,Laurece Abraham,So,MB,6-1,25,24,97,NA,223,47,436,0.404,7,2,4,21,NA,15,53,8,NA,266.5,1,NA,NA,10,NA,"Ann Arbor, MI",Detroit Country Day
2024-2025,Yale,Ivy League,6,Arya Jue,So,L,5-8,23,0,91,NA,1,1,19,0,97,8,13,273,19,NA,NA,NA,NA,9,NA,NA,NA,450,NA,"Marietta, GA",Laurel Springs School
2024-2025,Yale,Ivy League,17,Payton Bryan,So,OH,6-3,12,5,36,NA,73,23,181,0.276,NA,NA,NA,17,NA,NA,3,NA,NA,74.5,NA,NA,NA,NA,NA,"Jupiter, FL",Benjamin School
2024-2025,Yale,Ivy League,33,Betsy Goodenow,So,RS,6-0,25,25,99,NA,355,91,823,0.321,34,18,24,239,31,8,48,2,NA,405,1,NA,NA,512,NA,"Lenexa, KS",St. Thomas Aquinas
2024-2025,Canisius,MAAC,3,Lauren Hubert,So,OH,6-0,31,28,116,NA,346,169,1009,0.175,14,30,30,225,42,1,41,2,NA,397.5,NA,NA,NA,474,NA,"Buffalo, NY",Sweet Home
2024-2025,Canisius,MAAC,12,Hannah Kos,So,OH,6-0,19,0,48,NA,57,24,147,0.224,3,NA,NA,19,NA,1,25,4,NA,70.5,NA,NA,NA,1,NA,"Greendale, WI",Greendale
2024-2025,Canisius,MAAC,15,Kalia Reisma,So,MB,6-0,31,30,118,NA,115,42,307,0.238,9,11,16,61,NA,13,83,7,NA,180.5,NA,NA,NA,10,NA,"Fort Myers, FL",Fort Myers
2024-2025,Fairfield,MAAC,1,Mamie Krubally,So,RS,6-2,31,27,113,NA,317,115,712,0.284,5,NA,NA,60,NA,3,60,9,NA,350,NA,NA,NA,6,NA,"Lucas, TX",Plano East
2024-2025,Fairfield,MAAC,15,Daniella Suarez,So,OH,5-10,2,0,4,NA,0,0,0,NA,NA,NA,1,2,NA,NA,NA,NA,NA,NA,NA,NA,NA,NA,NA,"Derwood, MD",Academy of the Holy Cross
2024-2025,Fairfield,MAAC,23,Emma Beretich,So,MB,6-2,28,23,86,NA,108,37,259,0.274,8,NA,6,21,NA,8,65,11,NA,148.5,1,NA,NA,6,NA,"Pickerington, OH",Pickerington Central
2024-2025,Iona,MAAC,2,Sanem Bas,So,OH,5-10,29,2,96,NA,1,0,12,0.083,52,27,28,230,15,NA,1,NA,NA,28.5,NA,NA,NA,207,NA,"Bursa, Turkey",TED College
2024-2025,Iona,MAAC,4,Buse Tinaz,So,MB,5-11,20,19,77,NA,48,28,146,0.137,5,2,NA,28,NA,4,78,16,NA,93,NA,NA,NA,5,NA,"Bursa, Turkey",TED College
2024-2025,Iona,MAAC,8,Ava DeGuzman,So,OH,5-9,30,2,95,NA,33,25,148,0.054,37,1,2,216,16,NA,9,NA,NA,38.5,NA,NA,NA,366,NA,"Junction City, KS",Junction City
2024-2025,Iona,MAAC,18,Ezzie Thompson,So,MB,6-0,3,0,3,NA,0,0,0,NA,1,NA,NA,NA,NA,NA,NA,NA,NA,NA,NA,NA,NA,NA,NA,"Spring Hill, FL",Springstead
2024-2025,Manhattan,MAAC,2,Chloe Anderson,So,MH,6-1,26,26,93,NA,91,43,234,0.205,15,12,15,31,NA,13,57,11,NA,144.5,NA,NA,NA,10,NA,"Romeoville, IL",Romeroville
2024-2025,Manhattan,MAAC,6,Katie Powers,So,RS,5-10,14,7,36,NA,84,65,276,0.069,4,2,16,52,15,NA,15,5,NA,93.5,NA,NA,NA,158,NA,"Wantagh, NY",St. Anthony's
2024-2025,Manhattan,MAAC,11,Abby Morreale,So,MH,6-0,26,23,85,NA,59,24,168,0.208,28,NA,1,20,2,6,52,17,NA,91,NA,NA,NA,24,NA,"Lake Grove, NY",Sachem North
2024-2025,Manhattan,MAAC,15,Anna Duncan,So,DS,5-10,22,0,55,NA,0,1,6,-0.167,2,9,12,38,10,NA,NA,NA,NA,9,NA,NA,NA,59,NA,"Wildwood, MO",St. Joseph's Academy
2024-2025,Manhattan,MAAC,16,Mikalah Curran,So,OH,5-11,17,14,51,NA,162,95,453,0.148,11,3,9,89,30,NA,10,1,NA,170,NA,NA,NA,333,NA,"Commack, NY",Commack
2024-2025,Manhattan,MAAC,17,Laila Glover,So,RS,5-10,29,15,97,NA,243,128,637,0.181,2,NA,NA,44,NA,4,43,7,NA,268.5,NA,NA,NA,1,NA,"Bear, DE",Caravel Academy
2024-2025,Marist,MAAC,1,Katherine Thompson,So,L,5-8,20,1,74,NA,2,1,12,0.083,51,31,30,244,42,NA,NA,NA,NA,33,NA,NA,NA,434,NA,"Pewaukee, WI",Arrowhead
2024-2025,Marist,MAAC,4,Claudia Kasperski,So,L,5-7,22,2,60,NA,1,1,3,0,10,14,25,67,21,NA,NA,NA,NA,15,NA,NA,NA,180,NA,"North Wales, PA",Mount Saint Joseph Academy
2024-2025,Marist,MAAC,6,Cecilia Potter-Pessoa,So,L,5-7,24,6,78,NA,0,0,9,0,27,25,16,161,45,NA,NA,NA,NA,25,NA,NA,NA,363,NA,"Palm Desert, CA",Xavier Prep
2024-2025,Marist,MAAC,9,Sara Dasic,So,OH,6-0,28,27,99,NA,316,154,927,0.175,21,26,24,213,56,2,10,NA,NA,349,1,NA,NA,689,NA,"Lazarevac, Serbia",NA
2024-2025,Marist,MAAC,15,Trinity Woods,So,MB,5-10,25,14,85,NA,99,64,317,0.11,3,NA,NA,36,4,1,30,8,NA,115,NA,NA,NA,14,NA,"Austin, TX",Westwood
2024-2025,Marist,MAAC,19,Kaitlyn Owens,So,S,5-10,28,2,94,NA,1,1,7,0,57,20,26,68,NA,NA,NA,NA,NA,21,1,NA,NA,1,NA,"Ashburn, VA",Broad Run
2024-2025,Marist,MAAC,21,Vallane Sneva,So,OH,6-0,1,0,1,NA,0,1,2,-0.5,NA,NA,NA,NA,NA,NA,NA,NA,NA,NA,NA,NA,NA,NA,NA,"Gig Harbor, WA",Pennisula
2024-2025,Merrimack,MAAC,3,Marissa Kobelski,So,OH,6-0,31,31,116,NA,149,63,430,0.2,15,39,57,52,2,10,61,8,NA,228.5,2,NA,NA,13,NA,"Andover, MA",Andover
2024-2025,Merrimack,MAAC,5,Sophia DeBonis,So,S,5-8,31,30,117,NA,36,10,125,0.208,506,38,24,215,NA,1,NA,NA,NA,75,3,NA,NA,9,NA,"Bay Shore, NY",Bay Shore
2024-2025,Merrimack,MAAC,12,Ella Maldonado,So,L,5-6,30,0,109,NA,4,3,29,0.034,49,1,1,158,52,NA,NA,NA,NA,5,1,NA,NA,577,NA,"Merrick, NY",Calhoun
2024-2025,Merrimack,MAAC,15,Ella Gizmunt,So,OH,6-0,19,5,57,NA,46,23,196,0.117,4,NA,NA,15,2,3,26,1,NA,62,1,NA,NA,11,NA,"Lynnfield, MA",Lynnfield
2024-2025,Merrimack,MAAC,18,Morgan Thurlow,So,MB,6-0,31,31,117,NA,151,33,326,0.362,8,1,2,11,NA,18,81,4,NA,210.5,NA,NA,NA,3,NA,"Brooklyn, NY",Xaverian
2024-2025,Niagara,MAAC,3,Paisley Ka’ahanui,So,S,5-7,19,0,57,NA,4,0,18,0.222,246,17,16,108,NA,NA,NA,NA,NA,21,1,NA,NA,5,NA,"Honolulu, HI",Punahou
2024-2025,Niagara,MAAC,4,Katie Jacobs,So,OH,5-11,13,0,25,NA,38,16,110,0.2,NA,NA,NA,14,1,NA,2,NA,NA,39,NA,NA,NA,15,NA,"Lexington, KY",NA
2024-2025,Niagara,MAAC,10,Janiah Robinson,So,MB,5-11,30,30,107,NA,106,36,273,0.256,6,1,NA,24,NA,21,71,7,NA,163.5,1,NA,NA,6,NA,"Syracuse, NY",NA
2024-2025,Niagara,MAAC,11,Sydney Wilkes,So,OH,5-11,29,0,95,NA,142,82,456,0.132,1,NA,1,48,NA,7,54,6,NA,176,NA,NA,NA,2,NA,"Las Vegas, NV",Nevada State HS
2024-2025,Niagara,MAAC,12,Victoria Latino,So,OH,6-0,13,10,32,NA,63,44,239,0.079,2,NA,NA,23,19,3,6,NA,NA,69,1,NA,NA,123,NA,"Mine Hill, NJ",NA
2024-2025,Niagara,MAAC,17,Payton Lee,So,RS,6-4,30,30,106,NA,164,103,556,0.11,3,NA,NA,82,NA,9,64,5,NA,205,1,NA,NA,1,NA,"New Baltimore, MI",NA
2024-2025,Quinnipiac,MAAC,2,Leilani-kai Giusta,So,OH,6-0,32,30,123,NA,320,186,880,0.152,24,33,46,254,40,5,29,9,NA,372.5,NA,NA,NA,771,NA,"Kaneohe, HI",Moanalua
2024-2025,Quinnipiac,MAAC,23,Cynthia Skenderi,So,OPP,6-0,4,0,4,NA,1,3,6,-0.333,NA,NA,NA,1,NA,NA,NA,NA,NA,1,NA,NA,NA,NA,NA,"Little Neck, NY",Mary Louis Academy
2024-2025,Rider,MAAC,1,Mia Mattingly,So,MH,6-2,15,4,27,NA,20,7,55,0.236,2,2,4,7,NA,1,22,1,NA,34,NA,NA,NA,3,NA,"Mokena, IL",Lincoln-Way Central
2024-2025,Rider,MAAC,6,Molly Rohde,So,MH,6-1,31,30,109,NA,143,58,352,0.241,5,22,23,55,2,12,127,10,NA,240.5,NA,NA,NA,19,NA,"Hortonville, WI",Hortonville
2024-2025,Rider,MAAC,7,Rylah Robinson,So,OH,5-10,29,10,96,NA,250,120,693,0.188,4,2,6,61,32,2,26,1,NA,267,NA,NA,NA,302,NA,"Fairfax, VA",Robinson
2024-2025,Rider,MAAC,8,Anji Vishwanathan,So,MB,6-1,1,0,4,NA,0,0,0,NA,NA,NA,NA,NA,NA,NA,NA,NA,NA,NA,NA,NA,NA,NA,NA,"Wilmington, DE",The Charter School of Wilmington
2024-2025,Rider,MAAC,9,Makenna Mason,So,S,6-0,33,2,115,NA,24,4,69,0.29,512,11,12,141,NA,1,13,3,NA,42.5,NA,NA,NA,4,NA,"Hilton Head Island, SC",Hilton Head
2024-2025,Rider,MAAC,13,Carly Zimmet,So,L/DS,5-4,19,4,49,NA,4,1,8,0.375,16,5,6,80,15,NA,NA,NA,NA,9,NA,NA,NA,171,NA,"Purcellville, VA",Loudoun Valley
2024-2025,Rider,MAAC,14,Paige Giehtbrock,So,OH,6-0,30,29,109,NA,278,128,850,0.176,21,49,26,229,51,4,31,8,NA,346.5,1,NA,NA,682,NA,"Clarkston, MI",Clarkston
2024-2025,Rider,MAAC,17,Simone Langford,So,L/DS,5-8,32,19,118,NA,3,1,16,0.125,31,28,42,229,28,NA,NA,NA,NA,31,NA,NA,NA,475,NA,"Hollywood, FL",Flanagan
2024-2025,Rider,MAAC,22,Anja Kelly,So,OPP,6-0,24,0,64,NA,120,55,317,0.205,1,1,NA,23,NA,1,30,12,NA,137,NA,NA,NA,4,NA,"Naperville, IL",Neuqua Valley
2024-2025,Sacred Heart,MAAC,7,Tiana Brasby,So,L/DS,5-5,29,16,103,NA,0,1,5,-0.2,28,22,23,156,5,NA,NA,NA,NA,22,NA,NA,NA,96,NA,"Ashburn, VA",Independence
2024-2025,Sacred Heart,MAAC,11,Gaby Zovko,So,S,6-1,31,31,116,NA,200,74,568,0.222,960,60,69,212,NA,5,63,6,NA,296.5,3,4,NA,5,NA,"Bedford, MA",Bedford HS
2024-2025,Sacred Heart,MAAC,18,Emily Sawyer,So,MH,6-4,28,24,96,NA,120,50,292,0.24,2,NA,NA,11,NA,13,52,6,NA,159,NA,NA,NA,1,NA,"Wrentham, MA",King Philip Regional
2024-2025,Saint Peter's,MAAC,1,Crystal Nguyen,So,L,5-4,14,0,37,NA,1,2,4,-0.25,8,1,1,54,7,NA,NA,NA,NA,2,NA,NA,NA,41,NA,"Montclair, CA",Upland
2024-2025,Saint Peter's,MAAC,5,Karolina Rodriguez,So,MB,5-10,25,24,91,NA,116,45,331,0.215,14,29,17,61,1,6,57,3,NA,179.5,NA,NA,NA,7,NA,"Arecibo, Puerto Rico",Colegio Evangelico Capitan Correa
2024-2025,Saint Peter's,MAAC,6,Cleopatra Diakou,So,S,5-8,23,12,81,NA,8,3,31,0.161,432,6,12,83,1,NA,11,3,NA,19.5,1,NA,NA,2,NA,"Nicosia, Cyprus",American Academy Nicosia
2024-2025,Saint Peter's,MAAC,8,Liz Reyes,So,L/DS,5-4,17,0,42,NA,0,3,6,-0.5,6,2,4,50,17,NA,NA,NA,NA,2,NA,NA,NA,143,NA,"Dorado, Puerto Rico",Dorado Academy
2024-2025,Saint Peter's,MAAC,11,Maliyah LaBrie,So,OH,5-6,22,22,82,NA,262,146,661,0.175,4,32,42,84,23,NA,30,2,NA,309,NA,NA,NA,192,NA,"Riverside, CA",Williams Field
2024-2025,Saint Peter's,MAAC,16,Olivia Gang,So,MB,5-11,6,2,11,NA,4,1,17,0.176,NA,2,NA,3,NA,1,9,NA,NA,11.5,NA,NA,NA,2,NA,"Miami, FL",Miami Senior
2024-2025,Siena,MAAC,2,Oliwia Majtyka,So,S,5-7,24,7,71,NA,1,5,26,-0.154,299,26,20,101,1,NA,NA,NA,NA,27,2,NA,NA,3,NA,"Wroclaw, Poland",I Liceum Oglnoksztalcace w Szamotulach
2024-2025,Siena,MAAC,12,Maggie Seymour,So,MB,6-1,17,5,37,NA,34,24,106,0.094,NA,NA,NA,7,1,6,9,3,NA,44.5,NA,NA,NA,3,NA,"Albany, NY",Academy of the Holy Names
2024-2025,Siena,MAAC,14,Ella Treasure,So,MB,6-0,29,26,105,NA,72,30,199,0.211,8,NA,NA,14,NA,10,70,6,NA,117,NA,NA,NA,1,NA,"Rochester, NY",Pittsford Sutherland
2024-2025,Siena,MAAC,15,Sonja Meyer,So,RS,6-1,18,8,40,NA,55,31,178,0.135,4,4,5,31,8,NA,4,1,NA,61,NA,NA,NA,122,NA,"Oak Hill, VA",Flint Hill
2024-2025,Siena,MAAC,16,Hannah Bowman,So,OH,5-10,24,4,61,NA,10,17,59,-0.119,15,15,19,124,36,1,7,NA,NA,29.5,1,NA,NA,313,NA,"Valrico, FL",New Jerusalem Christian Academy
2024-2025,Siena,MAAC,18,Doga Diraz,So,RS,6-3,27,6,91,NA,172,67,469,0.224,10,NA,1,33,1,6,29,1,NA,192.5,NA,NA,NA,4,NA,"Ankara, Turkey",Incek Doga College
2024-2025,Akron,MAC,1,Vanessa Del Real,So,L,5-6,30,0,122,NA,0,1,12,-0.083,148,38,41,424,31,NA,NA,NA,NA,38,1,NA,NA,554,NA,"Crown Point, IN",Crown Point
2024-2025,Akron,MAC,5,Martina Villani,So,S,6-2,21,0,70,NA,2,2,11,0,285,17,28,100,NA,NA,NA,NA,NA,19,2,NA,NA,NA,NA,"Tradate, Italy",Liceo Leonardo Da Vinci
2024-2025,Akron,MAC,11,Sophie Twigg,So,L,5-9,29,13,107,NA,0,1,4,-0.25,20,22,25,197,17,NA,NA,NA,NA,22,NA,NA,NA,324,NA,NA,NA
2024-2025,Akron,MAC,18,Eliska Vytiskova,So,S,5-9,30,30,122,NA,40,15,124,0.202,981,53,45,313,1,3,24,3,NA,108,3,NA,NA,13,NA,NA,NA
2024-2025,Ball St.,MAC,6,Reese Baker,So,L/DS,5-5,11,0,14,NA,0,0,0,NA,NA,1,NA,NA,NA,NA,NA,NA,NA,1,NA,NA,NA,1,NA,"Selma, IN",Wapahani
2024-2025,Ball St.,MAC,8,Lindsey Green,So,S,5-10,25,0,66,NA,9,5,30,0.133,291,22,17,96,NA,NA,NA,NA,NA,31,2,NA,NA,1,NA,"Loveland, OH",Ursuline Academy
2024-2025,Ball St.,MAC,10,Kendall Barnes,So,OH,6-1,19,4,44,NA,74,28,205,0.224,3,4,5,15,3,4,5,NA,NA,84.5,NA,NA,NA,30,NA,"Bartlett, TN",Briarcrest Christian School
2024-2025,Ball St.,MAC,13,Gwen Crull,So,MB,6-2,26,16,70,NA,62,16,154,0.299,6,NA,8,10,NA,14,63,8,NA,107.5,1,NA,NA,3,NA,"Madison, WI",McFarland
2024-2025,Ball St.,MAC,14,Aniya Kennedy,So,MB,6-0,30,12,102,NA,279,112,669,0.25,2,1,2,44,5,7,36,6,NA,305,NA,NA,NA,31,NA,"La Porte, IN",La Porte
2024-2025,Ball St.,MAC,17,Camryn Wise,So,MB,5-11,22,16,57,NA,71,23,170,0.282,4,7,9,22,NA,5,33,8,NA,99.5,1,NA,NA,5,NA,"Parker City, IN",Wapahani
2024-2025,Bowling Green,MAC,2,Isabelle Laube,So,DS,5-8,16,0,35,NA,2,0,3,0.667,10,7,13,26,11,NA,NA,NA,NA,9,NA,NA,NA,147,NA,"Burlington, Canada",Dr. Frank J. Hayden Secondary School
2024-2025,Bowling Green,MAC,10,Marija Tabak,So,OH,6-0,10,2,14,NA,17,11,57,0.105,NA,NA,3,8,4,NA,5,NA,NA,19.5,NA,NA,NA,25,NA,"Split, Croatia",V. Gimnazija 'Vladimir Nazor'
2024-2025,Bowling Green,MAC,11,Amanda Otten,So,S,6-3,34,32,126,NA,117,25,257,0.358,1179,38,67,238,NA,10,82,4,NA,206,1,NA,NA,3,NA,"Batavia, IL",Batavia
2024-2025,Buffalo,MAC,8,Tehya Shaw,So,MB,6-0,17,16,64,NA,87,26,223,0.274,2,NA,NA,3,1,13,28,4,NA,114,NA,NA,NA,9,NA,"York, PA",Central York
2024-2025,Buffalo,MAC,14,Manoela Forlin,So,OH,6-2,30,29,100,NA,302,173,896,0.144,25,28,33,148,27,7,26,2,NA,350,1,NA,NA,497,NA,"Curitiba, Brazil",NA
2024-2025,Buffalo,MAC,16,Chloe Brown,So,DS,5-10,20,0,62,NA,0,0,2,0,23,9,11,104,11,NA,NA,NA,NA,9,NA,NA,NA,182,NA,"Shaker Heights, OH",Shaker Heights
2024-2025,Central Mich.,MAC,17,Keelyn Muell,So,S,5-10,14,0,55,NA,23,3,37,0.541,229,16,17,89,NA,1,2,NA,NA,41,1,NA,NA,NA,NA,"Yorkville, IL",Yorkville
2024-2025,Eastern Mich.,MAC,4,Aubriegh Oswald,So,MB,6-2,7,3,15,NA,11,7,33,0.121,NA,NA,NA,3,NA,2,13,1,NA,19.5,NA,NA,NA,2,NA,"Lowell, MI",Lowell
2024-2025,Eastern Mich.,MAC,13,Kaili Doctor,So,OH,5-11,23,18,90,NA,238,106,645,0.205,6,6,14,78,35,5,38,4,NA,268,NA,NA,NA,323,NA,"Pittsburgh, PA",NA
2024-2025,Eastern Mich.,MAC,14,Ella Voorhees,So,S,5-6,25,18,92,NA,1,6,30,-0.167,428,10,4,194,NA,NA,NA,NA,NA,11,NA,NA,NA,5,NA,"Morgantown, WV",Morgantown
2024-2025,Eastern Mich.,MAC,15,Ava Siefke,So,OH,6-1,32,26,118,NA,204,135,763,0.09,23,32,33,256,51,6,45,8,NA,264.5,NA,NA,NA,676,NA,"Cincinnati, OH",Saint Ursula Academy
2024-2025,Eastern Mich.,MAC,16,Surabhi Srinivasan,So,DS,5-10,32,3,100,NA,5,4,38,0.026,21,11,15,132,24,NA,NA,NA,NA,16,1,NA,NA,311,NA,"Dublin, OH",Dublin Jerome
2024-2025,Kent St.,MAC,6,Liliana Mechura,So,MB,6-1,27,27,92,NA,103,44,309,0.191,7,6,27,39,1,9,61,4,NA,148.5,NA,NA,NA,1,NA,"Lakeway, TX",NA
2024-2025,Kent St.,MAC,15,Logan Henderson,So,OH,5-11,22,9,52,NA,85,45,259,0.154,2,NA,2,31,NA,3,25,1,NA,100.5,NA,NA,NA,1,NA,"Charlotte, NC",Hopewell
2024-2025,Kent St.,MAC,17,Alexandria Connatser,So,MB,6-2,17,15,54,NA,50,24,149,0.174,1,NA,NA,9,NA,5,45,5,NA,77.5,NA,NA,NA,1,NA,"Tampa, FL",H.B. Plant
2024-2025,Miami (OH),MAC,1,Raegan Lantz,So,OH,6-1,29,11,89,NA,210,106,597,0.174,2,NA,NA,23,4,3,26,2,NA,226,1,NA,NA,36,NA,"Holland, MI",West Ottawa High School
2024-2025,Miami (OH),MAC,3,Anna McClure,So,DS,5-8,28,0,101,NA,1,1,8,0,70,11,10,373,15,NA,NA,NA,NA,12,NA,NA,NA,399,NA,"Champaign, IL",The High School of St. Thomas
2024-2025,Miami (OH),MAC,4,Breannah Peterson,So,OPP,6-2,6,0,7,NA,4,7,17,-0.176,NA,NA,1,2,NA,1,4,NA,NA,7,NA,NA,NA,NA,NA,"El Paso, TX",Franklin High School
2024-2025,Miami (OH),MAC,7,Chelsea Williams,So,OH,5-11,27,8,93,NA,230,139,682,0.133,4,NA,2,39,7,7,26,7,NA,250,NA,NA,NA,192,NA,"Hawthorn Woods, IL",Lake Zurich High School
2024-2025,Miami (OH),MAC,9,Tatiana Mercer,So,L/DS,5-5,9,0,21,NA,1,0,2,0.5,3,3,4,17,2,NA,NA,NA,NA,4,NA,NA,NA,22,NA,"Hermosa Beach, CA",Notre Dame
2024-2025,Miami (OH),MAC,16,Amyah Cooper,So,MH,6-0,10,4,17,NA,8,6,22,0.091,NA,NA,NA,2,NA,2,11,NA,NA,15.5,NA,NA,NA,1,NA,"Toledo, OH",Whitmer
2024-2025,NIU,MAC,5,Kylie Schulze,So,S,5-8,3,0,5,NA,2,0,3,0.667,12,NA,2,4,NA,NA,NA,NA,NA,2,1,NA,NA,NA,NA,"Wonder Lake, IL",Woodstock North
2024-2025,NIU,MAC,7,Sydney Robinson,So,OH,5-8,3,0,6,NA,0,0,0,NA,NA,1,4,1,2,NA,NA,NA,NA,1,NA,NA,NA,4,NA,"Indianapolis, IN",Brebeuf Jesuit
2024-2025,Ohio,MAC,2,Kendall Hickey,So,L/DS,5-4,29,0,117,NA,3,2,29,0.034,109,16,25,477,34,NA,1,NA,NA,19.5,NA,NA,NA,755,NA,"Fishers, IN",Heritage Christian
2024-2025,Ohio,MAC,3,Leah Shumate,So,DS,5-7,11,0,31,NA,0,1,5,-0.2,93,4,11,29,NA,NA,NA,NA,NA,4,NA,NA,NA,1,NA,"Dublin, OH",Dublin Coffman
2024-2025,Ohio,MAC,6,Caroline Curran,So,L/DS,5-8,16,0,37,NA,0,0,0,NA,3,2,9,30,2,NA,NA,NA,NA,2,NA,NA,NA,24,NA,"Wexford, PA",North Allegheny
2024-2025,Ohio,MAC,11,Emily Waddell,So,MB,6-0,15,9,54,NA,58,18,162,0.247,4,NA,9,18,NA,7,37,3,NA,83.5,NA,NA,NA,4,NA,"Zionsville, IN",Carmel
2024-2025,Ohio,MAC,20,Olivia Gardner,So,MB,6-1,29,24,111,NA,199,90,542,0.201,8,1,8,40,1,10,48,1,NA,234,4,NA,NA,11,NA,"Macomb, MI",Dakota
2024-2025,Ohio,MAC,23,Kam Hunt,So,OH,6-1,29,29,117,NA,424,205,1114,0.197,19,28,52,231,31,6,23,NA,NA,469.5,2,NA,NA,717,NA,NA,NA
2024-2025,Toledo,MAC,7,Avery Adamski,So,DS,5-8,26,0,59,NA,1,1,3,0,13,8,9,55,7,NA,NA,NA,NA,9,NA,NA,NA,79,NA,"Perrysburg, OH",Perrysburg
2024-2025,Toledo,MAC,9,Emily Honzelka,So,MB,6-3,10,1,19,NA,10,6,37,0.108,NA,NA,NA,4,NA,1,10,NA,NA,16,NA,NA,NA,NA,NA,"Hubertus, WI",Kettle Moraine Lutheran
2024-2025,Toledo,MAC,11,Brooke Naniseni,So,OH,6-1,18,0,36,NA,5,6,24,-0.042,2,7,23,8,1,NA,1,NA,NA,12.5,NA,NA,NA,7,NA,"Mililani, HI",Iolani School
2024-2025,Toledo,MAC,13,Macy Hatkevich,So,S,5-8,32,32,115,NA,47,12,134,0.261,976,29,30,260,2,5,26,1,NA,94,6,NA,NA,9,NA,"Granger, IN",Penn
2024-2025,Toledo,MAC,18,Caylee Sharkey,So,RS,6-3,32,25,113,NA,115,54,402,0.152,6,22,33,148,1,2,29,NA,NA,153.5,NA,NA,NA,15,NA,"Sycamore, IL",Sycamore
2024-2025,Western Mich.,MAC,18,Maddie Kmetz,So,S,5-9,1,0,1,NA,0,0,0,NA,NA,NA,NA,1,NA,NA,NA,NA,NA,NA,NA,NA,NA,NA,NA,"St. John, IN",Andrean
2024-2025,Coppin St.,MEAC,1,Coco Figueroa,So,L/DS,5-5,32,0,114,NA,4,3,30,0.033,118,39,30,436,38,NA,NA,NA,NA,43,NA,NA,NA,648,NA,"Bayamon, Puerto Rico",Academia Discipulos de Cristo
2024-2025,Coppin St.,MEAC,13,Kahea Carvalho,So,S,5-9,32,25,116,NA,25,5,85,0.235,681,37,48,223,2,NA,1,NA,NA,62.5,4,NA,NA,11,NA,"Rolling Hills, CA",Palos Verdes HS
2024-2025,Delaware St.,MEAC,5,Emma Crakow,So,L/DS,5-4,24,0,76,NA,1,2,45,-0.022,48,10,6,131,32,NA,NA,NA,NA,11,NA,NA,NA,323,NA,"Tampa, FL",NA
2024-2025,Delaware St.,MEAC,8,Lelaini Diggs,So,OH,5-11,1,0,2,NA,1,1,9,0,NA,NA,NA,NA,NA,NA,1,NA,NA,1.5,NA,NA,NA,NA,NA,"St. Petersburg, FL",NA
2024-2025,Delaware St.,MEAC,11,Haley Crawford,So,OH,6-2,1,0,1,NA,1,0,1,1,NA,NA,NA,NA,NA,NA,NA,NA,NA,1,NA,NA,NA,NA,NA,"Woodbridge, VA",NA
2024-2025,Delaware St.,MEAC,12,Aaliyah Mitchell,So,OH,5-7,30,23,107,NA,209,108,560,0.18,9,28,42,83,12,23,34,9,NA,277,2,NA,NA,114,NA,"Monroe, NC",NA
2024-2025,Delaware St.,MEAC,21,Paige Meins,So,S,5-8,12,5,35,NA,1,1,38,0,140,6,13,54,NA,NA,NA,NA,NA,7,NA,NA,NA,1,NA,"Fairfax, VA",NA
2024-2025,Delaware St.,MEAC,30,Hannah Sanders,So,MB,6-0,29,29,109,NA,144,34,310,0.355,8,2,18,49,1,14,63,29,NA,191.5,4,NA,NA,8,NA,"Lawrenceville, GA",NA
2024-2025,Howard,MEAC,15,Kaitlynn Robinson,So,MB,6-3,8,4,21,NA,20,7,45,0.289,NA,NA,NA,1,NA,2,8,3,NA,26,NA,NA,NA,1,NA,"Oklahoma City, OK",Westmoore HS
2024-2025,Howard,MEAC,20,Gabby Allen,So,L,5-5,21,5,51,NA,1,1,3,0,1,9,7,36,7,NA,NA,NA,NA,10,NA,NA,NA,106,NA,"Laurel, MD",Reservoir HS
2024-2025,Howard,MEAC,22,Sydnei Jones,So,S,5-8,12,8,31,NA,12,7,42,0.119,268,1,5,58,NA,2,11,1,NA,20.5,NA,NA,NA,NA,NA,"Bridgeville, PA",North Catholic HS
2024-2025,Morgan St.,MEAC,1,Jada Williams,So,MB,6-2,29,28,112,NA,169,55,446,0.256,9,10,16,41,2,29,89,10,NA,252.5,1,NA,NA,89,NA,"Fredericksburg, VA",Stafford
2024-2025,Morgan St.,MEAC,2,Mya Karrick,So,S,5-9,27,25,99,NA,28,9,94,0.202,524,43,33,143,1,NA,4,1,NA,73,4,NA,NA,6,NA,"Shorewood, MN",Minnetonka
2024-2025,Morgan St.,MEAC,14,Tyrah Weems,So,MH,6-0,15,0,21,NA,10,24,58,-0.241,1,NA,1,1,1,NA,2,NA,NA,11,1,NA,NA,1,NA,"Virginia Beach, VA",Poquoson
2024-2025,N.C. Central,MEAC,18,Kayden Cupid,So,OH,6-0,24,24,87,NA,144,77,402,0.167,5,NA,NA,13,6,22,38,14,NA,185,5,NA,NA,19,NA,"Supply, NC",West Brunswick HS
2024-2025,N.C. Central,MEAC,21,Jenelle Mason,So,RS,6-1,17,1,36,NA,18,22,68,-0.059,NA,NA,NA,11,NA,2,3,2,NA,21.5,NA,NA,NA,3,NA,"Durham, NC",Falls Lake Academy
2024-2025,Norfolk St.,MEAC,9,Trinity Mitchell,So,DS,5-3,27,2,79,NA,0,2,9,-0.222,9,10,32,58,11,NA,NA,NA,NA,10,NA,NA,NA,135,NA,"Rosewell, GA",NA
2024-2025,Norfolk St.,MEAC,10,Briana Ellis,So,MB,6-1,1,0,2,NA,0,0,3,0,NA,NA,NA,NA,NA,NA,NA,NA,NA,NA,NA,NA,NA,NA,NA,"King George, VA",NA
2024-2025,Norfolk St.,MEAC,11,Gabrielle Gilbert,So,OH,6-0,28,26,101,NA,408,169,1074,0.223,18,42,54,155,18,5,36,8,NA,473,NA,NA,NA,280,NA,"Indianapolis, IN",NA
2024-2025,Norfolk St.,MEAC,12,Catori Crawford,So,OPP,5-9,13,1,18,NA,6,13,39,-0.179,NA,NA,NA,1,NA,NA,3,NA,NA,7.5,NA,NA,NA,NA,NA,"Midlothian, VA",NA
2024-2025,Norfolk St.,MEAC,18,Kaden Sanders,So,OH,5-9,16,0,47,NA,1,0,2,0.5,NA,6,11,19,NA,NA,1,1,NA,7.5,NA,NA,NA,2,NA,"Nashville, TN",NA
2024-2025,Norfolk St.,MEAC,24,Jala Dixon,So,MB,6-1,26,15,63,NA,44,16,130,0.215,2,NA,2,23,NA,6,38,7,NA,69,NA,NA,NA,4,NA,"Columbia, SC",NA
2024-2025,South Carolina St.,MEAC,13,Kaia Barnett,So,S,5-8,26,25,86,NA,37,14,162,0.142,544,17,18,177,2,NA,12,6,NA,60,1,NA,NA,14,NA,"Bowling Green, KY",Bowling Green
2024-2025,South Carolina St.,MEAC,17,Trinity Stevenson,So,L/DS,5-3,26,7,85,NA,4,5,23,-0.043,40,15,22,181,28,NA,NA,NA,NA,19,NA,NA,NA,276,NA,"Jonesboro, GA",Jonesboro
2024-2025,South Carolina St.,MEAC,18,Jara Davis,So,S,5-8,13,3,34,NA,1,2,3,-0.333,2,8,12,34,6,NA,NA,NA,NA,9,NA,NA,NA,34,NA,"Darlington, SC",Wilson
2024-2025,South Carolina St.,MEAC,19,Shamira Andrews,So,OH,5-9,25,10,68,NA,42,60,177,-0.102,2,1,2,17,2,4,17,18,NA,55.5,2,NA,NA,15,NA,"Sumter, SC",Sumter
2024-2025,UMES,MEAC,6,Anisa Dorlouis,So,S,5-8,27,26,100,NA,130,50,355,0.225,626,28,23,313,6,4,32,1,NA,178,2,2,NA,43,NA,"Gainesville, FL",Santa Fe HS
2024-2025,Belmont,MVC,1,Connie Kofoed,So,OH,6-0,4,0,5,NA,2,6,17,-0.235,NA,NA,1,1,1,NA,1,NA,NA,2.5,NA,NA,NA,8,NA,"Charlotte, NC",Charlotte Christian School
2024-2025,Bradley,MVC,1,Corrie Brown,So,S,6-1,29,11,110,NA,43,13,139,0.216,502,27,32,109,NA,2,15,3,NA,79.5,5,NA,NA,3,NA,"Maumee, OH",Springfield High School
2024-2025,Bradley,MVC,6,Megan DePoorter,So,L/DS,5-5,28,0,75,NA,0,0,3,0,4,5,10,13,NA,NA,NA,NA,NA,5,NA,NA,NA,NA,NA,"Coal Valley, IL",Moline High School
2024-2025,Bradley,MVC,18,Angelina Sayles,So,OH,5-10,15,1,36,NA,36,23,112,0.116,3,2,1,25,3,1,7,NA,NA,42.5,NA,NA,NA,40,NA,"Henderson, NV",NA
2024-2025,Drake,MVC,9,Lisa Melenciano,So,OH,5-9,7,0,11,NA,7,3,17,0.235,NA,NA,2,2,NA,NA,NA,NA,NA,7,NA,NA,NA,2,NA,"Miami, FL",Miami Dades
2024-2025,Drake,MVC,10,Claudia Aschenbrenner,So,MB,5-10,10,6,26,NA,14,3,33,0.333,1,NA,NA,4,NA,3,13,2,NA,23.5,2,NA,NA,2,NA,"Osage, IA",Osage
2024-2025,Evansville,MVC,5,Angelica Gonzalez Maltes,So,OH,5-11,27,21,94,NA,226,131,671,0.142,6,1,11,66,18,2,42,4,NA,250,NA,NA,NA,202,NA,"Ponce, Puerto Rico",Lassiter HS
2024-2025,Evansville,MVC,6,Lexi Owen,So,S,5-9,23,11,77,NA,11,2,38,0.237,415,9,13,129,2,1,5,3,NA,23.5,1,NA,NA,5,NA,"Owensboro, KY",Daviess County HS
2024-2025,Evansville,MVC,11,Ainoah Cruz,So,DS,5-3,20,0,80,NA,0,1,11,-0.091,107,14,8,343,13,NA,NA,NA,NA,14,NA,NA,NA,373,NA,"Arecibom, Puerto Rico",NA
2024-2025,Evansville,MVC,13,Holland Morris,So,OH,6-0,16,0,22,NA,6,3,24,0.125,NA,NA,NA,3,NA,NA,3,2,NA,7.5,NA,NA,NA,NA,NA,"Florence, KY",Randall K. Cooper HS
2024-2025,Evansville,MVC,14,Chloe Cline,So,MB,6-1,30,30,117,NA,168,46,423,0.288,3,2,3,26,NA,15,51,7,NA,210.5,NA,NA,NA,8,NA,"Bettendorf, IA",Pleasant Valley HS
2024-2025,Evansville,MVC,17,Carlotta Pascual Centelles,So,RS,6-0,8,5,23,NA,35,26,128,0.07,1,NA,NA,16,NA,NA,9,1,NA,39.5,NA,NA,NA,NA,NA,"Madrid, Spain",Mt. Vernon (Ind.) HS
2024-2025,Illinois St.,MVC,3,Caitlyn Little,So,OH,5-10,26,22,97,NA,310,146,829,0.198,10,15,40,184,19,1,25,8,NA,338.5,NA,NA,NA,412,NA,"Ballwin, MO",Lafayette
2024-2025,Illinois St.,MVC,4,Madison Smith,So,L,5-7,20,0,42,NA,0,0,0,NA,12,5,7,102,2,NA,NA,NA,NA,5,NA,NA,NA,31,NA,"St. Louis, MO",St. Joseph's Academy
2024-2025,Illinois St.,MVC,6,Logan Grevengoed,So,MH,6-3,17,12,50,NA,71,41,198,0.152,1,NA,NA,20,1,10,18,5,NA,90,NA,NA,NA,3,NA,"South Holland, IL",Chicago Christian
2024-2025,Illinois St.,MVC,14,Ally Saleh,So,OH,5-11,6,1,16,NA,13,10,54,0.056,1,NA,NA,6,1,1,6,NA,NA,17,NA,NA,NA,1,NA,"Waunakee, WI",Waunakee
2024-2025,Illinois St.,MVC,16,Abby Reck,So,OH,6-2,13,11,44,NA,99,34,279,0.233,NA,NA,NA,22,NA,2,21,1,NA,111.5,NA,NA,NA,1,NA,"Northville, MI",Northville
2024-2025,Indiana St.,MVC,4,Ella Scott,So,MB,6-1,30,30,107,NA,192,67,499,0.251,8,25,30,53,1,11,94,7,NA,275,NA,NA,NA,11,NA,"Plainfield, IN",Plainfield
2024-2025,Indiana St.,MVC,6,Lily Mueller,So,MB,6-1,21,17,65,NA,68,42,207,0.126,4,NA,NA,14,5,7,27,2,NA,88.5,NA,NA,NA,17,NA,"Genoa, IL",Genoa-Kingston
2024-2025,Indiana St.,MVC,7,Jadyn Smith,So,OH,6-0,25,11,66,NA,128,75,391,0.136,8,1,2,37,6,5,20,7,NA,144,NA,NA,NA,58,NA,"Leopold, IN",Perry Central
2024-2025,Indiana St.,MVC,16,Macy Lengacher,So,L/DS,5-4,29,0,95,NA,4,1,10,0.3,52,12,26,301,47,NA,NA,NA,NA,16,NA,NA,NA,448,NA,"Wakarusa, IN",NorthWood
2024-2025,Indiana St.,MVC,18,Kira Holland,So,OH,6-2,14,13,46,NA,105,69,420,0.086,12,6,8,99,27,1,10,NA,NA,117,NA,NA,NA,389,NA,"Medina, OH",Medina
2024-2025,Indiana St.,MVC,19,Avery Hales,So,S,5-11,17,7,39,NA,7,3,19,0.211,145,4,4,71,NA,NA,1,NA,NA,11.5,NA,NA,NA,NA,NA,"Cromwell, IN",Warsaw Community
2024-2025,Indiana St.,MVC,21,Ava Rundle,So,DS,5-4,7,0,10,NA,0,0,0,NA,NA,1,1,4,NA,NA,NA,NA,NA,1,NA,NA,NA,NA,NA,"Noblesville, IN",Noblesville
2024-2025,Missouri St.,MVC,8,Brooke Eslinger,So,DS,5-3,32,1,118,NA,2,0,11,0.182,46,18,21,357,32,NA,NA,NA,NA,20,NA,NA,NA,431,NA,"Cleveland, TN",NA
2024-2025,Missouri St.,MVC,9,Neele'ge' Sims,So,MB,6-1,32,30,117,NA,151,38,421,0.268,6,26,17,74,1,5,73,7,NA,218.5,NA,NA,NA,16,NA,"Owosso, MI",NA
2024-2025,Missouri St.,MVC,13,Grace Smith,So,MB,6-0,19,12,53,NA,64,22,191,0.22,NA,NA,1,5,NA,5,30,6,NA,84,NA,NA,NA,4,NA,"Woodbridge, VA",NA
2024-2025,Murray St.,MVC,2,Paige Brock,So,S,5-7,13,0,29,NA,1,0,6,0.167,11,6,2,40,NA,NA,1,NA,NA,7.5,NA,NA,NA,1,NA,"Morgantown, WV",Morgantown
2024-2025,Murray St.,MVC,14,Lily Burnett,So,OH,6-0,26,19,96,NA,237,94,770,0.186,10,7,9,165,23,9,22,1,NA,264,2,NA,NA,484,NA,"Murray, KY",Christian Fellowship
2024-2025,Murray St.,MVC,15,Alexa Watts,So,OH,6-0,3,0,5,NA,1,3,11,-0.182,NA,1,NA,6,NA,NA,NA,NA,NA,2,NA,NA,NA,NA,NA,"Rocklin, CA",Rocklin
2024-2025,Murray St.,MVC,22,Bailey Keusch,So,DS,5-10,20,0,68,NA,1,1,6,0,2,14,15,32,NA,NA,NA,NA,NA,15,NA,NA,NA,NA,NA,"Huntingburg, IN",Southridge
2024-2025,Southern Ill.,MVC,6,Ella Swansiger,So,RS,6-0,28,20,97,NA,156,67,510,0.175,2,NA,1,69,NA,4,28,11,NA,174,NA,NA,NA,4,NA,"Phoenix, AZ",Cornoa Del Sol
2024-2025,Southern Ill.,MVC,11,Jillian Shaneyfelt,So,L,5-7,22,0,58,NA,1,1,8,0,45,8,11,134,12,NA,NA,NA,NA,9,1,NA,NA,214,NA,"Pinckneyville, IL",Pinckneyville
2024-2025,Southern Ill.,MVC,13,Vienna Elliott,So,MH,6-3,12,0,20,NA,9,5,24,0.167,NA,NA,NA,4,NA,2,2,NA,NA,12,NA,NA,NA,3,NA,"Tuscon, AZ",Pusch Ridge Christian Academy
2024-2025,Southern Ill.,MVC,21,Ema Stermenska,So,S,5-8,29,7,114,NA,4,4,26,0,561,26,37,214,1,NA,1,NA,NA,30.5,NA,NA,NA,6,NA,"Holic, Slovakia",Gynazium Bilikova 24
2024-2025,UIC,MVC,8,Tamara Kisic,So,OH,5-7,31,10,90,NA,110,70,334,0.12,18,15,21,135,25,1,20,3,NA,136,NA,NA,NA,400,NA,"Belgrade, Serbia",NA
2024-2025,UIC,MVC,9,Gabi Peter,So,OH,6-0,30,16,93,NA,218,77,535,0.264,1,NA,NA,38,NA,2,61,5,NA,250.5,NA,NA,NA,2,NA,"Gilbert, IL",Hampshire High School
2024-2025,UIC,MVC,18,Za'Niya Boyles,So,OH,5-9,23,1,49,NA,80,39,221,0.186,1,NA,NA,13,NA,3,24,1,NA,95,NA,NA,NA,3,NA,"Columbia, SC",Gray Collegiate Academy
2024-2025,UIC,MVC,19,Hannah Howard,So,DS,5-5,33,0,124,NA,3,0,25,0.12,133,20,40,483,35,NA,NA,NA,NA,23,NA,NA,NA,636,NA,"Toledo, OH",Saint Ursula Academy
2024-2025,UNI,MVC,1,Taryn Rice,So,DS,5-9,25,0,41,NA,0,0,1,0,4,4,10,10,NA,NA,NA,NA,NA,4,NA,NA,NA,NA,NA,"Northville, MI",Northville HS
2024-2025,UNI,MVC,2,Cassidy Hartman,So,OH,5-11,34,34,117,NA,403,196,990,0.209,9,7,13,219,25,1,41,5,NA,431.5,NA,NA,NA,535,NA,"North Liberty, IA",Iowa City Liberty HS
2024-2025,UNI,MVC,15,Lily Dykstra,So,OH,6-0,34,0,102,NA,206,86,482,0.249,3,NA,NA,56,1,3,47,6,NA,232.5,NA,NA,NA,11,NA,"Urbandale, IA",Urbandale HS
2024-2025,UNI,MVC,22,Kaitlyn Sellner,So,MB,6-1,33,33,115,NA,103,36,276,0.243,7,18,17,37,NA,6,94,4,NA,174,NA,NA,NA,14,NA,"Eagan, MN",Eagan HS
2024-2025,Valparaiso,MVC,7,Mara Thomas,So,S,5-7,32,15,126,NA,20,7,73,0.178,678,41,34,279,NA,NA,NA,5,NA,61,NA,NA,NA,2,NA,"Bogart, GA",Athens Academy
2024-2025,Valparaiso,MVC,13,Kendal Ramey,So,DS,5-7,8,0,16,NA,0,0,0,NA,1,4,2,4,NA,NA,NA,NA,NA,4,NA,NA,NA,NA,NA,"Crawfordsville, IN",Western Boone
2024-2025,Air Force,Mountain West,7,Rory Powers,So,L/DS,5-6,1,0,1,NA,0,0,0,NA,NA,NA,NA,1,NA,NA,NA,NA,NA,NA,NA,NA,NA,NA,NA,"Muncie, IN",Yorktown
2024-2025,Air Force,Mountain West,13,Sophia Dasilva,So,L/DS,5-7,19,0,49,NA,1,0,3,0.333,8,NA,3,53,11,NA,NA,NA,NA,1,NA,NA,NA,170,NA,"Boca Raton, FL",Boca
2024-2025,Air Force,Mountain West,14,Annamaria Ramos,So,OH,5-9,24,12,67,NA,104,69,354,0.099,7,2,2,58,8,2,25,6,NA,120.5,NA,NA,NA,195,NA,"Henderson, NV",Basic Academy
2024-2025,Air Force,Mountain West,22,Anna Leahy,So,OPP,6-4,13,3,40,NA,48,28,163,0.123,2,NA,NA,11,NA,7,21,4,NA,65.5,NA,NA,NA,1,NA,"Charlotte, NC",Myers Park
2024-2025,Boise St.,Mountain West,7,Bridey O'Connor,So,OPP,6-0,16,1,34,NA,31,17,101,0.139,1,NA,NA,8,1,NA,8,3,NA,35,NA,NA,NA,14,NA,"Ladera Ranch, CA",Santa Margarita HS
2024-2025,Boise St.,Mountain West,16,Layla Smith,So,MB,6-2,21,14,47,NA,58,13,134,0.336,2,NA,NA,3,NA,4,43,9,NA,83.5,NA,NA,NA,2,NA,"Humble, TX",Atascocita HS
2024-2025,Boise St.,Mountain West,17,Kayleigh Carpenter,So,L/DS,5-8,24,7,76,NA,1,1,8,0,5,16,22,71,7,NA,NA,NA,NA,17,NA,NA,NA,151,NA,"Salem, OR",South Salem HS
2024-2025,Boise St.,Mountain West,18,Anabel Kotzakov,So,OH,6-2,28,16,101,NA,230,111,782,0.152,11,21,8,146,21,4,39,7,NA,274.5,NA,NA,NA,432,NA,"Costa Mesa, CA",Newport Harbor HS
2024-2025,Colorado St.,Mountain West,8,Taylor Pagan,So,OH,6-1,18,5,36,NA,39,25,125,0.112,6,5,9,41,11,1,4,1,NA,47,NA,NA,NA,158,NA,"Pembroke Pines, FL",Mater Lakes Academy
2024-2025,Colorado St.,Mountain West,13,Jazen Debina,So,MB,6-0,5,0,5,NA,3,1,4,0.5,NA,NA,2,1,NA,NA,NA,NA,NA,3,NA,NA,NA,NA,NA,"Las Vegas, NV",Liberty
2024-2025,Colorado St.,Mountain West,22,Delaney McIntosh,So,DS,5-10,24,0,83,NA,0,0,0,NA,11,15,27,36,3,NA,NA,NA,NA,15,NA,NA,NA,40,NA,"Madison, WI",Verona Area
2024-2025,Fresno St.,Mountain West,9,Jayden Xiong,So,L/DS,5-3,17,0,53,NA,1,0,2,0.5,3,5,6,23,NA,NA,NA,NA,NA,6,NA,NA,NA,1,NA,"Clovis, CA",Clovis East
2024-2025,Fresno St.,Mountain West,12,Dionii Fraga,So,L/DS,5-4,30,0,123,NA,1,0,11,0.091,94,21,40,481,32,NA,NA,NA,NA,22,NA,NA,NA,595,NA,"Sanger, CA",Sanger
2024-2025,Fresno St.,Mountain West,17,Mya Sellers,So,MB,6-1,30,30,119,NA,65,27,178,0.213,4,NA,NA,13,3,17,73,16,NA,118.5,NA,NA,NA,15,NA,"Charlotte, NC",East Mecklenburg
2024-2025,Fresno St.,Mountain West,18,Ella Smith,So,MB,6-2,11,0,15,NA,4,3,13,0.077,NA,NA,NA,NA,NA,2,3,NA,NA,7.5,NA,NA,NA,NA,NA,"Corvallis, OR",Corvallis
2024-2025,Nevada,Mountain West,2,Mele Taumoepeau,So,OH,6-0,3,0,3,NA,0,0,1,0,NA,NA,NA,NA,NA,NA,NA,NA,NA,NA,NA,NA,NA,NA,NA,"Laie, HI",Kahuku HS
2024-2025,Nevada,Mountain West,7,Tehya Maeva,So,S,5-11,29,29,116,NA,95,45,286,0.175,897,29,36,237,2,5,46,4,NA,152,1,NA,NA,6,NA,"San Diego, CA",Cathedral Catholic High School
2024-2025,Nevada,Mountain West,8,Masyn Navarro,So,L/DS,5-6,26,6,98,NA,1,2,6,-0.167,23,8,18,142,20,NA,NA,NA,NA,9,NA,NA,NA,267,NA,"Carson City, NV",Bishop Manogue Catholic
2024-2025,Nevada,Mountain West,11,Koen Makaula,So,MB,5-10,22,6,48,NA,31,22,79,0.114,NA,NA,2,8,NA,1,18,1,NA,41,NA,NA,NA,1,NA,"Kailua, HI",Punahou School
2024-2025,Nevada,Mountain West,12,Sierra Bernard,So,S,5-11,25,0,63,NA,5,1,10,0.4,199,18,27,76,NA,NA,NA,NA,NA,23,2,NA,NA,1,NA,"Reno, NV",Reno HS
2024-2025,New Mexico,Mountain West,3,Giselle Groe,So,L,5-5,25,16,93,NA,1,0,3,0.333,9,9,13,169,19,NA,1,NA,NA,10.5,NA,NA,NA,347,NA,"Torrance, CA",Mater Dei HS
2024-2025,New Mexico,Mountain West,16,Madeleine Miller,So,S,6-1,28,28,112,NA,56,18,143,0.266,854,27,23,275,3,2,30,2,NA,100,1,NA,NA,7,NA,"Shueyville, IA",Mount Vernon HS
2024-2025,New Mexico,Mountain West,22,Liepa Lavickyte,So,MB,6-1,25,22,91,NA,79,24,223,0.247,5,NA,NA,34,1,12,111,5,NA,146.5,1,NA,NA,14,NA,"Sandnes, Norway",Toppovolley Norway
2024-2025,San Diego St.,Mountain West,1,Fatimah Hall,So,S,5-9,17,13,55,NA,2,1,4,0.25,286,8,14,88,NA,NA,1,NA,NA,10.5,NA,NA,NA,3,NA,"Long Beach, CA",Lakewood HS
2024-2025,San Diego St.,Mountain West,4,Amber Keen,So,MB,6-5,19,5,36,NA,46,16,107,0.28,2,NA,NA,5,NA,4,25,2,NA,62.5,NA,NA,NA,1,NA,"Reno, NV",Reno HS
2024-2025,San Diego St.,Mountain West,11,Campbell Hague,So,MB,6-2,19,3,60,NA,84,47,247,0.15,8,NA,1,19,8,3,18,6,NA,96,NA,NA,NA,80,NA,"Cheney, KS",Cheney HS
2024-2025,San Diego St.,Mountain West,12,Cara Braun,So,OH,6-1,19,4,43,NA,31,28,109,0.028,7,1,3,30,7,NA,10,1,NA,37,NA,NA,NA,88,NA,"Tempe, AZ",Valley Christian HS
2024-2025,San Diego St.,Mountain West,19,Natalie Hughes,So,OPP,6-4,26,10,95,NA,126,54,359,0.201,6,NA,1,30,1,4,61,4,NA,160.5,NA,NA,NA,5,NA,"McKinney, TX",McKinney North HS
2024-2025,San Jose St.,Mountain West,4,Laurel Barsocchini,So,L/DS,5-6,20,1,42,NA,0,0,1,0,9,5,10,43,8,NA,NA,NA,NA,5,NA,NA,NA,70,NA,"Westlake Village, CA",Agoura HS
2024-2025,San Jose St.,Mountain West,6,Nayeli Ti'a,So,OH,5-11,17,16,66,NA,228,128,619,0.162,13,26,16,167,25,10,29,2,NA,278.5,NA,NA,NA,364,NA,"Livermore, CA",NA
2024-2025,San Jose St.,Mountain West,11,Mari Lawton,So,MB,5-11,9,8,21,NA,16,11,49,0.102,3,NA,NA,8,NA,1,19,1,NA,26.5,NA,NA,NA,2,NA,"Mililani, HI",Iolani School
2024-2025,San Jose St.,Mountain West,21,Teya Nguyen,So,S,5-9,1,0,1,NA,1,0,1,1,3,NA,NA,3,NA,NA,NA,NA,NA,1,NA,NA,NA,NA,NA,"San Jose, CA",NA
2024-2025,San Jose St.,Mountain West,24,Naima Foster,So,OH,5-10,8,1,12,NA,15,11,53,0.075,1,NA,NA,2,1,1,3,NA,NA,17.5,NA,NA,NA,4,NA,"Beaverton, OR",Valley Catholic HS
2024-2025,UNLV,Mountain West,8,Caleigh King,So,L,5-6,29,0,112,NA,2,1,27,0.037,125,29,43,351,24,NA,NA,NA,NA,31,NA,NA,NA,523,NA,"Southlake, TX",Southlake Carroll High School
2024-2025,UNLV,Mountain West,19,Fatima Sheriff,So,MB,6-3,1,1,4,NA,1,3,6,-0.333,NA,NA,NA,NA,NA,NA,5,NA,NA,3.5,NA,NA,NA,NA,NA,"Temecula, CA",Great Oaks HS
2024-2025,Utah St.,Mountain West,4,Kendel Thompson,So,L/DS,5-8,29,0,116,NA,4,0,9,0.444,84,31,34,279,36,NA,NA,NA,NA,35,NA,NA,NA,574,NA,"Idaho Falls, ID",Thunder Ridge
2024-2025,Utah St.,Mountain West,18,Olivia Tukuafu,So,S,6-0,10,1,26,NA,4,0,4,1,101,3,13,31,NA,NA,NA,NA,NA,7,NA,NA,NA,3,NA,"Mesa, AZ",Mountain View
2024-2025,Wyoming,Mountain West,7,Sierra Grizzle,So,L/DS,5-6,30,0,122,NA,2,1,10,0.1,131,36,42,476,32,NA,NA,NA,NA,38,NA,NA,NA,600,NA,"Boise, ID",Mountain View
2024-2025,Wyoming,Mountain West,8,Abi Milby,So,OH,5-10,7,1,22,NA,36,33,128,0.023,2,NA,NA,16,2,1,3,NA,NA,38.5,NA,NA,NA,40,NA,"Casper, WY",Kelly Walsh
2024-2025,Wyoming,Mountain West,9,Emma Winter,So,RS,6-0,30,15,119,NA,286,140,769,0.19,3,2,9,127,10,NA,51,6,NA,313.5,NA,NA,NA,198,NA,"Broomfield, CO",Broomfield
2024-2025,Wyoming,Mountain West,14,Paige Lauterwasser,So,OH,6-0,30,30,122,NA,404,158,1140,0.216,29,19,15,248,33,4,36,2,NA,445,NA,NA,NA,674,NA,"Naperville, IL",Naperville North
2024-2025,Central Conn. St.,NEC,6,Larissa Hiemer,So,S,5-9,17,13,46,NA,13,5,44,0.182,264,14,8,81,NA,NA,7,1,NA,30.5,2,NA,NA,2,NA,NA,NA
2024-2025,Central Conn. St.,NEC,14,Allyson Voight,So,S,5-10,6,0,7,NA,0,0,1,0,NA,NA,NA,NA,NA,NA,NA,NA,NA,NA,NA,NA,NA,NA,NA,NA,NA
2024-2025,Central Conn. St.,NEC,17,Kylee Baranski,So,S,5-10,18,10,51,NA,10,5,38,0.132,333,6,12,67,1,3,3,2,NA,20.5,NA,NA,NA,3,NA,NA,NA
2024-2025,Chicago St.,NEC,10,Wiktoria Zagumny,So,S,6-0,29,29,104,NA,76,19,177,0.322,965,25,51,223,NA,4,46,4,NA,128,2,NA,NA,13,NA,"Warsaw, Poland",Zespół Szkół Geodezyjno-Drogowych
2024-2025,Chicago St.,NEC,18,Patrycja Lagida,So,OH,6-3,29,29,103,NA,346,168,983,0.181,18,38,45,221,25,1,27,4,NA,398.5,2,NA,NA,560,NA,"Chotomow, Poland",SMS PZS SZCZYRK
2024-2025,Chicago St.,NEC,21,Zahara Quraishi,So,OH,5-10,29,29,103,NA,230,149,724,0.112,17,22,56,191,57,NA,26,4,NA,265,NA,NA,NA,787,NA,"West Hartford, CT",Conard HS
2024-2025,FDU,NEC,3,Avery Bain,So,OH,5-11,31,29,109,NA,321,133,844,0.223,3,NA,2,79,20,5,47,8,NA,349.5,1,NA,NA,99,NA,"Pittsburgh, PA",Burrell
2024-2025,FDU,NEC,20,Jessica Much,So,L,5-3,5,0,11,NA,0,0,0,NA,NA,NA,NA,1,NA,NA,NA,NA,NA,NA,NA,NA,NA,NA,NA,"Aitkin, MN",Aitkin
2024-2025,FDU,NEC,30,Kinsley Warbritton,So,OH,5-10,5,1,8,NA,7,9,35,-0.057,NA,5,1,15,7,1,NA,NA,NA,13,1,NA,NA,64,NA,"Tampa, FL",NA
2024-2025,LIU,NEC,1,Indira Benitez,So,OPP,5-11,12,1,21,NA,17,14,67,0.045,2,1,NA,15,NA,NA,7,NA,NA,21.5,NA,NA,NA,7,NA,"Carolina, Puerto Rico",Saint Francis School
2024-2025,LIU,NEC,10,Sibana Gonzalez,So,OH,5-10,19,0,35,NA,17,5,58,0.207,6,3,9,19,6,NA,4,NA,NA,22,NA,NA,NA,76,NA,"Princeton Junction, NJ",West Windsor-Plainsboro South
2024-2025,LIU,NEC,21,Carla Santiago,So,OH,5-10,1,0,1,NA,0,0,0,NA,NA,NA,1,1,1,NA,1,NA,NA,0.5,NA,NA,NA,8,NA,"Ponce, Puerto Rico",Sagrado Corazon de Jesus
2024-2025,Le Moyne,NEC,2,Branwyn Lupton,So,OH,5-11,26,3,90,NA,179,137,479,0.088,4,NA,NA,20,NA,8,28,3,NA,201,NA,NA,NA,6,NA,"Napanee, Canada",Napanee District Secondary School
2024-2025,Le Moyne,NEC,10,Haley Buescher,So,L/DS,5-5,21,2,52,NA,0,1,12,-0.083,10,21,31,77,15,NA,NA,NA,NA,21,NA,NA,NA,161,NA,"Toledo, OH",St. Ursula Academy
2024-2025,Mercyhurst,NEC,7,Jessica Wilson,So,OPP,6-0,20,9,55,NA,62,37,240,0.104,3,NA,NA,33,NA,6,5,1,NA,70.5,NA,NA,NA,3,NA,"Kirtland, OH",Lake Catholic
2024-2025,Mercyhurst,NEC,21,Alyssa Krause,So,DS,5-8,24,7,80,NA,1,3,24,-0.083,257,29,24,104,NA,NA,NA,1,NA,30,NA,NA,NA,3,NA,"North Royalton, OH",Holy Name
2024-2025,Mercyhurst,NEC,24,Trinity Tatupu,So,OH,5-10,12,8,45,NA,93,39,259,0.208,1,1,2,34,NA,7,6,4,NA,104,1,NA,NA,17,NA,"Wahiawa, HI",Leilehua
2024-2025,Mercyhurst,NEC,42,Lilliana Mook,So,OH,5-10,13,1,30,NA,32,25,107,0.065,1,3,8,23,4,2,1,NA,NA,37.5,NA,NA,NA,27,NA,"Edinboro, PA",General McLane
2024-2025,Saint Francis,NEC,1,Elena Arnold,So,RS,6-1,10,0,20,NA,17,20,61,-0.049,2,NA,NA,3,NA,1,4,1,NA,20,NA,NA,NA,1,NA,"Wexford, PA",Eden Christian
2024-2025,Saint Francis,NEC,6,Caitlin O'Brien,So,L/DS,5-7,15,0,48,NA,0,0,1,0,17,NA,1,77,1,NA,NA,NA,NA,NA,NA,NA,NA,2,NA,"Ashburn, VA",Stone Bridge
2024-2025,Saint Francis,NEC,14,Ava Holden,So,MH,6-0,5,2,14,NA,5,2,15,0.2,1,NA,NA,2,NA,NA,10,3,NA,10,1,NA,NA,1,NA,"Macungie, PA",Emmaus
2024-2025,Saint Francis,NEC,16,Laney Wilson,So,OH,6-1,26,26,94,NA,133,50,310,0.268,4,1,4,22,NA,9,42,6,NA,164,1,NA,NA,4,NA,"McClellandtown, PA",Albert Gallatin
2024-2025,Saint Francis,NEC,18,Alyssa Irwin,So,OH,6-1,14,11,40,NA,65,45,184,0.109,1,NA,NA,13,NA,3,15,3,NA,75.5,1,NA,NA,1,NA,"Fort Lauderdale, FL",Monarch
2024-2025,Stonehill,NEC,7,Sammy Franco,So,OH,6-1,9,0,22,NA,28,24,91,0.044,1,NA,NA,6,NA,NA,3,2,NA,29.5,NA,NA,NA,1,NA,"San Jose, CA",Saint Francis
2024-2025,Stonehill,NEC,13,Amaya Parnell,So,S,5-9,26,13,93,NA,15,2,53,0.245,419,27,37,126,NA,NA,NA,NA,NA,42,NA,NA,NA,5,NA,NA,NA
2024-2025,Stonehill,NEC,17,Georgia Murphy,So,DS,5-9,25,18,78,NA,145,113,491,0.065,3,19,24,108,20,1,20,4,NA,175,NA,NA,NA,299,NA,NA,NA
2024-2025,Stonehill,NEC,19,Abby Farrell,So,MB,6-1,25,24,85,NA,108,38,257,0.272,7,40,59,33,NA,14,44,10,NA,184,1,NA,NA,6,NA,"Reading, MA",Reading Memorial
2024-2025,Stonehill,NEC,20,Maddie Schamaun,So,S,6-1,25,11,87,NA,3,3,26,0,357,36,40,151,NA,NA,3,2,NA,40.5,2,NA,NA,1,NA,"Rockville, MD",Wheaton
2024-2025,Stonehill,NEC,21,Sarah Frager,So,L/DS,5-8,26,0,86,NA,2,2,27,0,38,18,34,191,25,NA,NA,NA,NA,20,NA,NA,NA,329,NA,NA,NA
2024-2025,Stonehill,NEC,23,Sydney Javes,So,OH,6-3,8,0,10,NA,9,6,28,0.107,NA,NA,NA,NA,NA,NA,NA,NA,NA,9,1,NA,NA,1,NA,NA,NA
2024-2025,Eastern Ill.,OVC,17,Julia Stanev,So,MB,6-3,27,23,91,NA,70,25,215,0.209,8,NA,NA,9,NA,15,64,16,NA,117,2,NA,NA,7,NA,"Reggio Emilia, Italy",Liceo Linguistico G. Marconi School (Parma)
2024-2025,Eastern Ill.,OVC,22,Emma Schroeder,So,MB,6-2,20,9,42,NA,28,13,95,0.158,1,4,2,10,NA,4,26,3,NA,49,1,NA,NA,2,NA,"Rockton, IL",Hononegah
2024-2025,Lindenwood,OVC,5,Anna Kraemer,So,OPP,6-0,19,5,50,NA,80,48,212,0.151,1,NA,NA,18,NA,1,19,2,NA,90.5,NA,NA,NA,1,NA,"Wildwood, MO",Lafayette
2024-2025,Lindenwood,OVC,6,Jade Roth,So,MH,6-0,4,0,7,NA,7,6,34,0.029,NA,NA,NA,1,NA,1,1,NA,NA,8.5,NA,NA,NA,1,NA,"Farmington, MO",Farmington
2024-2025,Lindenwood,OVC,9,Dana Grib,So,DS,5-3,34,1,124,NA,1,0,10,0.1,39,18,29,294,9,NA,NA,NA,NA,19,NA,NA,NA,426,NA,"Wildwood, MO",Eureka HS
2024-2025,Lindenwood,OVC,13,Lexi Menne,So,L,5-6,31,0,101,NA,0,0,0,NA,7,27,19,53,NA,NA,NA,NA,NA,27,NA,NA,NA,4,NA,"Imperial, MO",Windsor
2024-2025,Lindenwood,OVC,17,Ashley Geluck,So,MH,6-0,34,34,128,NA,268,109,635,0.25,4,7,31,54,1,29,66,7,NA,337,NA,NA,NA,6,NA,"Millstadt, IL",Belleville West
2024-2025,Little Rock,OVC,2,Andrea Roman,So,DS,5-4,32,0,125,NA,1,0,31,0.032,161,24,45,624,42,NA,NA,1,NA,25,NA,NA,NA,642,NA,"Humacao, Puerto Rico",Saint Francis School
2024-2025,Little Rock,OVC,3,Dariana Valencia,So,S,5-6,32,31,125,NA,17,5,58,0.207,681,26,10,354,NA,NA,NA,NA,NA,43,1,NA,NA,5,NA,"Arecibo, Puerto Rico",Colegio Evangelico Correa
2024-2025,Little Rock,OVC,8,Bella Cherry,So,OH,6-0,32,30,125,NA,310,135,948,0.185,13,2,5,70,4,3,69,5,NA,349.5,1,NA,NA,30,NA,"Texarkana, TX",Texas High
2024-2025,Little Rock,OVC,11,Kaylee Smith,So,S,5-7,32,1,125,NA,8,8,53,0,560,24,40,244,NA,NA,NA,NA,NA,32,NA,NA,NA,1,NA,"Little Rock, AR",Mount Saint Mary
2024-2025,Little Rock,OVC,13,Vivian Lucumi,So,MB,6-2,21,6,57,NA,52,22,165,0.182,2,NA,NA,11,NA,5,37,2,NA,75.5,2,NA,NA,3,NA,"Medellín, Colombia",Fray Julio Tobon
2024-2025,Little Rock,OVC,18,Mihaly Carmona,So,DS,5-8,4,0,6,NA,0,0,0,NA,NA,NA,2,8,1,NA,NA,NA,NA,NA,NA,NA,NA,12,NA,"San Juan, Puerto Rico",Cabot (Ark.)
2024-2025,Morehead St.,OVC,6,Courtney Fitzgerald,So,DS,5-8,32,26,116,NA,2,2,11,0,21,21,36,265,32,NA,2,NA,NA,24,NA,NA,NA,610,NA,"Cleves, OH",Seton HS
2024-2025,Morehead St.,OVC,9,Amelia Nott,So,MB,6-1,33,31,126,NA,195,67,505,0.253,17,35,61,74,NA,16,103,13,NA,297.5,NA,NA,NA,17,NA,"Centerville, OH",Centerville HS
2024-2025,Morehead St.,OVC,10,Ellie Whiteside,So,DS,5-6,11,0,26,NA,0,0,0,NA,NA,1,1,1,NA,NA,NA,NA,NA,1,NA,NA,NA,NA,NA,"Paducah, KY",McCracken County HS
2024-2025,Morehead St.,OVC,14,Hollan Everett,So,MB,6-3,33,4,125,NA,238,127,763,0.145,2,NA,1,73,33,9,42,7,NA,268,NA,NA,NA,380,NA,"Norris City, IL",Norris City-Omaha-Enfield High School
2024-2025,Morehead St.,OVC,17,Sydney Sennett,So,S,6-0,33,21,126,NA,7,3,38,0.105,591,12,20,253,NA,NA,2,3,NA,20,1,NA,NA,4,NA,"Normal, IL",Community West HS
2024-2025,SIUE,OVC,3,Abi Banitt,So,DS,5-7,15,0,39,NA,0,0,0,NA,8,2,1,39,12,NA,NA,NA,NA,2,NA,NA,NA,124,NA,"Prescott, WI",River Falls
2024-2025,SIUE,OVC,19,Nina Parker,So,OH,5-10,12,0,34,NA,28,25,116,0.026,NA,NA,NA,5,NA,NA,18,2,NA,37,NA,NA,NA,5,NA,"Fairfax, VA",Robinson Secondary
2024-2025,Southeast Mo. St.,OVC,1,Nina Schuberth,So,L,5-7,33,0,129,NA,3,2,17,0.059,116,37,56,563,19,NA,NA,NA,NA,40,NA,NA,NA,320,NA,"Yorkville, IL",Yorkville Christian
2024-2025,Southeast Mo. St.,OVC,2,Lucy Arndt,So,OH,5-11,33,33,129,NA,437,185,1480,0.17,31,40,32,345,51,16,28,14,NA,507,1,NA,NA,834,NA,"Freeport, IL",Aquin Catholic
2024-2025,Southern Ind.,OVC,2,Ellie Marbet,So,OH,6-0,5,0,6,NA,9,7,36,0.056,NA,NA,NA,4,1,NA,NA,NA,NA,9,NA,NA,NA,13,NA,"Columbia, TN",Spring Hill
2024-2025,Southern Ind.,OVC,6,Ashby Willis,So,OH,6-0,30,30,109,NA,307,166,1052,0.134,20,17,38,335,27,6,34,2,NA,347,NA,NA,NA,514,NA,"Mount Carmel, IL",Mount Carmel
2024-2025,Southern Ind.,OVC,11,Mariah Minor,So,MB,5-11,5,0,9,NA,5,8,20,-0.15,1,NA,NA,2,NA,NA,3,NA,NA,6.5,NA,NA,NA,NA,NA,"Indianapolis, IN",Pike
2024-2025,Southern Ind.,OVC,19,Maeve Moonan,So,MB,5-11,2,0,2,NA,1,2,9,-0.111,NA,NA,NA,NA,NA,NA,1,NA,NA,1.5,NA,NA,NA,NA,NA,"Chicago, IL",Mother McAuley Liberal Arts
2024-2025,Southern Ind.,OVC,20,Jillian Moonan,So,MB,6-0,5,4,10,NA,9,8,41,0.024,NA,NA,NA,12,NA,NA,2,NA,NA,10,NA,NA,NA,NA,NA,"Chicago, IL",Mother McAuley Liberal Arts
2024-2025,Southern Ind.,OVC,22,Leah Coleman,So,OH,5-11,30,25,108,NA,256,155,980,0.103,3,NA,NA,93,19,7,27,7,NA,276.5,NA,NA,NA,371,NA,"Hoover, AL",Spain Park
2024-2025,Tennessee St.,OVC,15,Sagaia Reilly,So,S,6-0,32,18,125,NA,38,17,117,0.179,678,22,23,209,1,2,24,5,NA,74,2,NA,NA,5,NA,"Nashville, TN",Magnet
2024-2025,Tennessee St.,OVC,16,Maygan Miller-Garcia,So,MB,6-1,26,16,91,NA,121,50,301,0.236,6,1,1,19,1,20,73,6,NA,178.5,NA,NA,NA,8,NA,"Nashville, TN",Pope John Paul II
2024-2025,Tennessee Tech,OVC,1,Ava Schubert,So,RS,6-1,9,4,22,NA,37,29,107,0.075,2,NA,1,12,NA,NA,4,2,NA,39,NA,NA,NA,1,NA,"Davenport, IA",Assumption
2024-2025,UT Martin,OVC,11,Katie Cruise,So,S,6-0,27,22,97,NA,80,17,257,0.245,665,25,30,233,3,3,15,NA,NA,115.5,1,NA,NA,8,NA,"Charlotte, NC",Providence HS
2024-2025,Western Ill.,OVC,6,Madelyn Norton,So,S,5-10,2,0,2,NA,0,0,0,NA,NA,NA,1,4,NA,NA,NA,NA,NA,NA,NA,NA,NA,NA,NA,"Dike, IA",Dike-New Hartford
2024-2025,Western Ill.,OVC,9,Hillary Estes,So,MB,6-0,9,4,22,NA,16,7,52,0.173,2,NA,2,13,NA,1,6,1,NA,20,NA,NA,NA,NA,NA,"Nixa, MO",Nixa
2024-2025,Western Ill.,OVC,12,Kennedy Adair,So,OH,6-0,18,1,35,NA,28,23,165,0.03,2,3,2,17,4,NA,8,NA,NA,35,NA,NA,NA,60,NA,"Macomb, IL",Macomb
2024-2025,Western Ill.,OVC,17,Grace Ulatowski,So,OH,5-10,30,14,108,NA,31,25,192,0.031,4,4,4,303,15,NA,2,NA,NA,36,NA,NA,NA,392,NA,"Lemont, IL",Lemont Township
2024-2025,American,Patriot,7,Maddy Stewart,So,S,6-1,6,0,16,NA,0,0,0,NA,NA,NA,NA,NA,NA,NA,NA,NA,NA,NA,NA,NA,NA,NA,NA,"Annapolis, MD",Broadneck
2024-2025,American,Patriot,11,Holly Hopkins,So,OH,6-0,23,1,56,NA,61,30,211,0.147,1,NA,1,24,4,NA,5,NA,NA,63.5,NA,NA,NA,40,NA,"Newport Beach, CA",Mater Dei
2024-2025,American,Patriot,12,Sofia Osterdahl,So,OH,5-11,29,23,112,NA,234,112,661,0.185,7,1,13,68,10,3,48,7,NA,262,NA,NA,NA,146,NA,"Stockholm, Sweden",llebergsgymnasiet
2024-2025,American,Patriot,13,Maiden McLoughlin,So,OH,5-11,4,0,6,NA,0,0,5,0,NA,1,2,2,NA,NA,3,1,NA,2.5,NA,NA,NA,NA,NA,"Charlotte, NC",Providence Day School
2024-2025,American,Patriot,20,Prinzez Zeck,So,MB,6-0,3,0,5,NA,2,0,9,0.222,NA,NA,NA,NA,NA,1,2,1,NA,4,NA,NA,NA,NA,NA,"Silver Spring, MD",Wheaton
2024-2025,Army West Point,Patriot,2,Ellia Sechrist,So,OH,6-0,6,0,6,NA,0,1,1,-1,NA,NA,NA,NA,NA,NA,NA,NA,NA,NA,NA,NA,NA,2,NA,"White Lake, MI",NA
2024-2025,Army West Point,Patriot,3,Juliette Myrick,So,S,6-0,28,28,108,NA,192,90,522,0.195,796,27,29,311,NA,2,40,8,NA,241,4,7,NA,9,NA,"Saint Louis, MO",Eureka
2024-2025,Bucknell,Patriot,1,Sidney Shaffer,So,MB,6-2,26,26,92,NA,234,61,539,0.321,3,16,41,68,NA,22,96,1,NA,320,NA,NA,NA,5,NA,"Orange County, CA",Villa Park High School
2024-2025,Bucknell,Patriot,2,Kaitlyn Taylor,So,OH,5-10,13,0,22,NA,1,0,3,0.333,2,3,8,2,NA,NA,NA,NA,NA,4,NA,NA,NA,NA,NA,"Kissimmee, FL",Osceola High School
2024-2025,Bucknell,Patriot,5,Skye Battino,So,L,5-9,6,0,8,NA,0,0,0,NA,NA,NA,NA,2,2,NA,NA,NA,NA,NA,NA,NA,NA,12,NA,"New York City, NY",Fieldston High School
2024-2025,Bucknell,Patriot,11,Riley Tucker,So,MB,6-2,26,25,92,NA,148,51,353,0.275,3,NA,NA,28,1,14,71,8,NA,197.5,2,NA,NA,7,NA,"Clemmons, NC",Ronald W. Reagan High School
2024-2025,Bucknell,Patriot,22,Cameron Lloyd,So,OH,5-10,26,24,92,NA,174,72,577,0.177,18,21,25,241,34,3,17,2,NA,206.5,NA,NA,NA,626,NA,"Chapel Hill, NC",Cedar Ridge High School
2024-2025,Colgate,Patriot,4,Ava Schabes,So,S,5-10,12,0,24,NA,0,1,1,-1,44,2,4,17,NA,NA,NA,NA,NA,2,NA,NA,NA,1,NA,"Chicago, IL",Whitney M. Young Magnet
2024-2025,Colgate,Patriot,14,Lal Akin,So,MB,6-3,30,30,111,NA,90,39,228,0.224,8,23,22,45,1,17,103,14,NA,181.5,NA,NA,NA,6,NA,"Istanbul, Turkey",NA
2024-2025,Colgate,Patriot,15,Frances Torres,So,OH,6-0,27,18,103,NA,212,83,574,0.225,6,NA,NA,64,NA,2,48,2,NA,238,1,NA,NA,NA,NA,"Clarksburg, MD",Veritas Scholars Academy
2024-2025,Colgate,Patriot,19,Deren Cukur,So,S,6-0,30,12,110,NA,2,2,29,0,511,14,23,239,NA,NA,NA,1,NA,16,NA,NA,NA,3,NA,"Urla, Turkey",Irmak Schools
2024-2025,Colgate,Patriot,22,Milan Bayless,So,OH,5-11,30,29,105,NA,340,109,926,0.249,20,18,52,195,46,7,52,2,NA,391,1,NA,NA,630,NA,"La Mesa, CA",Cathedral Catholic
2024-2025,Holy Cross,Patriot,2,Emma Halstead,So,L/DS,5-11,25,2,86,NA,11,12,58,-0.017,71,11,33,362,34,NA,2,NA,NA,23,NA,NA,NA,438,NA,"Helotes, TX",Louis D. Brandeis
2024-2025,Holy Cross,Patriot,5,Haley Gill,So,L/DS,5-7,4,0,10,NA,0,0,1,0,1,NA,1,4,1,NA,NA,NA,NA,NA,NA,NA,NA,5,NA,"Sterling, VA",Dominion
2024-2025,Holy Cross,Patriot,14,Lily Eigner,So,OH,5-10,13,1,24,NA,18,16,92,0.022,NA,3,5,25,8,NA,2,NA,NA,22,1,NA,NA,87,NA,"Edina, MN",Benilde St. Margaret's
2024-2025,Holy Cross,Patriot,16,Maeve Bailey,So,MB,6-2,25,24,83,NA,136,63,392,0.186,NA,2,8,17,1,2,58,7,NA,169,NA,NA,NA,7,NA,"Ketchum, ID",Sun Valley Community
2024-2025,Lafayette,Patriot,8,Ally Feczko,So,OH,5-10,4,3,12,NA,23,13,72,0.139,NA,6,6,30,7,NA,2,NA,NA,30,NA,NA,NA,46,NA,"Wexford, PA",North Catholic
2024-2025,Lafayette,Patriot,11,Irelynd Lorenzen,So,MB,6-1,16,16,57,NA,93,26,225,0.298,4,12,21,27,1,4,40,3,NA,129,NA,NA,NA,6,NA,"San Diego, CA",Santa Fe Christian
2024-2025,Lafayette,Patriot,18,Anna Van Wyk,So,S,5-9,22,8,68,NA,2,1,14,0.071,248,18,18,117,NA,NA,NA,NA,NA,20,1,NA,NA,NA,NA,"Denver, CO",Cherry Creek
2024-2025,Lafayette,Patriot,26,Emma Patmon,So,OH,5-8,20,16,68,NA,155,90,492,0.132,6,21,34,153,31,3,15,5,NA,186.5,1,NA,NA,364,NA,"Round Rock, TX",Cedar Ridge
2024-2025,Lehigh,Patriot,6,Jaidyn Garcia,So,RS,6-0,26,6,82,NA,148,76,480,0.15,1,NA,NA,61,6,5,31,6,NA,168.5,1,NA,NA,101,NA,"Acworth, GA",North Cobb
2024-2025,Lehigh,Patriot,8,Olivia Lasee,So,MB,6-2,12,4,27,NA,22,10,51,0.235,6,9,9,11,NA,8,8,4,NA,43,NA,NA,NA,1,NA,"Appleton, WI",Appleton North
2024-2025,Lehigh,Patriot,14,Ufuoma Omene,So,RS,5-11,20,2,54,NA,103,55,290,0.166,4,NA,NA,33,NA,2,34,3,NA,122,NA,NA,NA,1,NA,"South Holland, IL",Marist
2024-2025,Lehigh,Patriot,18,Alysia Fingall,So,OH,5-10,29,29,110,NA,264,143,795,0.152,14,27,41,296,27,7,51,5,NA,323.5,1,NA,NA,587,NA,"Panama City, FL",Mosely
2024-2025,Lehigh,Patriot,19,Molly Thompson,So,L/DS,5-4,11,1,18,NA,1,0,1,1,1,3,7,10,4,NA,NA,NA,NA,4,NA,NA,NA,41,NA,"Boalsburg, PA",State College Area
2024-2025,Lehigh,Patriot,20,Abby Felkai,So,S,5-9,24,5,83,NA,14,2,47,0.255,336,19,15,138,1,NA,NA,NA,NA,33,NA,NA,NA,2,NA,"Dawsonville, GA",Dawson County
2024-2025,Loyola Maryland,Patriot,9,Gabi Verdicchio,So,S,5-8,6,6,22,NA,0,1,7,-0.143,102,11,16,36,NA,NA,NA,NA,NA,11,NA,NA,NA,NA,NA,"Raleigh, NC",Cardinal Gibbons
2024-2025,Loyola Maryland,Patriot,10,Ava Nepkin,So,OH,6-0,16,8,47,NA,76,61,245,0.061,10,13,21,105,20,3,7,1,NA,95.5,NA,NA,NA,269,NA,"Frankfort, IL",Lincoln Way East
2024-2025,Loyola Maryland,Patriot,13,Mariah Sanabia,So,MB,6-1,23,21,81,NA,81,29,238,0.218,2,NA,NA,10,NA,10,35,9,NA,108.5,1,NA,NA,1,NA,"Odenton, MD",Archbishop Spalding
2024-2025,Loyola Maryland,Patriot,23,Morgan Crawford,So,OH,6-0,22,1,67,NA,116,68,332,0.145,6,4,1,42,11,1,21,4,NA,131.5,NA,NA,NA,57,NA,"Richmond, VA",Atlee
2024-2025,Navy,Patriot,2,Ally Alessio,So,L/DS,5-4,17,3,50,NA,1,0,1,1,16,16,5,81,14,NA,NA,NA,NA,17,NA,NA,NA,190,NA,"Scottsdale, AZ",Notre Dame Prep
2024-2025,Navy,Patriot,5,Arleigh Hanson,So,S,6-0,25,16,88,NA,26,7,103,0.184,444,16,17,201,NA,2,11,1,NA,49.5,4,NA,NA,4,NA,"Alexandria, VA",West Potomac
2024-2025,Navy,Patriot,7,Paige Buzzerio,So,OH,6-2,13,5,29,NA,44,37,184,0.038,5,7,13,28,13,1,8,1,NA,56,NA,NA,NA,120,NA,"Chino Hills, CA",Orange Lutheran
2024-2025,Navy,Patriot,18,Mackenzie Koszegi,So,L/DS,5-10,4,0,4,NA,0,0,1,0,NA,NA,2,1,NA,NA,NA,NA,NA,NA,NA,NA,NA,NA,NA,"Henderson, NV",Silverado
2024-2025,Navy,Patriot,22,Grace Burgoyne,So,MB,6-4,18,11,51,NA,30,29,100,0.01,3,NA,1,17,NA,NA,30,3,NA,45,NA,NA,NA,NA,NA,"Marshfield, MA",Notre Dame Academy
2024-2025,Alabama,SEC,2,Callie Kieffer,So,S,5-10,23,13,83,NA,15,2,34,0.382,397,19,20,135,1,NA,1,1,NA,34.5,NA,NA,NA,8,NA,NA,NA
2024-2025,Alabama,SEC,4,Jordyn Towns,So,MB,6-6,22,19,77,NA,148,61,394,0.221,1,2,16,16,NA,1,57,7,NA,179.5,NA,NA,NA,5,NA,"Loganville, GA",Loganville Christian Academy
2024-2025,Alabama,SEC,11,Kaleigh Palmer,So,OH,6-4,14,7,48,NA,104,53,275,0.185,7,NA,1,15,2,NA,21,NA,NA,114.5,NA,NA,NA,37,NA,NA,NA
2024-2025,Alabama,SEC,12,Gabbi LeBlanc,So,S,5-8,1,0,1,NA,0,0,0,NA,5,NA,2,NA,NA,NA,NA,NA,NA,NA,NA,NA,NA,NA,NA,"Phoenix, AZ",Desert Vista
2024-2025,Alabama,SEC,15,Lilly Hopkins,So,DS,5-6,10,0,17,NA,0,0,0,NA,2,NA,2,19,2,NA,NA,NA,NA,NA,NA,NA,NA,62,NA,NA,NA
2024-2025,Alabama,SEC,16,Sophie Agee,So,OH,6-2,27,27,99,NA,316,162,987,0.156,20,23,55,166,20,4,24,2,NA,355,NA,NA,NA,453,NA,"Houston, TX",NA
2024-2025,Alabama,SEC,22,Kyla Dunaway,So,OH,6-4,17,9,52,NA,76,35,218,0.188,2,NA,NA,20,NA,NA,23,6,NA,87.5,NA,NA,NA,NA,NA,NA,NA
2024-2025,Arkansas,SEC,1,Avery Calame,So,OH,5-11,20,11,66,NA,2,1,9,0.111,9,8,15,110,13,NA,NA,NA,NA,10,NA,NA,NA,225,NA,"Mckinney, TX",McKinney-Boyd
2024-2025,Arkansas,SEC,5,Kylie Weeks,So,L,5-6,28,11,102,NA,3,1,14,0.143,17,22,34,222,14,NA,NA,NA,NA,25,NA,NA,NA,386,NA,"Elkhorn, NE",Elkhorn South
2024-2025,Arkansas,SEC,17,Skylar Ellison,So,MB,6-1,1,0,1,NA,1,0,1,1,NA,NA,NA,NA,NA,NA,NA,NA,NA,1,NA,NA,NA,NA,NA,"Aledo, TX",Aledo
2024-2025,Arkansas,SEC,30,Romani Thurman,So,OPP,5-10,28,22,102,NA,315,112,827,0.245,7,3,24,132,3,6,79,2,NA,363.5,NA,NA,NA,7,NA,"Little Rock, AR",NA
2024-2025,Auburn,SEC,19,Jasmine Okeoma,So,MB,6-3,6,4,20,NA,9,4,17,0.294,NA,NA,NA,4,NA,NA,25,NA,NA,21.5,NA,NA,NA,NA,NA,"Woodbridge, VA",Forest Park
2024-2025,Auburn,SEC,25,Lakin Laurendine,So,OH,6-1,9,2,22,NA,34,26,115,0.07,1,3,5,45,9,NA,1,NA,NA,37.5,NA,NA,NA,141,NA,"Jackson, MO",Jackson Academy
2024-2025,Florida,SEC,5,Alexis Stucky,So,S,6-2,17,13,45,NA,27,11,65,0.246,452,16,15,97,NA,6,29,5,NA,63.5,NA,NA,NA,1,NA,"Laramie, WY",Laramie
2024-2025,Florida,SEC,18,Kennedy Martin,So,OH,6-6,24,24,92,NA,512,144,1017,0.362,6,31,55,146,1,6,58,5,NA,578,NA,NA,NA,2,NA,"Fort Mill, SC",Nation Ford
2024-2025,Georgia,SEC,4,Kaiya Tyson,So,S,5-10,19,2,47,NA,8,3,20,0.25,11,NA,1,3,NA,1,12,2,NA,15,NA,NA,NA,2,NA,"Burlington, Canada",Corpus Christi Catholic Secondary School
2024-2025,Georgia,SEC,8,Ceci Gooch,So,MB,6-2,26,25,106,NA,130,59,296,0.24,4,NA,NA,15,NA,6,78,8,NA,175,1,NA,NA,6,NA,"Dallas, TX",Highland Park HS
2024-2025,Georgia,SEC,9,Ana Julia Bleeker,So,L/DS,5-9,22,5,84,NA,1,0,3,0.333,1,25,36,102,3,NA,NA,NA,NA,26,NA,NA,NA,43,NA,"Windermere, FL",Windermere HS
2024-2025,Georgia,SEC,13,Bianna Muoneke,So,OH,6-0,24,23,100,NA,294,105,872,0.217,37,28,21,202,31,5,28,6,NA,341,NA,NA,NA,541,NA,"Cypress, TX",Cypress Ranch HS
2024-2025,Kentucky,SEC,12,Molly Tuozzo,So,L/DS,5-7,31,0,110,NA,5,0,8,0.625,119,33,66,423,15,NA,NA,NA,NA,38,NA,NA,NA,442,NA,"The Woodlands, TX",The Woodlands
2024-2025,Kentucky,SEC,17,Brooklyn DeLeye,So,OH,6-2,31,31,109,NA,531,162,1256,0.294,20,56,105,179,26,9,27,1,NA,609.5,NA,NA,NA,722,NA,"Topeka, KS",Washburn Rural
2024-2025,LSU,SEC,1,Ana Tevdoradze,So,OH,6-3,10,2,28,NA,19,12,85,0.082,2,4,3,28,5,NA,2,NA,NA,24,NA,NA,NA,67,NA,"Tbilisi, Georgia",LEPL Tbilisi N 115
2024-2025,LSU,SEC,4,Angelina Lee,So,MB,6-2,27,27,103,NA,226,63,466,0.35,6,NA,NA,25,NA,19,79,8,NA,284.5,NA,NA,NA,9,NA,"Long Island City, NY",Farmersville HS
2024-2025,LSU,SEC,5,Jurnee Robinson,So,OH,6-1,24,24,93,NA,458,211,1104,0.224,39,20,56,232,10,12,42,8,NA,511,1,NA,NA,579,NA,"Simpsonville, SC",Mauldin HS
2024-2025,LSU,SEC,8,Ella Hemmings,So,DS,5-6,25,0,86,NA,1,0,2,0.5,26,1,14,71,18,NA,NA,NA,NA,2,NA,NA,NA,306,NA,"Brownsburg, IN",Brownsburg HS
2024-2025,LSU,SEC,13,AC Froehlich,So,OH,6-1,23,16,74,NA,121,60,382,0.16,16,19,27,140,13,NA,24,9,NA,152,NA,NA,NA,175,NA,"Lafayette, LA",St. Thomas More HS
2024-2025,Mississippi St.,SEC,3,Arissa Smith,So,MB,6-2,25,23,87,NA,176,25,386,0.391,7,3,4,44,NA,18,84,8,NA,239,NA,NA,NA,10,NA,"Missouri City, TX",Ridge Point HS
2024-2025,Mississippi St.,SEC,5,Erin Kline,So,S,6-3,13,8,47,NA,0,0,3,0,259,9,20,85,NA,NA,1,NA,NA,9.5,NA,NA,NA,NA,NA,"Novi, MI",Mercy HS
2024-2025,Mississippi St.,SEC,8,Mary Neal,So,DS,5-10,25,1,94,NA,0,1,4,-0.25,48,16,11,204,20,NA,NA,NA,NA,16,NA,NA,NA,393,NA,"Marietta, GA",Walton HS
2024-2025,Mississippi St.,SEC,10,Mele Corral-Blagojevich,So,OH,6-1,25,10,94,NA,21,10,78,0.141,19,31,49,208,19,1,1,NA,NA,53.5,NA,NA,NA,378,NA,"Redondo Beach, CA",Redondo Union HS
2024-2025,Mississippi St.,SEC,22,Sanaa Williams,So,MB,6-2,12,6,36,NA,33,20,104,0.125,2,5,5,25,NA,6,28,16,NA,58,NA,NA,NA,7,NA,"Nashville, TN",Hume-Fogg Academic Magnet
2024-2025,Mississippi St.,SEC,29,Payton Woods,So,OH,6-1,3,0,4,NA,2,3,6,-0.167,NA,NA,NA,NA,NA,NA,NA,NA,NA,2,NA,NA,NA,2,NA,"Montgomery, TX",Lake Creek HS
2024-2025,Missouri,SEC,2,Sierra Dudley,So,S,6-1,23,6,50,NA,4,1,24,0.125,260,4,7,53,NA,NA,7,1,NA,11.5,NA,NA,NA,1,NA,"Spartanburg, SC",Dorman
2024-2025,Missouri,SEC,6,Kaylen Rush,So,L,5-7,23,0,60,NA,0,0,0,NA,5,5,15,18,1,NA,NA,NA,NA,5,NA,NA,NA,12,NA,"Columbia, MO",Rock Bridge
2024-2025,Missouri,SEC,10,Tatum Longnecker,So,S,5-7,1,0,2,NA,0,0,0,NA,1,NA,NA,2,NA,NA,NA,NA,NA,NA,NA,NA,NA,NA,NA,"Phoenix, AZ",Arcadia
2024-2025,Missouri,SEC,22,Marina Crownover,So,S,5-10,29,25,105,NA,32,14,93,0.194,1139,25,40,218,NA,2,30,1,NA,74,1,NA,NA,3,NA,"Austin, TX",St. Stephen’s Episcopal
2024-2025,Missouri,SEC,24,Alayna Pearson,So,L,5-6,6,0,12,NA,0,0,1,0,NA,2,3,4,1,NA,NA,NA,NA,2,NA,NA,NA,1,NA,"Overland Park, KS",Blue Valley Northwest
2024-2025,Oklahoma,SEC,7,Hannah Pfiffner,So,MB,6-1,13,9,38,NA,58,18,121,0.331,NA,1,4,9,NA,2,32,1,NA,77,NA,NA,NA,2,NA,"Frisco, TX",Wakeland
2024-2025,Oklahoma,SEC,9,KJ Burgess,So,MB,6-2,21,17,76,NA,78,26,180,0.289,4,NA,NA,14,NA,8,74,7,NA,123,2,NA,NA,2,NA,"Lehi, UT",NA
2024-2025,Oklahoma,SEC,16,Ireland McNees,So,OH,5-9,20,0,53,NA,0,0,0,NA,1,4,11,17,2,NA,NA,NA,NA,4,NA,NA,NA,20,NA,"Riverton, UT",Mountain Ridge HS
2024-2025,Ole Miss,SEC,12,Tessa Jones,So,MB,6-0,10,3,31,NA,25,4,48,0.438,2,5,12,7,NA,NA,11,3,NA,35.5,NA,NA,NA,7,NA,"Cleves, OH",Seton
2024-2025,Ole Miss,SEC,14,Shayla Meyer,So,OH,5-11,29,26,113,NA,303,151,924,0.165,27,34,48,285,27,7,37,NA,NA,362.5,NA,NA,NA,613,NA,"Superior, NE",Superior
2024-2025,South Carolina,SEC,6,Sydney Floyd,So,S,5-9,11,0,26,NA,0,0,0,NA,20,4,10,9,NA,NA,NA,NA,NA,4,NA,NA,NA,NA,NA,"Manhattan Bch, CA",Vistamar
2024-2025,South Carolina,SEC,8,Gabrielle Gerry,So,MB,6-5,5,0,6,NA,1,2,5,-0.2,NA,NA,1,1,NA,NA,NA,NA,NA,1,NA,NA,NA,1,NA,NA,NA
2024-2025,South Carolina,SEC,19,Elizabeth McElveen,So,DS,5-7,28,3,93,NA,0,0,1,0,16,22,32,154,11,NA,1,NA,NA,22.5,NA,NA,NA,120,NA,"Rock Hill, SC",Northwestern
2024-2025,South Carolina,SEC,25,Campbell Paris,So,OH,6-5,18,5,42,NA,72,34,197,0.193,1,NA,NA,6,2,NA,10,NA,NA,77,NA,NA,NA,35,NA,NA,NA
2024-2025,Tennessee,SEC,6,Mackenzie Plante,So,OH,6-2,23,1,71,NA,4,4,14,0,15,10,26,107,12,NA,NA,NA,NA,14,NA,NA,NA,185,NA,"Dripping Springs, TX",Dripping Springs
2024-2025,Tennessee,SEC,11,Caroline Kerr,So,S,5-11,27,27,104,NA,86,12,164,0.451,1069,26,37,234,1,6,42,5,NA,139,3,NA,NA,4,NA,"Champaign, IL",St. Thomas More
2024-2025,Tennessee,SEC,13,Katie Barrier,So,DS,5-5,15,0,54,NA,0,2,6,-0.333,20,9,18,108,NA,NA,NA,NA,NA,9,NA,NA,NA,1,NA,"Nashville, TN",Ensworth
2024-2025,Tennessee,SEC,14,Sydney Jaynes,So,L,6-0,24,0,82,NA,1,0,3,0.333,10,16,31,50,3,NA,NA,NA,NA,17,NA,NA,NA,37,NA,"Northfield, MN",Northfield
2024-2025,Texas,SEC,1,Ella Swindle,So,S,6-3,20,8,64,NA,6,3,21,0.143,265,3,16,69,1,1,7,1,NA,13.5,1,NA,NA,1,NA,"Columbia, MO",Rock Bridge
2024-2025,Texas,SEC,11,Marianna Singletary,So,MB,6-4,27,26,97,NA,189,58,370,0.354,4,NA,NA,21,2,18,116,16,NA,265,NA,NA,NA,7,NA,"Charleston, SC",Porter-Gaud
2024-2025,Texas A&M,SEC,2,Ital Lopuyo,So,MB,6-6,21,0,48,NA,30,10,85,0.235,1,NA,NA,6,NA,1,20,1,NA,41,NA,NA,NA,NA,NA,"Omaha, NE",Omaha Central
2024-2025,Texas A&M,SEC,10,Margot Manning,So,S,5-10,26,0,71,NA,0,0,4,0,76,11,24,36,NA,NA,NA,1,NA,11,NA,NA,NA,NA,NA,"Houston, TX",St. John's School
2024-2025,Alabama A&M,SWAC,1,Tam Nguyen,So,DS,5-1,16,0,34,NA,0,2,3,-0.667,10,1,2,47,5,NA,NA,NA,NA,1,NA,NA,NA,55,NA,"Huntsville, AL",NA
2024-2025,Alabama St.,SWAC,1,Jyriah Morgan,So,OH,5-11,29,18,96,NA,200,118,494,0.166,6,3,3,37,5,4,37,4,NA,225.5,1,NA,NA,65,NA,"Pleasant Grove, AL",NA
2024-2025,Alabama St.,SWAC,16,Essence Jones,So,MH,5-11,30,17,87,NA,118,56,335,0.185,7,8,10,64,24,4,22,5,NA,141,NA,NA,NA,187,NA,"Alpharetta, GA",Alpharetta HS
2024-2025,Alabama St.,SWAC,22,Kaylen Hines,So,MH,6-0,26,25,95,NA,203,60,458,0.312,4,8,15,46,NA,16,60,10,NA,257,NA,NA,NA,16,NA,"South Holland, IL",Thornwood HS
2024-2025,Alcorn,SWAC,4,Cayla Williams,So,RS,5-9,16,6,41,NA,18,22,102,-0.039,1,2,1,16,10,NA,3,1,NA,21.5,1,NA,NA,48,NA,"Midlothian, TX",Midlothian Heritage
2024-2025,Alcorn,SWAC,6,Sa'Mya Tate,So,DS,5-6,5,0,8,NA,0,0,1,0,NA,NA,1,1,8,NA,NA,NA,NA,NA,NA,NA,NA,16,NA,"Port Gibson, MS",Port Gibson
2024-2025,Alcorn,SWAC,14,Jalayah Hamby,So,MB,5-11,25,23,72,NA,54,47,221,0.032,4,5,19,24,4,13,30,11,NA,87,1,NA,NA,18,NA,"Jeffersonville, IN",Jeffersonville
2024-2025,Alcorn,SWAC,21,Harmoni Carswell,So,DS,5-5,24,0,75,NA,5,5,61,0,44,22,23,238,39,NA,NA,NA,NA,27,1,NA,NA,422,NA,"Atlanta, GA",Fort Walton
2024-2025,Ark.-Pine Bluff,SWAC,1,Camille Johnson,So,OH,5-6,4,0,10,NA,0,0,1,0,NA,NA,NA,13,2,NA,NA,NA,NA,NA,NA,NA,NA,21,NA,"Gainesville, FL",Santa Fe HS
2024-2025,Ark.-Pine Bluff,SWAC,3,Destani Jones,So,MB,5-9,2,2,3,NA,1,2,4,-0.25,NA,NA,NA,NA,NA,NA,2,NA,NA,2,NA,NA,NA,NA,NA,"Portsmouth, VA",Grossmont College
2024-2025,Ark.-Pine Bluff,SWAC,10,Ashanti Butler,So,MB,5-10,30,14,104,NA,151,87,491,0.13,7,NA,NA,50,NA,17,37,4,NA,186.5,NA,NA,NA,14,NA,"Houston, TX",Cypress Creek HS
2024-2025,Ark.-Pine Bluff,SWAC,16,Ariyonna Edmond,So,OH,5-11,4,0,4,NA,0,0,1,0,NA,NA,NA,4,1,NA,NA,NA,NA,NA,NA,NA,NA,10,NA,"Dallas, TX",Duncanville HS
2024-2025,Bethune-Cookman,SWAC,5,Sydni Poston,So,L/DS,5-3,29,0,111,NA,2,1,37,0.027,52,NA,4,260,32,NA,NA,NA,NA,2,NA,NA,NA,416,NA,"Chicago, IL",Whitney Young Magnet
2024-2025,Bethune-Cookman,SWAC,14,Gianna Mora,So,S,5-8,21,0,46,NA,0,0,4,0,52,3,2,33,NA,NA,1,NA,NA,3.5,1,NA,NA,1,NA,"Orlando, FL",Lake Nona HS
2024-2025,Florida A&M,SWAC,8,Iyonnie Sanford,So,OH,6-1,31,17,94,NA,250,91,660,0.241,3,9,7,104,14,7,43,1,NA,287.5,2,NA,NA,135,NA,"Fort Walton Beach, FL",Choctawhatchee
2024-2025,Florida A&M,SWAC,19,Sydney Humes,So,L/DS,5-5,16,0,46,NA,0,0,3,0,2,8,4,28,5,NA,NA,NA,NA,8,NA,NA,NA,32,NA,"Homewood, AL",Homewood
2024-2025,Florida A&M,SWAC,22,Milana Thornton,So,MH,6-1,23,2,55,NA,64,32,183,0.175,3,NA,NA,22,NA,3,32,3,NA,83,NA,NA,NA,1,NA,"Atlanta, GA",Kennesaw Mountain
2024-2025,Florida A&M,SWAC,23,Farah Farooq,So,MB,6-1,28,13,74,NA,101,28,229,0.319,6,14,9,29,NA,11,41,7,NA,146.5,1,NA,NA,5,NA,"Houston, TX",NA
2024-2025,Grambling,SWAC,0,Kenya Lucas,So,OH,6-0,20,9,36,NA,38,28,105,0.095,1,NA,NA,13,NA,1,6,9,NA,42,NA,NA,NA,1,NA,"Philadelphia, PA",Abington
2024-2025,Grambling,SWAC,5,Dylan Hoskins,So,L/DS,5-8,26,0,89,NA,2,1,39,0.026,66,19,21,321,32,NA,NA,NA,NA,21,NA,NA,NA,523,NA,"Houston, TX",NA
2024-2025,Grambling,SWAC,10,Mil'lanni Marte,So,L/DS,5-4,17,0,49,NA,1,0,10,0.1,17,3,19,82,9,NA,NA,NA,NA,4,NA,NA,NA,148,NA,"Woodbridge, VA",NA
2024-2025,Jackson St.,SWAC,0,Kamiera Watkins,So,MB,6-0,9,0,14,NA,9,4,20,0.25,NA,NA,NA,3,NA,2,5,NA,NA,13.5,NA,NA,NA,NA,NA,"Euless, TX",Euless Trinity
2024-2025,Jackson St.,SWAC,1,Hope Briggs,So,RS,6-0,31,29,114,NA,235,98,533,0.257,8,NA,NA,75,1,3,58,8,NA,267,NA,NA,NA,6,NA,"Cedar Hill, TX",DeSoto
2024-2025,Jackson St.,SWAC,6,Naija Gadis,So,S,5-7,31,5,114,NA,21,11,85,0.118,504,26,19,201,1,NA,NA,NA,NA,47,NA,NA,NA,8,NA,"Indianapolis, IN",Brebeuf Jesuit Preparatory School
2024-2025,Jackson St.,SWAC,16,Maya Reeves,So,DS,5-7,9,0,11,NA,0,0,0,NA,NA,NA,NA,5,2,NA,NA,NA,NA,NA,NA,NA,NA,8,NA,"Upper Marlboro, MD",St. John's College
2024-2025,Jackson St.,SWAC,20,Kyra Dove,So,MB,5-11,30,25,96,NA,142,49,283,0.329,4,NA,NA,52,1,24,52,5,NA,192,NA,NA,NA,10,NA,"Pflugerville, TX",Hendrickson HS
2024-2025,Mississippi Val.,SWAC,1,Ashlynn Hawkins,So,OH,-,22,0,73,NA,2,2,37,0,10,8,9,99,31,NA,NA,NA,NA,10,NA,NA,NA,253,NA,"Houston, TX",Alief Taylor High School
2024-2025,Mississippi Val.,SWAC,7,Toni Clemons,So,MB,5-8,7,0,8,NA,2,2,5,0,1,NA,NA,1,NA,NA,2,NA,NA,3,NA,NA,NA,NA,NA,"Saint Louis, MO",NA
2024-2025,Prairie View,SWAC,5,Jacqueline Niño,So,DS,5-3,24,0,71,NA,1,2,32,-0.031,59,11,16,180,15,NA,NA,NA,NA,12,NA,NA,NA,255,NA,"Mission, TX",Veterans Memorial
2024-2025,Prairie View,SWAC,10,Bailee Hewitt,So,OH,6-1,14,7,34,NA,55,24,184,0.168,5,10,12,37,8,NA,9,NA,NA,69.5,NA,NA,NA,120,NA,"Fort Worth, TX",Saginaw
2024-2025,Prairie View,SWAC,12,Janyah Henderson,So,MB,5-11,29,29,97,NA,160,62,384,0.255,5,18,35,77,NA,17,76,5,NA,233,NA,NA,NA,22,NA,"Houston, TX",Cypress Ranch High School
2024-2025,Prairie View,SWAC,14,Tayler Ruffin,So,S,5-8,20,7,53,NA,3,2,42,0.024,219,7,9,100,NA,NA,1,NA,NA,10.5,1,NA,NA,4,NA,"Nashville, TN",Goodpasture Christian School
2024-2025,Prairie View,SWAC,22,D'Mya Hill,So,OH,5-11,32,26,93,NA,238,122,682,0.17,7,11,19,118,27,6,34,5,NA,272,NA,NA,NA,307,NA,"Lubbock, TX",NA
2024-2025,Southern U.,SWAC,3,Zaria Nelson,So,OH,5-7,29,2,67,NA,66,66,255,0,6,9,19,41,13,1,9,1,NA,80.5,1,NA,NA,128,NA,"New Orleans, LA",Isidore Newman
2024-2025,Texas Southern,SWAC,2,Ryan Henderson,So,L/DS,5-6,19,1,63,NA,1,1,21,0,11,17,22,113,11,NA,NA,NA,NA,18,NA,NA,NA,260,NA,"Dallas, TX",Mesquite Horn
2024-2025,Texas Southern,SWAC,3,Gracie Lee,So,RS,5-10,26,16,81,NA,128,84,393,0.112,3,NA,NA,29,NA,NA,18,4,NA,137,NA,NA,NA,4,NA,"Dallas, TX",Red Oak
2024-2025,Texas Southern,SWAC,5,Narkisse Kelly,So,L/DS,5-5,1,0,1,NA,0,0,0,NA,NA,NA,NA,NA,1,NA,NA,NA,NA,NA,NA,NA,NA,1,NA,"Houston, TX",Huston-Tillotson
2024-2025,Texas Southern,SWAC,11,Ava Ray,So,S,5-5,23,22,81,NA,16,7,93,0.097,344,19,10,154,3,NA,NA,NA,NA,35,1,NA,NA,8,NA,"Leesburg, VA",Riverside
2024-2025,Texas Southern,SWAC,12,Keldri Young,So,OH,5-10,27,15,83,NA,130,80,422,0.118,4,1,NA,40,2,4,17,1,NA,143.5,NA,NA,NA,51,NA,"Tallahassee, FL",NA
2024-2025,Texas Southern,SWAC,13,Sydney Love,So,MH,6-1,7,0,8,NA,4,0,7,0.571,NA,NA,NA,1,NA,NA,NA,NA,NA,4,NA,NA,NA,NA,NA,"Mandeville, LA",NA
2024-2025,Texas Southern,SWAC,16,Kennedy Reed,So,OH,6-0,22,5,53,NA,55,34,176,0.119,6,4,9,43,4,4,9,2,NA,67.5,NA,NA,NA,163,NA,"Tampa, FL",Sumner
2024-2025,Texas Southern,SWAC,18,Gracie Hill,So,OH,5-10,29,29,98,NA,262,172,847,0.106,11,17,23,170,33,4,42,4,NA,304,1,NA,NA,504,NA,"Houston, TX",Dawson
2024-2025,Chattanooga,SoCon,7,Breanah Rives,So,OH,6-0,19,15,67,NA,204,84,637,0.188,17,17,21,172,20,3,15,2,NA,231.5,NA,NA,NA,301,NA,"Naples, FL",Seacrest Country Day School
2024-2025,Chattanooga,SoCon,9,Caiti Barthel,So,L/DS,5-9,31,3,113,NA,1,2,5,-0.2,9,15,18,179,15,NA,NA,1,NA,16,NA,NA,NA,255,NA,"Indianapolis, IN",Cathedral High School
2024-2025,ETSU,SoCon,1,Gianna Blair,So,MB,6-2,10,1,20,NA,10,4,32,0.188,NA,NA,2,2,NA,4,10,1,NA,19,NA,NA,NA,NA,NA,"Lancaster, NY",St. Mary's
2024-2025,ETSU,SoCon,8,Enisilina Savelio,So,S,5-11,30,3,109,NA,1,0,11,0.091,38,33,44,205,NA,NA,NA,1,NA,34,NA,NA,NA,1,NA,"Henderson, NV",Green Valley
2024-2025,ETSU,SoCon,11,Melanie Morris,So,DS,5-8,30,0,112,NA,1,2,28,-0.036,96,19,30,461,50,NA,NA,NA,NA,20,NA,NA,NA,697,NA,"Maryville, TN",Heritage
2024-2025,ETSU,SoCon,12,Alex Kreutzmann,So,S,5-9,12,0,20,NA,1,0,5,0.2,25,NA,8,17,NA,NA,NA,NA,NA,1,1,NA,NA,NA,NA,"Menomonee Falls, WI",Hamilton
2024-2025,Furman,SoCon,2,Kennedy Seekford,So,L/DS,5-6,27,0,103,NA,0,1,14,-0.071,128,17,10,471,51,NA,NA,NA,NA,17,NA,NA,NA,634,NA,"Sterling, VA",Dominion
2024-2025,Furman,SoCon,5,Izzy Castelloe,So,MB,6-1,25,24,91,NA,165,63,442,0.231,8,10,12,26,2,11,60,5,NA,216,1,NA,NA,7,NA,"Charlotte, NC",South Mecklenburg
2024-2025,Furman,SoCon,6,Brooke Scheffler,So,OPP,5-11,18,2,52,NA,32,27,127,0.039,6,6,3,113,12,1,2,NA,NA,40,NA,NA,NA,247,NA,"Boone, NC",Watauga
2024-2025,Furman,SoCon,7,Emily Navarro,So,S,5-10,25,9,91,NA,0,6,21,-0.286,454,17,18,215,1,NA,1,1,NA,17.5,2,NA,NA,4,NA,"Davie, FL",Calvary Christian Academy
2024-2025,Furman,SoCon,23,Lindsay Walch,So,OH,6-2,11,2,36,NA,66,29,201,0.184,1,NA,NA,7,NA,1,19,2,NA,76.5,1,NA,NA,NA,NA,"Palm City, FL",Jensen Beach
2024-2025,Mercer,SoCon,10,Bella Wynja,So,MB,6-1,18,0,25,NA,9,4,35,0.143,1,1,4,2,1,NA,3,1,NA,11.5,NA,NA,NA,1,NA,"Indianapolis, IN",Heritage Christian School
2024-2025,Samford,SoCon,4,Kaleigh Meritt,So,OH,6-2,27,27,102,NA,371,125,1073,0.229,10,26,63,318,10,5,26,2,NA,415,NA,NA,NA,304,NA,"Evansville, IN",FJ Reitz
2024-2025,Samford,SoCon,5,Lexi Thatcher,So,S,5-11,27,27,104,NA,28,11,118,0.144,1107,22,40,244,1,NA,23,3,NA,61.5,5,NA,NA,9,NA,"Indianapolis, IN",Bishop Chatard
2024-2025,Samford,SoCon,6,Annabelle Straty,So,L/DS,5-7,1,0,1,NA,0,0,0,NA,NA,NA,NA,1,NA,NA,NA,NA,NA,NA,NA,NA,NA,1,NA,"Dublin, OH",Dublin Coffman
2024-2025,Samford,SoCon,8,Ashley Evans,So,MB,6-2,12,10,44,NA,29,21,92,0.087,1,NA,NA,10,NA,4,28,3,NA,47,NA,NA,NA,1,NA,"Lake Mary, FL",Lake Mary
2024-2025,Samford,SoCon,13,Ally Cordes,So,OH,6-1,26,26,97,NA,249,101,800,0.185,10,27,25,285,28,6,34,2,NA,299,2,NA,NA,679,NA,"Wyoming, OH",Wyoming
2024-2025,Samford,SoCon,16,Janie Stinchcomb,So,MB,6-3,1,0,2,NA,1,0,2,0.5,NA,NA,NA,NA,NA,NA,1,NA,NA,1.5,NA,NA,NA,1,NA,"Duluth, GA",Greater Atlanta Christian
2024-2025,The Citadel,SoCon,2,Lydia Larson,So,S,5-9,5,2,10,NA,1,0,4,0.25,64,1,3,16,NA,NA,2,NA,NA,3,NA,NA,NA,NA,NA,"Spicer, MN",Willmar
2024-2025,The Citadel,SoCon,3,Mia Watson,So,L,5-3,20,1,52,NA,0,0,2,0,2,1,5,60,2,NA,NA,NA,NA,1,NA,NA,NA,18,NA,"Jacksonville, FL",Mandarin
2024-2025,The Citadel,SoCon,4,Peri Hoshock,So,MB,6-1,19,17,69,NA,63,26,187,0.198,3,1,NA,35,1,17,50,5,NA,106,NA,NA,NA,7,NA,"Lake Stevens, WA",Lake Stevens High School
2024-2025,UNC Greensboro,SoCon,3,Izora Gragg,So,S,6-1,30,28,110,NA,26,7,77,0.247,1022,24,33,234,NA,5,33,2,NA,71.5,NA,NA,NA,5,NA,"Morganton, NC",Robert L. Patton
2024-2025,UNC Greensboro,SoCon,9,Sydney Harrington,So,S,5-10,21,0,65,NA,0,0,0,NA,1,17,20,25,NA,NA,NA,NA,NA,17,NA,NA,NA,1,NA,"Albany, OR",West Albany
2024-2025,UNC Greensboro,SoCon,11,Aylin Baran,So,OH,5-9,9,0,16,NA,20,17,62,0.048,NA,2,1,7,3,NA,2,NA,NA,23,NA,NA,NA,29,NA,"Istanbul, Turkey",Istanbul Ky Hizmetleri Anatolian
2024-2025,Western Caro.,SoCon,13,Logan Carr,So,MB,6-3,29,29,103,NA,216,66,450,0.333,11,6,13,50,NA,19,65,14,NA,273.5,NA,NA,NA,7,NA,"Desoto, TX",Lancaster HS
2024-2025,Western Caro.,SoCon,18,Katie Boney,So,S,6-0,27,6,95,NA,11,2,43,0.209,543,16,29,196,NA,1,6,4,NA,31,NA,NA,NA,2,NA,"Milton, GA",St. Francis HS
2024-2025,Western Caro.,SoCon,20,Eda Yalçinkaya,So,L,5-4,29,0,102,NA,2,2,13,0,39,1,25,404,26,NA,NA,NA,NA,3,NA,NA,NA,538,NA,"Istanbul, Turkey",ISTEK Atanur Oguz
2024-2025,Western Caro.,SoCon,22,Zoe Zudans,So,OH,6-0,28,7,91,NA,177,97,592,0.135,5,NA,2,75,8,2,21,5,NA,189.5,1,NA,NA,87,NA,"Palm Beach Gardens, FL",Suncoast HS
2024-2025,Wofford,SoCon,2,Emily Normand,So,OH,5-10,3,0,3,NA,5,0,14,0.357,NA,NA,NA,2,NA,NA,NA,NA,NA,5,NA,NA,NA,4,NA,"Greer, SC",St. Joseph's Catholic
2024-2025,Wofford,SoCon,4,Natalie Arnold,So,MB,6-0,32,5,120,NA,159,59,474,0.211,4,NA,NA,75,NA,2,40,4,NA,181,NA,NA,NA,3,NA,"Austin, TX",Dripping Springs
2024-2025,Wofford,SoCon,7,Bri Mahoney,So,OH,5-11,32,26,106,NA,276,142,923,0.145,23,32,39,345,29,16,21,4,NA,334.5,NA,NA,NA,776,NA,"Aiken, SC",Aiken
2024-2025,Wofford,SoCon,12,Ella Schomer,So,RS,6-1,4,0,4,NA,7,5,28,0.071,NA,NA,NA,NA,NA,NA,NA,NA,NA,7,NA,NA,NA,NA,NA,"Clarkston, MI",Marian High School
2024-2025,Wofford,SoCon,16,Taylor Pecht,So,S,5-9,30,25,114,NA,5,5,32,0,697,15,16,290,NA,NA,1,NA,NA,20.5,1,NA,NA,1,NA,"Canton, GA",Sequoyah
2024-2025,Wofford,SoCon,33,Laney Klika,So,L,5-8,31,0,118,NA,3,3,24,0,142,30,30,615,12,NA,NA,NA,NA,33,NA,NA,NA,303,NA,"Novelty, OH",Gilmour Academy
2024-2025,A&M-Corpus Christi,Southland,2,Kenna Buchanan,So,OH,5-9,12,0,16,NA,9,5,25,0.16,NA,NA,1,3,2,NA,NA,NA,NA,9,NA,NA,NA,11,NA,"Midlothian, TX",Midlothian HS
2024-2025,A&M-Corpus Christi,Southland,6,Kaitlyn Baumann,So,MB,6-0,25,17,67,NA,110,36,245,0.302,9,3,3,39,2,6,31,2,NA,134.5,NA,NA,NA,21,NA,"Morton, IL",Morton HS
2024-2025,A&M-Corpus Christi,Southland,13,Brooklyn Jaeger,So,OH,5-8,30,2,86,NA,9,4,26,0.192,18,17,22,305,18,NA,NA,NA,NA,26,NA,NA,NA,385,NA,"Fayetteville, TX",Fayetteville ISD
2024-2025,A&M-Corpus Christi,Southland,22,Katelyn Krienke,So,MB,6-0,15,13,44,NA,51,27,163,0.147,7,NA,NA,16,2,5,17,3,NA,64.5,NA,NA,NA,24,NA,"Cedar Park, TX",Vista Ridge HS
2024-2025,East Texas A&M,Southland,1,Gracie Campbell,So,OH,5-10,26,8,63,NA,196,80,575,0.202,11,8,12,112,18,1,8,2,NA,209,1,NA,NA,299,NA,"Spring, TX",Klein Oak HS
2024-2025,East Texas A&M,Southland,4,Maselina Tuufuli,So,OH,6-0,7,0,10,NA,5,5,29,0,1,NA,NA,2,NA,NA,3,NA,NA,6.5,NA,NA,NA,1,NA,"Saint Hedwig, TX",Steele HS
2024-2025,East Texas A&M,Southland,8,Brooke Box,So,MB,6-2,8,0,11,NA,4,1,9,0.333,1,NA,2,2,NA,2,4,1,NA,8,NA,NA,NA,1,NA,"Klein, TX",Klein Collins HS
2024-2025,East Texas A&M,Southland,10,Ellie Baumert,So,S,6-3,29,28,109,NA,43,15,119,0.235,818,41,59,232,NA,4,26,6,NA,101,5,NA,NA,6,NA,"Dodge, NE",Howells-Dodge Consolidated HS
2024-2025,East Texas A&M,Southland,13,Savannah Jennings,So,S,5-10,23,2,60,NA,5,2,18,0.167,200,4,16,88,1,NA,2,1,NA,10,1,NA,NA,1,NA,"Tomball, TX",Rosehill Christian HS
2024-2025,East Texas A&M,Southland,14,Avery Wilks,So,MB,6-0,29,29,108,NA,200,59,420,0.336,7,24,35,51,NA,2,56,5,NA,254,NA,NA,NA,16,NA,"Mont Belvieu, TX",Barbers Hill HS
2024-2025,East Texas A&M,Southland,16,Kylie Bray,So,L/DS,5-7,21,0,50,NA,0,1,3,-0.333,3,4,12,55,3,NA,NA,NA,NA,4,NA,NA,NA,129,NA,"The Woodlands, TX",Concordia Lutheran HS
2024-2025,East Texas A&M,Southland,20,Kitana Tuufuli,So,OH,6-1,29,24,97,NA,306,121,836,0.221,4,1,9,88,15,2,31,2,NA,324.5,NA,NA,NA,142,NA,"Saint Hedwig, TX",Steele HS
2024-2025,Houston Christian,Southland,7,Sa'Myah Medford,So,RS,6-0,12,1,32,NA,38,27,124,0.089,NA,NA,NA,5,NA,1,12,1,NA,45,NA,NA,NA,NA,NA,"Mansfield, TX",Lake Ridge
2024-2025,Houston Christian,Southland,11,Allana Archie,So,MB,6-1,27,27,99,NA,128,65,308,0.205,4,NA,NA,14,1,11,57,3,NA,167.5,NA,NA,NA,5,NA,"Spring, TX",Spring
2024-2025,Houston Christian,Southland,13,Madison Hess,So,S,6-1,5,0,8,NA,7,6,23,0.043,NA,NA,NA,2,NA,NA,4,NA,NA,9,NA,NA,NA,NA,NA,"Houston, TX",Heights
2024-2025,Houston Christian,Southland,17,Ana Garza,So,OH,6-0,28,25,103,NA,221,93,667,0.192,NA,NA,NA,58,4,9,51,7,NA,255.5,NA,NA,NA,42,NA,"Alvin, TX",Alvin
2024-2025,Lamar University,Southland,1,Monique Gonzalez,So,L,5-1,28,2,67,NA,1,2,12,-0.083,6,10,22,115,10,NA,NA,NA,NA,11,NA,NA,NA,102,NA,"Corpus Christi, TX",Calallen HS
2024-2025,Lamar University,Southland,6,Emily Moon,So,OH,6-2,22,16,53,NA,81,40,274,0.15,4,NA,NA,29,5,2,32,6,NA,99,1,NA,NA,39,NA,"San Antonio, TX",St. John Paul Catholic HS
2024-2025,Lamar University,Southland,7,Christina Dauster,So,MB,6-2,10,1,10,NA,4,3,13,0.077,1,1,NA,5,NA,NA,NA,NA,NA,5,NA,NA,NA,NA,NA,"Blue Ridge, TX",Blue Ridge HS
2024-2025,Lamar University,Southland,11,Jo Moffitt,So,S,5-9,16,1,26,NA,2,1,14,0.071,100,3,2,30,NA,NA,NA,1,NA,5,NA,NA,NA,1,NA,"Amarillo, TX",Amarillo HS
2024-2025,Lamar University,Southland,15,Jordan Gipson,So,OH,5-10,1,0,1,NA,0,0,1,0,NA,NA,NA,NA,NA,NA,NA,NA,NA,NA,NA,NA,NA,NA,NA,"Baytown, TX",Sterling HS
2024-2025,Lamar University,Southland,21,Taisha Rhone,So,OH,6-0,29,13,98,NA,96,50,387,0.119,15,29,44,230,24,1,19,2,NA,135.5,NA,NA,NA,399,NA,"Dallas, TX",Woodrow Wilson HS
2024-2025,Lamar University,Southland,22,Lyric Jordan,So,OH,6-2,29,27,99,NA,317,78,1055,0.227,7,8,13,152,31,16,27,6,NA,354.5,1,NA,NA,294,NA,"Manvel, TX",Manvel HS
2024-2025,Lamar University,Southland,30,Sydnee Griffen,So,OH,6-0,9,1,13,NA,2,2,15,0,NA,NA,NA,3,1,1,4,NA,NA,5,NA,NA,NA,2,NA,"McKinney, TX",McKinney HS
2024-2025,McNeese,Southland,4,Megan Grose,So,S,5-10,28,26,98,NA,149,53,400,0.24,526,16,20,171,NA,3,25,2,NA,180.5,4,1,NA,1,NA,"Brighton, MI",St. Catherine of Siena Academy
2024-2025,McNeese,Southland,8,Rory Schuler,So,L,5-5,7,6,23,NA,2,0,6,0.333,3,9,4,36,1,NA,NA,NA,NA,11,NA,NA,NA,15,NA,"Richmond Hill, GA",Richmond Hill
2024-2025,New Orleans,Southland,5,Ryan Williams,So,OH,5-10,19,11,45,NA,53,46,197,0.036,4,4,16,53,18,NA,3,1,NA,58.5,NA,NA,NA,163,NA,"Richmond, TX",William B. Travis HS
2024-2025,New Orleans,Southland,7,Lani Alleman,So,L/DS,5-2,25,1,82,NA,1,3,17,-0.118,53,10,19,229,51,NA,NA,NA,NA,11,NA,NA,NA,498,NA,"Napoleonville, LA",Assumption HS
2024-2025,New Orleans,Southland,8,Defne Eciroglu,So,S,5-7,28,22,93,NA,8,3,40,0.125,380,12,8,176,NA,NA,1,NA,NA,20.5,1,NA,NA,5,NA,"Ankara, Turkey",Bahcesehir College
2024-2025,New Orleans,Southland,11,Divine Muo,So,OH,5-10,25,13,65,NA,98,72,394,0.066,1,3,3,63,14,1,7,8,NA,105.5,NA,NA,NA,159,NA,"Mckinney, TX",Allen HS
2024-2025,New Orleans,Southland,12,Ava Kennon,So,MB,5-10,17,14,49,NA,62,22,135,0.296,4,1,3,14,1,4,9,3,NA,71.5,NA,NA,NA,7,NA,"Manvel, TX",Glenda Dawson HS
2024-2025,New Orleans,Southland,21,Elani Ratchkovska,So,MB,6-2,12,7,24,NA,15,10,50,0.1,NA,NA,3,5,NA,NA,4,NA,NA,17,NA,NA,NA,1,NA,"Woodstock, GA",Etowah HS
2024-2025,Nicholls,Southland,6,Addison Phares,So,OH,6-0,13,0,28,NA,45,40,151,0.033,1,3,5,33,5,NA,2,NA,NA,49,NA,NA,NA,61,NA,"Lafayette, LA",St. Thomas More Catholic
2024-2025,Nicholls,Southland,10,Tierney Terrell,So,OH,5-6,27,27,92,NA,214,89,780,0.16,16,7,11,245,33,1,17,1,NA,230.5,NA,NA,NA,585,NA,"Slidell, LA",Northshore
2024-2025,Northwestern St.,Southland,1,Lorelei Freling,So,L,5-4,3,1,7,NA,0,0,0,NA,2,1,2,13,NA,NA,NA,NA,NA,1,NA,NA,NA,13,NA,"Ruston, LA",Ruston HS
2024-2025,Northwestern St.,Southland,6,Olivia Bush,So,RS,6-0,24,17,82,NA,104,58,353,0.13,5,NA,2,42,4,3,63,13,NA,138.5,NA,NA,NA,19,NA,"Port Arthur, TX",Kelly Catholic
2024-2025,Northwestern St.,Southland,12,Samaya Wesson,So,MB,6-2,25,25,91,NA,128,69,337,0.175,5,NA,NA,15,1,12,72,12,NA,176,1,NA,NA,10,NA,"Euless, TX",Euless Trinity HS
2024-2025,Northwestern St.,Southland,13,Makenna Tryon,So,OH,6-1,7,0,12,NA,0,0,0,NA,NA,1,6,2,NA,NA,NA,NA,NA,1,NA,NA,NA,5,NA,"Waller, TX",Waller HS
2024-2025,SFA,Southland,11,Caroline Kahle,So,OH,5-10,33,20,111,NA,101,51,426,0.117,22,26,19,246,24,2,13,NA,NA,135.5,1,NA,NA,589,NA,"N Richland Hills, TX",Birdville HS
2024-2025,SFA,Southland,17,Tanishua Joseph,So,MB,6-0,1,0,1,NA,1,0,2,0.5,NA,NA,NA,NA,NA,NA,NA,NA,NA,1,NA,NA,NA,NA,NA,"Baytown, TX",Ross S. Sterling
2024-2025,SFA,Southland,23,Kyanna Creecy,So,MB,5-11,33,33,119,NA,236,50,494,0.377,3,1,7,42,1,24,105,22,NA,313.5,1,NA,NA,28,NA,"McKinney, TX",NA
2024-2025,Southeastern La.,Southland,4,Ainsley Driska,So,MH,6-1,4,0,4,NA,0,0,1,0,NA,NA,1,NA,NA,NA,NA,1,NA,NA,NA,NA,NA,NA,NA,"Burlington, TX",C.H. Yoe High
2024-2025,Southeastern La.,Southland,16,Lily Morgan,So,OH,5-11,19,1,37,NA,27,17,94,0.106,2,6,7,41,4,NA,8,1,NA,37,NA,NA,NA,87,NA,"Crowley, LA",Notre Dame High
2024-2025,Southeastern La.,Southland,17,Kyra McKelvey,So,OPP,5-11,25,3,81,NA,191,69,408,0.299,3,NA,NA,27,NA,NA,34,8,NA,208,1,NA,NA,7,NA,"Navarre, FL",Navarre High
2024-2025,Southeastern La.,Southland,18,India Bennett,So,MH,6-0,29,28,103,NA,161,40,348,0.348,2,NA,NA,31,NA,22,137,9,NA,251.5,NA,NA,NA,6,NA,"Prairieville, LA",Dutchtown High
2024-2025,Southeastern La.,Southland,22,Taylor Stockwell,So,L/DS,5-7,5,0,5,NA,0,0,0,NA,NA,2,NA,NA,NA,NA,NA,NA,NA,2,NA,NA,NA,NA,NA,"Baton Rouge, LA",St. Joseph's Academy
2024-2025,Southeastern La.,Southland,33,Carissa Young,So,OPP,6-0,6,0,8,NA,2,2,15,0,1,NA,NA,2,NA,NA,5,NA,NA,4.5,NA,NA,NA,NA,NA,"League City, TX",Clear Springs High
2024-2025,UIW,Southland,6,Victoria Hall,So,S,5-8,19,1,64,NA,1,0,2,0.5,4,13,6,34,2,NA,NA,NA,NA,14,NA,NA,NA,37,NA,"Metamora, IL",Metamora
2024-2025,UIW,Southland,12,Sofia Grimm,So,OPP,6-2,11,1,23,NA,23,8,77,0.195,NA,NA,NA,12,NA,2,9,1,NA,29.5,NA,NA,NA,3,NA,"Houston, TX",Cypress Creek
2024-2025,UIW,Southland,21,Isabella Ceja,So,L,5-7,23,0,83,NA,1,1,11,0,31,NA,3,116,19,NA,NA,NA,NA,1,NA,NA,NA,389,NA,"San Antonio, TX",Incarnate
2024-2025,UTRGV,Southland,3,Nadine Zech,So,OH,6-0,26,25,94,NA,321,100,818,0.27,16,5,10,179,33,5,26,NA,NA,344,NA,NA,NA,644,NA,"Brescia, Italy",Scienze Motorie Bio Sanitario
2024-2025,UTRGV,Southland,4,Jasmine Allen,So,OH,5-10,7,0,9,NA,8,4,29,0.138,NA,NA,NA,1,NA,NA,NA,NA,NA,8,NA,NA,NA,NA,NA,"DeSoto, TX",DeSoto
2024-2025,UTRGV,Southland,7,Roslyn Guerra,So,OH,5-10,8,0,10,NA,19,5,37,0.378,NA,NA,2,6,3,NA,1,NA,NA,19.5,NA,NA,NA,21,NA,"San Antonio, TX",Lanier
2024-2025,UTRGV,Southland,8,Sammi Garcia,So,DS,5-2,2,0,2,NA,0,0,0,NA,NA,NA,1,1,NA,NA,NA,NA,NA,NA,NA,NA,NA,1,NA,NA,McAllen Memorial
2024-2025,UTRGV,Southland,10,Giovana Ribeiro,So,OH,5-11,5,1,9,NA,10,4,27,0.222,NA,1,NA,2,NA,NA,2,1,NA,12,NA,NA,NA,NA,NA,"Sao Paulo, Brazil",NA
2024-2025,UTRGV,Southland,11,Elise Fourt,So,MB,6-0,22,22,75,NA,66,23,142,0.303,6,NA,NA,12,NA,7,38,3,NA,92,NA,NA,NA,10,NA,"Brownsville, TX",Veterans Memorial
2024-2025,UTRGV,Southland,12,Isa Bento,So,L,5-4,16,1,37,NA,0,0,1,0,7,1,4,36,8,NA,NA,NA,NA,1,NA,NA,NA,80,NA,"Belo Horizonte, Brazil",NA
2024-2025,UTRGV,Southland,15,Celianiz Cabranes,So,L,5-2,28,0,101,NA,5,1,20,0.2,85,24,40,493,35,NA,NA,NA,NA,29,NA,NA,NA,587,NA,"Bayamon, Puerto Rico",Discipulos De Cristo
2024-2025,UTRGV,Southland,22,Julianna Bryant,So,MB,6-1,7,7,28,NA,36,11,71,0.352,1,NA,NA,2,NA,2,20,5,NA,48,NA,NA,NA,1,NA,"Harlingen, TX",Harlingen
2024-2025,UTRGV,Southland,25,Isabella Costantini,So,S,5-10,28,28,98,NA,35,15,144,0.139,1111,44,54,239,NA,3,26,1,NA,95,3,NA,NA,1,NA,"Curitiba, Brazil",NA
2024-2025,Denver,Summit League,13,Briley Decker,So,S,6-1,28,27,107,NA,79,30,209,0.234,984,34,55,188,1,1,59,5,NA,143.5,2,NA,NA,2,NA,"Mesa, AZ",Mountain View
2024-2025,Kansas City,Summit League,16,Ledisi Kpea,So,RS,5-11,26,22,79,NA,130,67,309,0.204,3,NA,NA,15,NA,12,65,3,NA,174.5,NA,NA,NA,4,NA,"Dallas, TX",Newman Smith HS
2024-2025,North Dakota,Summit League,1,Skylar Darr,So,L/DS,5-5,7,0,17,NA,0,1,1,-1,NA,NA,2,5,3,NA,NA,NA,NA,NA,NA,NA,NA,13,NA,"Temecula, CA",Vista Murrieta HS
2024-2025,North Dakota,Summit League,3,Teagan Timperley,So,S,6-0,26,2,95,NA,6,4,25,0.08,414,24,28,141,NA,NA,1,NA,NA,30.5,1,NA,NA,1,NA,"Northfield, MN",Northfield HS
2024-2025,North Dakota,Summit League,8,Lauren Perugini,So,OH,6-0,27,27,102,NA,231,121,690,0.159,15,20,22,226,36,1,34,4,NA,269,3,NA,NA,630,NA,"Mississauga, Canada",St. Marcellinus Secondary
2024-2025,North Dakota,Summit League,13,Kennedy Nelson,So,L/DS,5-6,15,0,25,NA,0,0,2,0,1,1,2,6,2,NA,NA,NA,NA,1,NA,NA,NA,17,NA,"Westminster, CO",Broomfield HS
2024-2025,North Dakota St.,Summit League,3,Arianna Blohm,So,MB,6-1,26,26,103,NA,196,73,483,0.255,1,3,1,15,2,26,66,8,NA,258,NA,NA,NA,9,NA,"Spring Valley, MN",Stewartville
2024-2025,North Dakota St.,Summit League,8,Emma Tallman,So,MB,6-2,17,8,55,NA,53,19,125,0.272,1,NA,1,12,2,3,26,6,NA,69,NA,NA,NA,4,NA,"Johnston, IA",Dowling Catholic
2024-2025,North Dakota St.,Summit League,13,Lauren Jansen,So,OH,5-11,20,18,76,NA,183,91,502,0.183,7,34,28,128,34,2,10,1,NA,224,NA,NA,NA,406,NA,"Plainfield, IL",Plainfield North HS
2024-2025,Omaha,Summit League,9,Amanda Hardt,So,OH,6-3,29,14,101,NA,234,130,680,0.153,1,1,7,54,7,1,26,4,NA,249,NA,NA,NA,91,NA,"Glendale, AZ",Deer Valley High School
2024-2025,Omaha,Summit League,16,Emily Huss,So,MB,6-5,25,25,95,NA,74,24,188,0.266,1,NA,NA,15,NA,12,101,3,NA,136.5,NA,NA,NA,2,NA,"Fairbury, NE",Fairbury
2024-2025,Omaha,Summit League,18,Meghan Tiahrt,So,DS,5-5,5,0,15,NA,0,0,0,NA,NA,1,7,5,NA,NA,NA,NA,NA,1,NA,NA,NA,1,NA,"Sioux Falls, SD",O'Gorman
2024-2025,Omaha,Summit League,20,Makayla Tiahrt,So,DS,5-5,16,0,55,NA,0,0,1,0,1,18,38,23,NA,NA,NA,NA,NA,18,NA,NA,NA,NA,NA,"Sioux Falls, SD",O'Gorman
2024-2025,Omaha,Summit League,26,Ivy Leuck,So,S,5-9,30,27,115,NA,3,3,28,0,791,26,74,196,NA,NA,8,1,NA,33,1,NA,NA,5,NA,"Omaha, NE",Skutt Catholic
2024-2025,Omaha,Summit League,27,Anika Ivester,So,MB,6-4,5,1,9,NA,1,2,8,-0.125,NA,NA,2,5,NA,2,9,2,NA,7.5,NA,NA,NA,2,NA,"Cedar Rapids, IA",Xavier
2024-2025,Oral Roberts,Summit League,9,Farah Helmy,So,S,5-10,6,0,11,NA,1,1,5,0,16,NA,1,1,NA,NA,NA,NA,NA,1,NA,NA,NA,NA,NA,"Cairo, Egypt",The English School
2024-2025,Oral Roberts,Summit League,16,Alaina Larson,So,L/DS,5-8,24,2,83,NA,0,0,2,0,8,20,26,64,25,NA,NA,NA,NA,20,NA,NA,NA,177,NA,"Hudson, WI",Hudson HS
2024-2025,South Dakota,Summit League,1,Caity Clancy,So,DS,5-8,19,0,55,NA,1,0,2,0.5,14,10,17,75,11,NA,NA,NA,NA,11,NA,NA,NA,210,NA,"Castle Rock, CO",NA
2024-2025,South Dakota,Summit League,2,Avery Van Hook,So,S,5-9,31,31,118,NA,106,38,263,0.259,1208,10,35,319,NA,3,37,15,NA,137.5,1,NA,NA,3,NA,"Marion, IA",Marion HS
2024-2025,South Dakota,Summit League,14,Amanda Loschen,So,MB,6-2,24,16,78,NA,161,40,403,0.3,2,NA,NA,18,1,16,55,7,NA,204.5,NA,NA,NA,3,NA,"Omaha, NE",Marian HS
2024-2025,South Dakota,Summit League,23,Samantha Laird,So,OH,6-0,11,0,26,NA,56,28,161,0.174,2,NA,1,9,2,NA,2,2,NA,57,NA,NA,NA,38,NA,"Omaha, NE",Westside HS
2024-2025,South Dakota St.,Summit League,5,Rylee Martin,So,S,5-8,30,23,113,NA,25,5,67,0.299,724,38,43,240,NA,1,14,1,NA,71,1,NA,NA,2,NA,"Eaton, CO",Eaton
2024-2025,South Dakota St.,Summit League,7,Finley Westover,So,OH,6-2,6,0,6,NA,2,2,10,0,NA,NA,NA,1,NA,NA,NA,NA,NA,2,NA,NA,NA,NA,NA,"Bourbonnais, IL",Bradley-Bourbonnais
2024-2025,South Dakota St.,Summit League,10,Sylvie Zgonc,So,OH,5-11,30,30,113,NA,494,180,1301,0.241,33,27,48,301,31,14,33,5,NA,551.5,NA,NA,NA,651,NA,"Hartford, WI",Sussex Hamilton
2024-2025,South Dakota St.,Summit League,17,Joslyn Richardson,So,DS,5-9,30,2,111,NA,7,1,38,0.158,56,29,13,266,16,NA,1,NA,NA,36.5,NA,NA,NA,553,NA,"Sioux Falls, SD",Washington
2024-2025,St. Thomas (MN),Summit League,3,Emily Clausen,So,RS,6-0,4,0,5,NA,2,3,13,-0.077,NA,NA,NA,1,NA,NA,1,NA,NA,2.5,NA,NA,NA,NA,NA,"Delafield, WI",Catholic Memorial
2024-2025,St. Thomas (MN),Summit League,5,Morgan Kealy,So,S,5-11,28,27,106,NA,60,20,195,0.205,1020,23,34,285,NA,5,43,2,NA,109.5,3,NA,NA,9,NA,"River Falls, WI",River Falls
2024-2025,St. Thomas (MN),Summit League,7,Ellie Gustafson,So,OH,5-11,24,23,91,NA,222,111,735,0.151,14,20,13,255,58,2,17,1,NA,252.5,1,NA,NA,673,NA,"Monticello, WI",Monticello
2024-2025,St. Thomas (MN),Summit League,23,Miriam Unongo,So,OH,6-0,4,0,5,NA,2,0,2,1,NA,NA,NA,NA,NA,NA,3,NA,NA,3.5,NA,NA,NA,NA,NA,"Minneapolis, MN",DeLaSalle
2024-2025,App State,Sun Belt,5,Caroline Farthing,So,L/DS,5-9,27,11,101,NA,2,2,8,0,9,19,27,184,18,NA,NA,NA,NA,21,NA,NA,NA,234,NA,"Boone, NC",Watauga
2024-2025,App State,Sun Belt,7,Ava Leahy,So,MB,6-1,28,27,111,NA,245,83,534,0.303,4,NA,NA,13,NA,13,77,13,NA,296.5,NA,NA,NA,5,NA,"Charlotte, NC",Providence
2024-2025,App State,Sun Belt,12,Akila Hardie,So,MB,6-0,2,0,3,NA,0,0,0,NA,NA,NA,NA,NA,NA,NA,1,NA,NA,0.5,NA,NA,NA,NA,NA,"High Point, NC",Southwest Guilford
2024-2025,App State,Sun Belt,22,Taylor McNear,So,L/DS,5-6,27,12,102,NA,1,1,2,0,9,2,11,178,20,NA,NA,NA,NA,3,NA,NA,NA,210,NA,"Grand Rapids, MN",Green Hope
2024-2025,Arkansas St.,Sun Belt,3,Libby Gee-Weiler,So,L/DS,5-6,20,0,40,NA,0,0,1,0,1,10,7,8,1,NA,NA,NA,NA,10,NA,NA,NA,6,NA,"McCordsville, IN",Mt. Vernon HS
2024-2025,Arkansas St.,Sun Belt,7,Kaitlin Whitlock,So,OH,5-8,34,34,134,NA,418,192,1247,0.181,21,33,39,439,64,12,51,10,NA,488.5,NA,NA,NA,956,NA,"San Antonio, TX",Clark HS
2024-2025,Arkansas St.,Sun Belt,8,Erin Madigan,So,S,6-1,34,29,134,NA,23,4,54,0.352,855,20,34,329,NA,4,11,2,NA,52.5,1,NA,NA,2,NA,"Macomb, MI",Dakota HS
2024-2025,Arkansas St.,Sun Belt,11,Mia Maloney,So,L/DS,5-8,34,19,126,NA,2,2,15,0,18,38,28,230,35,NA,NA,NA,NA,40,NA,NA,NA,458,NA,"Louisville, KY",Holy Cross HS
2024-2025,Arkansas St.,Sun Belt,12,Bailey Hall,So,OH,5-10,14,1,30,NA,43,20,109,0.211,2,NA,3,16,2,NA,4,NA,NA,45,NA,NA,NA,37,NA,"Memphis, TN",Arlington HS
2024-2025,Arkansas St.,Sun Belt,13,Haley Glunz,So,MB,6-1,32,30,121,NA,187,60,417,0.305,10,27,41,59,2,18,87,11,NA,275.5,NA,NA,NA,4,NA,"Aurora, CO",Grandview HS
2024-2025,Arkansas St.,Sun Belt,14,Kyla Wiersema,So,MB,6-0,2,0,4,NA,2,1,4,0.25,NA,NA,NA,NA,NA,NA,NA,NA,NA,2,NA,NA,NA,NA,NA,"Fremont, MI",Western Michigan Christian
2024-2025,Arkansas St.,Sun Belt,21,Valeria Ortiz,So,S,5-8,34,5,128,NA,23,6,60,0.283,553,16,19,154,NA,NA,NA,NA,NA,39,NA,NA,NA,2,NA,"Laredo, TX",John B. Alexander HS
2024-2025,Arkansas St.,Sun Belt,22,Devyn Lewis,So,OH,6-1,31,12,106,NA,244,86,721,0.219,1,2,NA,82,4,8,27,7,NA,267.5,1,NA,NA,49,NA,"Alvin, TX",Manvel HS
2024-2025,Coastal Carolina,Sun Belt,4,Anna Smith,So,L,5-8,30,2,104,NA,1,1,6,0,22,4,10,95,35,NA,NA,NA,NA,5,NA,NA,NA,375,NA,"Mount Pleasant, SC",Oceanside Collegiate Academy
2024-2025,Coastal Carolina,Sun Belt,5,Sydney Lewis,So,L,5-8,30,0,118,NA,0,2,16,-0.125,138,17,44,453,24,NA,NA,NA,NA,17,NA,NA,NA,588,NA,"Saint Johns, FL",Bartam Trail HS
2024-2025,Coastal Carolina,Sun Belt,7,Jalyn Stout,So,S,5-10,30,30,118,NA,402,133,922,0.292,582,34,62,392,2,2,39,6,NA,457.5,2,20,NA,67,NA,"Gainesville, FL",Santa Fe HS
2024-2025,Coastal Carolina,Sun Belt,11,Emma Van Elslande,So,OH,6-1,28,17,84,NA,143,85,489,0.119,5,27,33,90,17,4,19,1,NA,183.5,1,NA,NA,223,NA,"Luxembourg City, Luxembourg",Lycee Classique d'Echternach
2024-2025,Coastal Carolina,Sun Belt,16,Emily Fowler,So,OH,6-3,26,23,99,NA,250,95,701,0.221,12,16,30,109,16,20,41,17,NA,306.5,NA,NA,NA,233,NA,"Statesboro, GA",Southeast Bullock HS
2024-2025,Ga. Southern,Sun Belt,6,Maggie Sale,So,OH,5-11,27,24,92,NA,165,56,448,0.243,2,7,27,57,NA,31,53,6,NA,229.5,NA,NA,NA,1,NA,"Severna Park, MD",Severna Park
2024-2025,Ga. Southern,Sun Belt,10,Lydia Seymour,So,MB,6-5,29,29,102,NA,180,45,430,0.314,5,1,3,15,NA,28,53,5,NA,235.5,NA,NA,NA,4,NA,"Justin, TX",Northwest
2024-2025,Ga. Southern,Sun Belt,11,Kayla Knowles,So,OH,6-0,8,0,11,NA,6,3,20,0.15,NA,NA,1,NA,NA,NA,3,NA,NA,7.5,NA,NA,NA,NA,NA,"Denver, IA",Denver
2024-2025,Ga. Southern,Sun Belt,13,Paige Spanbauer,So,DS,5-4,4,0,4,NA,0,0,0,NA,NA,NA,NA,1,NA,NA,NA,NA,NA,NA,NA,NA,NA,2,NA,"Lexington, SC",River Bluff
2024-2025,Ga. Southern,Sun Belt,25,Reagan Barth,So,OH,6-0,29,29,98,NA,356,126,979,0.235,28,44,30,290,13,21,30,7,NA,436,NA,NA,NA,340,NA,"Lenexa, KS",Shawnee Mission West
2024-2025,Georgia St.,Sun Belt,5,Cameron Lucas,So,RS,5-11,1,0,1,NA,0,0,0,NA,NA,NA,NA,NA,NA,NA,NA,NA,NA,NA,NA,NA,NA,NA,NA,"Atlanta, GA",Wheeler HS
2024-2025,Georgia St.,Sun Belt,7,Anna Howard,So,L/DS,5-6,9,0,13,NA,0,0,0,NA,NA,2,4,9,4,NA,NA,NA,NA,2,NA,NA,NA,18,NA,"Calgary, Canada",St. Francis HS
2024-2025,Georgia St.,Sun Belt,14,Akira Burt,So,MB,5-10,29,10,101,NA,219,94,607,0.206,3,NA,NA,55,NA,9,47,6,NA,251.5,NA,NA,NA,3,NA,"Columbus, GA",Richmond Hill High School
2024-2025,James Madison,Sun Belt,3,Olivia Vance,So,OH,5-11,24,6,76,NA,152,74,479,0.163,6,NA,5,30,9,11,18,5,NA,172,NA,NA,NA,119,NA,"Bixby, OK",Bixby
2024-2025,James Madison,Sun Belt,12,Rebecca Watkins,So,S,6-0,24,17,93,NA,46,8,116,0.328,530,28,25,124,2,1,28,5,NA,89,NA,NA,NA,5,NA,"Roswell, GA",Lassiter
2024-2025,James Madison,Sun Belt,20,Melisa Ilter,So,RS,6-5,21,14,67,NA,80,42,273,0.139,4,NA,2,18,NA,2,50,7,NA,107,NA,NA,NA,4,NA,"Bursa, Turkey",NA
2024-2025,Louisiana,Sun Belt,18,Kennedy Gustafson,So,DS,5-8,25,0,88,NA,1,0,8,0.125,14,8,13,130,15,NA,NA,NA,NA,9,NA,NA,NA,134,NA,"Humble, TX",Summer Creek HS
2024-2025,Louisiana,Sun Belt,21,Abby Cunningham,So,OH,5-10,19,12,61,NA,92,72,345,0.058,2,1,7,44,9,2,25,3,NA,107.5,NA,NA,NA,71,NA,"Carencro, LA",Westminster Christian Academy
2024-2025,Marshall,Sun Belt,9,Teagan Melton,So,RS,5-10,8,1,13,NA,17,11,60,0.1,NA,NA,NA,4,1,1,1,NA,NA,18.5,NA,NA,NA,1,NA,"Bellbrook, OH",Bellbrook HS
2024-2025,Marshall,Sun Belt,10,McKenna Melton,So,OH,5-11,16,7,45,NA,86,45,287,0.143,4,NA,1,20,4,1,9,2,NA,91.5,NA,NA,NA,32,NA,"Bellbrook, OH",Bellbrook HS
2024-2025,Marshall,Sun Belt,12,Peyton Neal,So,OH,5-8,22,0,80,NA,2,3,18,-0.056,91,24,15,333,16,NA,NA,NA,NA,26,NA,NA,NA,386,NA,"Nolensville, TN",Nolensville HS
2024-2025,Marshall,Sun Belt,13,Maya Hunt,So,S,5-10,7,1,16,NA,0,2,6,-0.333,60,3,2,30,NA,NA,NA,NA,NA,3,NA,NA,NA,1,NA,"Independence, KY",Holy Cross
2024-2025,Marshall,Sun Belt,18,Mckenzie Schoenhardt,So,L/DS,5-9,27,1,82,NA,0,0,0,NA,29,16,10,230,19,NA,NA,NA,NA,16,NA,NA,NA,286,NA,"Gilbert, AZ",Gilbert HS
2024-2025,Marshall,Sun Belt,19,Breanna Ginley,So,MB,6-3,4,1,7,NA,9,3,22,0.273,NA,NA,NA,1,NA,3,2,1,NA,13,NA,NA,NA,NA,NA,"North Ridgeville, OH",North Ridgeville HS
2024-2025,Marshall,Sun Belt,23,Sarah Wadsworth,So,OH,6-0,24,9,70,NA,68,35,286,0.115,18,10,13,123,15,2,9,3,NA,84.5,1,NA,NA,254,NA,"Scottsdale, AZ",Horizon HS
2024-2025,Old Dominion,Sun Belt,0,Adrienne Peji,So,L/DS,5-6,19,0,58,NA,0,0,6,0,8,5,15,82,NA,NA,NA,NA,NA,5,NA,NA,NA,NA,NA,"Virginia Beach, VA",Ocean Lakes
2024-2025,Old Dominion,Sun Belt,4,Elisa Maggi,So,OH,5-10,27,20,105,NA,288,140,746,0.198,10,37,22,189,46,NA,28,4,NA,339,1,NA,NA,540,NA,"Pavia, Italy",ITC Bordoni
2024-2025,Old Dominion,Sun Belt,12,Bryanna Jones,So,OH,5-9,23,6,62,NA,175,84,459,0.198,6,8,10,105,17,1,15,1,NA,191.5,NA,NA,NA,290,NA,"Naperville, IL",Neuqua Valley
2024-2025,Old Dominion,Sun Belt,18,Tshilanda Diouf,So,OH,5-11,11,0,20,NA,21,15,64,0.094,NA,NA,NA,10,NA,NA,10,NA,NA,26,NA,NA,NA,NA,NA,"Marignane, France",Lycée Maurice Genevoix
2024-2025,Old Dominion,Sun Belt,23,Kate Kilpatrick,So,L,5-8,27,0,109,NA,0,1,9,-0.111,110,27,25,391,33,NA,1,NA,NA,27.5,NA,NA,NA,597,NA,"Raleigh, NC",Millbrook
2024-2025,South Alabama,Sun Belt,0,Sarah Gooch,So,OH,6-1,27,1,101,NA,288,101,875,0.214,6,17,27,100,1,11,27,NA,NA,329.5,1,NA,NA,11,NA,"Apopka, FL",Lake Brantley HS
2024-2025,South Alabama,Sun Belt,3,Addison Hurst,So,L/DS,5-8,27,0,101,NA,1,0,7,0.143,22,7,21,193,24,NA,NA,NA,NA,8,NA,NA,NA,411,NA,"Cleveland, TN",Cleveland HS
2024-2025,South Alabama,Sun Belt,12,Jacqueline Beville,So,RS,6-0,5,0,6,NA,0,0,3,0,NA,NA,NA,NA,NA,1,2,1,NA,2,NA,NA,NA,NA,NA,"St. Louis, MO",Cor Jesu Academy
2024-2025,Southern Miss.,Sun Belt,3,Sunni Sheppard,So,L,5-4,29,0,111,NA,1,1,29,0,85,36,36,569,35,NA,NA,NA,NA,37,NA,NA,NA,512,NA,"Brandon, MS",Brandon HS
2024-2025,Southern Miss.,Sun Belt,6,Sadie McAda,So,OH,6-0,29,29,110,NA,371,159,1168,0.182,19,16,32,376,36,4,56,4,NA,419,1,NA,NA,713,NA,"Pleasanton, TX",Pleasanton HS
2024-2025,Southern Miss.,Sun Belt,8,Maggie Sewell,So,MB,6-0,6,1,8,NA,1,1,8,0,1,NA,NA,2,NA,NA,3,1,NA,2.5,NA,NA,NA,1,NA,"Jackson, MS",Saint Andrew's Episcopal School
2024-2025,Southern Miss.,Sun Belt,10,Franky Panunzio,So,S,5-10,28,20,100,NA,38,9,141,0.206,660,10,22,161,NA,4,46,1,NA,75,2,NA,NA,6,NA,"Alpharetta, GA",Woodward Academy
2024-2025,Southern Miss.,Sun Belt,12,Torrey Tkach,So,MB,6-3,29,29,110,NA,216,73,659,0.217,4,NA,7,42,NA,16,124,18,NA,294,NA,NA,NA,16,NA,"Oxford, MS",Oxford HS
2024-2025,Southern Miss.,Sun Belt,21,Hayden Riddle,So,S,5-10,25,12,75,NA,11,3,44,0.182,431,10,23,103,NA,NA,16,4,NA,29,NA,NA,NA,1,NA,"Franklin, TN",Independence HS
2024-2025,Texas St.,Sun Belt,1,Ally Adair,So,MB,6-0,1,0,1,NA,1,0,1,1,NA,NA,NA,NA,NA,NA,NA,NA,NA,1,NA,NA,NA,NA,NA,"Phoenix, AZ",Hamilton HS
2024-2025,Texas St.,Sun Belt,10,Carlee Pharris,So,S,5-11,12,0,23,NA,7,4,25,0.12,79,2,3,24,NA,1,5,3,NA,12.5,NA,NA,NA,NA,NA,"San Antonio, TX",Brandeis
2024-2025,Texas St.,Sun Belt,11,Brooke Bentke,So,OH,6-2,11,0,18,NA,16,21,70,-0.071,1,NA,2,10,1,3,1,1,NA,19.5,NA,NA,NA,24,NA,"Brenham, TX",Brenham HS
2024-2025,Texas St.,Sun Belt,18,Zenai Jethroe,So,MB,6-1,12,3,25,NA,16,10,51,0.118,NA,2,1,4,NA,3,13,3,NA,27.5,NA,NA,NA,1,NA,"Dallas, TX",Ranchview HS
2024-2025,Troy,Sun Belt,3,Ella Broadhead,So,MH,6-1,21,17,76,NA,43,13,134,0.224,1,2,6,10,NA,6,49,2,NA,75.5,NA,NA,NA,8,NA,"Daphne, AK",Bayside Academy
2024-2025,Troy,Sun Belt,4,Sydney Austin,So,MH,6-3,19,17,67,NA,47,19,136,0.206,1,1,4,26,NA,5,46,1,NA,76,1,NA,NA,6,NA,"Flowery Branch, GA",Buford HS
2024-2025,Troy,Sun Belt,8,Olivia Grantham,So,DS,5-5,19,0,64,NA,0,0,0,NA,6,10,19,34,NA,NA,NA,NA,NA,10,NA,NA,NA,14,NA,"Gainesville, FL",Trinity Catholic
2024-2025,Troy,Sun Belt,11,Maleah Howe,So,OH,5-9,5,0,12,NA,11,19,46,-0.174,NA,1,1,9,NA,1,1,2,NA,13.5,NA,NA,NA,11,NA,"Waukesha, WI",Oconomowoc HS
2024-2025,Troy,Sun Belt,12,Audrey Worthington,So,MH,6-1,15,13,56,NA,48,14,104,0.327,1,NA,NA,15,1,8,35,5,NA,73.5,1,NA,NA,7,NA,"Blacklick, OH",Gahanna Lincoln HS
2024-2025,Troy,Sun Belt,18,Emma Blaine,So,OH,6-0,7,0,18,NA,4,10,23,-0.261,NA,NA,NA,2,NA,NA,6,NA,NA,7,NA,NA,NA,NA,NA,"O'Fallon, MO",Howell Central HS
2024-2025,ULM,Sun Belt,5,Hannah Redrow,So,MB,6-2,27,22,84,NA,125,59,383,0.172,6,15,25,33,NA,6,36,11,NA,164,1,NA,NA,8,NA,"Carrollton, TX",Hebron
2024-2025,ULM,Sun Belt,7,Kenzie Behl,So,MB,6-0,9,0,11,NA,7,7,31,0,NA,1,2,1,NA,NA,6,NA,NA,11,NA,NA,NA,NA,NA,"Buda, TX",Buda Johnson
2024-2025,ULM,Sun Belt,15,Morgan Howard,So,S,6-0,28,27,98,NA,43,18,161,0.155,747,24,39,247,NA,3,13,1,NA,76.5,2,NA,NA,6,NA,"Grapevine, TX",Colleyville Heritage
2024-2025,ULM,Sun Belt,17,Ariana Brown,So,OH,6-0,28,24,89,NA,269,144,906,0.138,7,33,42,124,19,5,19,11,NA,316.5,NA,NA,NA,241,NA,"Spring, TX",Conroe
2024-2025,ULM,Sun Belt,18,Sydney Garrison,So,OH,5-11,26,7,71,NA,49,39,203,0.049,18,15,17,110,10,1,3,3,NA,66.5,NA,NA,NA,268,NA,"Aubrey, TX",Aubrey
2024-2025,ULM,Sun Belt,20,Briana Raney,So,DS,5-5,15,2,28,NA,0,0,1,0,4,2,10,69,6,NA,NA,NA,NA,2,NA,NA,NA,119,NA,"Spring, TX",Oak Ridge
2024-2025,Charlotte,The American,14,Selanny Puente,So,MB,6-4,29,27,102,NA,160,49,337,0.329,14,30,51,76,8,30,58,10,NA,249,NA,NA,NA,81,NA,NA,NA
2024-2025,East Carolina,The American,6,Ekwe Anwah,So,MB,5-10,15,14,53,NA,29,17,89,0.135,1,NA,NA,8,1,7,41,9,NA,56.5,1,NA,NA,5,NA,"Coppell, TX",Coppell
2024-2025,East Carolina,The American,12,Aulie Huff,So,RS,6-1,23,2,81,NA,140,48,388,0.237,3,1,NA,34,NA,5,40,1,NA,166,NA,NA,NA,1,NA,"Suffolk, VA",Kings Fork
2024-2025,East Carolina,The American,19,Ellie Pate,So,OH,5-10,29,24,105,NA,292,120,867,0.198,11,7,15,136,24,9,20,4,NA,318,NA,NA,NA,354,NA,"Auburn, AL",Auburn
2024-2025,East Carolina,The American,44,Elle Jackson,So,L/DS,5-7,17,0,47,NA,0,0,1,0,2,8,8,30,6,NA,NA,NA,NA,8,NA,NA,NA,35,NA,"Louisville, KY",Our Lady of Mercy Academy
2024-2025,Fla. Atlantic,The American,1,Ava Norris,So,L/DS,5-4,6,0,14,NA,0,0,0,NA,1,NA,6,8,NA,NA,NA,NA,NA,NA,NA,NA,NA,11,NA,"Louisville, KY",Sacred Heart Academy
2024-2025,Fla. Atlantic,The American,22,Isabelle Northam,So,L/DS,5-9,31,0,109,NA,1,2,9,-0.111,67,29,32,322,20,NA,NA,NA,NA,30,NA,NA,NA,458,NA,"Thompson's Station, TN",Battle Ground Academy
2024-2025,Memphis,The American,4,Courtney Nix,So,L/DS,5-9,25,4,77,NA,1,0,5,0.2,11,7,13,146,13,NA,NA,NA,NA,8,NA,NA,NA,238,NA,"Harrisburg, NC",Cannon School
2024-2025,Memphis,The American,6,Hannah Jones,So,OH,6-1,28,25,99,NA,328,144,931,0.198,7,6,8,54,11,9,31,10,NA,358.5,NA,NA,NA,106,NA,"Millbrook, AL",Prattville Christian Academy
2024-2025,Memphis,The American,9,Abigail Schlueter,So,L,5-7,28,0,101,NA,4,1,16,0.188,102,34,39,401,33,NA,NA,NA,NA,38,NA,NA,NA,481,NA,"Rock City, IL",Dakota High School
2024-2025,Memphis,The American,11,Rylee Busse,So,DS,5-7,16,2,46,NA,0,0,1,0,5,12,11,100,9,NA,NA,NA,NA,12,NA,NA,NA,141,NA,"New Braunsfels, TX",Cornerstone Christian High School
2024-2025,Memphis,The American,13,Eleftheria Baxa,So,OH,6-3,13,2,26,NA,45,32,124,0.105,NA,4,8,16,5,1,6,NA,NA,53,NA,NA,NA,31,NA,"Peristeri, Greece",3rd General Day HS of Petroupoli
2024-2025,Memphis,The American,15,Autumn Flynn,So,MH,6-0,7,4,16,NA,29,12,68,0.25,NA,NA,NA,2,NA,NA,7,NA,NA,32.5,NA,NA,NA,2,NA,"New Franken, WI",Luxemburg-Casco High School
2024-2025,Memphis,The American,16,Jordan Heatherly,So,S,5-10,28,27,101,NA,101,37,275,0.233,958,39,30,254,NA,2,33,1,NA,158.5,NA,NA,NA,8,NA,"Western Springs, IL",Montini Catholic High School
2024-2025,North Texas,The American,2,Lauren Wheeler,So,S,5-10,1,0,1,NA,0,0,1,0,NA,NA,NA,NA,NA,NA,NA,NA,NA,NA,NA,NA,NA,1,NA,"Olathe, KS",St. James Academy
2024-2025,North Texas,The American,20,Loredana Fouonji,So,MB,6-1,7,4,22,NA,31,7,56,0.429,1,NA,NA,2,NA,2,20,2,NA,43,NA,NA,NA,3,NA,"Midland, TX",Legacy Senior High School
2024-2025,North Texas,The American,21,Claire Dewine,So,S,6-1,23,4,62,NA,79,36,220,0.195,74,4,4,52,NA,1,17,2,NA,92.5,2,NA,NA,3,NA,"The Woodlands, TX",The Woodlands HS
2024-2025,Rice,The American,3,Kaia Mateo,So,S,5-11,22,0,49,NA,3,2,29,0.034,152,5,7,34,NA,1,4,2,NA,11,NA,NA,NA,1,NA,"New York, NY",Avenues: The World School NYC
2024-2025,Rice,The American,6,Campbell Love,So,L,5-6,16,3,48,NA,0,0,0,NA,5,6,6,66,3,NA,NA,NA,NA,6,NA,NA,NA,80,NA,"Trophy Club, TX",Byron Nelson HS
2024-2025,Rice,The American,13,Stephanie Gutierrez,So,MB,6-1,5,0,5,NA,2,0,5,0.4,NA,1,NA,NA,NA,NA,1,NA,NA,3.5,NA,NA,NA,NA,NA,"Fort Worth, TX",Boswell HS
2024-2025,Rice,The American,24,Cindy Tchouangwa,So,OH,6-0,16,14,58,NA,195,84,523,0.212,5,8,4,64,6,3,19,4,NA,215.5,NA,NA,NA,75,NA,"Katy, TX",Tompkins HS
2024-2025,South Fla.,The American,1,Lia Schneider,So,L/DS,5-8,29,1,108,NA,2,0,12,0.167,114,33,59,447,30,NA,NA,NA,NA,35,1,NA,NA,614,NA,"St. Charles, IL",St. Charles
2024-2025,South Fla.,The American,3,Miya Thomas,So,L/DS,5-3,8,1,27,NA,0,0,0,NA,2,3,5,27,4,NA,NA,NA,NA,3,NA,NA,NA,64,NA,"Gainesville, FL",NA
2024-2025,South Fla.,The American,13,Jalynn Brown,So,OH,6-0,13,0,31,NA,56,42,163,0.086,1,1,8,6,1,NA,1,2,NA,57.5,NA,NA,NA,15,NA,"New Smyrna Beach, FL",New Smyrna Beach
2024-2025,South Fla.,The American,14,Lauren Lewis,So,MB,6-1,9,2,16,NA,10,1,21,0.429,NA,1,3,2,NA,1,7,NA,NA,15.5,NA,NA,NA,2,NA,"Tarpon Springs, FL",Osceola Fundamental
2024-2025,Temple,The American,3,Abby Jhun,So,L/DS,5-6,2,0,2,NA,0,0,0,NA,NA,NA,1,NA,NA,NA,NA,NA,NA,NA,NA,NA,NA,NA,NA,"Roswell, GA",Pope
2024-2025,Temple,The American,4,Ava Blascziek,So,S,5-10,21,0,56,NA,2,2,12,0,252,8,12,66,NA,NA,1,NA,NA,10.5,NA,NA,NA,2,NA,"Lakeville, MN",Lakeville North
2024-2025,Temple,The American,5,Lexi Yoza,So,S,5-7,30,30,103,NA,18,4,67,0.209,845,23,20,247,NA,1,11,1,NA,47.5,NA,NA,NA,8,NA,"Scottsdale, AZ",Notre Dame Prepartory
2024-2025,Temple,The American,17,Alyssa Finister,So,MB,5-11,30,22,102,NA,157,60,358,0.271,11,11,25,27,NA,16,49,14,NA,208.5,1,NA,NA,3,NA,"Houston, TX",Cypress Hills
2024-2025,Temple,The American,20,Olivia Hummel,So,OH,6-0,20,4,57,NA,37,24,123,0.106,4,4,11,72,11,1,3,1,NA,43.5,NA,NA,NA,186,NA,"Cary, NC",Green Level
2024-2025,Tulane,The American,1,Avery Burks,So,OH,6-1,27,25,103,NA,275,104,923,0.185,12,NA,1,199,35,4,31,7,NA,294.5,1,NA,NA,674,NA,"Gilbert, AZ",Perry HS
2024-2025,Tulane,The American,2,Jordan White,So,MB,6-3,27,12,102,NA,136,48,327,0.269,NA,NA,NA,8,4,13,82,20,NA,190,1,NA,NA,23,NA,"Suwanee, GA",Lambert HS
2024-2025,Tulane,The American,21,Riley Mansfield,So,MB,6-4,3,0,5,NA,2,0,7,0.286,NA,NA,NA,1,NA,NA,1,1,NA,2.5,NA,NA,NA,NA,NA,"St. Simons Island, GA",Glynn Academy
2024-2025,Tulane,The American,26,Zoe Rachow,So,S,5-11,28,12,108,NA,12,4,48,0.167,580,16,45,175,1,NA,3,2,NA,29.5,1,NA,NA,10,NA,"Chula Vista, CA",Otay Ranch HS
2024-2025,Tulsa,The American,8,Hailee Alexander,So,L,5-5,1,0,1,NA,0,0,0,NA,NA,NA,NA,NA,NA,NA,NA,NA,NA,NA,NA,NA,NA,NA,NA,"Broken Arrow, OK",Broken Arrow HS
2024-2025,UAB,The American,2,Jorda Crook,So,OPP,6-0,28,28,100,NA,354,158,957,0.205,3,24,34,133,3,8,69,5,NA,420.5,NA,NA,NA,56,NA,"Ohatchee, AL",Ohatchee
2024-2025,UAB,The American,7,Brooklyn Allison,So,L/DS,5-6,27,1,90,NA,1,1,6,0,61,5,8,317,28,NA,NA,NA,NA,6,3,NA,NA,404,NA,"Birmingham, AL",Spain Park
2024-2025,UAB,The American,10,Katia Nikolic,So,OH,6-0,24,0,72,NA,1,0,1,1,NA,18,39,27,NA,NA,NA,NA,NA,19,NA,NA,NA,NA,NA,"St. John, IN",Lake Central
2024-2025,UAB,The American,23,Summer Snead,So,MB,6-1,8,0,11,NA,6,5,16,0.063,NA,NA,NA,2,NA,1,5,2,NA,9.5,1,NA,NA,1,NA,"Nashville, TN",Hillsboro
2024-2025,UAB,The American,24,Mia Reese,So,OH,6-0,28,7,99,NA,284,127,780,0.201,3,2,5,71,26,8,32,2,NA,310,1,NA,NA,341,NA,"Nashville, TN",Hillsboro
2024-2025,UTSA,The American,7,Makenna Wiepert,So,S,5-11,8,7,28,NA,11,1,26,0.385,153,8,9,67,NA,NA,1,NA,NA,19.5,NA,NA,NA,NA,NA,"Sherwood, OR",Wilsonville HS
2024-2025,UTSA,The American,8,Peyton Turner,So,DS,5-5,27,2,87,NA,1,1,2,0,51,6,6,241,21,NA,NA,NA,NA,7,NA,NA,NA,370,NA,"Naperville, IL",Benet Academy
2024-2025,UTSA,The American,10,Annika Sokol,So,S,5-10,27,12,95,NA,17,12,60,0.083,516,15,35,208,NA,NA,1,4,NA,32.5,1,NA,NA,2,NA,"Roxborough, CO",Heritage HS
2024-2025,UTSA,The American,11,Kai Bailey,So,MB,6-2,26,24,85,NA,172,59,374,0.302,1,NA,2,8,1,11,84,8,NA,225,NA,NA,NA,11,NA,"Atlanta, GA",Collins Hill HS
2024-2025,UTSA,The American,13,Miranda Putnicki,So,MH,6-4,13,1,26,NA,5,3,17,0.118,1,NA,NA,5,NA,2,20,1,NA,17,NA,NA,NA,NA,NA,"Gunter, TX",Gunter HS
2024-2025,Wichita St.,The American,5,Reagan Anderson,So,L/DS,5-3,32,15,123,NA,0,2,5,-0.4,32,27,24,195,22,NA,NA,NA,NA,27,NA,NA,NA,444,NA,"Overland Park, KS",Saint Thomas Aquinas
2024-2025,Abilene Christian,WAC,4,Rachel Koss,So,S,5-11,18,2,51,NA,12,3,37,0.243,166,11,10,46,NA,1,7,3,NA,27.5,1,NA,NA,NA,NA,"Appleton, WI",Freedom HS
2024-2025,Abilene Christian,WAC,7,Hannah Gonzalez,So,MB,6-3,28,28,100,NA,238,99,561,0.248,24,6,41,32,NA,14,59,10,NA,287.5,3,NA,NA,27,NA,"Lucas, TX",Lovejoy HS
2024-2025,Abilene Christian,WAC,11,Izabelle Larson,So,OH,5-11,26,16,81,NA,115,79,381,0.094,5,13,17,104,12,NA,19,2,NA,137.5,NA,NA,NA,254,NA,"San Jose, CA",East Side Union HS
2024-2025,Abilene Christian,WAC,12,Abby Christian,So,L/DS,5-9,28,6,100,NA,2,0,7,0.286,40,21,20,211,39,NA,NA,1,NA,23,NA,NA,NA,390,NA,"Kansas City, MO",Liberty North HS
2024-2025,Abilene Christian,WAC,18,Sasha Stotler,So,MB,6-4,16,2,31,NA,20,15,67,0.075,NA,NA,NA,14,NA,NA,6,1,NA,23,NA,NA,NA,NA,NA,"Quincy, OH",Riverside HS
2024-2025,Abilene Christian,WAC,21,Alexis Strong,So,OH,6-1,28,15,91,NA,215,133,657,0.125,3,2,1,37,14,1,19,NA,NA,227.5,NA,NA,NA,146,NA,"Louisville, KY",Assumption HS
2024-2025,California Baptist,WAC,1,Maddie Brown,So,S,5-8,1,0,1,NA,0,0,0,NA,NA,NA,NA,NA,NA,NA,NA,NA,NA,NA,NA,NA,NA,NA,NA,"Beaumont, CA",Redlands
2024-2025,California Baptist,WAC,2,Nicole Mauser,So,OPP,6-2,30,25,104,NA,246,82,730,0.225,4,NA,2,35,4,1,47,1,NA,270.5,NA,NA,NA,25,NA,"Dallas, TX",Highland Park
2024-2025,California Baptist,WAC,19,Emery DeJong,So,OH,6-0,9,4,24,NA,63,36,181,0.149,1,2,3,29,14,NA,6,1,NA,68,NA,NA,NA,125,NA,"Mount Vernon, WA",Sedro-Woolley
2024-2025,Grand Canyon,WAC,8,Bella Anderson,So,L/DS,5-9,31,18,113,NA,0,1,5,-0.2,22,23,19,165,18,NA,NA,NA,NA,23,NA,NA,NA,380,NA,"Scottsdale, AZ",Scottsdale Christian
2024-2025,Grand Canyon,WAC,12,Emma Wegleitner,So,OH,6-0,7,0,20,NA,31,9,94,0.234,1,NA,3,7,1,1,6,3,NA,35,NA,NA,NA,37,NA,"Boerne, TX",Champion
2024-2025,Grand Canyon,WAC,14,Ellie Frey,So,OH,6-0,19,0,54,NA,107,56,294,0.173,3,9,9,55,11,5,10,2,NA,126,1,NA,NA,154,NA,"Fort Wayne, IN",Carroll
2024-2025,Seattle U,WAC,2,Elif Teksoy,So,S,6-1,21,10,68,NA,7,7,49,0,424,19,20,74,NA,NA,22,1,NA,37,1,NA,NA,NA,NA,"Istanbul, Turkey",Liceo Italiano Istanbul
2024-2025,Seattle U,WAC,5,Tatum Chase,So,MB,6-0,26,16,91,NA,146,86,412,0.146,4,NA,NA,30,NA,1,42,3,NA,168,NA,NA,NA,4,NA,"Portland, OR",Catlin Gabel HS
2024-2025,Seattle U,WAC,16,Yasemin Elmas,So,MB,6-2,27,27,94,NA,153,53,394,0.254,3,1,2,24,1,7,67,6,NA,194.5,NA,NA,NA,3,NA,"Istanbul, Turkey",TED Istanbul College
2024-2025,Seattle U,WAC,18,Taniyah Pruitt,So,MB,6-0,22,9,58,NA,49,19,143,0.21,1,NA,2,20,NA,9,34,5,NA,75,NA,NA,NA,2,NA,"Fayetteville, NC",Southview HS
2024-2025,Seattle U,WAC,23,Brooklyn Stearns,So,RS,6-3,2,1,5,NA,6,4,24,0.083,1,NA,NA,NA,NA,NA,NA,2,NA,6,NA,NA,NA,NA,NA,"Westlake Village, CA",Oaks Christian HS
2024-2025,Southern Utah,WAC,2,Finley Charapata,So,OH,5-10,27,27,95,NA,250,146,742,0.14,5,17,54,194,48,2,10,NA,NA,274,3,NA,NA,659,NA,"Appleton, WI",Appleton North High School
2024-2025,Southern Utah,WAC,4,Charlotte Wilson,So,OH,6-0,15,1,28,NA,31,17,85,0.165,1,1,2,11,NA,NA,5,1,NA,34.5,1,NA,NA,NA,NA,"Lucas, TX",Lovejoy High School
2024-2025,Southern Utah,WAC,13,Amaya Tobias,So,MB,6-2,21,13,60,NA,64,29,170,0.206,2,NA,NA,13,1,4,30,4,NA,83,NA,NA,NA,5,NA,"Las Vegas, NV",Nevada State High School
2024-2025,Southern Utah,WAC,14,Madison Walker,So,OH,6-1,17,0,36,NA,6,6,30,0,2,5,6,8,2,NA,NA,NA,NA,11,NA,NA,NA,20,NA,"El Dorado Hills, CA",Oak Ridge High School
2024-2025,Southern Utah,WAC,18,Allison Rohrer,So,S,6-3,5,0,13,NA,0,0,3,0,34,1,1,11,NA,NA,NA,NA,NA,1,1,NA,NA,1,NA,"Upland, CA",Bonita High School
2024-2025,Tarleton St.,WAC,1,Tehana Mo'o,So,OH,5-9,26,12,80,NA,121,62,455,0.13,2,3,NA,75,12,NA,33,7,NA,140.5,NA,NA,NA,60,NA,"Syracuse, UT",Syracuse HS
2024-2025,Tarleton St.,WAC,2,Yuna Ansquer,So,S,5-10,28,0,92,NA,9,4,32,0.156,370,25,23,140,NA,1,8,1,NA,39,NA,NA,NA,2,NA,NA,Cornouaille
2024-2025,Tarleton St.,WAC,9,Madison Frank,So,MB,6-1,29,29,113,NA,210,83,615,0.207,2,1,1,39,NA,3,52,1,NA,240,1,NA,NA,NA,NA,"Aledo, TX",Aledo HS
2024-2025,Tarleton St.,WAC,14,Carly Lange,So,L/DS,5-3,22,7,64,NA,0,1,3,-0.333,14,7,7,96,11,NA,NA,NA,NA,7,NA,NA,NA,177,NA,"Bellville, TX",Bellville HS
2024-2025,Tarleton St.,WAC,16,Addison Goss,So,L/DS,5-3,27,7,94,NA,3,1,8,0.25,40,6,11,190,18,NA,NA,NA,NA,9,NA,NA,NA,383,NA,"Rockwall, TX",Rockwall HS
2024-2025,Tarleton St.,WAC,17,Stéphanie Sarmezan,So,MB,5-11,8,4,18,NA,19,4,41,0.366,1,NA,NA,1,NA,2,5,NA,NA,23.5,NA,NA,NA,NA,NA,NA,Lycée Senghor
2024-2025,Tarleton St.,WAC,20,Faith Wilkins,So,RS,6-1,10,0,21,NA,23,11,78,0.154,NA,NA,NA,8,NA,NA,2,2,NA,24,NA,NA,NA,NA,NA,"The Woodlands, TX",Concordia Lutheran HS
2024-2025,UT Arlington,WAC,6,Sophie Ocampo,So,OH,6-3,24,19,76,NA,82,20,207,0.3,10,NA,NA,23,NA,5,48,3,NA,111,NA,NA,NA,1,NA,"Humble, TX",Kingwood
2024-2025,UT Arlington,WAC,12,Evyn Snook,So,OH,6-2,28,4,63,NA,61,39,182,0.121,7,11,20,50,5,1,5,3,NA,75.5,NA,NA,NA,82,NA,"Magnolia, TX",Magnolia West
2024-2025,UT Arlington,WAC,13,Alexis Bull,So,MB,6-2,9,8,24,NA,26,9,59,0.288,2,10,5,16,NA,2,18,NA,NA,47,NA,NA,NA,2,NA,"Magnolia, TX",Magnolia / Oak Ridge
2024-2025,UT Arlington,WAC,83,Samantha Glenn,So,OH,5-8,32,0,114,NA,1,2,17,-0.059,105,17,27,438,47,NA,NA,NA,NA,18,1,NA,NA,648,NA,"Grapevine, TX",Southlake Carroll
2024-2025,Utah Tech,WAC,1,Tessa Treanor,So,OH,5-11,27,27,99,NA,234,106,743,0.172,23,25,35,280,36,1,31,4,NA,275.5,1,NA,NA,616,NA,"Salem, UT",Salem Hills HS
2024-2025,Utah Tech,WAC,4,Elise West,So,OPP,6-2,9,0,13,NA,2,6,28,-0.143,NA,NA,NA,3,NA,NA,7,1,NA,5.5,NA,NA,NA,NA,NA,"South Jordan, UT",Bingham HS
2024-2025,Utah Tech,WAC,5,Adee Butler,So,OH,6-0,5,0,7,NA,5,3,22,0.091,NA,1,2,3,NA,NA,1,NA,NA,6.5,1,NA,NA,4,NA,"Pocatello, ID",Century HS
2024-2025,Utah Tech,WAC,12,Mya Laufiso,So,L/DS,5-7,27,0,99,NA,2,2,18,0,96,30,42,365,28,NA,NA,NA,NA,32,NA,NA,NA,695,NA,"West Jordan, UT",Copper Hills HS
2024-2025,Utah Tech,WAC,15,Marley Roe,So,S,5-7,27,18,99,NA,29,6,70,0.329,546,26,26,205,NA,NA,1,NA,NA,55.5,NA,NA,NA,6,NA,"Honolulu, HI",Kamehameha Kaplama HS
2024-2025,Utah Valley,WAC,1,Maranda Woolf,So,MB,6-2,25,23,81,NA,72,21,178,0.287,4,NA,NA,8,1,6,68,3,NA,112,1,NA,NA,5,NA,"Peoria, AZ",Liberty HS
2024-2025,Utah Valley,WAC,3,Madi Standifird,So,OH,5-9,17,3,35,NA,64,43,167,0.126,5,10,10,48,16,NA,11,3,NA,79.5,NA,NA,NA,170,NA,"Lehi, UT",Skyridge HS
2024-2025,Utah Valley,WAC,6,Molly Cummard,So,L/DS,5-4,28,0,81,NA,0,0,1,0,3,9,13,63,NA,NA,NA,NA,NA,9,NA,NA,NA,20,NA,"Mesa, AZ",Mesa HS
2024-2025,Utah Valley,WAC,8,Lani Matavao,So,L/DS,5-6,32,0,121,NA,1,1,4,0,99,27,26,470,36,NA,NA,NA,NA,28,NA,NA,NA,545,NA,"West Jordan, UT",West Jordan HS
2024-2025,Utah Valley,WAC,11,Evalyn Chism,So,S,5-10,32,32,121,NA,77,20,248,0.23,1213,24,43,269,NA,4,68,3,NA,139,NA,NA,NA,9,NA,"Bountiful, UT",Bountiful HS
2024-2025,Utah Valley,WAC,18,Eliza Hakes,So,OH,6-0,24,16,66,NA,99,52,270,0.174,3,NA,NA,31,NA,1,33,7,NA,116.5,NA,NA,NA,2,NA,"Folsom, CA",Folsom HS
2024-2025,Gonzaga,WCC,3,Nia Damuni,So,S,5-9,28,28,101,NA,33,17,102,0.157,868,28,38,254,NA,5,28,5,NA,80,2,NA,NA,9,NA,"Providence, UT",Ridgeline HS
2024-2025,Gonzaga,WCC,5,Brianna Martin,So,L/DS,5-8,21,4,71,NA,0,0,0,NA,6,15,14,120,11,NA,NA,NA,NA,15,NA,NA,NA,58,NA,"Prosper, TX",Prosper HS
2024-2025,Gonzaga,WCC,15,Maggie Rickert,So,OH,6-1,28,26,96,NA,221,155,879,0.075,12,22,32,213,35,3,17,9,NA,254.5,NA,NA,NA,507,NA,"Nashville, TN",Nolensville HS
2024-2025,LMU (CA),WCC,7,Lauren Patterson,So,L,5-5,21,0,37,NA,0,0,0,NA,2,2,6,5,NA,NA,NA,NA,NA,2,NA,NA,NA,NA,NA,"Portland, OR",Sunset
2024-2025,LMU (CA),WCC,8,Kaitlyn Evans,So,MB,5-11,18,13,53,NA,57,29,139,0.201,3,NA,NA,12,NA,10,46,7,NA,90,1,NA,NA,2,NA,"Dallas, TX",David W. Butler
2024-2025,LMU (CA),WCC,25,Leah Burrell,So,OPP,6-0,29,4,96,NA,92,52,264,0.152,7,NA,1,47,NA,4,60,5,NA,126,2,NA,NA,1,NA,"Ajax, Canada",J Clarke Richardson
2024-2025,Pacific,WCC,4,Dylan Gilkey,So,S,5-9,32,6,122,NA,2,3,25,-0.04,178,28,33,224,NA,NA,NA,1,NA,30,2,NA,NA,3,NA,"Cedar Park, TX",Cedar Park
2024-2025,Pacific,WCC,13,Shelby Gorospe,So,MB,6-3,11,1,25,NA,20,8,59,0.203,NA,NA,NA,6,NA,NA,5,2,NA,22.5,1,NA,NA,2,NA,"Peoria, AZ",Sunrise Mountain
2024-2025,Pacific,WCC,14,Alessia Brown,So,RS,6-0,2,0,2,NA,0,0,0,NA,NA,NA,NA,NA,NA,NA,NA,NA,NA,NA,NA,NA,NA,NA,NA,"Dana Point, CA",Tesoro
2024-2025,Pepperdine,WCC,6,Brynne McGhie,So,S,5-8,23,0,60,NA,2,1,6,0.167,210,4,12,68,NA,NA,NA,NA,NA,6,1,NA,NA,1,NA,"Kansas City, MO",St. Teresa's Academy HS
2024-2025,Pepperdine,WCC,10,Grace Jackson,So,MB,6-1,8,0,9,NA,0,0,1,0,NA,NA,1,NA,NA,NA,NA,NA,NA,NA,NA,NA,NA,NA,NA,"Ladera Ranch, CA",Santa Margarita Catholic HS
2024-2025,Pepperdine,WCC,21,Laine Briggs,So,L/DS,5-9,16,0,38,NA,0,0,1,0,2,3,14,27,6,NA,NA,NA,NA,3,NA,NA,NA,48,NA,"Costa Mesa, CA",Newport Harbor HS
2024-2025,Portland,WCC,5,Maddie Corpe,So,S,5-9,6,0,11,NA,0,1,1,-1,33,NA,NA,9,NA,NA,NA,NA,NA,NA,NA,NA,NA,NA,NA,"Keizer, OR",McNary HS
2024-2025,Portland,WCC,6,Larkin Chock,So,DS,5-6,28,10,98,NA,1,0,3,0.333,14,8,21,139,27,NA,NA,NA,NA,9,NA,NA,NA,313,NA,"Belmont, CA",Carlmont HS
2024-2025,Portland,WCC,18,Taina Kaauwai,So,MB,6-1,28,28,107,NA,235,48,490,0.382,7,26,36,46,NA,15,99,5,NA,325.5,1,NA,NA,10,NA,"Hilo, HI",Kamehameha Schools Hawaii
2024-2025,Saint Mary's (CA),WCC,14,Clarissa Klein,So,OH,6-1,25,13,92,NA,206,68,624,0.221,4,NA,2,54,4,13,36,4,NA,237,NA,NA,NA,71,NA,"Sherwood, OR",Wilsonville
2024-2025,San Diego,WCC,1,Nemo Beach,So,OH,5-11,27,20,97,NA,281,100,813,0.223,14,5,17,130,24,11,38,5,NA,316,NA,NA,NA,464,NA,"Chandler, AZ",Hamilton High School
2024-2025,San Diego,WCC,9,Tatum Lane,So,S,5-10,14,0,44,NA,0,0,1,0,3,NA,3,39,NA,NA,NA,NA,NA,NA,NA,NA,NA,1,NA,"San Pedro, CA",Palos Verdes High School
2024-2025,San Diego,WCC,18,Ella Durham,So,OH,6-2,20,5,41,NA,76,28,239,0.201,NA,NA,NA,14,4,1,15,2,NA,84.5,NA,NA,NA,80,NA,"Dublin, OH",Dublin Coffman
2024-2025,San Francisco,WCC,6,Shannon Knight,So,MB,6-1,13,1,19,NA,9,4,23,0.217,NA,NA,NA,1,1,NA,5,NA,NA,11.5,NA,NA,NA,1,NA,"Manhattan Beach, CA",NA
2024-2025,San Francisco,WCC,12,Analiese Gagliano,So,L,5-7,15,0,27,NA,0,0,1,0,2,1,5,13,1,NA,NA,NA,NA,1,NA,NA,NA,29,NA,"San Diego, CA",Patrick Henry
2024-2025,San Francisco,WCC,22,Astrid Puig,So,OH,6-3,30,25,117,NA,266,104,682,0.238,7,5,7,76,1,7,83,12,NA,319.5,NA,NA,NA,11,NA,"Lleida, Spain",NA
2024-2025,Santa Clara,WCC,4,Amy Veargason,So,OPP,6-2,1,0,1,NA,0,0,0,NA,NA,NA,NA,NA,NA,NA,NA,NA,NA,NA,NA,NA,NA,NA,NA,"San Jose, CA",Archbishop Mitty HS
2024-2025,Santa Clara,WCC,6,Grace Flanagan,So,MB,6-3,27,27,103,NA,145,30,330,0.348,4,31,56,37,NA,10,85,3,NA,228.5,NA,NA,NA,11,NA,"Rancho Santa Fe, CA",Torrey Pines HS
2024-2025,Santa Clara,WCC,8,Alyssa Eimer,So,L/DS,5-6,23,1,65,NA,0,0,3,0,40,11,24,77,14,NA,1,NA,NA,11.5,NA,NA,NA,176,NA,"Roseville, CA",Whitney HS
2024-2025,Santa Clara,WCC,11,Lexi Trapani,So,DS,5-5,26,1,90,NA,1,1,10,0,74,20,36,223,10,NA,NA,NA,NA,21,NA,NA,NA,263,NA,"Santa Monica, CA",Marymount HS
2024-2025,Santa Clara,WCC,14,Cate Shanahan,So,OH,6-2,8,5,26,NA,62,38,179,0.134,2,4,9,47,11,1,8,1,NA,71,NA,NA,NA,193,NA,"Toronto, Canada",Deerfield Academy
2024-2025,Santa Clara,WCC,18,Lauren Lietzke,So,S,5-9,4,1,6,NA,0,0,0,NA,NA,NA,5,NA,NA,NA,NA,NA,NA,NA,NA,NA,NA,NA,NA,"Austin, TX",St. Andrew's Episcopal School
2024-2025,Washington St.,WCC,13,Emma Barbero,So,L,5-7,28,0,112,NA,1,0,3,0.333,141,31,43,430,16,NA,NA,NA,NA,32,NA,NA,NA,381,NA,"Asti, Italy",Liceo Scientifico Sportivo
2024-2025,Washington St.,WCC,19,Lucie Blazkova,So,MB,6-3,28,28,112,NA,200,67,478,0.278,14,25,44,63,2,42,92,14,NA,313,NA,NA,NA,19,NA,"Ceská Trebová, Czechia",Gymnázium a SOŠ pedagogická
